ticket_id,source_row,rating,csat_evidence_state,customer_sentiment,review_route
1,2,,UNOBSERVED,UNKNOWN_NO_CUSTOMER_VERBATIM_OR_SENTIMENT_LABEL,FEEDBACK_NOT_OBSERVED
2,3,,UNOBSERVED,UNKNOWN_NO_CUSTOMER_VERBATIM_OR_SENTIMENT_LABEL,FEEDBACK_NOT_OBSERVED
3,4,3,MIDDLE_REPORTED,UNKNOWN_NO_CUSTOMER_VERBATIM_OR_SENTIMENT_LABEL,KEEP_OBSERVED_SCORE
4,5,3,MIDDLE_REPORTED,UNKNOWN_NO_CUSTOMER_VERBATIM_OR_SENTIMENT_LABEL,KEEP_OBSERVED_SCORE
5,6,1,LOW_REPORTED,UNKNOWN_NO_CUSTOMER_VERBATIM_OR_SENTIMENT_LABEL,REVIEW_REPORTED_LOW_CSAT
6,7,,UNOBSERVED,UNKNOWN_NO_CUSTOMER_VERBATIM_OR_SENTIMENT_LABEL,FEEDBACK_NOT_OBSERVED
7,8,,UNOBSERVED,UNKNOWN_NO_CUSTOMER_VERBATIM_OR_SENTIMENT_LABEL,FEEDBACK_NOT_OBSERVED
8,9,,UNOBSERVED,UNKNOWN_NO_CUSTOMER_VERBATIM_OR_SENTIMENT_LABEL,FEEDBACK_NOT_OBSERVED
9,10,,UNOBSERVED,UNKNOWN_NO_CUSTOMER_VERBATIM_OR_SENTIMENT_LABEL,FEEDBACK_NOT_OBSERVED
10,11,,UNOBSERVED,UNKNOWN_NO_CUSTOMER_VERBATIM_OR_SENTIMENT_LABEL,FEEDBACK_NOT_OBSERVED
11,12,1,LOW_REPORTED,UNKNOWN_NO_CUSTOMER_VERBATIM_OR_SENTIMENT_LABEL,REVIEW_REPORTED_LOW_CSAT
12,13,1,LOW_REPORTED,UNKNOWN_NO_CUSTOMER_VERBATIM_OR_SENTIMENT_LABEL,REVIEW_REPORTED_LOW_CSAT
13,14,,UNOBSERVED,UNKNOWN_NO_CUSTOMER_VERBATIM_OR_SENTIMENT_LABEL,FEEDBACK_NOT_OBSERVED
14,15,,UNOBSERVED,UNKNOWN_NO_CUSTOMER_VERBATIM_OR_SENTIMENT_LABEL,FEEDBACK_NOT_OBSERVED
15,16,4,HIGH_REPORTED,UNKNOWN_NO_CUSTOMER_VERBATIM_OR_SENTIMENT_LABEL,KEEP_OBSERVED_SCORE
16,17,,UNOBSERVED,UNKNOWN_NO_CUSTOMER_VERBATIM_OR_SENTIMENT_LABEL,FEEDBACK_NOT_OBSERVED
17,18,4,HIGH_REPORTED,UNKNOWN_NO_CUSTOMER_VERBATIM_OR_SENTIMENT_LABEL,KEEP_OBSERVED_SCORE
18,19,,UNOBSERVED,UNKNOWN_NO_CUSTOMER_VERBATIM_OR_SENTIMENT_LABEL,FEEDBACK_NOT_OBSERVED
19,20,,UNOBSERVED,UNKNOWN_NO_CUSTOMER_VERBATIM_OR_SENTIMENT_LABEL,FEEDBACK_NOT_OBSERVED
20,21,5,HIGH_REPORTED,UNKNOWN_NO_CUSTOMER_VERBATIM_OR_SENTIMENT_LABEL,KEEP_OBSERVED_SCORE
21,22,,UNOBSERVED,UNKNOWN_NO_CUSTOMER_VERBATIM_OR_SENTIMENT_LABEL,FEEDBACK_NOT_OBSERVED
22,23,,UNOBSERVED,UNKNOWN_NO_CUSTOMER_VERBATIM_OR_SENTIMENT_LABEL,FEEDBACK_NOT_OBSERVED
23,24,,UNOBSERVED,UNKNOWN_NO_CUSTOMER_VERBATIM_OR_SENTIMENT_LABEL,FEEDBACK_NOT_OBSERVED
24,25,,UNOBSERVED,UNKNOWN_NO_CUSTOMER_VERBATIM_OR_SENTIMENT_LABEL,FEEDBACK_NOT_OBSERVED
25,26,,UNOBSERVED,UNKNOWN_NO_CUSTOMER_VERBATIM_OR_SENTIMENT_LABEL,FEEDBACK_NOT_OBSERVED
26,27,,UNOBSERVED,UNKNOWN_NO_CUSTOMER_VERBATIM_OR_SENTIMENT_LABEL,FEEDBACK_NOT_OBSERVED
27,28,,UNOBSERVED,UNKNOWN_NO_CUSTOMER_VERBATIM_OR_SENTIMENT_LABEL,FEEDBACK_NOT_OBSERVED
28,29,,UNOBSERVED,UNKNOWN_NO_CUSTOMER_VERBATIM_OR_SENTIMENT_LABEL,FEEDBACK_NOT_OBSERVED
29,30,5,HIGH_REPORTED,UNKNOWN_NO_CUSTOMER_VERBATIM_OR_SENTIMENT_LABEL,KEEP_OBSERVED_SCORE
30,31,1,LOW_REPORTED,UNKNOWN_NO_CUSTOMER_VERBATIM_OR_SENTIMENT_LABEL,REVIEW_REPORTED_LOW_CSAT
31,32,,UNOBSERVED,UNKNOWN_NO_CUSTOMER_VERBATIM_OR_SENTIMENT_LABEL,FEEDBACK_NOT_OBSERVED
32,33,3,MIDDLE_REPORTED,UNKNOWN_NO_CUSTOMER_VERBATIM_OR_SENTIMENT_LABEL,KEEP_OBSERVED_SCORE
33,34,,UNOBSERVED,UNKNOWN_NO_CUSTOMER_VERBATIM_OR_SENTIMENT_LABEL,FEEDBACK_NOT_OBSERVED
34,35,5,HIGH_REPORTED,UNKNOWN_NO_CUSTOMER_VERBATIM_OR_SENTIMENT_LABEL,KEEP_OBSERVED_SCORE
35,36,,UNOBSERVED,UNKNOWN_NO_CUSTOMER_VERBATIM_OR_SENTIMENT_LABEL,FEEDBACK_NOT_OBSERVED
36,37,1,LOW_REPORTED,UNKNOWN_NO_CUSTOMER_VERBATIM_OR_SENTIMENT_LABEL,REVIEW_REPORTED_LOW_CSAT
37,38,,UNOBSERVED,UNKNOWN_NO_CUSTOMER_VERBATIM_OR_SENTIMENT_LABEL,FEEDBACK_NOT_OBSERVED
38,39,,UNOBSERVED,UNKNOWN_NO_CUSTOMER_VERBATIM_OR_SENTIMENT_LABEL,FEEDBACK_NOT_OBSERVED
39,40,3,MIDDLE_REPORTED,UNKNOWN_NO_CUSTOMER_VERBATIM_OR_SENTIMENT_LABEL,KEEP_OBSERVED_SCORE
40,41,,UNOBSERVED,UNKNOWN_NO_CUSTOMER_VERBATIM_OR_SENTIMENT_LABEL,FEEDBACK_NOT_OBSERVED
41,42,,UNOBSERVED,UNKNOWN_NO_CUSTOMER_VERBATIM_OR_SENTIMENT_LABEL,FEEDBACK_NOT_OBSERVED
42,43,3,MIDDLE_REPORTED,UNKNOWN_NO_CUSTOMER_VERBATIM_OR_SENTIMENT_LABEL,KEEP_OBSERVED_SCORE
43,44,,UNOBSERVED,UNKNOWN_NO_CUSTOMER_VERBATIM_OR_SENTIMENT_LABEL,FEEDBACK_NOT_OBSERVED
44,45,,UNOBSERVED,UNKNOWN_NO_CUSTOMER_VERBATIM_OR_SENTIMENT_LABEL,FEEDBACK_NOT_OBSERVED
45,46,2,LOW_REPORTED,UNKNOWN_NO_CUSTOMER_VERBATIM_OR_SENTIMENT_LABEL,REVIEW_REPORTED_LOW_CSAT
46,47,,UNOBSERVED,UNKNOWN_NO_CUSTOMER_VERBATIM_OR_SENTIMENT_LABEL,FEEDBACK_NOT_OBSERVED
47,48,1,LOW_REPORTED,UNKNOWN_NO_CUSTOMER_VERBATIM_OR_SENTIMENT_LABEL,REVIEW_REPORTED_LOW_CSAT
48,49,1,LOW_REPORTED,UNKNOWN_NO_CUSTOMER_VERBATIM_OR_SENTIMENT_LABEL,REVIEW_REPORTED_LOW_CSAT
49,50,,UNOBSERVED,UNKNOWN_NO_CUSTOMER_VERBATIM_OR_SENTIMENT_LABEL,FEEDBACK_NOT_OBSERVED
50,51,,UNOBSERVED,UNKNOWN_NO_CUSTOMER_VERBATIM_OR_SENTIMENT_LABEL,FEEDBACK_NOT_OBSERVED
51,52,,UNOBSERVED,UNKNOWN_NO_CUSTOMER_VERBATIM_OR_SENTIMENT_LABEL,FEEDBACK_NOT_OBSERVED
52,53,3,MIDDLE_REPORTED,UNKNOWN_NO_CUSTOMER_VERBATIM_OR_SENTIMENT_LABEL,KEEP_OBSERVED_SCORE
53,54,3,MIDDLE_REPORTED,UNKNOWN_NO_CUSTOMER_VERBATIM_OR_SENTIMENT_LABEL,KEEP_OBSERVED_SCORE
54,55,4,HIGH_REPORTED,UNKNOWN_NO_CUSTOMER_VERBATIM_OR_SENTIMENT_LABEL,KEEP_OBSERVED_SCORE
55,56,,UNOBSERVED,UNKNOWN_NO_CUSTOMER_VERBATIM_OR_SENTIMENT_LABEL,FEEDBACK_NOT_OBSERVED
56,57,,UNOBSERVED,UNKNOWN_NO_CUSTOMER_VERBATIM_OR_SENTIMENT_LABEL,FEEDBACK_NOT_OBSERVED
57,58,,UNOBSERVED,UNKNOWN_NO_CUSTOMER_VERBATIM_OR_SENTIMENT_LABEL,FEEDBACK_NOT_OBSERVED
58,59,,UNOBSERVED,UNKNOWN_NO_CUSTOMER_VERBATIM_OR_SENTIMENT_LABEL,FEEDBACK_NOT_OBSERVED
59,60,5,HIGH_REPORTED,UNKNOWN_NO_CUSTOMER_VERBATIM_OR_SENTIMENT_LABEL,KEEP_OBSERVED_SCORE
60,61,3,MIDDLE_REPORTED,UNKNOWN_NO_CUSTOMER_VERBATIM_OR_SENTIMENT_LABEL,KEEP_OBSERVED_SCORE
61,62,1,LOW_REPORTED,UNKNOWN_NO_CUSTOMER_VERBATIM_OR_SENTIMENT_LABEL,REVIEW_REPORTED_LOW_CSAT
62,63,,UNOBSERVED,UNKNOWN_NO_CUSTOMER_VERBATIM_OR_SENTIMENT_LABEL,FEEDBACK_NOT_OBSERVED
63,64,4,HIGH_REPORTED,UNKNOWN_NO_CUSTOMER_VERBATIM_OR_SENTIMENT_LABEL,KEEP_OBSERVED_SCORE
64,65,,UNOBSERVED,UNKNOWN_NO_CUSTOMER_VERBATIM_OR_SENTIMENT_LABEL,FEEDBACK_NOT_OBSERVED
65,66,,UNOBSERVED,UNKNOWN_NO_CUSTOMER_VERBATIM_OR_SENTIMENT_LABEL,FEEDBACK_NOT_OBSERVED
66,67,,UNOBSERVED,UNKNOWN_NO_CUSTOMER_VERBATIM_OR_SENTIMENT_LABEL,FEEDBACK_NOT_OBSERVED
67,68,5,HIGH_REPORTED,UNKNOWN_NO_CUSTOMER_VERBATIM_OR_SENTIMENT_LABEL,KEEP_OBSERVED_SCORE
68,69,,UNOBSERVED,UNKNOWN_NO_CUSTOMER_VERBATIM_OR_SENTIMENT_LABEL,FEEDBACK_NOT_OBSERVED
69,70,,UNOBSERVED,UNKNOWN_NO_CUSTOMER_VERBATIM_OR_SENTIMENT_LABEL,FEEDBACK_NOT_OBSERVED
70,71,1,LOW_REPORTED,UNKNOWN_NO_CUSTOMER_VERBATIM_OR_SENTIMENT_LABEL,REVIEW_REPORTED_LOW_CSAT
71,72,,UNOBSERVED,UNKNOWN_NO_CUSTOMER_VERBATIM_OR_SENTIMENT_LABEL,FEEDBACK_NOT_OBSERVED
72,73,,UNOBSERVED,UNKNOWN_NO_CUSTOMER_VERBATIM_OR_SENTIMENT_LABEL,FEEDBACK_NOT_OBSERVED
73,74,4,HIGH_REPORTED,UNKNOWN_NO_CUSTOMER_VERBATIM_OR_SENTIMENT_LABEL,KEEP_OBSERVED_SCORE
74,75,3,MIDDLE_REPORTED,UNKNOWN_NO_CUSTOMER_VERBATIM_OR_SENTIMENT_LABEL,KEEP_OBSERVED_SCORE
75,76,,UNOBSERVED,UNKNOWN_NO_CUSTOMER_VERBATIM_OR_SENTIMENT_LABEL,FEEDBACK_NOT_OBSERVED
76,77,1,LOW_REPORTED,UNKNOWN_NO_CUSTOMER_VERBATIM_OR_SENTIMENT_LABEL,REVIEW_REPORTED_LOW_CSAT
77,78,,UNOBSERVED,UNKNOWN_NO_CUSTOMER_VERBATIM_OR_SENTIMENT_LABEL,FEEDBACK_NOT_OBSERVED
78,79,5,HIGH_REPORTED,UNKNOWN_NO_CUSTOMER_VERBATIM_OR_SENTIMENT_LABEL,KEEP_OBSERVED_SCORE
79,80,,UNOBSERVED,UNKNOWN_NO_CUSTOMER_VERBATIM_OR_SENTIMENT_LABEL,FEEDBACK_NOT_OBSERVED
80,81,,UNOBSERVED,UNKNOWN_NO_CUSTOMER_VERBATIM_OR_SENTIMENT_LABEL,FEEDBACK_NOT_OBSERVED
81,82,,UNOBSERVED,UNKNOWN_NO_CUSTOMER_VERBATIM_OR_SENTIMENT_LABEL,FEEDBACK_NOT_OBSERVED
82,83,,UNOBSERVED,UNKNOWN_NO_CUSTOMER_VERBATIM_OR_SENTIMENT_LABEL,FEEDBACK_NOT_OBSERVED
83,84,1,LOW_REPORTED,UNKNOWN_NO_CUSTOMER_VERBATIM_OR_SENTIMENT_LABEL,REVIEW_REPORTED_LOW_CSAT
84,85,,UNOBSERVED,UNKNOWN_NO_CUSTOMER_VERBATIM_OR_SENTIMENT_LABEL,FEEDBACK_NOT_OBSERVED
85,86,,UNOBSERVED,UNKNOWN_NO_CUSTOMER_VERBATIM_OR_SENTIMENT_LABEL,FEEDBACK_NOT_OBSERVED
86,87,,UNOBSERVED,UNKNOWN_NO_CUSTOMER_VERBATIM_OR_SENTIMENT_LABEL,FEEDBACK_NOT_OBSERVED
87,88,2,LOW_REPORTED,UNKNOWN_NO_CUSTOMER_VERBATIM_OR_SENTIMENT_LABEL,REVIEW_REPORTED_LOW_CSAT
88,89,,UNOBSERVED,UNKNOWN_NO_CUSTOMER_VERBATIM_OR_SENTIMENT_LABEL,FEEDBACK_NOT_OBSERVED
89,90,,UNOBSERVED,UNKNOWN_NO_CUSTOMER_VERBATIM_OR_SENTIMENT_LABEL,FEEDBACK_NOT_OBSERVED
90,91,5,HIGH_REPORTED,UNKNOWN_NO_CUSTOMER_VERBATIM_OR_SENTIMENT_LABEL,KEEP_OBSERVED_SCORE
91,92,,UNOBSERVED,UNKNOWN_NO_CUSTOMER_VERBATIM_OR_SENTIMENT_LABEL,FEEDBACK_NOT_OBSERVED
92,93,,UNOBSERVED,UNKNOWN_NO_CUSTOMER_VERBATIM_OR_SENTIMENT_LABEL,FEEDBACK_NOT_OBSERVED
93,94,,UNOBSERVED,UNKNOWN_NO_CUSTOMER_VERBATIM_OR_SENTIMENT_LABEL,FEEDBACK_NOT_OBSERVED
94,95,,UNOBSERVED,UNKNOWN_NO_CUSTOMER_VERBATIM_OR_SENTIMENT_LABEL,FEEDBACK_NOT_OBSERVED
95,96,,UNOBSERVED,UNKNOWN_NO_CUSTOMER_VERBATIM_OR_SENTIMENT_LABEL,FEEDBACK_NOT_OBSERVED
96,97,5,HIGH_REPORTED,UNKNOWN_NO_CUSTOMER_VERBATIM_OR_SENTIMENT_LABEL,KEEP_OBSERVED_SCORE
97,98,,UNOBSERVED,UNKNOWN_NO_CUSTOMER_VERBATIM_OR_SENTIMENT_LABEL,FEEDBACK_NOT_OBSERVED
98,99,,UNOBSERVED,UNKNOWN_NO_CUSTOMER_VERBATIM_OR_SENTIMENT_LABEL,FEEDBACK_NOT_OBSERVED
99,100,5,HIGH_REPORTED,UNKNOWN_NO_CUSTOMER_VERBATIM_OR_SENTIMENT_LABEL,KEEP_OBSERVED_SCORE
100,101,,UNOBSERVED,UNKNOWN_NO_CUSTOMER_VERBATIM_OR_SENTIMENT_LABEL,FEEDBACK_NOT_OBSERVED
101,102,,UNOBSERVED,UNKNOWN_NO_CUSTOMER_VERBATIM_OR_SENTIMENT_LABEL,FEEDBACK_NOT_OBSERVED
102,103,,UNOBSERVED,UNKNOWN_NO_CUSTOMER_VERBATIM_OR_SENTIMENT_LABEL,FEEDBACK_NOT_OBSERVED
103,104,3,MIDDLE_REPORTED,UNKNOWN_NO_CUSTOMER_VERBATIM_OR_SENTIMENT_LABEL,KEEP_OBSERVED_SCORE
104,105,,UNOBSERVED,UNKNOWN_NO_CUSTOMER_VERBATIM_OR_SENTIMENT_LABEL,FEEDBACK_NOT_OBSERVED
105,106,,UNOBSERVED,UNKNOWN_NO_CUSTOMER_VERBATIM_OR_SENTIMENT_LABEL,FEEDBACK_NOT_OBSERVED
106,107,,UNOBSERVED,UNKNOWN_NO_CUSTOMER_VERBATIM_OR_SENTIMENT_LABEL,FEEDBACK_NOT_OBSERVED
107,108,2,LOW_REPORTED,UNKNOWN_NO_CUSTOMER_VERBATIM_OR_SENTIMENT_LABEL,REVIEW_REPORTED_LOW_CSAT
108,109,,UNOBSERVED,UNKNOWN_NO_CUSTOMER_VERBATIM_OR_SENTIMENT_LABEL,FEEDBACK_NOT_OBSERVED
109,110,4,HIGH_REPORTED,UNKNOWN_NO_CUSTOMER_VERBATIM_OR_SENTIMENT_LABEL,KEEP_OBSERVED_SCORE
110,111,,UNOBSERVED,UNKNOWN_NO_CUSTOMER_VERBATIM_OR_SENTIMENT_LABEL,FEEDBACK_NOT_OBSERVED
111,112,2,LOW_REPORTED,UNKNOWN_NO_CUSTOMER_VERBATIM_OR_SENTIMENT_LABEL,REVIEW_REPORTED_LOW_CSAT
112,113,,UNOBSERVED,UNKNOWN_NO_CUSTOMER_VERBATIM_OR_SENTIMENT_LABEL,FEEDBACK_NOT_OBSERVED
113,114,,UNOBSERVED,UNKNOWN_NO_CUSTOMER_VERBATIM_OR_SENTIMENT_LABEL,FEEDBACK_NOT_OBSERVED
114,115,1,LOW_REPORTED,UNKNOWN_NO_CUSTOMER_VERBATIM_OR_SENTIMENT_LABEL,REVIEW_REPORTED_LOW_CSAT
115,116,1,LOW_REPORTED,UNKNOWN_NO_CUSTOMER_VERBATIM_OR_SENTIMENT_LABEL,REVIEW_REPORTED_LOW_CSAT
116,117,,UNOBSERVED,UNKNOWN_NO_CUSTOMER_VERBATIM_OR_SENTIMENT_LABEL,FEEDBACK_NOT_OBSERVED
117,118,5,HIGH_REPORTED,UNKNOWN_NO_CUSTOMER_VERBATIM_OR_SENTIMENT_LABEL,KEEP_OBSERVED_SCORE
118,119,5,HIGH_REPORTED,UNKNOWN_NO_CUSTOMER_VERBATIM_OR_SENTIMENT_LABEL,KEEP_OBSERVED_SCORE
119,120,,UNOBSERVED,UNKNOWN_NO_CUSTOMER_VERBATIM_OR_SENTIMENT_LABEL,FEEDBACK_NOT_OBSERVED
120,121,2,LOW_REPORTED,UNKNOWN_NO_CUSTOMER_VERBATIM_OR_SENTIMENT_LABEL,REVIEW_REPORTED_LOW_CSAT
121,122,,UNOBSERVED,UNKNOWN_NO_CUSTOMER_VERBATIM_OR_SENTIMENT_LABEL,FEEDBACK_NOT_OBSERVED
122,123,,UNOBSERVED,UNKNOWN_NO_CUSTOMER_VERBATIM_OR_SENTIMENT_LABEL,FEEDBACK_NOT_OBSERVED
123,124,,UNOBSERVED,UNKNOWN_NO_CUSTOMER_VERBATIM_OR_SENTIMENT_LABEL,FEEDBACK_NOT_OBSERVED
124,125,,UNOBSERVED,UNKNOWN_NO_CUSTOMER_VERBATIM_OR_SENTIMENT_LABEL,FEEDBACK_NOT_OBSERVED
125,126,,UNOBSERVED,UNKNOWN_NO_CUSTOMER_VERBATIM_OR_SENTIMENT_LABEL,FEEDBACK_NOT_OBSERVED
126,127,,UNOBSERVED,UNKNOWN_NO_CUSTOMER_VERBATIM_OR_SENTIMENT_LABEL,FEEDBACK_NOT_OBSERVED
127,128,,UNOBSERVED,UNKNOWN_NO_CUSTOMER_VERBATIM_OR_SENTIMENT_LABEL,FEEDBACK_NOT_OBSERVED
128,129,,UNOBSERVED,UNKNOWN_NO_CUSTOMER_VERBATIM_OR_SENTIMENT_LABEL,FEEDBACK_NOT_OBSERVED
129,130,3,MIDDLE_REPORTED,UNKNOWN_NO_CUSTOMER_VERBATIM_OR_SENTIMENT_LABEL,KEEP_OBSERVED_SCORE
130,131,,UNOBSERVED,UNKNOWN_NO_CUSTOMER_VERBATIM_OR_SENTIMENT_LABEL,FEEDBACK_NOT_OBSERVED
131,132,2,LOW_REPORTED,UNKNOWN_NO_CUSTOMER_VERBATIM_OR_SENTIMENT_LABEL,REVIEW_REPORTED_LOW_CSAT
132,133,,UNOBSERVED,UNKNOWN_NO_CUSTOMER_VERBATIM_OR_SENTIMENT_LABEL,FEEDBACK_NOT_OBSERVED
133,134,,UNOBSERVED,UNKNOWN_NO_CUSTOMER_VERBATIM_OR_SENTIMENT_LABEL,FEEDBACK_NOT_OBSERVED
134,135,5,HIGH_REPORTED,UNKNOWN_NO_CUSTOMER_VERBATIM_OR_SENTIMENT_LABEL,KEEP_OBSERVED_SCORE
135,136,2,LOW_REPORTED,UNKNOWN_NO_CUSTOMER_VERBATIM_OR_SENTIMENT_LABEL,REVIEW_REPORTED_LOW_CSAT
136,137,,UNOBSERVED,UNKNOWN_NO_CUSTOMER_VERBATIM_OR_SENTIMENT_LABEL,FEEDBACK_NOT_OBSERVED
137,138,,UNOBSERVED,UNKNOWN_NO_CUSTOMER_VERBATIM_OR_SENTIMENT_LABEL,FEEDBACK_NOT_OBSERVED
138,139,4,HIGH_REPORTED,UNKNOWN_NO_CUSTOMER_VERBATIM_OR_SENTIMENT_LABEL,KEEP_OBSERVED_SCORE
139,140,2,LOW_REPORTED,UNKNOWN_NO_CUSTOMER_VERBATIM_OR_SENTIMENT_LABEL,REVIEW_REPORTED_LOW_CSAT
140,141,,UNOBSERVED,UNKNOWN_NO_CUSTOMER_VERBATIM_OR_SENTIMENT_LABEL,FEEDBACK_NOT_OBSERVED
141,142,1,LOW_REPORTED,UNKNOWN_NO_CUSTOMER_VERBATIM_OR_SENTIMENT_LABEL,REVIEW_REPORTED_LOW_CSAT
142,143,2,LOW_REPORTED,UNKNOWN_NO_CUSTOMER_VERBATIM_OR_SENTIMENT_LABEL,REVIEW_REPORTED_LOW_CSAT
143,144,,UNOBSERVED,UNKNOWN_NO_CUSTOMER_VERBATIM_OR_SENTIMENT_LABEL,FEEDBACK_NOT_OBSERVED
144,145,,UNOBSERVED,UNKNOWN_NO_CUSTOMER_VERBATIM_OR_SENTIMENT_LABEL,FEEDBACK_NOT_OBSERVED
145,146,,UNOBSERVED,UNKNOWN_NO_CUSTOMER_VERBATIM_OR_SENTIMENT_LABEL,FEEDBACK_NOT_OBSERVED
146,147,,UNOBSERVED,UNKNOWN_NO_CUSTOMER_VERBATIM_OR_SENTIMENT_LABEL,FEEDBACK_NOT_OBSERVED
147,148,,UNOBSERVED,UNKNOWN_NO_CUSTOMER_VERBATIM_OR_SENTIMENT_LABEL,FEEDBACK_NOT_OBSERVED
148,149,3,MIDDLE_REPORTED,UNKNOWN_NO_CUSTOMER_VERBATIM_OR_SENTIMENT_LABEL,KEEP_OBSERVED_SCORE
149,150,1,LOW_REPORTED,UNKNOWN_NO_CUSTOMER_VERBATIM_OR_SENTIMENT_LABEL,REVIEW_REPORTED_LOW_CSAT
150,151,3,MIDDLE_REPORTED,UNKNOWN_NO_CUSTOMER_VERBATIM_OR_SENTIMENT_LABEL,KEEP_OBSERVED_SCORE
151,152,4,HIGH_REPORTED,UNKNOWN_NO_CUSTOMER_VERBATIM_OR_SENTIMENT_LABEL,KEEP_OBSERVED_SCORE
152,153,,UNOBSERVED,UNKNOWN_NO_CUSTOMER_VERBATIM_OR_SENTIMENT_LABEL,FEEDBACK_NOT_OBSERVED
153,154,,UNOBSERVED,UNKNOWN_NO_CUSTOMER_VERBATIM_OR_SENTIMENT_LABEL,FEEDBACK_NOT_OBSERVED
154,155,,UNOBSERVED,UNKNOWN_NO_CUSTOMER_VERBATIM_OR_SENTIMENT_LABEL,FEEDBACK_NOT_OBSERVED
155,156,,UNOBSERVED,UNKNOWN_NO_CUSTOMER_VERBATIM_OR_SENTIMENT_LABEL,FEEDBACK_NOT_OBSERVED
156,157,,UNOBSERVED,UNKNOWN_NO_CUSTOMER_VERBATIM_OR_SENTIMENT_LABEL,FEEDBACK_NOT_OBSERVED
157,158,,UNOBSERVED,UNKNOWN_NO_CUSTOMER_VERBATIM_OR_SENTIMENT_LABEL,FEEDBACK_NOT_OBSERVED
158,159,,UNOBSERVED,UNKNOWN_NO_CUSTOMER_VERBATIM_OR_SENTIMENT_LABEL,FEEDBACK_NOT_OBSERVED
159,160,,UNOBSERVED,UNKNOWN_NO_CUSTOMER_VERBATIM_OR_SENTIMENT_LABEL,FEEDBACK_NOT_OBSERVED
160,161,,UNOBSERVED,UNKNOWN_NO_CUSTOMER_VERBATIM_OR_SENTIMENT_LABEL,FEEDBACK_NOT_OBSERVED
161,162,,UNOBSERVED,UNKNOWN_NO_CUSTOMER_VERBATIM_OR_SENTIMENT_LABEL,FEEDBACK_NOT_OBSERVED
162,163,3,MIDDLE_REPORTED,UNKNOWN_NO_CUSTOMER_VERBATIM_OR_SENTIMENT_LABEL,KEEP_OBSERVED_SCORE
163,164,1,LOW_REPORTED,UNKNOWN_NO_CUSTOMER_VERBATIM_OR_SENTIMENT_LABEL,REVIEW_REPORTED_LOW_CSAT
164,165,3,MIDDLE_REPORTED,UNKNOWN_NO_CUSTOMER_VERBATIM_OR_SENTIMENT_LABEL,KEEP_OBSERVED_SCORE
165,166,5,HIGH_REPORTED,UNKNOWN_NO_CUSTOMER_VERBATIM_OR_SENTIMENT_LABEL,KEEP_OBSERVED_SCORE
166,167,,UNOBSERVED,UNKNOWN_NO_CUSTOMER_VERBATIM_OR_SENTIMENT_LABEL,FEEDBACK_NOT_OBSERVED
167,168,3,MIDDLE_REPORTED,UNKNOWN_NO_CUSTOMER_VERBATIM_OR_SENTIMENT_LABEL,KEEP_OBSERVED_SCORE
168,169,3,MIDDLE_REPORTED,UNKNOWN_NO_CUSTOMER_VERBATIM_OR_SENTIMENT_LABEL,KEEP_OBSERVED_SCORE
169,170,,UNOBSERVED,UNKNOWN_NO_CUSTOMER_VERBATIM_OR_SENTIMENT_LABEL,FEEDBACK_NOT_OBSERVED
170,171,1,LOW_REPORTED,UNKNOWN_NO_CUSTOMER_VERBATIM_OR_SENTIMENT_LABEL,REVIEW_REPORTED_LOW_CSAT
171,172,4,HIGH_REPORTED,UNKNOWN_NO_CUSTOMER_VERBATIM_OR_SENTIMENT_LABEL,KEEP_OBSERVED_SCORE
172,173,,UNOBSERVED,UNKNOWN_NO_CUSTOMER_VERBATIM_OR_SENTIMENT_LABEL,FEEDBACK_NOT_OBSERVED
173,174,,UNOBSERVED,UNKNOWN_NO_CUSTOMER_VERBATIM_OR_SENTIMENT_LABEL,FEEDBACK_NOT_OBSERVED
174,175,,UNOBSERVED,UNKNOWN_NO_CUSTOMER_VERBATIM_OR_SENTIMENT_LABEL,FEEDBACK_NOT_OBSERVED
175,176,,UNOBSERVED,UNKNOWN_NO_CUSTOMER_VERBATIM_OR_SENTIMENT_LABEL,FEEDBACK_NOT_OBSERVED
176,177,4,HIGH_REPORTED,UNKNOWN_NO_CUSTOMER_VERBATIM_OR_SENTIMENT_LABEL,KEEP_OBSERVED_SCORE
177,178,,UNOBSERVED,UNKNOWN_NO_CUSTOMER_VERBATIM_OR_SENTIMENT_LABEL,FEEDBACK_NOT_OBSERVED
178,179,,UNOBSERVED,UNKNOWN_NO_CUSTOMER_VERBATIM_OR_SENTIMENT_LABEL,FEEDBACK_NOT_OBSERVED
179,180,,UNOBSERVED,UNKNOWN_NO_CUSTOMER_VERBATIM_OR_SENTIMENT_LABEL,FEEDBACK_NOT_OBSERVED
180,181,,UNOBSERVED,UNKNOWN_NO_CUSTOMER_VERBATIM_OR_SENTIMENT_LABEL,FEEDBACK_NOT_OBSERVED
181,182,,UNOBSERVED,UNKNOWN_NO_CUSTOMER_VERBATIM_OR_SENTIMENT_LABEL,FEEDBACK_NOT_OBSERVED
182,183,,UNOBSERVED,UNKNOWN_NO_CUSTOMER_VERBATIM_OR_SENTIMENT_LABEL,FEEDBACK_NOT_OBSERVED
183,184,4,HIGH_REPORTED,UNKNOWN_NO_CUSTOMER_VERBATIM_OR_SENTIMENT_LABEL,KEEP_OBSERVED_SCORE
184,185,4,HIGH_REPORTED,UNKNOWN_NO_CUSTOMER_VERBATIM_OR_SENTIMENT_LABEL,KEEP_OBSERVED_SCORE
185,186,,UNOBSERVED,UNKNOWN_NO_CUSTOMER_VERBATIM_OR_SENTIMENT_LABEL,FEEDBACK_NOT_OBSERVED
186,187,,UNOBSERVED,UNKNOWN_NO_CUSTOMER_VERBATIM_OR_SENTIMENT_LABEL,FEEDBACK_NOT_OBSERVED
187,188,,UNOBSERVED,UNKNOWN_NO_CUSTOMER_VERBATIM_OR_SENTIMENT_LABEL,FEEDBACK_NOT_OBSERVED
188,189,,UNOBSERVED,UNKNOWN_NO_CUSTOMER_VERBATIM_OR_SENTIMENT_LABEL,FEEDBACK_NOT_OBSERVED
189,190,1,LOW_REPORTED,UNKNOWN_NO_CUSTOMER_VERBATIM_OR_SENTIMENT_LABEL,REVIEW_REPORTED_LOW_CSAT
190,191,,UNOBSERVED,UNKNOWN_NO_CUSTOMER_VERBATIM_OR_SENTIMENT_LABEL,FEEDBACK_NOT_OBSERVED
191,192,,UNOBSERVED,UNKNOWN_NO_CUSTOMER_VERBATIM_OR_SENTIMENT_LABEL,FEEDBACK_NOT_OBSERVED
192,193,,UNOBSERVED,UNKNOWN_NO_CUSTOMER_VERBATIM_OR_SENTIMENT_LABEL,FEEDBACK_NOT_OBSERVED
193,194,1,LOW_REPORTED,UNKNOWN_NO_CUSTOMER_VERBATIM_OR_SENTIMENT_LABEL,REVIEW_REPORTED_LOW_CSAT
194,195,,UNOBSERVED,UNKNOWN_NO_CUSTOMER_VERBATIM_OR_SENTIMENT_LABEL,FEEDBACK_NOT_OBSERVED
195,196,2,LOW_REPORTED,UNKNOWN_NO_CUSTOMER_VERBATIM_OR_SENTIMENT_LABEL,REVIEW_REPORTED_LOW_CSAT
196,197,,UNOBSERVED,UNKNOWN_NO_CUSTOMER_VERBATIM_OR_SENTIMENT_LABEL,FEEDBACK_NOT_OBSERVED
197,198,,UNOBSERVED,UNKNOWN_NO_CUSTOMER_VERBATIM_OR_SENTIMENT_LABEL,FEEDBACK_NOT_OBSERVED
198,199,3,MIDDLE_REPORTED,UNKNOWN_NO_CUSTOMER_VERBATIM_OR_SENTIMENT_LABEL,KEEP_OBSERVED_SCORE
199,200,5,HIGH_REPORTED,UNKNOWN_NO_CUSTOMER_VERBATIM_OR_SENTIMENT_LABEL,KEEP_OBSERVED_SCORE
200,201,5,HIGH_REPORTED,UNKNOWN_NO_CUSTOMER_VERBATIM_OR_SENTIMENT_LABEL,KEEP_OBSERVED_SCORE
201,202,,UNOBSERVED,UNKNOWN_NO_CUSTOMER_VERBATIM_OR_SENTIMENT_LABEL,FEEDBACK_NOT_OBSERVED
202,203,,UNOBSERVED,UNKNOWN_NO_CUSTOMER_VERBATIM_OR_SENTIMENT_LABEL,FEEDBACK_NOT_OBSERVED
203,204,,UNOBSERVED,UNKNOWN_NO_CUSTOMER_VERBATIM_OR_SENTIMENT_LABEL,FEEDBACK_NOT_OBSERVED
204,205,,UNOBSERVED,UNKNOWN_NO_CUSTOMER_VERBATIM_OR_SENTIMENT_LABEL,FEEDBACK_NOT_OBSERVED
205,206,3,MIDDLE_REPORTED,UNKNOWN_NO_CUSTOMER_VERBATIM_OR_SENTIMENT_LABEL,KEEP_OBSERVED_SCORE
206,207,1,LOW_REPORTED,UNKNOWN_NO_CUSTOMER_VERBATIM_OR_SENTIMENT_LABEL,REVIEW_REPORTED_LOW_CSAT
207,208,,UNOBSERVED,UNKNOWN_NO_CUSTOMER_VERBATIM_OR_SENTIMENT_LABEL,FEEDBACK_NOT_OBSERVED
208,209,,UNOBSERVED,UNKNOWN_NO_CUSTOMER_VERBATIM_OR_SENTIMENT_LABEL,FEEDBACK_NOT_OBSERVED
209,210,,UNOBSERVED,UNKNOWN_NO_CUSTOMER_VERBATIM_OR_SENTIMENT_LABEL,FEEDBACK_NOT_OBSERVED
210,211,1,LOW_REPORTED,UNKNOWN_NO_CUSTOMER_VERBATIM_OR_SENTIMENT_LABEL,REVIEW_REPORTED_LOW_CSAT
211,212,,UNOBSERVED,UNKNOWN_NO_CUSTOMER_VERBATIM_OR_SENTIMENT_LABEL,FEEDBACK_NOT_OBSERVED
212,213,,UNOBSERVED,UNKNOWN_NO_CUSTOMER_VERBATIM_OR_SENTIMENT_LABEL,FEEDBACK_NOT_OBSERVED
213,214,,UNOBSERVED,UNKNOWN_NO_CUSTOMER_VERBATIM_OR_SENTIMENT_LABEL,FEEDBACK_NOT_OBSERVED
214,215,,UNOBSERVED,UNKNOWN_NO_CUSTOMER_VERBATIM_OR_SENTIMENT_LABEL,FEEDBACK_NOT_OBSERVED
215,216,,UNOBSERVED,UNKNOWN_NO_CUSTOMER_VERBATIM_OR_SENTIMENT_LABEL,FEEDBACK_NOT_OBSERVED
216,217,,UNOBSERVED,UNKNOWN_NO_CUSTOMER_VERBATIM_OR_SENTIMENT_LABEL,FEEDBACK_NOT_OBSERVED
217,218,,UNOBSERVED,UNKNOWN_NO_CUSTOMER_VERBATIM_OR_SENTIMENT_LABEL,FEEDBACK_NOT_OBSERVED
218,219,,UNOBSERVED,UNKNOWN_NO_CUSTOMER_VERBATIM_OR_SENTIMENT_LABEL,FEEDBACK_NOT_OBSERVED
219,220,,UNOBSERVED,UNKNOWN_NO_CUSTOMER_VERBATIM_OR_SENTIMENT_LABEL,FEEDBACK_NOT_OBSERVED
220,221,2,LOW_REPORTED,UNKNOWN_NO_CUSTOMER_VERBATIM_OR_SENTIMENT_LABEL,REVIEW_REPORTED_LOW_CSAT
221,222,5,HIGH_REPORTED,UNKNOWN_NO_CUSTOMER_VERBATIM_OR_SENTIMENT_LABEL,KEEP_OBSERVED_SCORE
222,223,,UNOBSERVED,UNKNOWN_NO_CUSTOMER_VERBATIM_OR_SENTIMENT_LABEL,FEEDBACK_NOT_OBSERVED
223,224,,UNOBSERVED,UNKNOWN_NO_CUSTOMER_VERBATIM_OR_SENTIMENT_LABEL,FEEDBACK_NOT_OBSERVED
224,225,,UNOBSERVED,UNKNOWN_NO_CUSTOMER_VERBATIM_OR_SENTIMENT_LABEL,FEEDBACK_NOT_OBSERVED
225,226,,UNOBSERVED,UNKNOWN_NO_CUSTOMER_VERBATIM_OR_SENTIMENT_LABEL,FEEDBACK_NOT_OBSERVED
226,227,4,HIGH_REPORTED,UNKNOWN_NO_CUSTOMER_VERBATIM_OR_SENTIMENT_LABEL,KEEP_OBSERVED_SCORE
227,228,4,HIGH_REPORTED,UNKNOWN_NO_CUSTOMER_VERBATIM_OR_SENTIMENT_LABEL,KEEP_OBSERVED_SCORE
228,229,,UNOBSERVED,UNKNOWN_NO_CUSTOMER_VERBATIM_OR_SENTIMENT_LABEL,FEEDBACK_NOT_OBSERVED
229,230,,UNOBSERVED,UNKNOWN_NO_CUSTOMER_VERBATIM_OR_SENTIMENT_LABEL,FEEDBACK_NOT_OBSERVED
230,231,2,LOW_REPORTED,UNKNOWN_NO_CUSTOMER_VERBATIM_OR_SENTIMENT_LABEL,REVIEW_REPORTED_LOW_CSAT
231,232,,UNOBSERVED,UNKNOWN_NO_CUSTOMER_VERBATIM_OR_SENTIMENT_LABEL,FEEDBACK_NOT_OBSERVED
232,233,,UNOBSERVED,UNKNOWN_NO_CUSTOMER_VERBATIM_OR_SENTIMENT_LABEL,FEEDBACK_NOT_OBSERVED
233,234,,UNOBSERVED,UNKNOWN_NO_CUSTOMER_VERBATIM_OR_SENTIMENT_LABEL,FEEDBACK_NOT_OBSERVED
234,235,,UNOBSERVED,UNKNOWN_NO_CUSTOMER_VERBATIM_OR_SENTIMENT_LABEL,FEEDBACK_NOT_OBSERVED
235,236,,UNOBSERVED,UNKNOWN_NO_CUSTOMER_VERBATIM_OR_SENTIMENT_LABEL,FEEDBACK_NOT_OBSERVED
236,237,,UNOBSERVED,UNKNOWN_NO_CUSTOMER_VERBATIM_OR_SENTIMENT_LABEL,FEEDBACK_NOT_OBSERVED
237,238,3,MIDDLE_REPORTED,UNKNOWN_NO_CUSTOMER_VERBATIM_OR_SENTIMENT_LABEL,KEEP_OBSERVED_SCORE
238,239,4,HIGH_REPORTED,UNKNOWN_NO_CUSTOMER_VERBATIM_OR_SENTIMENT_LABEL,KEEP_OBSERVED_SCORE
239,240,,UNOBSERVED,UNKNOWN_NO_CUSTOMER_VERBATIM_OR_SENTIMENT_LABEL,FEEDBACK_NOT_OBSERVED
240,241,,UNOBSERVED,UNKNOWN_NO_CUSTOMER_VERBATIM_OR_SENTIMENT_LABEL,FEEDBACK_NOT_OBSERVED
241,242,5,HIGH_REPORTED,UNKNOWN_NO_CUSTOMER_VERBATIM_OR_SENTIMENT_LABEL,KEEP_OBSERVED_SCORE
242,243,2,LOW_REPORTED,UNKNOWN_NO_CUSTOMER_VERBATIM_OR_SENTIMENT_LABEL,REVIEW_REPORTED_LOW_CSAT
243,244,,UNOBSERVED,UNKNOWN_NO_CUSTOMER_VERBATIM_OR_SENTIMENT_LABEL,FEEDBACK_NOT_OBSERVED
244,245,,UNOBSERVED,UNKNOWN_NO_CUSTOMER_VERBATIM_OR_SENTIMENT_LABEL,FEEDBACK_NOT_OBSERVED
245,246,,UNOBSERVED,UNKNOWN_NO_CUSTOMER_VERBATIM_OR_SENTIMENT_LABEL,FEEDBACK_NOT_OBSERVED
246,247,,UNOBSERVED,UNKNOWN_NO_CUSTOMER_VERBATIM_OR_SENTIMENT_LABEL,FEEDBACK_NOT_OBSERVED
247,248,,UNOBSERVED,UNKNOWN_NO_CUSTOMER_VERBATIM_OR_SENTIMENT_LABEL,FEEDBACK_NOT_OBSERVED
248,249,,UNOBSERVED,UNKNOWN_NO_CUSTOMER_VERBATIM_OR_SENTIMENT_LABEL,FEEDBACK_NOT_OBSERVED
249,250,,UNOBSERVED,UNKNOWN_NO_CUSTOMER_VERBATIM_OR_SENTIMENT_LABEL,FEEDBACK_NOT_OBSERVED
250,251,3,MIDDLE_REPORTED,UNKNOWN_NO_CUSTOMER_VERBATIM_OR_SENTIMENT_LABEL,KEEP_OBSERVED_SCORE
251,252,2,LOW_REPORTED,UNKNOWN_NO_CUSTOMER_VERBATIM_OR_SENTIMENT_LABEL,REVIEW_REPORTED_LOW_CSAT
252,253,,UNOBSERVED,UNKNOWN_NO_CUSTOMER_VERBATIM_OR_SENTIMENT_LABEL,FEEDBACK_NOT_OBSERVED
253,254,,UNOBSERVED,UNKNOWN_NO_CUSTOMER_VERBATIM_OR_SENTIMENT_LABEL,FEEDBACK_NOT_OBSERVED
254,255,,UNOBSERVED,UNKNOWN_NO_CUSTOMER_VERBATIM_OR_SENTIMENT_LABEL,FEEDBACK_NOT_OBSERVED
255,256,,UNOBSERVED,UNKNOWN_NO_CUSTOMER_VERBATIM_OR_SENTIMENT_LABEL,FEEDBACK_NOT_OBSERVED
256,257,,UNOBSERVED,UNKNOWN_NO_CUSTOMER_VERBATIM_OR_SENTIMENT_LABEL,FEEDBACK_NOT_OBSERVED
257,258,,UNOBSERVED,UNKNOWN_NO_CUSTOMER_VERBATIM_OR_SENTIMENT_LABEL,FEEDBACK_NOT_OBSERVED
258,259,,UNOBSERVED,UNKNOWN_NO_CUSTOMER_VERBATIM_OR_SENTIMENT_LABEL,FEEDBACK_NOT_OBSERVED
259,260,,UNOBSERVED,UNKNOWN_NO_CUSTOMER_VERBATIM_OR_SENTIMENT_LABEL,FEEDBACK_NOT_OBSERVED
260,261,5,HIGH_REPORTED,UNKNOWN_NO_CUSTOMER_VERBATIM_OR_SENTIMENT_LABEL,KEEP_OBSERVED_SCORE
261,262,,UNOBSERVED,UNKNOWN_NO_CUSTOMER_VERBATIM_OR_SENTIMENT_LABEL,FEEDBACK_NOT_OBSERVED
262,263,,UNOBSERVED,UNKNOWN_NO_CUSTOMER_VERBATIM_OR_SENTIMENT_LABEL,FEEDBACK_NOT_OBSERVED
263,264,2,LOW_REPORTED,UNKNOWN_NO_CUSTOMER_VERBATIM_OR_SENTIMENT_LABEL,REVIEW_REPORTED_LOW_CSAT
264,265,,UNOBSERVED,UNKNOWN_NO_CUSTOMER_VERBATIM_OR_SENTIMENT_LABEL,FEEDBACK_NOT_OBSERVED
265,266,3,MIDDLE_REPORTED,UNKNOWN_NO_CUSTOMER_VERBATIM_OR_SENTIMENT_LABEL,KEEP_OBSERVED_SCORE
266,267,2,LOW_REPORTED,UNKNOWN_NO_CUSTOMER_VERBATIM_OR_SENTIMENT_LABEL,REVIEW_REPORTED_LOW_CSAT
267,268,,UNOBSERVED,UNKNOWN_NO_CUSTOMER_VERBATIM_OR_SENTIMENT_LABEL,FEEDBACK_NOT_OBSERVED
268,269,,UNOBSERVED,UNKNOWN_NO_CUSTOMER_VERBATIM_OR_SENTIMENT_LABEL,FEEDBACK_NOT_OBSERVED
269,270,,UNOBSERVED,UNKNOWN_NO_CUSTOMER_VERBATIM_OR_SENTIMENT_LABEL,FEEDBACK_NOT_OBSERVED
270,271,3,MIDDLE_REPORTED,UNKNOWN_NO_CUSTOMER_VERBATIM_OR_SENTIMENT_LABEL,KEEP_OBSERVED_SCORE
271,272,1,LOW_REPORTED,UNKNOWN_NO_CUSTOMER_VERBATIM_OR_SENTIMENT_LABEL,REVIEW_REPORTED_LOW_CSAT
272,273,,UNOBSERVED,UNKNOWN_NO_CUSTOMER_VERBATIM_OR_SENTIMENT_LABEL,FEEDBACK_NOT_OBSERVED
273,274,,UNOBSERVED,UNKNOWN_NO_CUSTOMER_VERBATIM_OR_SENTIMENT_LABEL,FEEDBACK_NOT_OBSERVED
274,275,,UNOBSERVED,UNKNOWN_NO_CUSTOMER_VERBATIM_OR_SENTIMENT_LABEL,FEEDBACK_NOT_OBSERVED
275,276,,UNOBSERVED,UNKNOWN_NO_CUSTOMER_VERBATIM_OR_SENTIMENT_LABEL,FEEDBACK_NOT_OBSERVED
276,277,,UNOBSERVED,UNKNOWN_NO_CUSTOMER_VERBATIM_OR_SENTIMENT_LABEL,FEEDBACK_NOT_OBSERVED
277,278,,UNOBSERVED,UNKNOWN_NO_CUSTOMER_VERBATIM_OR_SENTIMENT_LABEL,FEEDBACK_NOT_OBSERVED
278,279,4,HIGH_REPORTED,UNKNOWN_NO_CUSTOMER_VERBATIM_OR_SENTIMENT_LABEL,KEEP_OBSERVED_SCORE
279,280,5,HIGH_REPORTED,UNKNOWN_NO_CUSTOMER_VERBATIM_OR_SENTIMENT_LABEL,KEEP_OBSERVED_SCORE
280,281,,UNOBSERVED,UNKNOWN_NO_CUSTOMER_VERBATIM_OR_SENTIMENT_LABEL,FEEDBACK_NOT_OBSERVED
281,282,2,LOW_REPORTED,UNKNOWN_NO_CUSTOMER_VERBATIM_OR_SENTIMENT_LABEL,REVIEW_REPORTED_LOW_CSAT
282,283,,UNOBSERVED,UNKNOWN_NO_CUSTOMER_VERBATIM_OR_SENTIMENT_LABEL,FEEDBACK_NOT_OBSERVED
283,284,,UNOBSERVED,UNKNOWN_NO_CUSTOMER_VERBATIM_OR_SENTIMENT_LABEL,FEEDBACK_NOT_OBSERVED
284,285,,UNOBSERVED,UNKNOWN_NO_CUSTOMER_VERBATIM_OR_SENTIMENT_LABEL,FEEDBACK_NOT_OBSERVED
285,286,,UNOBSERVED,UNKNOWN_NO_CUSTOMER_VERBATIM_OR_SENTIMENT_LABEL,FEEDBACK_NOT_OBSERVED
286,287,,UNOBSERVED,UNKNOWN_NO_CUSTOMER_VERBATIM_OR_SENTIMENT_LABEL,FEEDBACK_NOT_OBSERVED
287,288,,UNOBSERVED,UNKNOWN_NO_CUSTOMER_VERBATIM_OR_SENTIMENT_LABEL,FEEDBACK_NOT_OBSERVED
288,289,,UNOBSERVED,UNKNOWN_NO_CUSTOMER_VERBATIM_OR_SENTIMENT_LABEL,FEEDBACK_NOT_OBSERVED
289,290,,UNOBSERVED,UNKNOWN_NO_CUSTOMER_VERBATIM_OR_SENTIMENT_LABEL,FEEDBACK_NOT_OBSERVED
290,291,,UNOBSERVED,UNKNOWN_NO_CUSTOMER_VERBATIM_OR_SENTIMENT_LABEL,FEEDBACK_NOT_OBSERVED
291,292,,UNOBSERVED,UNKNOWN_NO_CUSTOMER_VERBATIM_OR_SENTIMENT_LABEL,FEEDBACK_NOT_OBSERVED
292,293,,UNOBSERVED,UNKNOWN_NO_CUSTOMER_VERBATIM_OR_SENTIMENT_LABEL,FEEDBACK_NOT_OBSERVED
293,294,2,LOW_REPORTED,UNKNOWN_NO_CUSTOMER_VERBATIM_OR_SENTIMENT_LABEL,REVIEW_REPORTED_LOW_CSAT
294,295,,UNOBSERVED,UNKNOWN_NO_CUSTOMER_VERBATIM_OR_SENTIMENT_LABEL,FEEDBACK_NOT_OBSERVED
295,296,3,MIDDLE_REPORTED,UNKNOWN_NO_CUSTOMER_VERBATIM_OR_SENTIMENT_LABEL,KEEP_OBSERVED_SCORE
296,297,,UNOBSERVED,UNKNOWN_NO_CUSTOMER_VERBATIM_OR_SENTIMENT_LABEL,FEEDBACK_NOT_OBSERVED
297,298,5,HIGH_REPORTED,UNKNOWN_NO_CUSTOMER_VERBATIM_OR_SENTIMENT_LABEL,KEEP_OBSERVED_SCORE
298,299,2,LOW_REPORTED,UNKNOWN_NO_CUSTOMER_VERBATIM_OR_SENTIMENT_LABEL,REVIEW_REPORTED_LOW_CSAT
299,300,,UNOBSERVED,UNKNOWN_NO_CUSTOMER_VERBATIM_OR_SENTIMENT_LABEL,FEEDBACK_NOT_OBSERVED
300,301,,UNOBSERVED,UNKNOWN_NO_CUSTOMER_VERBATIM_OR_SENTIMENT_LABEL,FEEDBACK_NOT_OBSERVED
301,302,,UNOBSERVED,UNKNOWN_NO_CUSTOMER_VERBATIM_OR_SENTIMENT_LABEL,FEEDBACK_NOT_OBSERVED
302,303,,UNOBSERVED,UNKNOWN_NO_CUSTOMER_VERBATIM_OR_SENTIMENT_LABEL,FEEDBACK_NOT_OBSERVED
303,304,1,LOW_REPORTED,UNKNOWN_NO_CUSTOMER_VERBATIM_OR_SENTIMENT_LABEL,REVIEW_REPORTED_LOW_CSAT
304,305,,UNOBSERVED,UNKNOWN_NO_CUSTOMER_VERBATIM_OR_SENTIMENT_LABEL,FEEDBACK_NOT_OBSERVED
305,306,5,HIGH_REPORTED,UNKNOWN_NO_CUSTOMER_VERBATIM_OR_SENTIMENT_LABEL,KEEP_OBSERVED_SCORE
306,307,,UNOBSERVED,UNKNOWN_NO_CUSTOMER_VERBATIM_OR_SENTIMENT_LABEL,FEEDBACK_NOT_OBSERVED
307,308,2,LOW_REPORTED,UNKNOWN_NO_CUSTOMER_VERBATIM_OR_SENTIMENT_LABEL,REVIEW_REPORTED_LOW_CSAT
308,309,,UNOBSERVED,UNKNOWN_NO_CUSTOMER_VERBATIM_OR_SENTIMENT_LABEL,FEEDBACK_NOT_OBSERVED
309,310,,UNOBSERVED,UNKNOWN_NO_CUSTOMER_VERBATIM_OR_SENTIMENT_LABEL,FEEDBACK_NOT_OBSERVED
310,311,,UNOBSERVED,UNKNOWN_NO_CUSTOMER_VERBATIM_OR_SENTIMENT_LABEL,FEEDBACK_NOT_OBSERVED
311,312,2,LOW_REPORTED,UNKNOWN_NO_CUSTOMER_VERBATIM_OR_SENTIMENT_LABEL,REVIEW_REPORTED_LOW_CSAT
312,313,2,LOW_REPORTED,UNKNOWN_NO_CUSTOMER_VERBATIM_OR_SENTIMENT_LABEL,REVIEW_REPORTED_LOW_CSAT
313,314,1,LOW_REPORTED,UNKNOWN_NO_CUSTOMER_VERBATIM_OR_SENTIMENT_LABEL,REVIEW_REPORTED_LOW_CSAT
314,315,,UNOBSERVED,UNKNOWN_NO_CUSTOMER_VERBATIM_OR_SENTIMENT_LABEL,FEEDBACK_NOT_OBSERVED
315,316,2,LOW_REPORTED,UNKNOWN_NO_CUSTOMER_VERBATIM_OR_SENTIMENT_LABEL,REVIEW_REPORTED_LOW_CSAT
316,317,,UNOBSERVED,UNKNOWN_NO_CUSTOMER_VERBATIM_OR_SENTIMENT_LABEL,FEEDBACK_NOT_OBSERVED
317,318,,UNOBSERVED,UNKNOWN_NO_CUSTOMER_VERBATIM_OR_SENTIMENT_LABEL,FEEDBACK_NOT_OBSERVED
318,319,4,HIGH_REPORTED,UNKNOWN_NO_CUSTOMER_VERBATIM_OR_SENTIMENT_LABEL,KEEP_OBSERVED_SCORE
319,320,,UNOBSERVED,UNKNOWN_NO_CUSTOMER_VERBATIM_OR_SENTIMENT_LABEL,FEEDBACK_NOT_OBSERVED
320,321,,UNOBSERVED,UNKNOWN_NO_CUSTOMER_VERBATIM_OR_SENTIMENT_LABEL,FEEDBACK_NOT_OBSERVED
321,322,4,HIGH_REPORTED,UNKNOWN_NO_CUSTOMER_VERBATIM_OR_SENTIMENT_LABEL,KEEP_OBSERVED_SCORE
322,323,,UNOBSERVED,UNKNOWN_NO_CUSTOMER_VERBATIM_OR_SENTIMENT_LABEL,FEEDBACK_NOT_OBSERVED
323,324,3,MIDDLE_REPORTED,UNKNOWN_NO_CUSTOMER_VERBATIM_OR_SENTIMENT_LABEL,KEEP_OBSERVED_SCORE
324,325,,UNOBSERVED,UNKNOWN_NO_CUSTOMER_VERBATIM_OR_SENTIMENT_LABEL,FEEDBACK_NOT_OBSERVED
325,326,,UNOBSERVED,UNKNOWN_NO_CUSTOMER_VERBATIM_OR_SENTIMENT_LABEL,FEEDBACK_NOT_OBSERVED
326,327,4,HIGH_REPORTED,UNKNOWN_NO_CUSTOMER_VERBATIM_OR_SENTIMENT_LABEL,KEEP_OBSERVED_SCORE
327,328,,UNOBSERVED,UNKNOWN_NO_CUSTOMER_VERBATIM_OR_SENTIMENT_LABEL,FEEDBACK_NOT_OBSERVED
328,329,,UNOBSERVED,UNKNOWN_NO_CUSTOMER_VERBATIM_OR_SENTIMENT_LABEL,FEEDBACK_NOT_OBSERVED
329,330,,UNOBSERVED,UNKNOWN_NO_CUSTOMER_VERBATIM_OR_SENTIMENT_LABEL,FEEDBACK_NOT_OBSERVED
330,331,5,HIGH_REPORTED,UNKNOWN_NO_CUSTOMER_VERBATIM_OR_SENTIMENT_LABEL,KEEP_OBSERVED_SCORE
331,332,,UNOBSERVED,UNKNOWN_NO_CUSTOMER_VERBATIM_OR_SENTIMENT_LABEL,FEEDBACK_NOT_OBSERVED
332,333,,UNOBSERVED,UNKNOWN_NO_CUSTOMER_VERBATIM_OR_SENTIMENT_LABEL,FEEDBACK_NOT_OBSERVED
333,334,2,LOW_REPORTED,UNKNOWN_NO_CUSTOMER_VERBATIM_OR_SENTIMENT_LABEL,REVIEW_REPORTED_LOW_CSAT
334,335,2,LOW_REPORTED,UNKNOWN_NO_CUSTOMER_VERBATIM_OR_SENTIMENT_LABEL,REVIEW_REPORTED_LOW_CSAT
335,336,,UNOBSERVED,UNKNOWN_NO_CUSTOMER_VERBATIM_OR_SENTIMENT_LABEL,FEEDBACK_NOT_OBSERVED
336,337,,UNOBSERVED,UNKNOWN_NO_CUSTOMER_VERBATIM_OR_SENTIMENT_LABEL,FEEDBACK_NOT_OBSERVED
337,338,,UNOBSERVED,UNKNOWN_NO_CUSTOMER_VERBATIM_OR_SENTIMENT_LABEL,FEEDBACK_NOT_OBSERVED
338,339,,UNOBSERVED,UNKNOWN_NO_CUSTOMER_VERBATIM_OR_SENTIMENT_LABEL,FEEDBACK_NOT_OBSERVED
339,340,3,MIDDLE_REPORTED,UNKNOWN_NO_CUSTOMER_VERBATIM_OR_SENTIMENT_LABEL,KEEP_OBSERVED_SCORE
340,341,1,LOW_REPORTED,UNKNOWN_NO_CUSTOMER_VERBATIM_OR_SENTIMENT_LABEL,REVIEW_REPORTED_LOW_CSAT
341,342,,UNOBSERVED,UNKNOWN_NO_CUSTOMER_VERBATIM_OR_SENTIMENT_LABEL,FEEDBACK_NOT_OBSERVED
342,343,,UNOBSERVED,UNKNOWN_NO_CUSTOMER_VERBATIM_OR_SENTIMENT_LABEL,FEEDBACK_NOT_OBSERVED
343,344,5,HIGH_REPORTED,UNKNOWN_NO_CUSTOMER_VERBATIM_OR_SENTIMENT_LABEL,KEEP_OBSERVED_SCORE
344,345,,UNOBSERVED,UNKNOWN_NO_CUSTOMER_VERBATIM_OR_SENTIMENT_LABEL,FEEDBACK_NOT_OBSERVED
345,346,3,MIDDLE_REPORTED,UNKNOWN_NO_CUSTOMER_VERBATIM_OR_SENTIMENT_LABEL,KEEP_OBSERVED_SCORE
346,347,5,HIGH_REPORTED,UNKNOWN_NO_CUSTOMER_VERBATIM_OR_SENTIMENT_LABEL,KEEP_OBSERVED_SCORE
347,348,,UNOBSERVED,UNKNOWN_NO_CUSTOMER_VERBATIM_OR_SENTIMENT_LABEL,FEEDBACK_NOT_OBSERVED
348,349,,UNOBSERVED,UNKNOWN_NO_CUSTOMER_VERBATIM_OR_SENTIMENT_LABEL,FEEDBACK_NOT_OBSERVED
349,350,,UNOBSERVED,UNKNOWN_NO_CUSTOMER_VERBATIM_OR_SENTIMENT_LABEL,FEEDBACK_NOT_OBSERVED
350,351,3,MIDDLE_REPORTED,UNKNOWN_NO_CUSTOMER_VERBATIM_OR_SENTIMENT_LABEL,KEEP_OBSERVED_SCORE
351,352,2,LOW_REPORTED,UNKNOWN_NO_CUSTOMER_VERBATIM_OR_SENTIMENT_LABEL,REVIEW_REPORTED_LOW_CSAT
352,353,,UNOBSERVED,UNKNOWN_NO_CUSTOMER_VERBATIM_OR_SENTIMENT_LABEL,FEEDBACK_NOT_OBSERVED
353,354,2,LOW_REPORTED,UNKNOWN_NO_CUSTOMER_VERBATIM_OR_SENTIMENT_LABEL,REVIEW_REPORTED_LOW_CSAT
354,355,4,HIGH_REPORTED,UNKNOWN_NO_CUSTOMER_VERBATIM_OR_SENTIMENT_LABEL,KEEP_OBSERVED_SCORE
355,356,,UNOBSERVED,UNKNOWN_NO_CUSTOMER_VERBATIM_OR_SENTIMENT_LABEL,FEEDBACK_NOT_OBSERVED
356,357,,UNOBSERVED,UNKNOWN_NO_CUSTOMER_VERBATIM_OR_SENTIMENT_LABEL,FEEDBACK_NOT_OBSERVED
357,358,2,LOW_REPORTED,UNKNOWN_NO_CUSTOMER_VERBATIM_OR_SENTIMENT_LABEL,REVIEW_REPORTED_LOW_CSAT
358,359,,UNOBSERVED,UNKNOWN_NO_CUSTOMER_VERBATIM_OR_SENTIMENT_LABEL,FEEDBACK_NOT_OBSERVED
359,360,,UNOBSERVED,UNKNOWN_NO_CUSTOMER_VERBATIM_OR_SENTIMENT_LABEL,FEEDBACK_NOT_OBSERVED
360,361,,UNOBSERVED,UNKNOWN_NO_CUSTOMER_VERBATIM_OR_SENTIMENT_LABEL,FEEDBACK_NOT_OBSERVED
361,362,5,HIGH_REPORTED,UNKNOWN_NO_CUSTOMER_VERBATIM_OR_SENTIMENT_LABEL,KEEP_OBSERVED_SCORE
362,363,4,HIGH_REPORTED,UNKNOWN_NO_CUSTOMER_VERBATIM_OR_SENTIMENT_LABEL,KEEP_OBSERVED_SCORE
363,364,,UNOBSERVED,UNKNOWN_NO_CUSTOMER_VERBATIM_OR_SENTIMENT_LABEL,FEEDBACK_NOT_OBSERVED
364,365,,UNOBSERVED,UNKNOWN_NO_CUSTOMER_VERBATIM_OR_SENTIMENT_LABEL,FEEDBACK_NOT_OBSERVED
365,366,1,LOW_REPORTED,UNKNOWN_NO_CUSTOMER_VERBATIM_OR_SENTIMENT_LABEL,REVIEW_REPORTED_LOW_CSAT
366,367,3,MIDDLE_REPORTED,UNKNOWN_NO_CUSTOMER_VERBATIM_OR_SENTIMENT_LABEL,KEEP_OBSERVED_SCORE
367,368,,UNOBSERVED,UNKNOWN_NO_CUSTOMER_VERBATIM_OR_SENTIMENT_LABEL,FEEDBACK_NOT_OBSERVED
368,369,,UNOBSERVED,UNKNOWN_NO_CUSTOMER_VERBATIM_OR_SENTIMENT_LABEL,FEEDBACK_NOT_OBSERVED
369,370,,UNOBSERVED,UNKNOWN_NO_CUSTOMER_VERBATIM_OR_SENTIMENT_LABEL,FEEDBACK_NOT_OBSERVED
370,371,,UNOBSERVED,UNKNOWN_NO_CUSTOMER_VERBATIM_OR_SENTIMENT_LABEL,FEEDBACK_NOT_OBSERVED
371,372,2,LOW_REPORTED,UNKNOWN_NO_CUSTOMER_VERBATIM_OR_SENTIMENT_LABEL,REVIEW_REPORTED_LOW_CSAT
372,373,1,LOW_REPORTED,UNKNOWN_NO_CUSTOMER_VERBATIM_OR_SENTIMENT_LABEL,REVIEW_REPORTED_LOW_CSAT
373,374,5,HIGH_REPORTED,UNKNOWN_NO_CUSTOMER_VERBATIM_OR_SENTIMENT_LABEL,KEEP_OBSERVED_SCORE
374,375,1,LOW_REPORTED,UNKNOWN_NO_CUSTOMER_VERBATIM_OR_SENTIMENT_LABEL,REVIEW_REPORTED_LOW_CSAT
375,376,,UNOBSERVED,UNKNOWN_NO_CUSTOMER_VERBATIM_OR_SENTIMENT_LABEL,FEEDBACK_NOT_OBSERVED
376,377,1,LOW_REPORTED,UNKNOWN_NO_CUSTOMER_VERBATIM_OR_SENTIMENT_LABEL,REVIEW_REPORTED_LOW_CSAT
377,378,,UNOBSERVED,UNKNOWN_NO_CUSTOMER_VERBATIM_OR_SENTIMENT_LABEL,FEEDBACK_NOT_OBSERVED
378,379,,UNOBSERVED,UNKNOWN_NO_CUSTOMER_VERBATIM_OR_SENTIMENT_LABEL,FEEDBACK_NOT_OBSERVED
379,380,4,HIGH_REPORTED,UNKNOWN_NO_CUSTOMER_VERBATIM_OR_SENTIMENT_LABEL,KEEP_OBSERVED_SCORE
380,381,,UNOBSERVED,UNKNOWN_NO_CUSTOMER_VERBATIM_OR_SENTIMENT_LABEL,FEEDBACK_NOT_OBSERVED
381,382,5,HIGH_REPORTED,UNKNOWN_NO_CUSTOMER_VERBATIM_OR_SENTIMENT_LABEL,KEEP_OBSERVED_SCORE
382,383,4,HIGH_REPORTED,UNKNOWN_NO_CUSTOMER_VERBATIM_OR_SENTIMENT_LABEL,KEEP_OBSERVED_SCORE
383,384,,UNOBSERVED,UNKNOWN_NO_CUSTOMER_VERBATIM_OR_SENTIMENT_LABEL,FEEDBACK_NOT_OBSERVED
384,385,3,MIDDLE_REPORTED,UNKNOWN_NO_CUSTOMER_VERBATIM_OR_SENTIMENT_LABEL,KEEP_OBSERVED_SCORE
385,386,,UNOBSERVED,UNKNOWN_NO_CUSTOMER_VERBATIM_OR_SENTIMENT_LABEL,FEEDBACK_NOT_OBSERVED
386,387,4,HIGH_REPORTED,UNKNOWN_NO_CUSTOMER_VERBATIM_OR_SENTIMENT_LABEL,KEEP_OBSERVED_SCORE
387,388,2,LOW_REPORTED,UNKNOWN_NO_CUSTOMER_VERBATIM_OR_SENTIMENT_LABEL,REVIEW_REPORTED_LOW_CSAT
388,389,4,HIGH_REPORTED,UNKNOWN_NO_CUSTOMER_VERBATIM_OR_SENTIMENT_LABEL,KEEP_OBSERVED_SCORE
389,390,,UNOBSERVED,UNKNOWN_NO_CUSTOMER_VERBATIM_OR_SENTIMENT_LABEL,FEEDBACK_NOT_OBSERVED
390,391,,UNOBSERVED,UNKNOWN_NO_CUSTOMER_VERBATIM_OR_SENTIMENT_LABEL,FEEDBACK_NOT_OBSERVED
391,392,4,HIGH_REPORTED,UNKNOWN_NO_CUSTOMER_VERBATIM_OR_SENTIMENT_LABEL,KEEP_OBSERVED_SCORE
392,393,,UNOBSERVED,UNKNOWN_NO_CUSTOMER_VERBATIM_OR_SENTIMENT_LABEL,FEEDBACK_NOT_OBSERVED
393,394,,UNOBSERVED,UNKNOWN_NO_CUSTOMER_VERBATIM_OR_SENTIMENT_LABEL,FEEDBACK_NOT_OBSERVED
394,395,,UNOBSERVED,UNKNOWN_NO_CUSTOMER_VERBATIM_OR_SENTIMENT_LABEL,FEEDBACK_NOT_OBSERVED
395,396,1,LOW_REPORTED,UNKNOWN_NO_CUSTOMER_VERBATIM_OR_SENTIMENT_LABEL,REVIEW_REPORTED_LOW_CSAT
396,397,2,LOW_REPORTED,UNKNOWN_NO_CUSTOMER_VERBATIM_OR_SENTIMENT_LABEL,REVIEW_REPORTED_LOW_CSAT
397,398,,UNOBSERVED,UNKNOWN_NO_CUSTOMER_VERBATIM_OR_SENTIMENT_LABEL,FEEDBACK_NOT_OBSERVED
398,399,,UNOBSERVED,UNKNOWN_NO_CUSTOMER_VERBATIM_OR_SENTIMENT_LABEL,FEEDBACK_NOT_OBSERVED
399,400,,UNOBSERVED,UNKNOWN_NO_CUSTOMER_VERBATIM_OR_SENTIMENT_LABEL,FEEDBACK_NOT_OBSERVED
400,401,,UNOBSERVED,UNKNOWN_NO_CUSTOMER_VERBATIM_OR_SENTIMENT_LABEL,FEEDBACK_NOT_OBSERVED
401,402,,UNOBSERVED,UNKNOWN_NO_CUSTOMER_VERBATIM_OR_SENTIMENT_LABEL,FEEDBACK_NOT_OBSERVED
402,403,,UNOBSERVED,UNKNOWN_NO_CUSTOMER_VERBATIM_OR_SENTIMENT_LABEL,FEEDBACK_NOT_OBSERVED
403,404,3,MIDDLE_REPORTED,UNKNOWN_NO_CUSTOMER_VERBATIM_OR_SENTIMENT_LABEL,KEEP_OBSERVED_SCORE
404,405,1,LOW_REPORTED,UNKNOWN_NO_CUSTOMER_VERBATIM_OR_SENTIMENT_LABEL,REVIEW_REPORTED_LOW_CSAT
405,406,2,LOW_REPORTED,UNKNOWN_NO_CUSTOMER_VERBATIM_OR_SENTIMENT_LABEL,REVIEW_REPORTED_LOW_CSAT
406,407,,UNOBSERVED,UNKNOWN_NO_CUSTOMER_VERBATIM_OR_SENTIMENT_LABEL,FEEDBACK_NOT_OBSERVED
407,408,,UNOBSERVED,UNKNOWN_NO_CUSTOMER_VERBATIM_OR_SENTIMENT_LABEL,FEEDBACK_NOT_OBSERVED
408,409,,UNOBSERVED,UNKNOWN_NO_CUSTOMER_VERBATIM_OR_SENTIMENT_LABEL,FEEDBACK_NOT_OBSERVED
409,410,2,LOW_REPORTED,UNKNOWN_NO_CUSTOMER_VERBATIM_OR_SENTIMENT_LABEL,REVIEW_REPORTED_LOW_CSAT
410,411,,UNOBSERVED,UNKNOWN_NO_CUSTOMER_VERBATIM_OR_SENTIMENT_LABEL,FEEDBACK_NOT_OBSERVED
411,412,,UNOBSERVED,UNKNOWN_NO_CUSTOMER_VERBATIM_OR_SENTIMENT_LABEL,FEEDBACK_NOT_OBSERVED
412,413,4,HIGH_REPORTED,UNKNOWN_NO_CUSTOMER_VERBATIM_OR_SENTIMENT_LABEL,KEEP_OBSERVED_SCORE
413,414,,UNOBSERVED,UNKNOWN_NO_CUSTOMER_VERBATIM_OR_SENTIMENT_LABEL,FEEDBACK_NOT_OBSERVED
414,415,,UNOBSERVED,UNKNOWN_NO_CUSTOMER_VERBATIM_OR_SENTIMENT_LABEL,FEEDBACK_NOT_OBSERVED
415,416,,UNOBSERVED,UNKNOWN_NO_CUSTOMER_VERBATIM_OR_SENTIMENT_LABEL,FEEDBACK_NOT_OBSERVED
416,417,,UNOBSERVED,UNKNOWN_NO_CUSTOMER_VERBATIM_OR_SENTIMENT_LABEL,FEEDBACK_NOT_OBSERVED
417,418,,UNOBSERVED,UNKNOWN_NO_CUSTOMER_VERBATIM_OR_SENTIMENT_LABEL,FEEDBACK_NOT_OBSERVED
418,419,,UNOBSERVED,UNKNOWN_NO_CUSTOMER_VERBATIM_OR_SENTIMENT_LABEL,FEEDBACK_NOT_OBSERVED
419,420,2,LOW_REPORTED,UNKNOWN_NO_CUSTOMER_VERBATIM_OR_SENTIMENT_LABEL,REVIEW_REPORTED_LOW_CSAT
420,421,,UNOBSERVED,UNKNOWN_NO_CUSTOMER_VERBATIM_OR_SENTIMENT_LABEL,FEEDBACK_NOT_OBSERVED
421,422,,UNOBSERVED,UNKNOWN_NO_CUSTOMER_VERBATIM_OR_SENTIMENT_LABEL,FEEDBACK_NOT_OBSERVED
422,423,,UNOBSERVED,UNKNOWN_NO_CUSTOMER_VERBATIM_OR_SENTIMENT_LABEL,FEEDBACK_NOT_OBSERVED
423,424,,UNOBSERVED,UNKNOWN_NO_CUSTOMER_VERBATIM_OR_SENTIMENT_LABEL,FEEDBACK_NOT_OBSERVED
424,425,,UNOBSERVED,UNKNOWN_NO_CUSTOMER_VERBATIM_OR_SENTIMENT_LABEL,FEEDBACK_NOT_OBSERVED
425,426,,UNOBSERVED,UNKNOWN_NO_CUSTOMER_VERBATIM_OR_SENTIMENT_LABEL,FEEDBACK_NOT_OBSERVED
426,427,,UNOBSERVED,UNKNOWN_NO_CUSTOMER_VERBATIM_OR_SENTIMENT_LABEL,FEEDBACK_NOT_OBSERVED
427,428,,UNOBSERVED,UNKNOWN_NO_CUSTOMER_VERBATIM_OR_SENTIMENT_LABEL,FEEDBACK_NOT_OBSERVED
428,429,,UNOBSERVED,UNKNOWN_NO_CUSTOMER_VERBATIM_OR_SENTIMENT_LABEL,FEEDBACK_NOT_OBSERVED
429,430,3,MIDDLE_REPORTED,UNKNOWN_NO_CUSTOMER_VERBATIM_OR_SENTIMENT_LABEL,KEEP_OBSERVED_SCORE
430,431,1,LOW_REPORTED,UNKNOWN_NO_CUSTOMER_VERBATIM_OR_SENTIMENT_LABEL,REVIEW_REPORTED_LOW_CSAT
431,432,,UNOBSERVED,UNKNOWN_NO_CUSTOMER_VERBATIM_OR_SENTIMENT_LABEL,FEEDBACK_NOT_OBSERVED
432,433,,UNOBSERVED,UNKNOWN_NO_CUSTOMER_VERBATIM_OR_SENTIMENT_LABEL,FEEDBACK_NOT_OBSERVED
433,434,,UNOBSERVED,UNKNOWN_NO_CUSTOMER_VERBATIM_OR_SENTIMENT_LABEL,FEEDBACK_NOT_OBSERVED
434,435,,UNOBSERVED,UNKNOWN_NO_CUSTOMER_VERBATIM_OR_SENTIMENT_LABEL,FEEDBACK_NOT_OBSERVED
435,436,,UNOBSERVED,UNKNOWN_NO_CUSTOMER_VERBATIM_OR_SENTIMENT_LABEL,FEEDBACK_NOT_OBSERVED
436,437,,UNOBSERVED,UNKNOWN_NO_CUSTOMER_VERBATIM_OR_SENTIMENT_LABEL,FEEDBACK_NOT_OBSERVED
437,438,,UNOBSERVED,UNKNOWN_NO_CUSTOMER_VERBATIM_OR_SENTIMENT_LABEL,FEEDBACK_NOT_OBSERVED
438,439,4,HIGH_REPORTED,UNKNOWN_NO_CUSTOMER_VERBATIM_OR_SENTIMENT_LABEL,KEEP_OBSERVED_SCORE
439,440,2,LOW_REPORTED,UNKNOWN_NO_CUSTOMER_VERBATIM_OR_SENTIMENT_LABEL,REVIEW_REPORTED_LOW_CSAT
440,441,2,LOW_REPORTED,UNKNOWN_NO_CUSTOMER_VERBATIM_OR_SENTIMENT_LABEL,REVIEW_REPORTED_LOW_CSAT
441,442,,UNOBSERVED,UNKNOWN_NO_CUSTOMER_VERBATIM_OR_SENTIMENT_LABEL,FEEDBACK_NOT_OBSERVED
442,443,2,LOW_REPORTED,UNKNOWN_NO_CUSTOMER_VERBATIM_OR_SENTIMENT_LABEL,REVIEW_REPORTED_LOW_CSAT
443,444,,UNOBSERVED,UNKNOWN_NO_CUSTOMER_VERBATIM_OR_SENTIMENT_LABEL,FEEDBACK_NOT_OBSERVED
444,445,3,MIDDLE_REPORTED,UNKNOWN_NO_CUSTOMER_VERBATIM_OR_SENTIMENT_LABEL,KEEP_OBSERVED_SCORE
445,446,1,LOW_REPORTED,UNKNOWN_NO_CUSTOMER_VERBATIM_OR_SENTIMENT_LABEL,REVIEW_REPORTED_LOW_CSAT
446,447,,UNOBSERVED,UNKNOWN_NO_CUSTOMER_VERBATIM_OR_SENTIMENT_LABEL,FEEDBACK_NOT_OBSERVED
447,448,,UNOBSERVED,UNKNOWN_NO_CUSTOMER_VERBATIM_OR_SENTIMENT_LABEL,FEEDBACK_NOT_OBSERVED
448,449,,UNOBSERVED,UNKNOWN_NO_CUSTOMER_VERBATIM_OR_SENTIMENT_LABEL,FEEDBACK_NOT_OBSERVED
449,450,,UNOBSERVED,UNKNOWN_NO_CUSTOMER_VERBATIM_OR_SENTIMENT_LABEL,FEEDBACK_NOT_OBSERVED
450,451,1,LOW_REPORTED,UNKNOWN_NO_CUSTOMER_VERBATIM_OR_SENTIMENT_LABEL,REVIEW_REPORTED_LOW_CSAT
451,452,,UNOBSERVED,UNKNOWN_NO_CUSTOMER_VERBATIM_OR_SENTIMENT_LABEL,FEEDBACK_NOT_OBSERVED
452,453,,UNOBSERVED,UNKNOWN_NO_CUSTOMER_VERBATIM_OR_SENTIMENT_LABEL,FEEDBACK_NOT_OBSERVED
453,454,,UNOBSERVED,UNKNOWN_NO_CUSTOMER_VERBATIM_OR_SENTIMENT_LABEL,FEEDBACK_NOT_OBSERVED
454,455,1,LOW_REPORTED,UNKNOWN_NO_CUSTOMER_VERBATIM_OR_SENTIMENT_LABEL,REVIEW_REPORTED_LOW_CSAT
455,456,,UNOBSERVED,UNKNOWN_NO_CUSTOMER_VERBATIM_OR_SENTIMENT_LABEL,FEEDBACK_NOT_OBSERVED
456,457,5,HIGH_REPORTED,UNKNOWN_NO_CUSTOMER_VERBATIM_OR_SENTIMENT_LABEL,KEEP_OBSERVED_SCORE
457,458,,UNOBSERVED,UNKNOWN_NO_CUSTOMER_VERBATIM_OR_SENTIMENT_LABEL,FEEDBACK_NOT_OBSERVED
458,459,,UNOBSERVED,UNKNOWN_NO_CUSTOMER_VERBATIM_OR_SENTIMENT_LABEL,FEEDBACK_NOT_OBSERVED
459,460,5,HIGH_REPORTED,UNKNOWN_NO_CUSTOMER_VERBATIM_OR_SENTIMENT_LABEL,KEEP_OBSERVED_SCORE
460,461,1,LOW_REPORTED,UNKNOWN_NO_CUSTOMER_VERBATIM_OR_SENTIMENT_LABEL,REVIEW_REPORTED_LOW_CSAT
461,462,,UNOBSERVED,UNKNOWN_NO_CUSTOMER_VERBATIM_OR_SENTIMENT_LABEL,FEEDBACK_NOT_OBSERVED
462,463,3,MIDDLE_REPORTED,UNKNOWN_NO_CUSTOMER_VERBATIM_OR_SENTIMENT_LABEL,KEEP_OBSERVED_SCORE
463,464,,UNOBSERVED,UNKNOWN_NO_CUSTOMER_VERBATIM_OR_SENTIMENT_LABEL,FEEDBACK_NOT_OBSERVED
464,465,2,LOW_REPORTED,UNKNOWN_NO_CUSTOMER_VERBATIM_OR_SENTIMENT_LABEL,REVIEW_REPORTED_LOW_CSAT
465,466,,UNOBSERVED,UNKNOWN_NO_CUSTOMER_VERBATIM_OR_SENTIMENT_LABEL,FEEDBACK_NOT_OBSERVED
466,467,,UNOBSERVED,UNKNOWN_NO_CUSTOMER_VERBATIM_OR_SENTIMENT_LABEL,FEEDBACK_NOT_OBSERVED
467,468,,UNOBSERVED,UNKNOWN_NO_CUSTOMER_VERBATIM_OR_SENTIMENT_LABEL,FEEDBACK_NOT_OBSERVED
468,469,5,HIGH_REPORTED,UNKNOWN_NO_CUSTOMER_VERBATIM_OR_SENTIMENT_LABEL,KEEP_OBSERVED_SCORE
469,470,2,LOW_REPORTED,UNKNOWN_NO_CUSTOMER_VERBATIM_OR_SENTIMENT_LABEL,REVIEW_REPORTED_LOW_CSAT
470,471,,UNOBSERVED,UNKNOWN_NO_CUSTOMER_VERBATIM_OR_SENTIMENT_LABEL,FEEDBACK_NOT_OBSERVED
471,472,3,MIDDLE_REPORTED,UNKNOWN_NO_CUSTOMER_VERBATIM_OR_SENTIMENT_LABEL,KEEP_OBSERVED_SCORE
472,473,,UNOBSERVED,UNKNOWN_NO_CUSTOMER_VERBATIM_OR_SENTIMENT_LABEL,FEEDBACK_NOT_OBSERVED
473,474,4,HIGH_REPORTED,UNKNOWN_NO_CUSTOMER_VERBATIM_OR_SENTIMENT_LABEL,KEEP_OBSERVED_SCORE
474,475,,UNOBSERVED,UNKNOWN_NO_CUSTOMER_VERBATIM_OR_SENTIMENT_LABEL,FEEDBACK_NOT_OBSERVED
475,476,1,LOW_REPORTED,UNKNOWN_NO_CUSTOMER_VERBATIM_OR_SENTIMENT_LABEL,REVIEW_REPORTED_LOW_CSAT
476,477,,UNOBSERVED,UNKNOWN_NO_CUSTOMER_VERBATIM_OR_SENTIMENT_LABEL,FEEDBACK_NOT_OBSERVED
477,478,,UNOBSERVED,UNKNOWN_NO_CUSTOMER_VERBATIM_OR_SENTIMENT_LABEL,FEEDBACK_NOT_OBSERVED
478,479,,UNOBSERVED,UNKNOWN_NO_CUSTOMER_VERBATIM_OR_SENTIMENT_LABEL,FEEDBACK_NOT_OBSERVED
479,480,,UNOBSERVED,UNKNOWN_NO_CUSTOMER_VERBATIM_OR_SENTIMENT_LABEL,FEEDBACK_NOT_OBSERVED
480,481,,UNOBSERVED,UNKNOWN_NO_CUSTOMER_VERBATIM_OR_SENTIMENT_LABEL,FEEDBACK_NOT_OBSERVED
481,482,,UNOBSERVED,UNKNOWN_NO_CUSTOMER_VERBATIM_OR_SENTIMENT_LABEL,FEEDBACK_NOT_OBSERVED
482,483,,UNOBSERVED,UNKNOWN_NO_CUSTOMER_VERBATIM_OR_SENTIMENT_LABEL,FEEDBACK_NOT_OBSERVED
483,484,,UNOBSERVED,UNKNOWN_NO_CUSTOMER_VERBATIM_OR_SENTIMENT_LABEL,FEEDBACK_NOT_OBSERVED
484,485,5,HIGH_REPORTED,UNKNOWN_NO_CUSTOMER_VERBATIM_OR_SENTIMENT_LABEL,KEEP_OBSERVED_SCORE
485,486,5,HIGH_REPORTED,UNKNOWN_NO_CUSTOMER_VERBATIM_OR_SENTIMENT_LABEL,KEEP_OBSERVED_SCORE
486,487,5,HIGH_REPORTED,UNKNOWN_NO_CUSTOMER_VERBATIM_OR_SENTIMENT_LABEL,KEEP_OBSERVED_SCORE
487,488,,UNOBSERVED,UNKNOWN_NO_CUSTOMER_VERBATIM_OR_SENTIMENT_LABEL,FEEDBACK_NOT_OBSERVED
488,489,,UNOBSERVED,UNKNOWN_NO_CUSTOMER_VERBATIM_OR_SENTIMENT_LABEL,FEEDBACK_NOT_OBSERVED
489,490,,UNOBSERVED,UNKNOWN_NO_CUSTOMER_VERBATIM_OR_SENTIMENT_LABEL,FEEDBACK_NOT_OBSERVED
490,491,,UNOBSERVED,UNKNOWN_NO_CUSTOMER_VERBATIM_OR_SENTIMENT_LABEL,FEEDBACK_NOT_OBSERVED
491,492,,UNOBSERVED,UNKNOWN_NO_CUSTOMER_VERBATIM_OR_SENTIMENT_LABEL,FEEDBACK_NOT_OBSERVED
492,493,,UNOBSERVED,UNKNOWN_NO_CUSTOMER_VERBATIM_OR_SENTIMENT_LABEL,FEEDBACK_NOT_OBSERVED
493,494,4,HIGH_REPORTED,UNKNOWN_NO_CUSTOMER_VERBATIM_OR_SENTIMENT_LABEL,KEEP_OBSERVED_SCORE
494,495,,UNOBSERVED,UNKNOWN_NO_CUSTOMER_VERBATIM_OR_SENTIMENT_LABEL,FEEDBACK_NOT_OBSERVED
495,496,,UNOBSERVED,UNKNOWN_NO_CUSTOMER_VERBATIM_OR_SENTIMENT_LABEL,FEEDBACK_NOT_OBSERVED
496,497,1,LOW_REPORTED,UNKNOWN_NO_CUSTOMER_VERBATIM_OR_SENTIMENT_LABEL,REVIEW_REPORTED_LOW_CSAT
497,498,1,LOW_REPORTED,UNKNOWN_NO_CUSTOMER_VERBATIM_OR_SENTIMENT_LABEL,REVIEW_REPORTED_LOW_CSAT
498,499,,UNOBSERVED,UNKNOWN_NO_CUSTOMER_VERBATIM_OR_SENTIMENT_LABEL,FEEDBACK_NOT_OBSERVED
499,500,,UNOBSERVED,UNKNOWN_NO_CUSTOMER_VERBATIM_OR_SENTIMENT_LABEL,FEEDBACK_NOT_OBSERVED
500,501,,UNOBSERVED,UNKNOWN_NO_CUSTOMER_VERBATIM_OR_SENTIMENT_LABEL,FEEDBACK_NOT_OBSERVED
501,502,5,HIGH_REPORTED,UNKNOWN_NO_CUSTOMER_VERBATIM_OR_SENTIMENT_LABEL,KEEP_OBSERVED_SCORE
502,503,2,LOW_REPORTED,UNKNOWN_NO_CUSTOMER_VERBATIM_OR_SENTIMENT_LABEL,REVIEW_REPORTED_LOW_CSAT
503,504,,UNOBSERVED,UNKNOWN_NO_CUSTOMER_VERBATIM_OR_SENTIMENT_LABEL,FEEDBACK_NOT_OBSERVED
504,505,3,MIDDLE_REPORTED,UNKNOWN_NO_CUSTOMER_VERBATIM_OR_SENTIMENT_LABEL,KEEP_OBSERVED_SCORE
505,506,,UNOBSERVED,UNKNOWN_NO_CUSTOMER_VERBATIM_OR_SENTIMENT_LABEL,FEEDBACK_NOT_OBSERVED
506,507,,UNOBSERVED,UNKNOWN_NO_CUSTOMER_VERBATIM_OR_SENTIMENT_LABEL,FEEDBACK_NOT_OBSERVED
507,508,,UNOBSERVED,UNKNOWN_NO_CUSTOMER_VERBATIM_OR_SENTIMENT_LABEL,FEEDBACK_NOT_OBSERVED
508,509,,UNOBSERVED,UNKNOWN_NO_CUSTOMER_VERBATIM_OR_SENTIMENT_LABEL,FEEDBACK_NOT_OBSERVED
509,510,,UNOBSERVED,UNKNOWN_NO_CUSTOMER_VERBATIM_OR_SENTIMENT_LABEL,FEEDBACK_NOT_OBSERVED
510,511,5,HIGH_REPORTED,UNKNOWN_NO_CUSTOMER_VERBATIM_OR_SENTIMENT_LABEL,KEEP_OBSERVED_SCORE
511,512,,UNOBSERVED,UNKNOWN_NO_CUSTOMER_VERBATIM_OR_SENTIMENT_LABEL,FEEDBACK_NOT_OBSERVED
512,513,2,LOW_REPORTED,UNKNOWN_NO_CUSTOMER_VERBATIM_OR_SENTIMENT_LABEL,REVIEW_REPORTED_LOW_CSAT
513,514,,UNOBSERVED,UNKNOWN_NO_CUSTOMER_VERBATIM_OR_SENTIMENT_LABEL,FEEDBACK_NOT_OBSERVED
514,515,,UNOBSERVED,UNKNOWN_NO_CUSTOMER_VERBATIM_OR_SENTIMENT_LABEL,FEEDBACK_NOT_OBSERVED
515,516,1,LOW_REPORTED,UNKNOWN_NO_CUSTOMER_VERBATIM_OR_SENTIMENT_LABEL,REVIEW_REPORTED_LOW_CSAT
516,517,2,LOW_REPORTED,UNKNOWN_NO_CUSTOMER_VERBATIM_OR_SENTIMENT_LABEL,REVIEW_REPORTED_LOW_CSAT
517,518,4,HIGH_REPORTED,UNKNOWN_NO_CUSTOMER_VERBATIM_OR_SENTIMENT_LABEL,KEEP_OBSERVED_SCORE
518,519,,UNOBSERVED,UNKNOWN_NO_CUSTOMER_VERBATIM_OR_SENTIMENT_LABEL,FEEDBACK_NOT_OBSERVED
519,520,3,MIDDLE_REPORTED,UNKNOWN_NO_CUSTOMER_VERBATIM_OR_SENTIMENT_LABEL,KEEP_OBSERVED_SCORE
520,521,,UNOBSERVED,UNKNOWN_NO_CUSTOMER_VERBATIM_OR_SENTIMENT_LABEL,FEEDBACK_NOT_OBSERVED
521,522,,UNOBSERVED,UNKNOWN_NO_CUSTOMER_VERBATIM_OR_SENTIMENT_LABEL,FEEDBACK_NOT_OBSERVED
522,523,,UNOBSERVED,UNKNOWN_NO_CUSTOMER_VERBATIM_OR_SENTIMENT_LABEL,FEEDBACK_NOT_OBSERVED
523,524,,UNOBSERVED,UNKNOWN_NO_CUSTOMER_VERBATIM_OR_SENTIMENT_LABEL,FEEDBACK_NOT_OBSERVED
524,525,,UNOBSERVED,UNKNOWN_NO_CUSTOMER_VERBATIM_OR_SENTIMENT_LABEL,FEEDBACK_NOT_OBSERVED
525,526,3,MIDDLE_REPORTED,UNKNOWN_NO_CUSTOMER_VERBATIM_OR_SENTIMENT_LABEL,KEEP_OBSERVED_SCORE
526,527,1,LOW_REPORTED,UNKNOWN_NO_CUSTOMER_VERBATIM_OR_SENTIMENT_LABEL,REVIEW_REPORTED_LOW_CSAT
527,528,1,LOW_REPORTED,UNKNOWN_NO_CUSTOMER_VERBATIM_OR_SENTIMENT_LABEL,REVIEW_REPORTED_LOW_CSAT
528,529,,UNOBSERVED,UNKNOWN_NO_CUSTOMER_VERBATIM_OR_SENTIMENT_LABEL,FEEDBACK_NOT_OBSERVED
529,530,,UNOBSERVED,UNKNOWN_NO_CUSTOMER_VERBATIM_OR_SENTIMENT_LABEL,FEEDBACK_NOT_OBSERVED
530,531,,UNOBSERVED,UNKNOWN_NO_CUSTOMER_VERBATIM_OR_SENTIMENT_LABEL,FEEDBACK_NOT_OBSERVED
531,532,,UNOBSERVED,UNKNOWN_NO_CUSTOMER_VERBATIM_OR_SENTIMENT_LABEL,FEEDBACK_NOT_OBSERVED
532,533,,UNOBSERVED,UNKNOWN_NO_CUSTOMER_VERBATIM_OR_SENTIMENT_LABEL,FEEDBACK_NOT_OBSERVED
533,534,,UNOBSERVED,UNKNOWN_NO_CUSTOMER_VERBATIM_OR_SENTIMENT_LABEL,FEEDBACK_NOT_OBSERVED
534,535,,UNOBSERVED,UNKNOWN_NO_CUSTOMER_VERBATIM_OR_SENTIMENT_LABEL,FEEDBACK_NOT_OBSERVED
535,536,2,LOW_REPORTED,UNKNOWN_NO_CUSTOMER_VERBATIM_OR_SENTIMENT_LABEL,REVIEW_REPORTED_LOW_CSAT
536,537,,UNOBSERVED,UNKNOWN_NO_CUSTOMER_VERBATIM_OR_SENTIMENT_LABEL,FEEDBACK_NOT_OBSERVED
537,538,3,MIDDLE_REPORTED,UNKNOWN_NO_CUSTOMER_VERBATIM_OR_SENTIMENT_LABEL,KEEP_OBSERVED_SCORE
538,539,,UNOBSERVED,UNKNOWN_NO_CUSTOMER_VERBATIM_OR_SENTIMENT_LABEL,FEEDBACK_NOT_OBSERVED
539,540,,UNOBSERVED,UNKNOWN_NO_CUSTOMER_VERBATIM_OR_SENTIMENT_LABEL,FEEDBACK_NOT_OBSERVED
540,541,3,MIDDLE_REPORTED,UNKNOWN_NO_CUSTOMER_VERBATIM_OR_SENTIMENT_LABEL,KEEP_OBSERVED_SCORE
541,542,,UNOBSERVED,UNKNOWN_NO_CUSTOMER_VERBATIM_OR_SENTIMENT_LABEL,FEEDBACK_NOT_OBSERVED
542,543,,UNOBSERVED,UNKNOWN_NO_CUSTOMER_VERBATIM_OR_SENTIMENT_LABEL,FEEDBACK_NOT_OBSERVED
543,544,,UNOBSERVED,UNKNOWN_NO_CUSTOMER_VERBATIM_OR_SENTIMENT_LABEL,FEEDBACK_NOT_OBSERVED
544,545,2,LOW_REPORTED,UNKNOWN_NO_CUSTOMER_VERBATIM_OR_SENTIMENT_LABEL,REVIEW_REPORTED_LOW_CSAT
545,546,,UNOBSERVED,UNKNOWN_NO_CUSTOMER_VERBATIM_OR_SENTIMENT_LABEL,FEEDBACK_NOT_OBSERVED
546,547,,UNOBSERVED,UNKNOWN_NO_CUSTOMER_VERBATIM_OR_SENTIMENT_LABEL,FEEDBACK_NOT_OBSERVED
547,548,,UNOBSERVED,UNKNOWN_NO_CUSTOMER_VERBATIM_OR_SENTIMENT_LABEL,FEEDBACK_NOT_OBSERVED
548,549,,UNOBSERVED,UNKNOWN_NO_CUSTOMER_VERBATIM_OR_SENTIMENT_LABEL,FEEDBACK_NOT_OBSERVED
549,550,,UNOBSERVED,UNKNOWN_NO_CUSTOMER_VERBATIM_OR_SENTIMENT_LABEL,FEEDBACK_NOT_OBSERVED
550,551,,UNOBSERVED,UNKNOWN_NO_CUSTOMER_VERBATIM_OR_SENTIMENT_LABEL,FEEDBACK_NOT_OBSERVED
551,552,,UNOBSERVED,UNKNOWN_NO_CUSTOMER_VERBATIM_OR_SENTIMENT_LABEL,FEEDBACK_NOT_OBSERVED
552,553,,UNOBSERVED,UNKNOWN_NO_CUSTOMER_VERBATIM_OR_SENTIMENT_LABEL,FEEDBACK_NOT_OBSERVED
553,554,,UNOBSERVED,UNKNOWN_NO_CUSTOMER_VERBATIM_OR_SENTIMENT_LABEL,FEEDBACK_NOT_OBSERVED
554,555,,UNOBSERVED,UNKNOWN_NO_CUSTOMER_VERBATIM_OR_SENTIMENT_LABEL,FEEDBACK_NOT_OBSERVED
555,556,,UNOBSERVED,UNKNOWN_NO_CUSTOMER_VERBATIM_OR_SENTIMENT_LABEL,FEEDBACK_NOT_OBSERVED
556,557,5,HIGH_REPORTED,UNKNOWN_NO_CUSTOMER_VERBATIM_OR_SENTIMENT_LABEL,KEEP_OBSERVED_SCORE
557,558,,UNOBSERVED,UNKNOWN_NO_CUSTOMER_VERBATIM_OR_SENTIMENT_LABEL,FEEDBACK_NOT_OBSERVED
558,559,,UNOBSERVED,UNKNOWN_NO_CUSTOMER_VERBATIM_OR_SENTIMENT_LABEL,FEEDBACK_NOT_OBSERVED
559,560,3,MIDDLE_REPORTED,UNKNOWN_NO_CUSTOMER_VERBATIM_OR_SENTIMENT_LABEL,KEEP_OBSERVED_SCORE
560,561,,UNOBSERVED,UNKNOWN_NO_CUSTOMER_VERBATIM_OR_SENTIMENT_LABEL,FEEDBACK_NOT_OBSERVED
561,562,,UNOBSERVED,UNKNOWN_NO_CUSTOMER_VERBATIM_OR_SENTIMENT_LABEL,FEEDBACK_NOT_OBSERVED
562,563,3,MIDDLE_REPORTED,UNKNOWN_NO_CUSTOMER_VERBATIM_OR_SENTIMENT_LABEL,KEEP_OBSERVED_SCORE
563,564,,UNOBSERVED,UNKNOWN_NO_CUSTOMER_VERBATIM_OR_SENTIMENT_LABEL,FEEDBACK_NOT_OBSERVED
564,565,,UNOBSERVED,UNKNOWN_NO_CUSTOMER_VERBATIM_OR_SENTIMENT_LABEL,FEEDBACK_NOT_OBSERVED
565,566,5,HIGH_REPORTED,UNKNOWN_NO_CUSTOMER_VERBATIM_OR_SENTIMENT_LABEL,KEEP_OBSERVED_SCORE
566,567,,UNOBSERVED,UNKNOWN_NO_CUSTOMER_VERBATIM_OR_SENTIMENT_LABEL,FEEDBACK_NOT_OBSERVED
567,568,,UNOBSERVED,UNKNOWN_NO_CUSTOMER_VERBATIM_OR_SENTIMENT_LABEL,FEEDBACK_NOT_OBSERVED
568,569,1,LOW_REPORTED,UNKNOWN_NO_CUSTOMER_VERBATIM_OR_SENTIMENT_LABEL,REVIEW_REPORTED_LOW_CSAT
569,570,4,HIGH_REPORTED,UNKNOWN_NO_CUSTOMER_VERBATIM_OR_SENTIMENT_LABEL,KEEP_OBSERVED_SCORE
570,571,,UNOBSERVED,UNKNOWN_NO_CUSTOMER_VERBATIM_OR_SENTIMENT_LABEL,FEEDBACK_NOT_OBSERVED
571,572,,UNOBSERVED,UNKNOWN_NO_CUSTOMER_VERBATIM_OR_SENTIMENT_LABEL,FEEDBACK_NOT_OBSERVED
572,573,,UNOBSERVED,UNKNOWN_NO_CUSTOMER_VERBATIM_OR_SENTIMENT_LABEL,FEEDBACK_NOT_OBSERVED
573,574,,UNOBSERVED,UNKNOWN_NO_CUSTOMER_VERBATIM_OR_SENTIMENT_LABEL,FEEDBACK_NOT_OBSERVED
574,575,,UNOBSERVED,UNKNOWN_NO_CUSTOMER_VERBATIM_OR_SENTIMENT_LABEL,FEEDBACK_NOT_OBSERVED
575,576,2,LOW_REPORTED,UNKNOWN_NO_CUSTOMER_VERBATIM_OR_SENTIMENT_LABEL,REVIEW_REPORTED_LOW_CSAT
576,577,4,HIGH_REPORTED,UNKNOWN_NO_CUSTOMER_VERBATIM_OR_SENTIMENT_LABEL,KEEP_OBSERVED_SCORE
577,578,1,LOW_REPORTED,UNKNOWN_NO_CUSTOMER_VERBATIM_OR_SENTIMENT_LABEL,REVIEW_REPORTED_LOW_CSAT
578,579,,UNOBSERVED,UNKNOWN_NO_CUSTOMER_VERBATIM_OR_SENTIMENT_LABEL,FEEDBACK_NOT_OBSERVED
579,580,,UNOBSERVED,UNKNOWN_NO_CUSTOMER_VERBATIM_OR_SENTIMENT_LABEL,FEEDBACK_NOT_OBSERVED
580,581,,UNOBSERVED,UNKNOWN_NO_CUSTOMER_VERBATIM_OR_SENTIMENT_LABEL,FEEDBACK_NOT_OBSERVED
581,582,2,LOW_REPORTED,UNKNOWN_NO_CUSTOMER_VERBATIM_OR_SENTIMENT_LABEL,REVIEW_REPORTED_LOW_CSAT
582,583,,UNOBSERVED,UNKNOWN_NO_CUSTOMER_VERBATIM_OR_SENTIMENT_LABEL,FEEDBACK_NOT_OBSERVED
583,584,,UNOBSERVED,UNKNOWN_NO_CUSTOMER_VERBATIM_OR_SENTIMENT_LABEL,FEEDBACK_NOT_OBSERVED
584,585,,UNOBSERVED,UNKNOWN_NO_CUSTOMER_VERBATIM_OR_SENTIMENT_LABEL,FEEDBACK_NOT_OBSERVED
585,586,,UNOBSERVED,UNKNOWN_NO_CUSTOMER_VERBATIM_OR_SENTIMENT_LABEL,FEEDBACK_NOT_OBSERVED
586,587,2,LOW_REPORTED,UNKNOWN_NO_CUSTOMER_VERBATIM_OR_SENTIMENT_LABEL,REVIEW_REPORTED_LOW_CSAT
587,588,,UNOBSERVED,UNKNOWN_NO_CUSTOMER_VERBATIM_OR_SENTIMENT_LABEL,FEEDBACK_NOT_OBSERVED
588,589,2,LOW_REPORTED,UNKNOWN_NO_CUSTOMER_VERBATIM_OR_SENTIMENT_LABEL,REVIEW_REPORTED_LOW_CSAT
589,590,,UNOBSERVED,UNKNOWN_NO_CUSTOMER_VERBATIM_OR_SENTIMENT_LABEL,FEEDBACK_NOT_OBSERVED
590,591,5,HIGH_REPORTED,UNKNOWN_NO_CUSTOMER_VERBATIM_OR_SENTIMENT_LABEL,KEEP_OBSERVED_SCORE
591,592,,UNOBSERVED,UNKNOWN_NO_CUSTOMER_VERBATIM_OR_SENTIMENT_LABEL,FEEDBACK_NOT_OBSERVED
592,593,,UNOBSERVED,UNKNOWN_NO_CUSTOMER_VERBATIM_OR_SENTIMENT_LABEL,FEEDBACK_NOT_OBSERVED
593,594,,UNOBSERVED,UNKNOWN_NO_CUSTOMER_VERBATIM_OR_SENTIMENT_LABEL,FEEDBACK_NOT_OBSERVED
594,595,,UNOBSERVED,UNKNOWN_NO_CUSTOMER_VERBATIM_OR_SENTIMENT_LABEL,FEEDBACK_NOT_OBSERVED
595,596,,UNOBSERVED,UNKNOWN_NO_CUSTOMER_VERBATIM_OR_SENTIMENT_LABEL,FEEDBACK_NOT_OBSERVED
596,597,,UNOBSERVED,UNKNOWN_NO_CUSTOMER_VERBATIM_OR_SENTIMENT_LABEL,FEEDBACK_NOT_OBSERVED
597,598,3,MIDDLE_REPORTED,UNKNOWN_NO_CUSTOMER_VERBATIM_OR_SENTIMENT_LABEL,KEEP_OBSERVED_SCORE
598,599,4,HIGH_REPORTED,UNKNOWN_NO_CUSTOMER_VERBATIM_OR_SENTIMENT_LABEL,KEEP_OBSERVED_SCORE
599,600,2,LOW_REPORTED,UNKNOWN_NO_CUSTOMER_VERBATIM_OR_SENTIMENT_LABEL,REVIEW_REPORTED_LOW_CSAT
600,601,,UNOBSERVED,UNKNOWN_NO_CUSTOMER_VERBATIM_OR_SENTIMENT_LABEL,FEEDBACK_NOT_OBSERVED
601,602,4,HIGH_REPORTED,UNKNOWN_NO_CUSTOMER_VERBATIM_OR_SENTIMENT_LABEL,KEEP_OBSERVED_SCORE
602,603,,UNOBSERVED,UNKNOWN_NO_CUSTOMER_VERBATIM_OR_SENTIMENT_LABEL,FEEDBACK_NOT_OBSERVED
603,604,,UNOBSERVED,UNKNOWN_NO_CUSTOMER_VERBATIM_OR_SENTIMENT_LABEL,FEEDBACK_NOT_OBSERVED
604,605,5,HIGH_REPORTED,UNKNOWN_NO_CUSTOMER_VERBATIM_OR_SENTIMENT_LABEL,KEEP_OBSERVED_SCORE
605,606,3,MIDDLE_REPORTED,UNKNOWN_NO_CUSTOMER_VERBATIM_OR_SENTIMENT_LABEL,KEEP_OBSERVED_SCORE
606,607,,UNOBSERVED,UNKNOWN_NO_CUSTOMER_VERBATIM_OR_SENTIMENT_LABEL,FEEDBACK_NOT_OBSERVED
607,608,,UNOBSERVED,UNKNOWN_NO_CUSTOMER_VERBATIM_OR_SENTIMENT_LABEL,FEEDBACK_NOT_OBSERVED
608,609,,UNOBSERVED,UNKNOWN_NO_CUSTOMER_VERBATIM_OR_SENTIMENT_LABEL,FEEDBACK_NOT_OBSERVED
609,610,,UNOBSERVED,UNKNOWN_NO_CUSTOMER_VERBATIM_OR_SENTIMENT_LABEL,FEEDBACK_NOT_OBSERVED
610,611,,UNOBSERVED,UNKNOWN_NO_CUSTOMER_VERBATIM_OR_SENTIMENT_LABEL,FEEDBACK_NOT_OBSERVED
611,612,,UNOBSERVED,UNKNOWN_NO_CUSTOMER_VERBATIM_OR_SENTIMENT_LABEL,FEEDBACK_NOT_OBSERVED
612,613,4,HIGH_REPORTED,UNKNOWN_NO_CUSTOMER_VERBATIM_OR_SENTIMENT_LABEL,KEEP_OBSERVED_SCORE
613,614,,UNOBSERVED,UNKNOWN_NO_CUSTOMER_VERBATIM_OR_SENTIMENT_LABEL,FEEDBACK_NOT_OBSERVED
614,615,,UNOBSERVED,UNKNOWN_NO_CUSTOMER_VERBATIM_OR_SENTIMENT_LABEL,FEEDBACK_NOT_OBSERVED
615,616,,UNOBSERVED,UNKNOWN_NO_CUSTOMER_VERBATIM_OR_SENTIMENT_LABEL,FEEDBACK_NOT_OBSERVED
616,617,,UNOBSERVED,UNKNOWN_NO_CUSTOMER_VERBATIM_OR_SENTIMENT_LABEL,FEEDBACK_NOT_OBSERVED
617,618,,UNOBSERVED,UNKNOWN_NO_CUSTOMER_VERBATIM_OR_SENTIMENT_LABEL,FEEDBACK_NOT_OBSERVED
618,619,,UNOBSERVED,UNKNOWN_NO_CUSTOMER_VERBATIM_OR_SENTIMENT_LABEL,FEEDBACK_NOT_OBSERVED
619,620,,UNOBSERVED,UNKNOWN_NO_CUSTOMER_VERBATIM_OR_SENTIMENT_LABEL,FEEDBACK_NOT_OBSERVED
620,621,4,HIGH_REPORTED,UNKNOWN_NO_CUSTOMER_VERBATIM_OR_SENTIMENT_LABEL,KEEP_OBSERVED_SCORE
621,622,5,HIGH_REPORTED,UNKNOWN_NO_CUSTOMER_VERBATIM_OR_SENTIMENT_LABEL,KEEP_OBSERVED_SCORE
622,623,2,LOW_REPORTED,UNKNOWN_NO_CUSTOMER_VERBATIM_OR_SENTIMENT_LABEL,REVIEW_REPORTED_LOW_CSAT
623,624,,UNOBSERVED,UNKNOWN_NO_CUSTOMER_VERBATIM_OR_SENTIMENT_LABEL,FEEDBACK_NOT_OBSERVED
624,625,,UNOBSERVED,UNKNOWN_NO_CUSTOMER_VERBATIM_OR_SENTIMENT_LABEL,FEEDBACK_NOT_OBSERVED
625,626,,UNOBSERVED,UNKNOWN_NO_CUSTOMER_VERBATIM_OR_SENTIMENT_LABEL,FEEDBACK_NOT_OBSERVED
626,627,,UNOBSERVED,UNKNOWN_NO_CUSTOMER_VERBATIM_OR_SENTIMENT_LABEL,FEEDBACK_NOT_OBSERVED
627,628,,UNOBSERVED,UNKNOWN_NO_CUSTOMER_VERBATIM_OR_SENTIMENT_LABEL,FEEDBACK_NOT_OBSERVED
628,629,2,LOW_REPORTED,UNKNOWN_NO_CUSTOMER_VERBATIM_OR_SENTIMENT_LABEL,REVIEW_REPORTED_LOW_CSAT
629,630,,UNOBSERVED,UNKNOWN_NO_CUSTOMER_VERBATIM_OR_SENTIMENT_LABEL,FEEDBACK_NOT_OBSERVED
630,631,,UNOBSERVED,UNKNOWN_NO_CUSTOMER_VERBATIM_OR_SENTIMENT_LABEL,FEEDBACK_NOT_OBSERVED
631,632,,UNOBSERVED,UNKNOWN_NO_CUSTOMER_VERBATIM_OR_SENTIMENT_LABEL,FEEDBACK_NOT_OBSERVED
632,633,,UNOBSERVED,UNKNOWN_NO_CUSTOMER_VERBATIM_OR_SENTIMENT_LABEL,FEEDBACK_NOT_OBSERVED
633,634,,UNOBSERVED,UNKNOWN_NO_CUSTOMER_VERBATIM_OR_SENTIMENT_LABEL,FEEDBACK_NOT_OBSERVED
634,635,,UNOBSERVED,UNKNOWN_NO_CUSTOMER_VERBATIM_OR_SENTIMENT_LABEL,FEEDBACK_NOT_OBSERVED
635,636,,UNOBSERVED,UNKNOWN_NO_CUSTOMER_VERBATIM_OR_SENTIMENT_LABEL,FEEDBACK_NOT_OBSERVED
636,637,3,MIDDLE_REPORTED,UNKNOWN_NO_CUSTOMER_VERBATIM_OR_SENTIMENT_LABEL,KEEP_OBSERVED_SCORE
637,638,,UNOBSERVED,UNKNOWN_NO_CUSTOMER_VERBATIM_OR_SENTIMENT_LABEL,FEEDBACK_NOT_OBSERVED
638,639,,UNOBSERVED,UNKNOWN_NO_CUSTOMER_VERBATIM_OR_SENTIMENT_LABEL,FEEDBACK_NOT_OBSERVED
639,640,,UNOBSERVED,UNKNOWN_NO_CUSTOMER_VERBATIM_OR_SENTIMENT_LABEL,FEEDBACK_NOT_OBSERVED
640,641,,UNOBSERVED,UNKNOWN_NO_CUSTOMER_VERBATIM_OR_SENTIMENT_LABEL,FEEDBACK_NOT_OBSERVED
641,642,1,LOW_REPORTED,UNKNOWN_NO_CUSTOMER_VERBATIM_OR_SENTIMENT_LABEL,REVIEW_REPORTED_LOW_CSAT
642,643,,UNOBSERVED,UNKNOWN_NO_CUSTOMER_VERBATIM_OR_SENTIMENT_LABEL,FEEDBACK_NOT_OBSERVED
643,644,2,LOW_REPORTED,UNKNOWN_NO_CUSTOMER_VERBATIM_OR_SENTIMENT_LABEL,REVIEW_REPORTED_LOW_CSAT
644,645,5,HIGH_REPORTED,UNKNOWN_NO_CUSTOMER_VERBATIM_OR_SENTIMENT_LABEL,KEEP_OBSERVED_SCORE
645,646,1,LOW_REPORTED,UNKNOWN_NO_CUSTOMER_VERBATIM_OR_SENTIMENT_LABEL,REVIEW_REPORTED_LOW_CSAT
646,647,,UNOBSERVED,UNKNOWN_NO_CUSTOMER_VERBATIM_OR_SENTIMENT_LABEL,FEEDBACK_NOT_OBSERVED
647,648,,UNOBSERVED,UNKNOWN_NO_CUSTOMER_VERBATIM_OR_SENTIMENT_LABEL,FEEDBACK_NOT_OBSERVED
648,649,,UNOBSERVED,UNKNOWN_NO_CUSTOMER_VERBATIM_OR_SENTIMENT_LABEL,FEEDBACK_NOT_OBSERVED
649,650,3,MIDDLE_REPORTED,UNKNOWN_NO_CUSTOMER_VERBATIM_OR_SENTIMENT_LABEL,KEEP_OBSERVED_SCORE
650,651,,UNOBSERVED,UNKNOWN_NO_CUSTOMER_VERBATIM_OR_SENTIMENT_LABEL,FEEDBACK_NOT_OBSERVED
651,652,,UNOBSERVED,UNKNOWN_NO_CUSTOMER_VERBATIM_OR_SENTIMENT_LABEL,FEEDBACK_NOT_OBSERVED
652,653,,UNOBSERVED,UNKNOWN_NO_CUSTOMER_VERBATIM_OR_SENTIMENT_LABEL,FEEDBACK_NOT_OBSERVED
653,654,,UNOBSERVED,UNKNOWN_NO_CUSTOMER_VERBATIM_OR_SENTIMENT_LABEL,FEEDBACK_NOT_OBSERVED
654,655,,UNOBSERVED,UNKNOWN_NO_CUSTOMER_VERBATIM_OR_SENTIMENT_LABEL,FEEDBACK_NOT_OBSERVED
655,656,1,LOW_REPORTED,UNKNOWN_NO_CUSTOMER_VERBATIM_OR_SENTIMENT_LABEL,REVIEW_REPORTED_LOW_CSAT
656,657,,UNOBSERVED,UNKNOWN_NO_CUSTOMER_VERBATIM_OR_SENTIMENT_LABEL,FEEDBACK_NOT_OBSERVED
657,658,1,LOW_REPORTED,UNKNOWN_NO_CUSTOMER_VERBATIM_OR_SENTIMENT_LABEL,REVIEW_REPORTED_LOW_CSAT
658,659,2,LOW_REPORTED,UNKNOWN_NO_CUSTOMER_VERBATIM_OR_SENTIMENT_LABEL,REVIEW_REPORTED_LOW_CSAT
659,660,,UNOBSERVED,UNKNOWN_NO_CUSTOMER_VERBATIM_OR_SENTIMENT_LABEL,FEEDBACK_NOT_OBSERVED
660,661,,UNOBSERVED,UNKNOWN_NO_CUSTOMER_VERBATIM_OR_SENTIMENT_LABEL,FEEDBACK_NOT_OBSERVED
661,662,,UNOBSERVED,UNKNOWN_NO_CUSTOMER_VERBATIM_OR_SENTIMENT_LABEL,FEEDBACK_NOT_OBSERVED
662,663,,UNOBSERVED,UNKNOWN_NO_CUSTOMER_VERBATIM_OR_SENTIMENT_LABEL,FEEDBACK_NOT_OBSERVED
663,664,4,HIGH_REPORTED,UNKNOWN_NO_CUSTOMER_VERBATIM_OR_SENTIMENT_LABEL,KEEP_OBSERVED_SCORE
664,665,,UNOBSERVED,UNKNOWN_NO_CUSTOMER_VERBATIM_OR_SENTIMENT_LABEL,FEEDBACK_NOT_OBSERVED
665,666,3,MIDDLE_REPORTED,UNKNOWN_NO_CUSTOMER_VERBATIM_OR_SENTIMENT_LABEL,KEEP_OBSERVED_SCORE
666,667,2,LOW_REPORTED,UNKNOWN_NO_CUSTOMER_VERBATIM_OR_SENTIMENT_LABEL,REVIEW_REPORTED_LOW_CSAT
667,668,,UNOBSERVED,UNKNOWN_NO_CUSTOMER_VERBATIM_OR_SENTIMENT_LABEL,FEEDBACK_NOT_OBSERVED
668,669,,UNOBSERVED,UNKNOWN_NO_CUSTOMER_VERBATIM_OR_SENTIMENT_LABEL,FEEDBACK_NOT_OBSERVED
669,670,,UNOBSERVED,UNKNOWN_NO_CUSTOMER_VERBATIM_OR_SENTIMENT_LABEL,FEEDBACK_NOT_OBSERVED
670,671,,UNOBSERVED,UNKNOWN_NO_CUSTOMER_VERBATIM_OR_SENTIMENT_LABEL,FEEDBACK_NOT_OBSERVED
671,672,5,HIGH_REPORTED,UNKNOWN_NO_CUSTOMER_VERBATIM_OR_SENTIMENT_LABEL,KEEP_OBSERVED_SCORE
672,673,,UNOBSERVED,UNKNOWN_NO_CUSTOMER_VERBATIM_OR_SENTIMENT_LABEL,FEEDBACK_NOT_OBSERVED
673,674,,UNOBSERVED,UNKNOWN_NO_CUSTOMER_VERBATIM_OR_SENTIMENT_LABEL,FEEDBACK_NOT_OBSERVED
674,675,1,LOW_REPORTED,UNKNOWN_NO_CUSTOMER_VERBATIM_OR_SENTIMENT_LABEL,REVIEW_REPORTED_LOW_CSAT
675,676,,UNOBSERVED,UNKNOWN_NO_CUSTOMER_VERBATIM_OR_SENTIMENT_LABEL,FEEDBACK_NOT_OBSERVED
676,677,,UNOBSERVED,UNKNOWN_NO_CUSTOMER_VERBATIM_OR_SENTIMENT_LABEL,FEEDBACK_NOT_OBSERVED
677,678,,UNOBSERVED,UNKNOWN_NO_CUSTOMER_VERBATIM_OR_SENTIMENT_LABEL,FEEDBACK_NOT_OBSERVED
678,679,,UNOBSERVED,UNKNOWN_NO_CUSTOMER_VERBATIM_OR_SENTIMENT_LABEL,FEEDBACK_NOT_OBSERVED
679,680,3,MIDDLE_REPORTED,UNKNOWN_NO_CUSTOMER_VERBATIM_OR_SENTIMENT_LABEL,KEEP_OBSERVED_SCORE
680,681,5,HIGH_REPORTED,UNKNOWN_NO_CUSTOMER_VERBATIM_OR_SENTIMENT_LABEL,KEEP_OBSERVED_SCORE
681,682,,UNOBSERVED,UNKNOWN_NO_CUSTOMER_VERBATIM_OR_SENTIMENT_LABEL,FEEDBACK_NOT_OBSERVED
682,683,,UNOBSERVED,UNKNOWN_NO_CUSTOMER_VERBATIM_OR_SENTIMENT_LABEL,FEEDBACK_NOT_OBSERVED
683,684,,UNOBSERVED,UNKNOWN_NO_CUSTOMER_VERBATIM_OR_SENTIMENT_LABEL,FEEDBACK_NOT_OBSERVED
684,685,3,MIDDLE_REPORTED,UNKNOWN_NO_CUSTOMER_VERBATIM_OR_SENTIMENT_LABEL,KEEP_OBSERVED_SCORE
685,686,3,MIDDLE_REPORTED,UNKNOWN_NO_CUSTOMER_VERBATIM_OR_SENTIMENT_LABEL,KEEP_OBSERVED_SCORE
686,687,,UNOBSERVED,UNKNOWN_NO_CUSTOMER_VERBATIM_OR_SENTIMENT_LABEL,FEEDBACK_NOT_OBSERVED
687,688,,UNOBSERVED,UNKNOWN_NO_CUSTOMER_VERBATIM_OR_SENTIMENT_LABEL,FEEDBACK_NOT_OBSERVED
688,689,,UNOBSERVED,UNKNOWN_NO_CUSTOMER_VERBATIM_OR_SENTIMENT_LABEL,FEEDBACK_NOT_OBSERVED
689,690,2,LOW_REPORTED,UNKNOWN_NO_CUSTOMER_VERBATIM_OR_SENTIMENT_LABEL,REVIEW_REPORTED_LOW_CSAT
690,691,,UNOBSERVED,UNKNOWN_NO_CUSTOMER_VERBATIM_OR_SENTIMENT_LABEL,FEEDBACK_NOT_OBSERVED
691,692,4,HIGH_REPORTED,UNKNOWN_NO_CUSTOMER_VERBATIM_OR_SENTIMENT_LABEL,KEEP_OBSERVED_SCORE
692,693,1,LOW_REPORTED,UNKNOWN_NO_CUSTOMER_VERBATIM_OR_SENTIMENT_LABEL,REVIEW_REPORTED_LOW_CSAT
693,694,,UNOBSERVED,UNKNOWN_NO_CUSTOMER_VERBATIM_OR_SENTIMENT_LABEL,FEEDBACK_NOT_OBSERVED
694,695,,UNOBSERVED,UNKNOWN_NO_CUSTOMER_VERBATIM_OR_SENTIMENT_LABEL,FEEDBACK_NOT_OBSERVED
695,696,,UNOBSERVED,UNKNOWN_NO_CUSTOMER_VERBATIM_OR_SENTIMENT_LABEL,FEEDBACK_NOT_OBSERVED
696,697,,UNOBSERVED,UNKNOWN_NO_CUSTOMER_VERBATIM_OR_SENTIMENT_LABEL,FEEDBACK_NOT_OBSERVED
697,698,,UNOBSERVED,UNKNOWN_NO_CUSTOMER_VERBATIM_OR_SENTIMENT_LABEL,FEEDBACK_NOT_OBSERVED
698,699,5,HIGH_REPORTED,UNKNOWN_NO_CUSTOMER_VERBATIM_OR_SENTIMENT_LABEL,KEEP_OBSERVED_SCORE
699,700,,UNOBSERVED,UNKNOWN_NO_CUSTOMER_VERBATIM_OR_SENTIMENT_LABEL,FEEDBACK_NOT_OBSERVED
700,701,1,LOW_REPORTED,UNKNOWN_NO_CUSTOMER_VERBATIM_OR_SENTIMENT_LABEL,REVIEW_REPORTED_LOW_CSAT
701,702,,UNOBSERVED,UNKNOWN_NO_CUSTOMER_VERBATIM_OR_SENTIMENT_LABEL,FEEDBACK_NOT_OBSERVED
702,703,5,HIGH_REPORTED,UNKNOWN_NO_CUSTOMER_VERBATIM_OR_SENTIMENT_LABEL,KEEP_OBSERVED_SCORE
703,704,,UNOBSERVED,UNKNOWN_NO_CUSTOMER_VERBATIM_OR_SENTIMENT_LABEL,FEEDBACK_NOT_OBSERVED
704,705,2,LOW_REPORTED,UNKNOWN_NO_CUSTOMER_VERBATIM_OR_SENTIMENT_LABEL,REVIEW_REPORTED_LOW_CSAT
705,706,3,MIDDLE_REPORTED,UNKNOWN_NO_CUSTOMER_VERBATIM_OR_SENTIMENT_LABEL,KEEP_OBSERVED_SCORE
706,707,,UNOBSERVED,UNKNOWN_NO_CUSTOMER_VERBATIM_OR_SENTIMENT_LABEL,FEEDBACK_NOT_OBSERVED
707,708,,UNOBSERVED,UNKNOWN_NO_CUSTOMER_VERBATIM_OR_SENTIMENT_LABEL,FEEDBACK_NOT_OBSERVED
708,709,5,HIGH_REPORTED,UNKNOWN_NO_CUSTOMER_VERBATIM_OR_SENTIMENT_LABEL,KEEP_OBSERVED_SCORE
709,710,,UNOBSERVED,UNKNOWN_NO_CUSTOMER_VERBATIM_OR_SENTIMENT_LABEL,FEEDBACK_NOT_OBSERVED
710,711,,UNOBSERVED,UNKNOWN_NO_CUSTOMER_VERBATIM_OR_SENTIMENT_LABEL,FEEDBACK_NOT_OBSERVED
711,712,,UNOBSERVED,UNKNOWN_NO_CUSTOMER_VERBATIM_OR_SENTIMENT_LABEL,FEEDBACK_NOT_OBSERVED
712,713,2,LOW_REPORTED,UNKNOWN_NO_CUSTOMER_VERBATIM_OR_SENTIMENT_LABEL,REVIEW_REPORTED_LOW_CSAT
713,714,1,LOW_REPORTED,UNKNOWN_NO_CUSTOMER_VERBATIM_OR_SENTIMENT_LABEL,REVIEW_REPORTED_LOW_CSAT
714,715,,UNOBSERVED,UNKNOWN_NO_CUSTOMER_VERBATIM_OR_SENTIMENT_LABEL,FEEDBACK_NOT_OBSERVED
715,716,5,HIGH_REPORTED,UNKNOWN_NO_CUSTOMER_VERBATIM_OR_SENTIMENT_LABEL,KEEP_OBSERVED_SCORE
716,717,,UNOBSERVED,UNKNOWN_NO_CUSTOMER_VERBATIM_OR_SENTIMENT_LABEL,FEEDBACK_NOT_OBSERVED
717,718,,UNOBSERVED,UNKNOWN_NO_CUSTOMER_VERBATIM_OR_SENTIMENT_LABEL,FEEDBACK_NOT_OBSERVED
718,719,2,LOW_REPORTED,UNKNOWN_NO_CUSTOMER_VERBATIM_OR_SENTIMENT_LABEL,REVIEW_REPORTED_LOW_CSAT
719,720,,UNOBSERVED,UNKNOWN_NO_CUSTOMER_VERBATIM_OR_SENTIMENT_LABEL,FEEDBACK_NOT_OBSERVED
720,721,,UNOBSERVED,UNKNOWN_NO_CUSTOMER_VERBATIM_OR_SENTIMENT_LABEL,FEEDBACK_NOT_OBSERVED
721,722,1,LOW_REPORTED,UNKNOWN_NO_CUSTOMER_VERBATIM_OR_SENTIMENT_LABEL,REVIEW_REPORTED_LOW_CSAT
722,723,,UNOBSERVED,UNKNOWN_NO_CUSTOMER_VERBATIM_OR_SENTIMENT_LABEL,FEEDBACK_NOT_OBSERVED
723,724,1,LOW_REPORTED,UNKNOWN_NO_CUSTOMER_VERBATIM_OR_SENTIMENT_LABEL,REVIEW_REPORTED_LOW_CSAT
724,725,,UNOBSERVED,UNKNOWN_NO_CUSTOMER_VERBATIM_OR_SENTIMENT_LABEL,FEEDBACK_NOT_OBSERVED
725,726,,UNOBSERVED,UNKNOWN_NO_CUSTOMER_VERBATIM_OR_SENTIMENT_LABEL,FEEDBACK_NOT_OBSERVED
726,727,,UNOBSERVED,UNKNOWN_NO_CUSTOMER_VERBATIM_OR_SENTIMENT_LABEL,FEEDBACK_NOT_OBSERVED
727,728,,UNOBSERVED,UNKNOWN_NO_CUSTOMER_VERBATIM_OR_SENTIMENT_LABEL,FEEDBACK_NOT_OBSERVED
728,729,,UNOBSERVED,UNKNOWN_NO_CUSTOMER_VERBATIM_OR_SENTIMENT_LABEL,FEEDBACK_NOT_OBSERVED
729,730,2,LOW_REPORTED,UNKNOWN_NO_CUSTOMER_VERBATIM_OR_SENTIMENT_LABEL,REVIEW_REPORTED_LOW_CSAT
730,731,4,HIGH_REPORTED,UNKNOWN_NO_CUSTOMER_VERBATIM_OR_SENTIMENT_LABEL,KEEP_OBSERVED_SCORE
731,732,,UNOBSERVED,UNKNOWN_NO_CUSTOMER_VERBATIM_OR_SENTIMENT_LABEL,FEEDBACK_NOT_OBSERVED
732,733,,UNOBSERVED,UNKNOWN_NO_CUSTOMER_VERBATIM_OR_SENTIMENT_LABEL,FEEDBACK_NOT_OBSERVED
733,734,,UNOBSERVED,UNKNOWN_NO_CUSTOMER_VERBATIM_OR_SENTIMENT_LABEL,FEEDBACK_NOT_OBSERVED
734,735,4,HIGH_REPORTED,UNKNOWN_NO_CUSTOMER_VERBATIM_OR_SENTIMENT_LABEL,KEEP_OBSERVED_SCORE
735,736,2,LOW_REPORTED,UNKNOWN_NO_CUSTOMER_VERBATIM_OR_SENTIMENT_LABEL,REVIEW_REPORTED_LOW_CSAT
736,737,1,LOW_REPORTED,UNKNOWN_NO_CUSTOMER_VERBATIM_OR_SENTIMENT_LABEL,REVIEW_REPORTED_LOW_CSAT
737,738,,UNOBSERVED,UNKNOWN_NO_CUSTOMER_VERBATIM_OR_SENTIMENT_LABEL,FEEDBACK_NOT_OBSERVED
738,739,,UNOBSERVED,UNKNOWN_NO_CUSTOMER_VERBATIM_OR_SENTIMENT_LABEL,FEEDBACK_NOT_OBSERVED
739,740,,UNOBSERVED,UNKNOWN_NO_CUSTOMER_VERBATIM_OR_SENTIMENT_LABEL,FEEDBACK_NOT_OBSERVED
740,741,,UNOBSERVED,UNKNOWN_NO_CUSTOMER_VERBATIM_OR_SENTIMENT_LABEL,FEEDBACK_NOT_OBSERVED
741,742,1,LOW_REPORTED,UNKNOWN_NO_CUSTOMER_VERBATIM_OR_SENTIMENT_LABEL,REVIEW_REPORTED_LOW_CSAT
742,743,,UNOBSERVED,UNKNOWN_NO_CUSTOMER_VERBATIM_OR_SENTIMENT_LABEL,FEEDBACK_NOT_OBSERVED
743,744,,UNOBSERVED,UNKNOWN_NO_CUSTOMER_VERBATIM_OR_SENTIMENT_LABEL,FEEDBACK_NOT_OBSERVED
744,745,4,HIGH_REPORTED,UNKNOWN_NO_CUSTOMER_VERBATIM_OR_SENTIMENT_LABEL,KEEP_OBSERVED_SCORE
745,746,,UNOBSERVED,UNKNOWN_NO_CUSTOMER_VERBATIM_OR_SENTIMENT_LABEL,FEEDBACK_NOT_OBSERVED
746,747,,UNOBSERVED,UNKNOWN_NO_CUSTOMER_VERBATIM_OR_SENTIMENT_LABEL,FEEDBACK_NOT_OBSERVED
747,748,3,MIDDLE_REPORTED,UNKNOWN_NO_CUSTOMER_VERBATIM_OR_SENTIMENT_LABEL,KEEP_OBSERVED_SCORE
748,749,,UNOBSERVED,UNKNOWN_NO_CUSTOMER_VERBATIM_OR_SENTIMENT_LABEL,FEEDBACK_NOT_OBSERVED
749,750,2,LOW_REPORTED,UNKNOWN_NO_CUSTOMER_VERBATIM_OR_SENTIMENT_LABEL,REVIEW_REPORTED_LOW_CSAT
750,751,,UNOBSERVED,UNKNOWN_NO_CUSTOMER_VERBATIM_OR_SENTIMENT_LABEL,FEEDBACK_NOT_OBSERVED
751,752,,UNOBSERVED,UNKNOWN_NO_CUSTOMER_VERBATIM_OR_SENTIMENT_LABEL,FEEDBACK_NOT_OBSERVED
752,753,,UNOBSERVED,UNKNOWN_NO_CUSTOMER_VERBATIM_OR_SENTIMENT_LABEL,FEEDBACK_NOT_OBSERVED
753,754,5,HIGH_REPORTED,UNKNOWN_NO_CUSTOMER_VERBATIM_OR_SENTIMENT_LABEL,KEEP_OBSERVED_SCORE
754,755,,UNOBSERVED,UNKNOWN_NO_CUSTOMER_VERBATIM_OR_SENTIMENT_LABEL,FEEDBACK_NOT_OBSERVED
755,756,4,HIGH_REPORTED,UNKNOWN_NO_CUSTOMER_VERBATIM_OR_SENTIMENT_LABEL,KEEP_OBSERVED_SCORE
756,757,2,LOW_REPORTED,UNKNOWN_NO_CUSTOMER_VERBATIM_OR_SENTIMENT_LABEL,REVIEW_REPORTED_LOW_CSAT
757,758,,UNOBSERVED,UNKNOWN_NO_CUSTOMER_VERBATIM_OR_SENTIMENT_LABEL,FEEDBACK_NOT_OBSERVED
758,759,,UNOBSERVED,UNKNOWN_NO_CUSTOMER_VERBATIM_OR_SENTIMENT_LABEL,FEEDBACK_NOT_OBSERVED
759,760,,UNOBSERVED,UNKNOWN_NO_CUSTOMER_VERBATIM_OR_SENTIMENT_LABEL,FEEDBACK_NOT_OBSERVED
760,761,,UNOBSERVED,UNKNOWN_NO_CUSTOMER_VERBATIM_OR_SENTIMENT_LABEL,FEEDBACK_NOT_OBSERVED
761,762,1,LOW_REPORTED,UNKNOWN_NO_CUSTOMER_VERBATIM_OR_SENTIMENT_LABEL,REVIEW_REPORTED_LOW_CSAT
762,763,,UNOBSERVED,UNKNOWN_NO_CUSTOMER_VERBATIM_OR_SENTIMENT_LABEL,FEEDBACK_NOT_OBSERVED
763,764,,UNOBSERVED,UNKNOWN_NO_CUSTOMER_VERBATIM_OR_SENTIMENT_LABEL,FEEDBACK_NOT_OBSERVED
764,765,5,HIGH_REPORTED,UNKNOWN_NO_CUSTOMER_VERBATIM_OR_SENTIMENT_LABEL,KEEP_OBSERVED_SCORE
765,766,1,LOW_REPORTED,UNKNOWN_NO_CUSTOMER_VERBATIM_OR_SENTIMENT_LABEL,REVIEW_REPORTED_LOW_CSAT
766,767,5,HIGH_REPORTED,UNKNOWN_NO_CUSTOMER_VERBATIM_OR_SENTIMENT_LABEL,KEEP_OBSERVED_SCORE
767,768,,UNOBSERVED,UNKNOWN_NO_CUSTOMER_VERBATIM_OR_SENTIMENT_LABEL,FEEDBACK_NOT_OBSERVED
768,769,,UNOBSERVED,UNKNOWN_NO_CUSTOMER_VERBATIM_OR_SENTIMENT_LABEL,FEEDBACK_NOT_OBSERVED
769,770,,UNOBSERVED,UNKNOWN_NO_CUSTOMER_VERBATIM_OR_SENTIMENT_LABEL,FEEDBACK_NOT_OBSERVED
770,771,4,HIGH_REPORTED,UNKNOWN_NO_CUSTOMER_VERBATIM_OR_SENTIMENT_LABEL,KEEP_OBSERVED_SCORE
771,772,,UNOBSERVED,UNKNOWN_NO_CUSTOMER_VERBATIM_OR_SENTIMENT_LABEL,FEEDBACK_NOT_OBSERVED
772,773,,UNOBSERVED,UNKNOWN_NO_CUSTOMER_VERBATIM_OR_SENTIMENT_LABEL,FEEDBACK_NOT_OBSERVED
773,774,5,HIGH_REPORTED,UNKNOWN_NO_CUSTOMER_VERBATIM_OR_SENTIMENT_LABEL,KEEP_OBSERVED_SCORE
774,775,,UNOBSERVED,UNKNOWN_NO_CUSTOMER_VERBATIM_OR_SENTIMENT_LABEL,FEEDBACK_NOT_OBSERVED
775,776,,UNOBSERVED,UNKNOWN_NO_CUSTOMER_VERBATIM_OR_SENTIMENT_LABEL,FEEDBACK_NOT_OBSERVED
776,777,,UNOBSERVED,UNKNOWN_NO_CUSTOMER_VERBATIM_OR_SENTIMENT_LABEL,FEEDBACK_NOT_OBSERVED
777,778,5,HIGH_REPORTED,UNKNOWN_NO_CUSTOMER_VERBATIM_OR_SENTIMENT_LABEL,KEEP_OBSERVED_SCORE
778,779,,UNOBSERVED,UNKNOWN_NO_CUSTOMER_VERBATIM_OR_SENTIMENT_LABEL,FEEDBACK_NOT_OBSERVED
779,780,,UNOBSERVED,UNKNOWN_NO_CUSTOMER_VERBATIM_OR_SENTIMENT_LABEL,FEEDBACK_NOT_OBSERVED
780,781,,UNOBSERVED,UNKNOWN_NO_CUSTOMER_VERBATIM_OR_SENTIMENT_LABEL,FEEDBACK_NOT_OBSERVED
781,782,4,HIGH_REPORTED,UNKNOWN_NO_CUSTOMER_VERBATIM_OR_SENTIMENT_LABEL,KEEP_OBSERVED_SCORE
782,783,,UNOBSERVED,UNKNOWN_NO_CUSTOMER_VERBATIM_OR_SENTIMENT_LABEL,FEEDBACK_NOT_OBSERVED
783,784,,UNOBSERVED,UNKNOWN_NO_CUSTOMER_VERBATIM_OR_SENTIMENT_LABEL,FEEDBACK_NOT_OBSERVED
784,785,,UNOBSERVED,UNKNOWN_NO_CUSTOMER_VERBATIM_OR_SENTIMENT_LABEL,FEEDBACK_NOT_OBSERVED
785,786,,UNOBSERVED,UNKNOWN_NO_CUSTOMER_VERBATIM_OR_SENTIMENT_LABEL,FEEDBACK_NOT_OBSERVED
786,787,,UNOBSERVED,UNKNOWN_NO_CUSTOMER_VERBATIM_OR_SENTIMENT_LABEL,FEEDBACK_NOT_OBSERVED
787,788,1,LOW_REPORTED,UNKNOWN_NO_CUSTOMER_VERBATIM_OR_SENTIMENT_LABEL,REVIEW_REPORTED_LOW_CSAT
788,789,,UNOBSERVED,UNKNOWN_NO_CUSTOMER_VERBATIM_OR_SENTIMENT_LABEL,FEEDBACK_NOT_OBSERVED
789,790,,UNOBSERVED,UNKNOWN_NO_CUSTOMER_VERBATIM_OR_SENTIMENT_LABEL,FEEDBACK_NOT_OBSERVED
790,791,,UNOBSERVED,UNKNOWN_NO_CUSTOMER_VERBATIM_OR_SENTIMENT_LABEL,FEEDBACK_NOT_OBSERVED
791,792,4,HIGH_REPORTED,UNKNOWN_NO_CUSTOMER_VERBATIM_OR_SENTIMENT_LABEL,KEEP_OBSERVED_SCORE
792,793,3,MIDDLE_REPORTED,UNKNOWN_NO_CUSTOMER_VERBATIM_OR_SENTIMENT_LABEL,KEEP_OBSERVED_SCORE
793,794,,UNOBSERVED,UNKNOWN_NO_CUSTOMER_VERBATIM_OR_SENTIMENT_LABEL,FEEDBACK_NOT_OBSERVED
794,795,,UNOBSERVED,UNKNOWN_NO_CUSTOMER_VERBATIM_OR_SENTIMENT_LABEL,FEEDBACK_NOT_OBSERVED
795,796,,UNOBSERVED,UNKNOWN_NO_CUSTOMER_VERBATIM_OR_SENTIMENT_LABEL,FEEDBACK_NOT_OBSERVED
796,797,1,LOW_REPORTED,UNKNOWN_NO_CUSTOMER_VERBATIM_OR_SENTIMENT_LABEL,REVIEW_REPORTED_LOW_CSAT
797,798,,UNOBSERVED,UNKNOWN_NO_CUSTOMER_VERBATIM_OR_SENTIMENT_LABEL,FEEDBACK_NOT_OBSERVED
798,799,,UNOBSERVED,UNKNOWN_NO_CUSTOMER_VERBATIM_OR_SENTIMENT_LABEL,FEEDBACK_NOT_OBSERVED
799,800,3,MIDDLE_REPORTED,UNKNOWN_NO_CUSTOMER_VERBATIM_OR_SENTIMENT_LABEL,KEEP_OBSERVED_SCORE
800,801,,UNOBSERVED,UNKNOWN_NO_CUSTOMER_VERBATIM_OR_SENTIMENT_LABEL,FEEDBACK_NOT_OBSERVED
801,802,,UNOBSERVED,UNKNOWN_NO_CUSTOMER_VERBATIM_OR_SENTIMENT_LABEL,FEEDBACK_NOT_OBSERVED
802,803,,UNOBSERVED,UNKNOWN_NO_CUSTOMER_VERBATIM_OR_SENTIMENT_LABEL,FEEDBACK_NOT_OBSERVED
803,804,,UNOBSERVED,UNKNOWN_NO_CUSTOMER_VERBATIM_OR_SENTIMENT_LABEL,FEEDBACK_NOT_OBSERVED
804,805,,UNOBSERVED,UNKNOWN_NO_CUSTOMER_VERBATIM_OR_SENTIMENT_LABEL,FEEDBACK_NOT_OBSERVED
805,806,,UNOBSERVED,UNKNOWN_NO_CUSTOMER_VERBATIM_OR_SENTIMENT_LABEL,FEEDBACK_NOT_OBSERVED
806,807,,UNOBSERVED,UNKNOWN_NO_CUSTOMER_VERBATIM_OR_SENTIMENT_LABEL,FEEDBACK_NOT_OBSERVED
807,808,2,LOW_REPORTED,UNKNOWN_NO_CUSTOMER_VERBATIM_OR_SENTIMENT_LABEL,REVIEW_REPORTED_LOW_CSAT
808,809,,UNOBSERVED,UNKNOWN_NO_CUSTOMER_VERBATIM_OR_SENTIMENT_LABEL,FEEDBACK_NOT_OBSERVED
809,810,,UNOBSERVED,UNKNOWN_NO_CUSTOMER_VERBATIM_OR_SENTIMENT_LABEL,FEEDBACK_NOT_OBSERVED
810,811,4,HIGH_REPORTED,UNKNOWN_NO_CUSTOMER_VERBATIM_OR_SENTIMENT_LABEL,KEEP_OBSERVED_SCORE
811,812,,UNOBSERVED,UNKNOWN_NO_CUSTOMER_VERBATIM_OR_SENTIMENT_LABEL,FEEDBACK_NOT_OBSERVED
812,813,,UNOBSERVED,UNKNOWN_NO_CUSTOMER_VERBATIM_OR_SENTIMENT_LABEL,FEEDBACK_NOT_OBSERVED
813,814,,UNOBSERVED,UNKNOWN_NO_CUSTOMER_VERBATIM_OR_SENTIMENT_LABEL,FEEDBACK_NOT_OBSERVED
814,815,,UNOBSERVED,UNKNOWN_NO_CUSTOMER_VERBATIM_OR_SENTIMENT_LABEL,FEEDBACK_NOT_OBSERVED
815,816,,UNOBSERVED,UNKNOWN_NO_CUSTOMER_VERBATIM_OR_SENTIMENT_LABEL,FEEDBACK_NOT_OBSERVED
816,817,4,HIGH_REPORTED,UNKNOWN_NO_CUSTOMER_VERBATIM_OR_SENTIMENT_LABEL,KEEP_OBSERVED_SCORE
817,818,,UNOBSERVED,UNKNOWN_NO_CUSTOMER_VERBATIM_OR_SENTIMENT_LABEL,FEEDBACK_NOT_OBSERVED
818,819,,UNOBSERVED,UNKNOWN_NO_CUSTOMER_VERBATIM_OR_SENTIMENT_LABEL,FEEDBACK_NOT_OBSERVED
819,820,3,MIDDLE_REPORTED,UNKNOWN_NO_CUSTOMER_VERBATIM_OR_SENTIMENT_LABEL,KEEP_OBSERVED_SCORE
820,821,,UNOBSERVED,UNKNOWN_NO_CUSTOMER_VERBATIM_OR_SENTIMENT_LABEL,FEEDBACK_NOT_OBSERVED
821,822,,UNOBSERVED,UNKNOWN_NO_CUSTOMER_VERBATIM_OR_SENTIMENT_LABEL,FEEDBACK_NOT_OBSERVED
822,823,3,MIDDLE_REPORTED,UNKNOWN_NO_CUSTOMER_VERBATIM_OR_SENTIMENT_LABEL,KEEP_OBSERVED_SCORE
823,824,,UNOBSERVED,UNKNOWN_NO_CUSTOMER_VERBATIM_OR_SENTIMENT_LABEL,FEEDBACK_NOT_OBSERVED
824,825,,UNOBSERVED,UNKNOWN_NO_CUSTOMER_VERBATIM_OR_SENTIMENT_LABEL,FEEDBACK_NOT_OBSERVED
825,826,,UNOBSERVED,UNKNOWN_NO_CUSTOMER_VERBATIM_OR_SENTIMENT_LABEL,FEEDBACK_NOT_OBSERVED
826,827,,UNOBSERVED,UNKNOWN_NO_CUSTOMER_VERBATIM_OR_SENTIMENT_LABEL,FEEDBACK_NOT_OBSERVED
827,828,,UNOBSERVED,UNKNOWN_NO_CUSTOMER_VERBATIM_OR_SENTIMENT_LABEL,FEEDBACK_NOT_OBSERVED
828,829,4,HIGH_REPORTED,UNKNOWN_NO_CUSTOMER_VERBATIM_OR_SENTIMENT_LABEL,KEEP_OBSERVED_SCORE
829,830,,UNOBSERVED,UNKNOWN_NO_CUSTOMER_VERBATIM_OR_SENTIMENT_LABEL,FEEDBACK_NOT_OBSERVED
830,831,,UNOBSERVED,UNKNOWN_NO_CUSTOMER_VERBATIM_OR_SENTIMENT_LABEL,FEEDBACK_NOT_OBSERVED
831,832,,UNOBSERVED,UNKNOWN_NO_CUSTOMER_VERBATIM_OR_SENTIMENT_LABEL,FEEDBACK_NOT_OBSERVED
832,833,,UNOBSERVED,UNKNOWN_NO_CUSTOMER_VERBATIM_OR_SENTIMENT_LABEL,FEEDBACK_NOT_OBSERVED
833,834,,UNOBSERVED,UNKNOWN_NO_CUSTOMER_VERBATIM_OR_SENTIMENT_LABEL,FEEDBACK_NOT_OBSERVED
834,835,,UNOBSERVED,UNKNOWN_NO_CUSTOMER_VERBATIM_OR_SENTIMENT_LABEL,FEEDBACK_NOT_OBSERVED
835,836,4,HIGH_REPORTED,UNKNOWN_NO_CUSTOMER_VERBATIM_OR_SENTIMENT_LABEL,KEEP_OBSERVED_SCORE
836,837,,UNOBSERVED,UNKNOWN_NO_CUSTOMER_VERBATIM_OR_SENTIMENT_LABEL,FEEDBACK_NOT_OBSERVED
837,838,,UNOBSERVED,UNKNOWN_NO_CUSTOMER_VERBATIM_OR_SENTIMENT_LABEL,FEEDBACK_NOT_OBSERVED
838,839,,UNOBSERVED,UNKNOWN_NO_CUSTOMER_VERBATIM_OR_SENTIMENT_LABEL,FEEDBACK_NOT_OBSERVED
839,840,3,MIDDLE_REPORTED,UNKNOWN_NO_CUSTOMER_VERBATIM_OR_SENTIMENT_LABEL,KEEP_OBSERVED_SCORE
840,841,,UNOBSERVED,UNKNOWN_NO_CUSTOMER_VERBATIM_OR_SENTIMENT_LABEL,FEEDBACK_NOT_OBSERVED
841,842,5,HIGH_REPORTED,UNKNOWN_NO_CUSTOMER_VERBATIM_OR_SENTIMENT_LABEL,KEEP_OBSERVED_SCORE
842,843,,UNOBSERVED,UNKNOWN_NO_CUSTOMER_VERBATIM_OR_SENTIMENT_LABEL,FEEDBACK_NOT_OBSERVED
843,844,,UNOBSERVED,UNKNOWN_NO_CUSTOMER_VERBATIM_OR_SENTIMENT_LABEL,FEEDBACK_NOT_OBSERVED
844,845,,UNOBSERVED,UNKNOWN_NO_CUSTOMER_VERBATIM_OR_SENTIMENT_LABEL,FEEDBACK_NOT_OBSERVED
845,846,,UNOBSERVED,UNKNOWN_NO_CUSTOMER_VERBATIM_OR_SENTIMENT_LABEL,FEEDBACK_NOT_OBSERVED
846,847,,UNOBSERVED,UNKNOWN_NO_CUSTOMER_VERBATIM_OR_SENTIMENT_LABEL,FEEDBACK_NOT_OBSERVED
847,848,4,HIGH_REPORTED,UNKNOWN_NO_CUSTOMER_VERBATIM_OR_SENTIMENT_LABEL,KEEP_OBSERVED_SCORE
848,849,,UNOBSERVED,UNKNOWN_NO_CUSTOMER_VERBATIM_OR_SENTIMENT_LABEL,FEEDBACK_NOT_OBSERVED
849,850,,UNOBSERVED,UNKNOWN_NO_CUSTOMER_VERBATIM_OR_SENTIMENT_LABEL,FEEDBACK_NOT_OBSERVED
850,851,,UNOBSERVED,UNKNOWN_NO_CUSTOMER_VERBATIM_OR_SENTIMENT_LABEL,FEEDBACK_NOT_OBSERVED
851,852,1,LOW_REPORTED,UNKNOWN_NO_CUSTOMER_VERBATIM_OR_SENTIMENT_LABEL,REVIEW_REPORTED_LOW_CSAT
852,853,,UNOBSERVED,UNKNOWN_NO_CUSTOMER_VERBATIM_OR_SENTIMENT_LABEL,FEEDBACK_NOT_OBSERVED
853,854,5,HIGH_REPORTED,UNKNOWN_NO_CUSTOMER_VERBATIM_OR_SENTIMENT_LABEL,KEEP_OBSERVED_SCORE
854,855,,UNOBSERVED,UNKNOWN_NO_CUSTOMER_VERBATIM_OR_SENTIMENT_LABEL,FEEDBACK_NOT_OBSERVED
855,856,3,MIDDLE_REPORTED,UNKNOWN_NO_CUSTOMER_VERBATIM_OR_SENTIMENT_LABEL,KEEP_OBSERVED_SCORE
856,857,2,LOW_REPORTED,UNKNOWN_NO_CUSTOMER_VERBATIM_OR_SENTIMENT_LABEL,REVIEW_REPORTED_LOW_CSAT
857,858,,UNOBSERVED,UNKNOWN_NO_CUSTOMER_VERBATIM_OR_SENTIMENT_LABEL,FEEDBACK_NOT_OBSERVED
858,859,5,HIGH_REPORTED,UNKNOWN_NO_CUSTOMER_VERBATIM_OR_SENTIMENT_LABEL,KEEP_OBSERVED_SCORE
859,860,,UNOBSERVED,UNKNOWN_NO_CUSTOMER_VERBATIM_OR_SENTIMENT_LABEL,FEEDBACK_NOT_OBSERVED
860,861,,UNOBSERVED,UNKNOWN_NO_CUSTOMER_VERBATIM_OR_SENTIMENT_LABEL,FEEDBACK_NOT_OBSERVED
861,862,,UNOBSERVED,UNKNOWN_NO_CUSTOMER_VERBATIM_OR_SENTIMENT_LABEL,FEEDBACK_NOT_OBSERVED
862,863,3,MIDDLE_REPORTED,UNKNOWN_NO_CUSTOMER_VERBATIM_OR_SENTIMENT_LABEL,KEEP_OBSERVED_SCORE
863,864,2,LOW_REPORTED,UNKNOWN_NO_CUSTOMER_VERBATIM_OR_SENTIMENT_LABEL,REVIEW_REPORTED_LOW_CSAT
864,865,1,LOW_REPORTED,UNKNOWN_NO_CUSTOMER_VERBATIM_OR_SENTIMENT_LABEL,REVIEW_REPORTED_LOW_CSAT
865,866,,UNOBSERVED,UNKNOWN_NO_CUSTOMER_VERBATIM_OR_SENTIMENT_LABEL,FEEDBACK_NOT_OBSERVED
866,867,5,HIGH_REPORTED,UNKNOWN_NO_CUSTOMER_VERBATIM_OR_SENTIMENT_LABEL,KEEP_OBSERVED_SCORE
867,868,3,MIDDLE_REPORTED,UNKNOWN_NO_CUSTOMER_VERBATIM_OR_SENTIMENT_LABEL,KEEP_OBSERVED_SCORE
868,869,,UNOBSERVED,UNKNOWN_NO_CUSTOMER_VERBATIM_OR_SENTIMENT_LABEL,FEEDBACK_NOT_OBSERVED
869,870,,UNOBSERVED,UNKNOWN_NO_CUSTOMER_VERBATIM_OR_SENTIMENT_LABEL,FEEDBACK_NOT_OBSERVED
870,871,,UNOBSERVED,UNKNOWN_NO_CUSTOMER_VERBATIM_OR_SENTIMENT_LABEL,FEEDBACK_NOT_OBSERVED
871,872,,UNOBSERVED,UNKNOWN_NO_CUSTOMER_VERBATIM_OR_SENTIMENT_LABEL,FEEDBACK_NOT_OBSERVED
872,873,,UNOBSERVED,UNKNOWN_NO_CUSTOMER_VERBATIM_OR_SENTIMENT_LABEL,FEEDBACK_NOT_OBSERVED
873,874,,UNOBSERVED,UNKNOWN_NO_CUSTOMER_VERBATIM_OR_SENTIMENT_LABEL,FEEDBACK_NOT_OBSERVED
874,875,,UNOBSERVED,UNKNOWN_NO_CUSTOMER_VERBATIM_OR_SENTIMENT_LABEL,FEEDBACK_NOT_OBSERVED
875,876,,UNOBSERVED,UNKNOWN_NO_CUSTOMER_VERBATIM_OR_SENTIMENT_LABEL,FEEDBACK_NOT_OBSERVED
876,877,3,MIDDLE_REPORTED,UNKNOWN_NO_CUSTOMER_VERBATIM_OR_SENTIMENT_LABEL,KEEP_OBSERVED_SCORE
877,878,5,HIGH_REPORTED,UNKNOWN_NO_CUSTOMER_VERBATIM_OR_SENTIMENT_LABEL,KEEP_OBSERVED_SCORE
878,879,,UNOBSERVED,UNKNOWN_NO_CUSTOMER_VERBATIM_OR_SENTIMENT_LABEL,FEEDBACK_NOT_OBSERVED
879,880,,UNOBSERVED,UNKNOWN_NO_CUSTOMER_VERBATIM_OR_SENTIMENT_LABEL,FEEDBACK_NOT_OBSERVED
880,881,,UNOBSERVED,UNKNOWN_NO_CUSTOMER_VERBATIM_OR_SENTIMENT_LABEL,FEEDBACK_NOT_OBSERVED
881,882,2,LOW_REPORTED,UNKNOWN_NO_CUSTOMER_VERBATIM_OR_SENTIMENT_LABEL,REVIEW_REPORTED_LOW_CSAT
882,883,,UNOBSERVED,UNKNOWN_NO_CUSTOMER_VERBATIM_OR_SENTIMENT_LABEL,FEEDBACK_NOT_OBSERVED
883,884,,UNOBSERVED,UNKNOWN_NO_CUSTOMER_VERBATIM_OR_SENTIMENT_LABEL,FEEDBACK_NOT_OBSERVED
884,885,4,HIGH_REPORTED,UNKNOWN_NO_CUSTOMER_VERBATIM_OR_SENTIMENT_LABEL,KEEP_OBSERVED_SCORE
885,886,,UNOBSERVED,UNKNOWN_NO_CUSTOMER_VERBATIM_OR_SENTIMENT_LABEL,FEEDBACK_NOT_OBSERVED
886,887,,UNOBSERVED,UNKNOWN_NO_CUSTOMER_VERBATIM_OR_SENTIMENT_LABEL,FEEDBACK_NOT_OBSERVED
887,888,,UNOBSERVED,UNKNOWN_NO_CUSTOMER_VERBATIM_OR_SENTIMENT_LABEL,FEEDBACK_NOT_OBSERVED
888,889,5,HIGH_REPORTED,UNKNOWN_NO_CUSTOMER_VERBATIM_OR_SENTIMENT_LABEL,KEEP_OBSERVED_SCORE
889,890,,UNOBSERVED,UNKNOWN_NO_CUSTOMER_VERBATIM_OR_SENTIMENT_LABEL,FEEDBACK_NOT_OBSERVED
890,891,2,LOW_REPORTED,UNKNOWN_NO_CUSTOMER_VERBATIM_OR_SENTIMENT_LABEL,REVIEW_REPORTED_LOW_CSAT
891,892,,UNOBSERVED,UNKNOWN_NO_CUSTOMER_VERBATIM_OR_SENTIMENT_LABEL,FEEDBACK_NOT_OBSERVED
892,893,,UNOBSERVED,UNKNOWN_NO_CUSTOMER_VERBATIM_OR_SENTIMENT_LABEL,FEEDBACK_NOT_OBSERVED
893,894,4,HIGH_REPORTED,UNKNOWN_NO_CUSTOMER_VERBATIM_OR_SENTIMENT_LABEL,KEEP_OBSERVED_SCORE
894,895,,UNOBSERVED,UNKNOWN_NO_CUSTOMER_VERBATIM_OR_SENTIMENT_LABEL,FEEDBACK_NOT_OBSERVED
895,896,2,LOW_REPORTED,UNKNOWN_NO_CUSTOMER_VERBATIM_OR_SENTIMENT_LABEL,REVIEW_REPORTED_LOW_CSAT
896,897,5,HIGH_REPORTED,UNKNOWN_NO_CUSTOMER_VERBATIM_OR_SENTIMENT_LABEL,KEEP_OBSERVED_SCORE
897,898,5,HIGH_REPORTED,UNKNOWN_NO_CUSTOMER_VERBATIM_OR_SENTIMENT_LABEL,KEEP_OBSERVED_SCORE
898,899,4,HIGH_REPORTED,UNKNOWN_NO_CUSTOMER_VERBATIM_OR_SENTIMENT_LABEL,KEEP_OBSERVED_SCORE
899,900,,UNOBSERVED,UNKNOWN_NO_CUSTOMER_VERBATIM_OR_SENTIMENT_LABEL,FEEDBACK_NOT_OBSERVED
900,901,,UNOBSERVED,UNKNOWN_NO_CUSTOMER_VERBATIM_OR_SENTIMENT_LABEL,FEEDBACK_NOT_OBSERVED
901,902,,UNOBSERVED,UNKNOWN_NO_CUSTOMER_VERBATIM_OR_SENTIMENT_LABEL,FEEDBACK_NOT_OBSERVED
902,903,,UNOBSERVED,UNKNOWN_NO_CUSTOMER_VERBATIM_OR_SENTIMENT_LABEL,FEEDBACK_NOT_OBSERVED
903,904,,UNOBSERVED,UNKNOWN_NO_CUSTOMER_VERBATIM_OR_SENTIMENT_LABEL,FEEDBACK_NOT_OBSERVED
904,905,3,MIDDLE_REPORTED,UNKNOWN_NO_CUSTOMER_VERBATIM_OR_SENTIMENT_LABEL,KEEP_OBSERVED_SCORE
905,906,,UNOBSERVED,UNKNOWN_NO_CUSTOMER_VERBATIM_OR_SENTIMENT_LABEL,FEEDBACK_NOT_OBSERVED
906,907,,UNOBSERVED,UNKNOWN_NO_CUSTOMER_VERBATIM_OR_SENTIMENT_LABEL,FEEDBACK_NOT_OBSERVED
907,908,,UNOBSERVED,UNKNOWN_NO_CUSTOMER_VERBATIM_OR_SENTIMENT_LABEL,FEEDBACK_NOT_OBSERVED
908,909,2,LOW_REPORTED,UNKNOWN_NO_CUSTOMER_VERBATIM_OR_SENTIMENT_LABEL,REVIEW_REPORTED_LOW_CSAT
909,910,,UNOBSERVED,UNKNOWN_NO_CUSTOMER_VERBATIM_OR_SENTIMENT_LABEL,FEEDBACK_NOT_OBSERVED
910,911,,UNOBSERVED,UNKNOWN_NO_CUSTOMER_VERBATIM_OR_SENTIMENT_LABEL,FEEDBACK_NOT_OBSERVED
911,912,,UNOBSERVED,UNKNOWN_NO_CUSTOMER_VERBATIM_OR_SENTIMENT_LABEL,FEEDBACK_NOT_OBSERVED
912,913,2,LOW_REPORTED,UNKNOWN_NO_CUSTOMER_VERBATIM_OR_SENTIMENT_LABEL,REVIEW_REPORTED_LOW_CSAT
913,914,,UNOBSERVED,UNKNOWN_NO_CUSTOMER_VERBATIM_OR_SENTIMENT_LABEL,FEEDBACK_NOT_OBSERVED
914,915,4,HIGH_REPORTED,UNKNOWN_NO_CUSTOMER_VERBATIM_OR_SENTIMENT_LABEL,KEEP_OBSERVED_SCORE
915,916,,UNOBSERVED,UNKNOWN_NO_CUSTOMER_VERBATIM_OR_SENTIMENT_LABEL,FEEDBACK_NOT_OBSERVED
916,917,,UNOBSERVED,UNKNOWN_NO_CUSTOMER_VERBATIM_OR_SENTIMENT_LABEL,FEEDBACK_NOT_OBSERVED
917,918,,UNOBSERVED,UNKNOWN_NO_CUSTOMER_VERBATIM_OR_SENTIMENT_LABEL,FEEDBACK_NOT_OBSERVED
918,919,2,LOW_REPORTED,UNKNOWN_NO_CUSTOMER_VERBATIM_OR_SENTIMENT_LABEL,REVIEW_REPORTED_LOW_CSAT
919,920,,UNOBSERVED,UNKNOWN_NO_CUSTOMER_VERBATIM_OR_SENTIMENT_LABEL,FEEDBACK_NOT_OBSERVED
920,921,4,HIGH_REPORTED,UNKNOWN_NO_CUSTOMER_VERBATIM_OR_SENTIMENT_LABEL,KEEP_OBSERVED_SCORE
921,922,,UNOBSERVED,UNKNOWN_NO_CUSTOMER_VERBATIM_OR_SENTIMENT_LABEL,FEEDBACK_NOT_OBSERVED
922,923,,UNOBSERVED,UNKNOWN_NO_CUSTOMER_VERBATIM_OR_SENTIMENT_LABEL,FEEDBACK_NOT_OBSERVED
923,924,3,MIDDLE_REPORTED,UNKNOWN_NO_CUSTOMER_VERBATIM_OR_SENTIMENT_LABEL,KEEP_OBSERVED_SCORE
924,925,,UNOBSERVED,UNKNOWN_NO_CUSTOMER_VERBATIM_OR_SENTIMENT_LABEL,FEEDBACK_NOT_OBSERVED
925,926,,UNOBSERVED,UNKNOWN_NO_CUSTOMER_VERBATIM_OR_SENTIMENT_LABEL,FEEDBACK_NOT_OBSERVED
926,927,,UNOBSERVED,UNKNOWN_NO_CUSTOMER_VERBATIM_OR_SENTIMENT_LABEL,FEEDBACK_NOT_OBSERVED
927,928,4,HIGH_REPORTED,UNKNOWN_NO_CUSTOMER_VERBATIM_OR_SENTIMENT_LABEL,KEEP_OBSERVED_SCORE
928,929,,UNOBSERVED,UNKNOWN_NO_CUSTOMER_VERBATIM_OR_SENTIMENT_LABEL,FEEDBACK_NOT_OBSERVED
929,930,,UNOBSERVED,UNKNOWN_NO_CUSTOMER_VERBATIM_OR_SENTIMENT_LABEL,FEEDBACK_NOT_OBSERVED
930,931,1,LOW_REPORTED,UNKNOWN_NO_CUSTOMER_VERBATIM_OR_SENTIMENT_LABEL,REVIEW_REPORTED_LOW_CSAT
931,932,,UNOBSERVED,UNKNOWN_NO_CUSTOMER_VERBATIM_OR_SENTIMENT_LABEL,FEEDBACK_NOT_OBSERVED
932,933,,UNOBSERVED,UNKNOWN_NO_CUSTOMER_VERBATIM_OR_SENTIMENT_LABEL,FEEDBACK_NOT_OBSERVED
933,934,,UNOBSERVED,UNKNOWN_NO_CUSTOMER_VERBATIM_OR_SENTIMENT_LABEL,FEEDBACK_NOT_OBSERVED
934,935,1,LOW_REPORTED,UNKNOWN_NO_CUSTOMER_VERBATIM_OR_SENTIMENT_LABEL,REVIEW_REPORTED_LOW_CSAT
935,936,,UNOBSERVED,UNKNOWN_NO_CUSTOMER_VERBATIM_OR_SENTIMENT_LABEL,FEEDBACK_NOT_OBSERVED
936,937,,UNOBSERVED,UNKNOWN_NO_CUSTOMER_VERBATIM_OR_SENTIMENT_LABEL,FEEDBACK_NOT_OBSERVED
937,938,,UNOBSERVED,UNKNOWN_NO_CUSTOMER_VERBATIM_OR_SENTIMENT_LABEL,FEEDBACK_NOT_OBSERVED
938,939,5,HIGH_REPORTED,UNKNOWN_NO_CUSTOMER_VERBATIM_OR_SENTIMENT_LABEL,KEEP_OBSERVED_SCORE
939,940,3,MIDDLE_REPORTED,UNKNOWN_NO_CUSTOMER_VERBATIM_OR_SENTIMENT_LABEL,KEEP_OBSERVED_SCORE
940,941,2,LOW_REPORTED,UNKNOWN_NO_CUSTOMER_VERBATIM_OR_SENTIMENT_LABEL,REVIEW_REPORTED_LOW_CSAT
941,942,,UNOBSERVED,UNKNOWN_NO_CUSTOMER_VERBATIM_OR_SENTIMENT_LABEL,FEEDBACK_NOT_OBSERVED
942,943,,UNOBSERVED,UNKNOWN_NO_CUSTOMER_VERBATIM_OR_SENTIMENT_LABEL,FEEDBACK_NOT_OBSERVED
943,944,,UNOBSERVED,UNKNOWN_NO_CUSTOMER_VERBATIM_OR_SENTIMENT_LABEL,FEEDBACK_NOT_OBSERVED
944,945,,UNOBSERVED,UNKNOWN_NO_CUSTOMER_VERBATIM_OR_SENTIMENT_LABEL,FEEDBACK_NOT_OBSERVED
945,946,5,HIGH_REPORTED,UNKNOWN_NO_CUSTOMER_VERBATIM_OR_SENTIMENT_LABEL,KEEP_OBSERVED_SCORE
946,947,,UNOBSERVED,UNKNOWN_NO_CUSTOMER_VERBATIM_OR_SENTIMENT_LABEL,FEEDBACK_NOT_OBSERVED
947,948,,UNOBSERVED,UNKNOWN_NO_CUSTOMER_VERBATIM_OR_SENTIMENT_LABEL,FEEDBACK_NOT_OBSERVED
948,949,,UNOBSERVED,UNKNOWN_NO_CUSTOMER_VERBATIM_OR_SENTIMENT_LABEL,FEEDBACK_NOT_OBSERVED
949,950,,UNOBSERVED,UNKNOWN_NO_CUSTOMER_VERBATIM_OR_SENTIMENT_LABEL,FEEDBACK_NOT_OBSERVED
950,951,4,HIGH_REPORTED,UNKNOWN_NO_CUSTOMER_VERBATIM_OR_SENTIMENT_LABEL,KEEP_OBSERVED_SCORE
951,952,3,MIDDLE_REPORTED,UNKNOWN_NO_CUSTOMER_VERBATIM_OR_SENTIMENT_LABEL,KEEP_OBSERVED_SCORE
952,953,,UNOBSERVED,UNKNOWN_NO_CUSTOMER_VERBATIM_OR_SENTIMENT_LABEL,FEEDBACK_NOT_OBSERVED
953,954,,UNOBSERVED,UNKNOWN_NO_CUSTOMER_VERBATIM_OR_SENTIMENT_LABEL,FEEDBACK_NOT_OBSERVED
954,955,5,HIGH_REPORTED,UNKNOWN_NO_CUSTOMER_VERBATIM_OR_SENTIMENT_LABEL,KEEP_OBSERVED_SCORE
955,956,3,MIDDLE_REPORTED,UNKNOWN_NO_CUSTOMER_VERBATIM_OR_SENTIMENT_LABEL,KEEP_OBSERVED_SCORE
956,957,5,HIGH_REPORTED,UNKNOWN_NO_CUSTOMER_VERBATIM_OR_SENTIMENT_LABEL,KEEP_OBSERVED_SCORE
957,958,1,LOW_REPORTED,UNKNOWN_NO_CUSTOMER_VERBATIM_OR_SENTIMENT_LABEL,REVIEW_REPORTED_LOW_CSAT
958,959,,UNOBSERVED,UNKNOWN_NO_CUSTOMER_VERBATIM_OR_SENTIMENT_LABEL,FEEDBACK_NOT_OBSERVED
959,960,,UNOBSERVED,UNKNOWN_NO_CUSTOMER_VERBATIM_OR_SENTIMENT_LABEL,FEEDBACK_NOT_OBSERVED
960,961,1,LOW_REPORTED,UNKNOWN_NO_CUSTOMER_VERBATIM_OR_SENTIMENT_LABEL,REVIEW_REPORTED_LOW_CSAT
961,962,,UNOBSERVED,UNKNOWN_NO_CUSTOMER_VERBATIM_OR_SENTIMENT_LABEL,FEEDBACK_NOT_OBSERVED
962,963,,UNOBSERVED,UNKNOWN_NO_CUSTOMER_VERBATIM_OR_SENTIMENT_LABEL,FEEDBACK_NOT_OBSERVED
963,964,,UNOBSERVED,UNKNOWN_NO_CUSTOMER_VERBATIM_OR_SENTIMENT_LABEL,FEEDBACK_NOT_OBSERVED
964,965,5,HIGH_REPORTED,UNKNOWN_NO_CUSTOMER_VERBATIM_OR_SENTIMENT_LABEL,KEEP_OBSERVED_SCORE
965,966,5,HIGH_REPORTED,UNKNOWN_NO_CUSTOMER_VERBATIM_OR_SENTIMENT_LABEL,KEEP_OBSERVED_SCORE
966,967,,UNOBSERVED,UNKNOWN_NO_CUSTOMER_VERBATIM_OR_SENTIMENT_LABEL,FEEDBACK_NOT_OBSERVED
967,968,,UNOBSERVED,UNKNOWN_NO_CUSTOMER_VERBATIM_OR_SENTIMENT_LABEL,FEEDBACK_NOT_OBSERVED
968,969,,UNOBSERVED,UNKNOWN_NO_CUSTOMER_VERBATIM_OR_SENTIMENT_LABEL,FEEDBACK_NOT_OBSERVED
969,970,,UNOBSERVED,UNKNOWN_NO_CUSTOMER_VERBATIM_OR_SENTIMENT_LABEL,FEEDBACK_NOT_OBSERVED
970,971,,UNOBSERVED,UNKNOWN_NO_CUSTOMER_VERBATIM_OR_SENTIMENT_LABEL,FEEDBACK_NOT_OBSERVED
971,972,,UNOBSERVED,UNKNOWN_NO_CUSTOMER_VERBATIM_OR_SENTIMENT_LABEL,FEEDBACK_NOT_OBSERVED
972,973,,UNOBSERVED,UNKNOWN_NO_CUSTOMER_VERBATIM_OR_SENTIMENT_LABEL,FEEDBACK_NOT_OBSERVED
973,974,,UNOBSERVED,UNKNOWN_NO_CUSTOMER_VERBATIM_OR_SENTIMENT_LABEL,FEEDBACK_NOT_OBSERVED
974,975,3,MIDDLE_REPORTED,UNKNOWN_NO_CUSTOMER_VERBATIM_OR_SENTIMENT_LABEL,KEEP_OBSERVED_SCORE
975,976,,UNOBSERVED,UNKNOWN_NO_CUSTOMER_VERBATIM_OR_SENTIMENT_LABEL,FEEDBACK_NOT_OBSERVED
976,977,,UNOBSERVED,UNKNOWN_NO_CUSTOMER_VERBATIM_OR_SENTIMENT_LABEL,FEEDBACK_NOT_OBSERVED
977,978,,UNOBSERVED,UNKNOWN_NO_CUSTOMER_VERBATIM_OR_SENTIMENT_LABEL,FEEDBACK_NOT_OBSERVED
978,979,,UNOBSERVED,UNKNOWN_NO_CUSTOMER_VERBATIM_OR_SENTIMENT_LABEL,FEEDBACK_NOT_OBSERVED
979,980,,UNOBSERVED,UNKNOWN_NO_CUSTOMER_VERBATIM_OR_SENTIMENT_LABEL,FEEDBACK_NOT_OBSERVED
980,981,,UNOBSERVED,UNKNOWN_NO_CUSTOMER_VERBATIM_OR_SENTIMENT_LABEL,FEEDBACK_NOT_OBSERVED
981,982,3,MIDDLE_REPORTED,UNKNOWN_NO_CUSTOMER_VERBATIM_OR_SENTIMENT_LABEL,KEEP_OBSERVED_SCORE
982,983,,UNOBSERVED,UNKNOWN_NO_CUSTOMER_VERBATIM_OR_SENTIMENT_LABEL,FEEDBACK_NOT_OBSERVED
983,984,,UNOBSERVED,UNKNOWN_NO_CUSTOMER_VERBATIM_OR_SENTIMENT_LABEL,FEEDBACK_NOT_OBSERVED
984,985,,UNOBSERVED,UNKNOWN_NO_CUSTOMER_VERBATIM_OR_SENTIMENT_LABEL,FEEDBACK_NOT_OBSERVED
985,986,,UNOBSERVED,UNKNOWN_NO_CUSTOMER_VERBATIM_OR_SENTIMENT_LABEL,FEEDBACK_NOT_OBSERVED
986,987,,UNOBSERVED,UNKNOWN_NO_CUSTOMER_VERBATIM_OR_SENTIMENT_LABEL,FEEDBACK_NOT_OBSERVED
987,988,4,HIGH_REPORTED,UNKNOWN_NO_CUSTOMER_VERBATIM_OR_SENTIMENT_LABEL,KEEP_OBSERVED_SCORE
988,989,,UNOBSERVED,UNKNOWN_NO_CUSTOMER_VERBATIM_OR_SENTIMENT_LABEL,FEEDBACK_NOT_OBSERVED
989,990,,UNOBSERVED,UNKNOWN_NO_CUSTOMER_VERBATIM_OR_SENTIMENT_LABEL,FEEDBACK_NOT_OBSERVED
990,991,,UNOBSERVED,UNKNOWN_NO_CUSTOMER_VERBATIM_OR_SENTIMENT_LABEL,FEEDBACK_NOT_OBSERVED
991,992,,UNOBSERVED,UNKNOWN_NO_CUSTOMER_VERBATIM_OR_SENTIMENT_LABEL,FEEDBACK_NOT_OBSERVED
992,993,,UNOBSERVED,UNKNOWN_NO_CUSTOMER_VERBATIM_OR_SENTIMENT_LABEL,FEEDBACK_NOT_OBSERVED
993,994,,UNOBSERVED,UNKNOWN_NO_CUSTOMER_VERBATIM_OR_SENTIMENT_LABEL,FEEDBACK_NOT_OBSERVED
994,995,1,LOW_REPORTED,UNKNOWN_NO_CUSTOMER_VERBATIM_OR_SENTIMENT_LABEL,REVIEW_REPORTED_LOW_CSAT
995,996,,UNOBSERVED,UNKNOWN_NO_CUSTOMER_VERBATIM_OR_SENTIMENT_LABEL,FEEDBACK_NOT_OBSERVED
996,997,,UNOBSERVED,UNKNOWN_NO_CUSTOMER_VERBATIM_OR_SENTIMENT_LABEL,FEEDBACK_NOT_OBSERVED
997,998,,UNOBSERVED,UNKNOWN_NO_CUSTOMER_VERBATIM_OR_SENTIMENT_LABEL,FEEDBACK_NOT_OBSERVED
998,999,4,HIGH_REPORTED,UNKNOWN_NO_CUSTOMER_VERBATIM_OR_SENTIMENT_LABEL,KEEP_OBSERVED_SCORE
999,1000,,UNOBSERVED,UNKNOWN_NO_CUSTOMER_VERBATIM_OR_SENTIMENT_LABEL,FEEDBACK_NOT_OBSERVED
1000,1001,5,HIGH_REPORTED,UNKNOWN_NO_CUSTOMER_VERBATIM_OR_SENTIMENT_LABEL,KEEP_OBSERVED_SCORE
1001,1002,,UNOBSERVED,UNKNOWN_NO_CUSTOMER_VERBATIM_OR_SENTIMENT_LABEL,FEEDBACK_NOT_OBSERVED
1002,1003,,UNOBSERVED,UNKNOWN_NO_CUSTOMER_VERBATIM_OR_SENTIMENT_LABEL,FEEDBACK_NOT_OBSERVED
1003,1004,,UNOBSERVED,UNKNOWN_NO_CUSTOMER_VERBATIM_OR_SENTIMENT_LABEL,FEEDBACK_NOT_OBSERVED
1004,1005,,UNOBSERVED,UNKNOWN_NO_CUSTOMER_VERBATIM_OR_SENTIMENT_LABEL,FEEDBACK_NOT_OBSERVED
1005,1006,3,MIDDLE_REPORTED,UNKNOWN_NO_CUSTOMER_VERBATIM_OR_SENTIMENT_LABEL,KEEP_OBSERVED_SCORE
1006,1007,,UNOBSERVED,UNKNOWN_NO_CUSTOMER_VERBATIM_OR_SENTIMENT_LABEL,FEEDBACK_NOT_OBSERVED
1007,1008,4,HIGH_REPORTED,UNKNOWN_NO_CUSTOMER_VERBATIM_OR_SENTIMENT_LABEL,KEEP_OBSERVED_SCORE
1008,1009,,UNOBSERVED,UNKNOWN_NO_CUSTOMER_VERBATIM_OR_SENTIMENT_LABEL,FEEDBACK_NOT_OBSERVED
1009,1010,3,MIDDLE_REPORTED,UNKNOWN_NO_CUSTOMER_VERBATIM_OR_SENTIMENT_LABEL,KEEP_OBSERVED_SCORE
1010,1011,2,LOW_REPORTED,UNKNOWN_NO_CUSTOMER_VERBATIM_OR_SENTIMENT_LABEL,REVIEW_REPORTED_LOW_CSAT
1011,1012,5,HIGH_REPORTED,UNKNOWN_NO_CUSTOMER_VERBATIM_OR_SENTIMENT_LABEL,KEEP_OBSERVED_SCORE
1012,1013,,UNOBSERVED,UNKNOWN_NO_CUSTOMER_VERBATIM_OR_SENTIMENT_LABEL,FEEDBACK_NOT_OBSERVED
1013,1014,4,HIGH_REPORTED,UNKNOWN_NO_CUSTOMER_VERBATIM_OR_SENTIMENT_LABEL,KEEP_OBSERVED_SCORE
1014,1015,,UNOBSERVED,UNKNOWN_NO_CUSTOMER_VERBATIM_OR_SENTIMENT_LABEL,FEEDBACK_NOT_OBSERVED
1015,1016,,UNOBSERVED,UNKNOWN_NO_CUSTOMER_VERBATIM_OR_SENTIMENT_LABEL,FEEDBACK_NOT_OBSERVED
1016,1017,1,LOW_REPORTED,UNKNOWN_NO_CUSTOMER_VERBATIM_OR_SENTIMENT_LABEL,REVIEW_REPORTED_LOW_CSAT
1017,1018,,UNOBSERVED,UNKNOWN_NO_CUSTOMER_VERBATIM_OR_SENTIMENT_LABEL,FEEDBACK_NOT_OBSERVED
1018,1019,2,LOW_REPORTED,UNKNOWN_NO_CUSTOMER_VERBATIM_OR_SENTIMENT_LABEL,REVIEW_REPORTED_LOW_CSAT
1019,1020,,UNOBSERVED,UNKNOWN_NO_CUSTOMER_VERBATIM_OR_SENTIMENT_LABEL,FEEDBACK_NOT_OBSERVED
1020,1021,2,LOW_REPORTED,UNKNOWN_NO_CUSTOMER_VERBATIM_OR_SENTIMENT_LABEL,REVIEW_REPORTED_LOW_CSAT
1021,1022,,UNOBSERVED,UNKNOWN_NO_CUSTOMER_VERBATIM_OR_SENTIMENT_LABEL,FEEDBACK_NOT_OBSERVED
1022,1023,5,HIGH_REPORTED,UNKNOWN_NO_CUSTOMER_VERBATIM_OR_SENTIMENT_LABEL,KEEP_OBSERVED_SCORE
1023,1024,,UNOBSERVED,UNKNOWN_NO_CUSTOMER_VERBATIM_OR_SENTIMENT_LABEL,FEEDBACK_NOT_OBSERVED
1024,1025,,UNOBSERVED,UNKNOWN_NO_CUSTOMER_VERBATIM_OR_SENTIMENT_LABEL,FEEDBACK_NOT_OBSERVED
1025,1026,,UNOBSERVED,UNKNOWN_NO_CUSTOMER_VERBATIM_OR_SENTIMENT_LABEL,FEEDBACK_NOT_OBSERVED
1026,1027,,UNOBSERVED,UNKNOWN_NO_CUSTOMER_VERBATIM_OR_SENTIMENT_LABEL,FEEDBACK_NOT_OBSERVED
1027,1028,,UNOBSERVED,UNKNOWN_NO_CUSTOMER_VERBATIM_OR_SENTIMENT_LABEL,FEEDBACK_NOT_OBSERVED
1028,1029,,UNOBSERVED,UNKNOWN_NO_CUSTOMER_VERBATIM_OR_SENTIMENT_LABEL,FEEDBACK_NOT_OBSERVED
1029,1030,,UNOBSERVED,UNKNOWN_NO_CUSTOMER_VERBATIM_OR_SENTIMENT_LABEL,FEEDBACK_NOT_OBSERVED
1030,1031,1,LOW_REPORTED,UNKNOWN_NO_CUSTOMER_VERBATIM_OR_SENTIMENT_LABEL,REVIEW_REPORTED_LOW_CSAT
1031,1032,1,LOW_REPORTED,UNKNOWN_NO_CUSTOMER_VERBATIM_OR_SENTIMENT_LABEL,REVIEW_REPORTED_LOW_CSAT
1032,1033,,UNOBSERVED,UNKNOWN_NO_CUSTOMER_VERBATIM_OR_SENTIMENT_LABEL,FEEDBACK_NOT_OBSERVED
1033,1034,5,HIGH_REPORTED,UNKNOWN_NO_CUSTOMER_VERBATIM_OR_SENTIMENT_LABEL,KEEP_OBSERVED_SCORE
1034,1035,,UNOBSERVED,UNKNOWN_NO_CUSTOMER_VERBATIM_OR_SENTIMENT_LABEL,FEEDBACK_NOT_OBSERVED
1035,1036,4,HIGH_REPORTED,UNKNOWN_NO_CUSTOMER_VERBATIM_OR_SENTIMENT_LABEL,KEEP_OBSERVED_SCORE
1036,1037,,UNOBSERVED,UNKNOWN_NO_CUSTOMER_VERBATIM_OR_SENTIMENT_LABEL,FEEDBACK_NOT_OBSERVED
1037,1038,,UNOBSERVED,UNKNOWN_NO_CUSTOMER_VERBATIM_OR_SENTIMENT_LABEL,FEEDBACK_NOT_OBSERVED
1038,1039,5,HIGH_REPORTED,UNKNOWN_NO_CUSTOMER_VERBATIM_OR_SENTIMENT_LABEL,KEEP_OBSERVED_SCORE
1039,1040,,UNOBSERVED,UNKNOWN_NO_CUSTOMER_VERBATIM_OR_SENTIMENT_LABEL,FEEDBACK_NOT_OBSERVED
1040,1041,2,LOW_REPORTED,UNKNOWN_NO_CUSTOMER_VERBATIM_OR_SENTIMENT_LABEL,REVIEW_REPORTED_LOW_CSAT
1041,1042,1,LOW_REPORTED,UNKNOWN_NO_CUSTOMER_VERBATIM_OR_SENTIMENT_LABEL,REVIEW_REPORTED_LOW_CSAT
1042,1043,,UNOBSERVED,UNKNOWN_NO_CUSTOMER_VERBATIM_OR_SENTIMENT_LABEL,FEEDBACK_NOT_OBSERVED
1043,1044,4,HIGH_REPORTED,UNKNOWN_NO_CUSTOMER_VERBATIM_OR_SENTIMENT_LABEL,KEEP_OBSERVED_SCORE
1044,1045,,UNOBSERVED,UNKNOWN_NO_CUSTOMER_VERBATIM_OR_SENTIMENT_LABEL,FEEDBACK_NOT_OBSERVED
1045,1046,,UNOBSERVED,UNKNOWN_NO_CUSTOMER_VERBATIM_OR_SENTIMENT_LABEL,FEEDBACK_NOT_OBSERVED
1046,1047,2,LOW_REPORTED,UNKNOWN_NO_CUSTOMER_VERBATIM_OR_SENTIMENT_LABEL,REVIEW_REPORTED_LOW_CSAT
1047,1048,,UNOBSERVED,UNKNOWN_NO_CUSTOMER_VERBATIM_OR_SENTIMENT_LABEL,FEEDBACK_NOT_OBSERVED
1048,1049,4,HIGH_REPORTED,UNKNOWN_NO_CUSTOMER_VERBATIM_OR_SENTIMENT_LABEL,KEEP_OBSERVED_SCORE
1049,1050,2,LOW_REPORTED,UNKNOWN_NO_CUSTOMER_VERBATIM_OR_SENTIMENT_LABEL,REVIEW_REPORTED_LOW_CSAT
1050,1051,,UNOBSERVED,UNKNOWN_NO_CUSTOMER_VERBATIM_OR_SENTIMENT_LABEL,FEEDBACK_NOT_OBSERVED
1051,1052,,UNOBSERVED,UNKNOWN_NO_CUSTOMER_VERBATIM_OR_SENTIMENT_LABEL,FEEDBACK_NOT_OBSERVED
1052,1053,,UNOBSERVED,UNKNOWN_NO_CUSTOMER_VERBATIM_OR_SENTIMENT_LABEL,FEEDBACK_NOT_OBSERVED
1053,1054,,UNOBSERVED,UNKNOWN_NO_CUSTOMER_VERBATIM_OR_SENTIMENT_LABEL,FEEDBACK_NOT_OBSERVED
1054,1055,,UNOBSERVED,UNKNOWN_NO_CUSTOMER_VERBATIM_OR_SENTIMENT_LABEL,FEEDBACK_NOT_OBSERVED
1055,1056,,UNOBSERVED,UNKNOWN_NO_CUSTOMER_VERBATIM_OR_SENTIMENT_LABEL,FEEDBACK_NOT_OBSERVED
1056,1057,,UNOBSERVED,UNKNOWN_NO_CUSTOMER_VERBATIM_OR_SENTIMENT_LABEL,FEEDBACK_NOT_OBSERVED
1057,1058,,UNOBSERVED,UNKNOWN_NO_CUSTOMER_VERBATIM_OR_SENTIMENT_LABEL,FEEDBACK_NOT_OBSERVED
1058,1059,,UNOBSERVED,UNKNOWN_NO_CUSTOMER_VERBATIM_OR_SENTIMENT_LABEL,FEEDBACK_NOT_OBSERVED
1059,1060,,UNOBSERVED,UNKNOWN_NO_CUSTOMER_VERBATIM_OR_SENTIMENT_LABEL,FEEDBACK_NOT_OBSERVED
1060,1061,,UNOBSERVED,UNKNOWN_NO_CUSTOMER_VERBATIM_OR_SENTIMENT_LABEL,FEEDBACK_NOT_OBSERVED
1061,1062,3,MIDDLE_REPORTED,UNKNOWN_NO_CUSTOMER_VERBATIM_OR_SENTIMENT_LABEL,KEEP_OBSERVED_SCORE
1062,1063,,UNOBSERVED,UNKNOWN_NO_CUSTOMER_VERBATIM_OR_SENTIMENT_LABEL,FEEDBACK_NOT_OBSERVED
1063,1064,4,HIGH_REPORTED,UNKNOWN_NO_CUSTOMER_VERBATIM_OR_SENTIMENT_LABEL,KEEP_OBSERVED_SCORE
1064,1065,2,LOW_REPORTED,UNKNOWN_NO_CUSTOMER_VERBATIM_OR_SENTIMENT_LABEL,REVIEW_REPORTED_LOW_CSAT
1065,1066,,UNOBSERVED,UNKNOWN_NO_CUSTOMER_VERBATIM_OR_SENTIMENT_LABEL,FEEDBACK_NOT_OBSERVED
1066,1067,,UNOBSERVED,UNKNOWN_NO_CUSTOMER_VERBATIM_OR_SENTIMENT_LABEL,FEEDBACK_NOT_OBSERVED
1067,1068,,UNOBSERVED,UNKNOWN_NO_CUSTOMER_VERBATIM_OR_SENTIMENT_LABEL,FEEDBACK_NOT_OBSERVED
1068,1069,5,HIGH_REPORTED,UNKNOWN_NO_CUSTOMER_VERBATIM_OR_SENTIMENT_LABEL,KEEP_OBSERVED_SCORE
1069,1070,4,HIGH_REPORTED,UNKNOWN_NO_CUSTOMER_VERBATIM_OR_SENTIMENT_LABEL,KEEP_OBSERVED_SCORE
1070,1071,4,HIGH_REPORTED,UNKNOWN_NO_CUSTOMER_VERBATIM_OR_SENTIMENT_LABEL,KEEP_OBSERVED_SCORE
1071,1072,,UNOBSERVED,UNKNOWN_NO_CUSTOMER_VERBATIM_OR_SENTIMENT_LABEL,FEEDBACK_NOT_OBSERVED
1072,1073,5,HIGH_REPORTED,UNKNOWN_NO_CUSTOMER_VERBATIM_OR_SENTIMENT_LABEL,KEEP_OBSERVED_SCORE
1073,1074,1,LOW_REPORTED,UNKNOWN_NO_CUSTOMER_VERBATIM_OR_SENTIMENT_LABEL,REVIEW_REPORTED_LOW_CSAT
1074,1075,2,LOW_REPORTED,UNKNOWN_NO_CUSTOMER_VERBATIM_OR_SENTIMENT_LABEL,REVIEW_REPORTED_LOW_CSAT
1075,1076,,UNOBSERVED,UNKNOWN_NO_CUSTOMER_VERBATIM_OR_SENTIMENT_LABEL,FEEDBACK_NOT_OBSERVED
1076,1077,,UNOBSERVED,UNKNOWN_NO_CUSTOMER_VERBATIM_OR_SENTIMENT_LABEL,FEEDBACK_NOT_OBSERVED
1077,1078,,UNOBSERVED,UNKNOWN_NO_CUSTOMER_VERBATIM_OR_SENTIMENT_LABEL,FEEDBACK_NOT_OBSERVED
1078,1079,,UNOBSERVED,UNKNOWN_NO_CUSTOMER_VERBATIM_OR_SENTIMENT_LABEL,FEEDBACK_NOT_OBSERVED
1079,1080,,UNOBSERVED,UNKNOWN_NO_CUSTOMER_VERBATIM_OR_SENTIMENT_LABEL,FEEDBACK_NOT_OBSERVED
1080,1081,,UNOBSERVED,UNKNOWN_NO_CUSTOMER_VERBATIM_OR_SENTIMENT_LABEL,FEEDBACK_NOT_OBSERVED
1081,1082,,UNOBSERVED,UNKNOWN_NO_CUSTOMER_VERBATIM_OR_SENTIMENT_LABEL,FEEDBACK_NOT_OBSERVED
1082,1083,,UNOBSERVED,UNKNOWN_NO_CUSTOMER_VERBATIM_OR_SENTIMENT_LABEL,FEEDBACK_NOT_OBSERVED
1083,1084,,UNOBSERVED,UNKNOWN_NO_CUSTOMER_VERBATIM_OR_SENTIMENT_LABEL,FEEDBACK_NOT_OBSERVED
1084,1085,,UNOBSERVED,UNKNOWN_NO_CUSTOMER_VERBATIM_OR_SENTIMENT_LABEL,FEEDBACK_NOT_OBSERVED
1085,1086,,UNOBSERVED,UNKNOWN_NO_CUSTOMER_VERBATIM_OR_SENTIMENT_LABEL,FEEDBACK_NOT_OBSERVED
1086,1087,,UNOBSERVED,UNKNOWN_NO_CUSTOMER_VERBATIM_OR_SENTIMENT_LABEL,FEEDBACK_NOT_OBSERVED
1087,1088,,UNOBSERVED,UNKNOWN_NO_CUSTOMER_VERBATIM_OR_SENTIMENT_LABEL,FEEDBACK_NOT_OBSERVED
1088,1089,,UNOBSERVED,UNKNOWN_NO_CUSTOMER_VERBATIM_OR_SENTIMENT_LABEL,FEEDBACK_NOT_OBSERVED
1089,1090,,UNOBSERVED,UNKNOWN_NO_CUSTOMER_VERBATIM_OR_SENTIMENT_LABEL,FEEDBACK_NOT_OBSERVED
1090,1091,3,MIDDLE_REPORTED,UNKNOWN_NO_CUSTOMER_VERBATIM_OR_SENTIMENT_LABEL,KEEP_OBSERVED_SCORE
1091,1092,,UNOBSERVED,UNKNOWN_NO_CUSTOMER_VERBATIM_OR_SENTIMENT_LABEL,FEEDBACK_NOT_OBSERVED
1092,1093,3,MIDDLE_REPORTED,UNKNOWN_NO_CUSTOMER_VERBATIM_OR_SENTIMENT_LABEL,KEEP_OBSERVED_SCORE
1093,1094,,UNOBSERVED,UNKNOWN_NO_CUSTOMER_VERBATIM_OR_SENTIMENT_LABEL,FEEDBACK_NOT_OBSERVED
1094,1095,,UNOBSERVED,UNKNOWN_NO_CUSTOMER_VERBATIM_OR_SENTIMENT_LABEL,FEEDBACK_NOT_OBSERVED
1095,1096,2,LOW_REPORTED,UNKNOWN_NO_CUSTOMER_VERBATIM_OR_SENTIMENT_LABEL,REVIEW_REPORTED_LOW_CSAT
1096,1097,,UNOBSERVED,UNKNOWN_NO_CUSTOMER_VERBATIM_OR_SENTIMENT_LABEL,FEEDBACK_NOT_OBSERVED
1097,1098,,UNOBSERVED,UNKNOWN_NO_CUSTOMER_VERBATIM_OR_SENTIMENT_LABEL,FEEDBACK_NOT_OBSERVED
1098,1099,,UNOBSERVED,UNKNOWN_NO_CUSTOMER_VERBATIM_OR_SENTIMENT_LABEL,FEEDBACK_NOT_OBSERVED
1099,1100,,UNOBSERVED,UNKNOWN_NO_CUSTOMER_VERBATIM_OR_SENTIMENT_LABEL,FEEDBACK_NOT_OBSERVED
1100,1101,,UNOBSERVED,UNKNOWN_NO_CUSTOMER_VERBATIM_OR_SENTIMENT_LABEL,FEEDBACK_NOT_OBSERVED
1101,1102,,UNOBSERVED,UNKNOWN_NO_CUSTOMER_VERBATIM_OR_SENTIMENT_LABEL,FEEDBACK_NOT_OBSERVED
1102,1103,4,HIGH_REPORTED,UNKNOWN_NO_CUSTOMER_VERBATIM_OR_SENTIMENT_LABEL,KEEP_OBSERVED_SCORE
1103,1104,,UNOBSERVED,UNKNOWN_NO_CUSTOMER_VERBATIM_OR_SENTIMENT_LABEL,FEEDBACK_NOT_OBSERVED
1104,1105,,UNOBSERVED,UNKNOWN_NO_CUSTOMER_VERBATIM_OR_SENTIMENT_LABEL,FEEDBACK_NOT_OBSERVED
1105,1106,5,HIGH_REPORTED,UNKNOWN_NO_CUSTOMER_VERBATIM_OR_SENTIMENT_LABEL,KEEP_OBSERVED_SCORE
1106,1107,,UNOBSERVED,UNKNOWN_NO_CUSTOMER_VERBATIM_OR_SENTIMENT_LABEL,FEEDBACK_NOT_OBSERVED
1107,1108,,UNOBSERVED,UNKNOWN_NO_CUSTOMER_VERBATIM_OR_SENTIMENT_LABEL,FEEDBACK_NOT_OBSERVED
1108,1109,,UNOBSERVED,UNKNOWN_NO_CUSTOMER_VERBATIM_OR_SENTIMENT_LABEL,FEEDBACK_NOT_OBSERVED
1109,1110,,UNOBSERVED,UNKNOWN_NO_CUSTOMER_VERBATIM_OR_SENTIMENT_LABEL,FEEDBACK_NOT_OBSERVED
1110,1111,1,LOW_REPORTED,UNKNOWN_NO_CUSTOMER_VERBATIM_OR_SENTIMENT_LABEL,REVIEW_REPORTED_LOW_CSAT
1111,1112,4,HIGH_REPORTED,UNKNOWN_NO_CUSTOMER_VERBATIM_OR_SENTIMENT_LABEL,KEEP_OBSERVED_SCORE
1112,1113,,UNOBSERVED,UNKNOWN_NO_CUSTOMER_VERBATIM_OR_SENTIMENT_LABEL,FEEDBACK_NOT_OBSERVED
1113,1114,,UNOBSERVED,UNKNOWN_NO_CUSTOMER_VERBATIM_OR_SENTIMENT_LABEL,FEEDBACK_NOT_OBSERVED
1114,1115,4,HIGH_REPORTED,UNKNOWN_NO_CUSTOMER_VERBATIM_OR_SENTIMENT_LABEL,KEEP_OBSERVED_SCORE
1115,1116,,UNOBSERVED,UNKNOWN_NO_CUSTOMER_VERBATIM_OR_SENTIMENT_LABEL,FEEDBACK_NOT_OBSERVED
1116,1117,,UNOBSERVED,UNKNOWN_NO_CUSTOMER_VERBATIM_OR_SENTIMENT_LABEL,FEEDBACK_NOT_OBSERVED
1117,1118,,UNOBSERVED,UNKNOWN_NO_CUSTOMER_VERBATIM_OR_SENTIMENT_LABEL,FEEDBACK_NOT_OBSERVED
1118,1119,5,HIGH_REPORTED,UNKNOWN_NO_CUSTOMER_VERBATIM_OR_SENTIMENT_LABEL,KEEP_OBSERVED_SCORE
1119,1120,,UNOBSERVED,UNKNOWN_NO_CUSTOMER_VERBATIM_OR_SENTIMENT_LABEL,FEEDBACK_NOT_OBSERVED
1120,1121,,UNOBSERVED,UNKNOWN_NO_CUSTOMER_VERBATIM_OR_SENTIMENT_LABEL,FEEDBACK_NOT_OBSERVED
1121,1122,,UNOBSERVED,UNKNOWN_NO_CUSTOMER_VERBATIM_OR_SENTIMENT_LABEL,FEEDBACK_NOT_OBSERVED
1122,1123,,UNOBSERVED,UNKNOWN_NO_CUSTOMER_VERBATIM_OR_SENTIMENT_LABEL,FEEDBACK_NOT_OBSERVED
1123,1124,,UNOBSERVED,UNKNOWN_NO_CUSTOMER_VERBATIM_OR_SENTIMENT_LABEL,FEEDBACK_NOT_OBSERVED
1124,1125,,UNOBSERVED,UNKNOWN_NO_CUSTOMER_VERBATIM_OR_SENTIMENT_LABEL,FEEDBACK_NOT_OBSERVED
1125,1126,5,HIGH_REPORTED,UNKNOWN_NO_CUSTOMER_VERBATIM_OR_SENTIMENT_LABEL,KEEP_OBSERVED_SCORE
1126,1127,,UNOBSERVED,UNKNOWN_NO_CUSTOMER_VERBATIM_OR_SENTIMENT_LABEL,FEEDBACK_NOT_OBSERVED
1127,1128,4,HIGH_REPORTED,UNKNOWN_NO_CUSTOMER_VERBATIM_OR_SENTIMENT_LABEL,KEEP_OBSERVED_SCORE
1128,1129,,UNOBSERVED,UNKNOWN_NO_CUSTOMER_VERBATIM_OR_SENTIMENT_LABEL,FEEDBACK_NOT_OBSERVED
1129,1130,,UNOBSERVED,UNKNOWN_NO_CUSTOMER_VERBATIM_OR_SENTIMENT_LABEL,FEEDBACK_NOT_OBSERVED
1130,1131,1,LOW_REPORTED,UNKNOWN_NO_CUSTOMER_VERBATIM_OR_SENTIMENT_LABEL,REVIEW_REPORTED_LOW_CSAT
1131,1132,,UNOBSERVED,UNKNOWN_NO_CUSTOMER_VERBATIM_OR_SENTIMENT_LABEL,FEEDBACK_NOT_OBSERVED
1132,1133,,UNOBSERVED,UNKNOWN_NO_CUSTOMER_VERBATIM_OR_SENTIMENT_LABEL,FEEDBACK_NOT_OBSERVED
1133,1134,,UNOBSERVED,UNKNOWN_NO_CUSTOMER_VERBATIM_OR_SENTIMENT_LABEL,FEEDBACK_NOT_OBSERVED
1134,1135,,UNOBSERVED,UNKNOWN_NO_CUSTOMER_VERBATIM_OR_SENTIMENT_LABEL,FEEDBACK_NOT_OBSERVED
1135,1136,,UNOBSERVED,UNKNOWN_NO_CUSTOMER_VERBATIM_OR_SENTIMENT_LABEL,FEEDBACK_NOT_OBSERVED
1136,1137,2,LOW_REPORTED,UNKNOWN_NO_CUSTOMER_VERBATIM_OR_SENTIMENT_LABEL,REVIEW_REPORTED_LOW_CSAT
1137,1138,,UNOBSERVED,UNKNOWN_NO_CUSTOMER_VERBATIM_OR_SENTIMENT_LABEL,FEEDBACK_NOT_OBSERVED
1138,1139,,UNOBSERVED,UNKNOWN_NO_CUSTOMER_VERBATIM_OR_SENTIMENT_LABEL,FEEDBACK_NOT_OBSERVED
1139,1140,,UNOBSERVED,UNKNOWN_NO_CUSTOMER_VERBATIM_OR_SENTIMENT_LABEL,FEEDBACK_NOT_OBSERVED
1140,1141,,UNOBSERVED,UNKNOWN_NO_CUSTOMER_VERBATIM_OR_SENTIMENT_LABEL,FEEDBACK_NOT_OBSERVED
1141,1142,,UNOBSERVED,UNKNOWN_NO_CUSTOMER_VERBATIM_OR_SENTIMENT_LABEL,FEEDBACK_NOT_OBSERVED
1142,1143,,UNOBSERVED,UNKNOWN_NO_CUSTOMER_VERBATIM_OR_SENTIMENT_LABEL,FEEDBACK_NOT_OBSERVED
1143,1144,2,LOW_REPORTED,UNKNOWN_NO_CUSTOMER_VERBATIM_OR_SENTIMENT_LABEL,REVIEW_REPORTED_LOW_CSAT
1144,1145,,UNOBSERVED,UNKNOWN_NO_CUSTOMER_VERBATIM_OR_SENTIMENT_LABEL,FEEDBACK_NOT_OBSERVED
1145,1146,,UNOBSERVED,UNKNOWN_NO_CUSTOMER_VERBATIM_OR_SENTIMENT_LABEL,FEEDBACK_NOT_OBSERVED
1146,1147,4,HIGH_REPORTED,UNKNOWN_NO_CUSTOMER_VERBATIM_OR_SENTIMENT_LABEL,KEEP_OBSERVED_SCORE
1147,1148,,UNOBSERVED,UNKNOWN_NO_CUSTOMER_VERBATIM_OR_SENTIMENT_LABEL,FEEDBACK_NOT_OBSERVED
1148,1149,,UNOBSERVED,UNKNOWN_NO_CUSTOMER_VERBATIM_OR_SENTIMENT_LABEL,FEEDBACK_NOT_OBSERVED
1149,1150,,UNOBSERVED,UNKNOWN_NO_CUSTOMER_VERBATIM_OR_SENTIMENT_LABEL,FEEDBACK_NOT_OBSERVED
1150,1151,,UNOBSERVED,UNKNOWN_NO_CUSTOMER_VERBATIM_OR_SENTIMENT_LABEL,FEEDBACK_NOT_OBSERVED
1151,1152,2,LOW_REPORTED,UNKNOWN_NO_CUSTOMER_VERBATIM_OR_SENTIMENT_LABEL,REVIEW_REPORTED_LOW_CSAT
1152,1153,,UNOBSERVED,UNKNOWN_NO_CUSTOMER_VERBATIM_OR_SENTIMENT_LABEL,FEEDBACK_NOT_OBSERVED
1153,1154,,UNOBSERVED,UNKNOWN_NO_CUSTOMER_VERBATIM_OR_SENTIMENT_LABEL,FEEDBACK_NOT_OBSERVED
1154,1155,2,LOW_REPORTED,UNKNOWN_NO_CUSTOMER_VERBATIM_OR_SENTIMENT_LABEL,REVIEW_REPORTED_LOW_CSAT
1155,1156,,UNOBSERVED,UNKNOWN_NO_CUSTOMER_VERBATIM_OR_SENTIMENT_LABEL,FEEDBACK_NOT_OBSERVED
1156,1157,,UNOBSERVED,UNKNOWN_NO_CUSTOMER_VERBATIM_OR_SENTIMENT_LABEL,FEEDBACK_NOT_OBSERVED
1157,1158,,UNOBSERVED,UNKNOWN_NO_CUSTOMER_VERBATIM_OR_SENTIMENT_LABEL,FEEDBACK_NOT_OBSERVED
1158,1159,2,LOW_REPORTED,UNKNOWN_NO_CUSTOMER_VERBATIM_OR_SENTIMENT_LABEL,REVIEW_REPORTED_LOW_CSAT
1159,1160,,UNOBSERVED,UNKNOWN_NO_CUSTOMER_VERBATIM_OR_SENTIMENT_LABEL,FEEDBACK_NOT_OBSERVED
1160,1161,,UNOBSERVED,UNKNOWN_NO_CUSTOMER_VERBATIM_OR_SENTIMENT_LABEL,FEEDBACK_NOT_OBSERVED
1161,1162,,UNOBSERVED,UNKNOWN_NO_CUSTOMER_VERBATIM_OR_SENTIMENT_LABEL,FEEDBACK_NOT_OBSERVED
1162,1163,,UNOBSERVED,UNKNOWN_NO_CUSTOMER_VERBATIM_OR_SENTIMENT_LABEL,FEEDBACK_NOT_OBSERVED
1163,1164,,UNOBSERVED,UNKNOWN_NO_CUSTOMER_VERBATIM_OR_SENTIMENT_LABEL,FEEDBACK_NOT_OBSERVED
1164,1165,,UNOBSERVED,UNKNOWN_NO_CUSTOMER_VERBATIM_OR_SENTIMENT_LABEL,FEEDBACK_NOT_OBSERVED
1165,1166,5,HIGH_REPORTED,UNKNOWN_NO_CUSTOMER_VERBATIM_OR_SENTIMENT_LABEL,KEEP_OBSERVED_SCORE
1166,1167,5,HIGH_REPORTED,UNKNOWN_NO_CUSTOMER_VERBATIM_OR_SENTIMENT_LABEL,KEEP_OBSERVED_SCORE
1167,1168,5,HIGH_REPORTED,UNKNOWN_NO_CUSTOMER_VERBATIM_OR_SENTIMENT_LABEL,KEEP_OBSERVED_SCORE
1168,1169,,UNOBSERVED,UNKNOWN_NO_CUSTOMER_VERBATIM_OR_SENTIMENT_LABEL,FEEDBACK_NOT_OBSERVED
1169,1170,4,HIGH_REPORTED,UNKNOWN_NO_CUSTOMER_VERBATIM_OR_SENTIMENT_LABEL,KEEP_OBSERVED_SCORE
1170,1171,,UNOBSERVED,UNKNOWN_NO_CUSTOMER_VERBATIM_OR_SENTIMENT_LABEL,FEEDBACK_NOT_OBSERVED
1171,1172,,UNOBSERVED,UNKNOWN_NO_CUSTOMER_VERBATIM_OR_SENTIMENT_LABEL,FEEDBACK_NOT_OBSERVED
1172,1173,2,LOW_REPORTED,UNKNOWN_NO_CUSTOMER_VERBATIM_OR_SENTIMENT_LABEL,REVIEW_REPORTED_LOW_CSAT
1173,1174,,UNOBSERVED,UNKNOWN_NO_CUSTOMER_VERBATIM_OR_SENTIMENT_LABEL,FEEDBACK_NOT_OBSERVED
1174,1175,,UNOBSERVED,UNKNOWN_NO_CUSTOMER_VERBATIM_OR_SENTIMENT_LABEL,FEEDBACK_NOT_OBSERVED
1175,1176,1,LOW_REPORTED,UNKNOWN_NO_CUSTOMER_VERBATIM_OR_SENTIMENT_LABEL,REVIEW_REPORTED_LOW_CSAT
1176,1177,,UNOBSERVED,UNKNOWN_NO_CUSTOMER_VERBATIM_OR_SENTIMENT_LABEL,FEEDBACK_NOT_OBSERVED
1177,1178,,UNOBSERVED,UNKNOWN_NO_CUSTOMER_VERBATIM_OR_SENTIMENT_LABEL,FEEDBACK_NOT_OBSERVED
1178,1179,4,HIGH_REPORTED,UNKNOWN_NO_CUSTOMER_VERBATIM_OR_SENTIMENT_LABEL,KEEP_OBSERVED_SCORE
1179,1180,,UNOBSERVED,UNKNOWN_NO_CUSTOMER_VERBATIM_OR_SENTIMENT_LABEL,FEEDBACK_NOT_OBSERVED
1180,1181,,UNOBSERVED,UNKNOWN_NO_CUSTOMER_VERBATIM_OR_SENTIMENT_LABEL,FEEDBACK_NOT_OBSERVED
1181,1182,,UNOBSERVED,UNKNOWN_NO_CUSTOMER_VERBATIM_OR_SENTIMENT_LABEL,FEEDBACK_NOT_OBSERVED
1182,1183,,UNOBSERVED,UNKNOWN_NO_CUSTOMER_VERBATIM_OR_SENTIMENT_LABEL,FEEDBACK_NOT_OBSERVED
1183,1184,2,LOW_REPORTED,UNKNOWN_NO_CUSTOMER_VERBATIM_OR_SENTIMENT_LABEL,REVIEW_REPORTED_LOW_CSAT
1184,1185,5,HIGH_REPORTED,UNKNOWN_NO_CUSTOMER_VERBATIM_OR_SENTIMENT_LABEL,KEEP_OBSERVED_SCORE
1185,1186,,UNOBSERVED,UNKNOWN_NO_CUSTOMER_VERBATIM_OR_SENTIMENT_LABEL,FEEDBACK_NOT_OBSERVED
1186,1187,4,HIGH_REPORTED,UNKNOWN_NO_CUSTOMER_VERBATIM_OR_SENTIMENT_LABEL,KEEP_OBSERVED_SCORE
1187,1188,,UNOBSERVED,UNKNOWN_NO_CUSTOMER_VERBATIM_OR_SENTIMENT_LABEL,FEEDBACK_NOT_OBSERVED
1188,1189,5,HIGH_REPORTED,UNKNOWN_NO_CUSTOMER_VERBATIM_OR_SENTIMENT_LABEL,KEEP_OBSERVED_SCORE
1189,1190,3,MIDDLE_REPORTED,UNKNOWN_NO_CUSTOMER_VERBATIM_OR_SENTIMENT_LABEL,KEEP_OBSERVED_SCORE
1190,1191,5,HIGH_REPORTED,UNKNOWN_NO_CUSTOMER_VERBATIM_OR_SENTIMENT_LABEL,KEEP_OBSERVED_SCORE
1191,1192,2,LOW_REPORTED,UNKNOWN_NO_CUSTOMER_VERBATIM_OR_SENTIMENT_LABEL,REVIEW_REPORTED_LOW_CSAT
1192,1193,,UNOBSERVED,UNKNOWN_NO_CUSTOMER_VERBATIM_OR_SENTIMENT_LABEL,FEEDBACK_NOT_OBSERVED
1193,1194,,UNOBSERVED,UNKNOWN_NO_CUSTOMER_VERBATIM_OR_SENTIMENT_LABEL,FEEDBACK_NOT_OBSERVED
1194,1195,4,HIGH_REPORTED,UNKNOWN_NO_CUSTOMER_VERBATIM_OR_SENTIMENT_LABEL,KEEP_OBSERVED_SCORE
1195,1196,,UNOBSERVED,UNKNOWN_NO_CUSTOMER_VERBATIM_OR_SENTIMENT_LABEL,FEEDBACK_NOT_OBSERVED
1196,1197,,UNOBSERVED,UNKNOWN_NO_CUSTOMER_VERBATIM_OR_SENTIMENT_LABEL,FEEDBACK_NOT_OBSERVED
1197,1198,,UNOBSERVED,UNKNOWN_NO_CUSTOMER_VERBATIM_OR_SENTIMENT_LABEL,FEEDBACK_NOT_OBSERVED
1198,1199,,UNOBSERVED,UNKNOWN_NO_CUSTOMER_VERBATIM_OR_SENTIMENT_LABEL,FEEDBACK_NOT_OBSERVED
1199,1200,5,HIGH_REPORTED,UNKNOWN_NO_CUSTOMER_VERBATIM_OR_SENTIMENT_LABEL,KEEP_OBSERVED_SCORE
1200,1201,,UNOBSERVED,UNKNOWN_NO_CUSTOMER_VERBATIM_OR_SENTIMENT_LABEL,FEEDBACK_NOT_OBSERVED
1201,1202,,UNOBSERVED,UNKNOWN_NO_CUSTOMER_VERBATIM_OR_SENTIMENT_LABEL,FEEDBACK_NOT_OBSERVED
1202,1203,,UNOBSERVED,UNKNOWN_NO_CUSTOMER_VERBATIM_OR_SENTIMENT_LABEL,FEEDBACK_NOT_OBSERVED
1203,1204,,UNOBSERVED,UNKNOWN_NO_CUSTOMER_VERBATIM_OR_SENTIMENT_LABEL,FEEDBACK_NOT_OBSERVED
1204,1205,,UNOBSERVED,UNKNOWN_NO_CUSTOMER_VERBATIM_OR_SENTIMENT_LABEL,FEEDBACK_NOT_OBSERVED
1205,1206,,UNOBSERVED,UNKNOWN_NO_CUSTOMER_VERBATIM_OR_SENTIMENT_LABEL,FEEDBACK_NOT_OBSERVED
1206,1207,5,HIGH_REPORTED,UNKNOWN_NO_CUSTOMER_VERBATIM_OR_SENTIMENT_LABEL,KEEP_OBSERVED_SCORE
1207,1208,,UNOBSERVED,UNKNOWN_NO_CUSTOMER_VERBATIM_OR_SENTIMENT_LABEL,FEEDBACK_NOT_OBSERVED
1208,1209,5,HIGH_REPORTED,UNKNOWN_NO_CUSTOMER_VERBATIM_OR_SENTIMENT_LABEL,KEEP_OBSERVED_SCORE
1209,1210,3,MIDDLE_REPORTED,UNKNOWN_NO_CUSTOMER_VERBATIM_OR_SENTIMENT_LABEL,KEEP_OBSERVED_SCORE
1210,1211,,UNOBSERVED,UNKNOWN_NO_CUSTOMER_VERBATIM_OR_SENTIMENT_LABEL,FEEDBACK_NOT_OBSERVED
1211,1212,,UNOBSERVED,UNKNOWN_NO_CUSTOMER_VERBATIM_OR_SENTIMENT_LABEL,FEEDBACK_NOT_OBSERVED
1212,1213,,UNOBSERVED,UNKNOWN_NO_CUSTOMER_VERBATIM_OR_SENTIMENT_LABEL,FEEDBACK_NOT_OBSERVED
1213,1214,4,HIGH_REPORTED,UNKNOWN_NO_CUSTOMER_VERBATIM_OR_SENTIMENT_LABEL,KEEP_OBSERVED_SCORE
1214,1215,,UNOBSERVED,UNKNOWN_NO_CUSTOMER_VERBATIM_OR_SENTIMENT_LABEL,FEEDBACK_NOT_OBSERVED
1215,1216,,UNOBSERVED,UNKNOWN_NO_CUSTOMER_VERBATIM_OR_SENTIMENT_LABEL,FEEDBACK_NOT_OBSERVED
1216,1217,,UNOBSERVED,UNKNOWN_NO_CUSTOMER_VERBATIM_OR_SENTIMENT_LABEL,FEEDBACK_NOT_OBSERVED
1217,1218,5,HIGH_REPORTED,UNKNOWN_NO_CUSTOMER_VERBATIM_OR_SENTIMENT_LABEL,KEEP_OBSERVED_SCORE
1218,1219,5,HIGH_REPORTED,UNKNOWN_NO_CUSTOMER_VERBATIM_OR_SENTIMENT_LABEL,KEEP_OBSERVED_SCORE
1219,1220,,UNOBSERVED,UNKNOWN_NO_CUSTOMER_VERBATIM_OR_SENTIMENT_LABEL,FEEDBACK_NOT_OBSERVED
1220,1221,,UNOBSERVED,UNKNOWN_NO_CUSTOMER_VERBATIM_OR_SENTIMENT_LABEL,FEEDBACK_NOT_OBSERVED
1221,1222,,UNOBSERVED,UNKNOWN_NO_CUSTOMER_VERBATIM_OR_SENTIMENT_LABEL,FEEDBACK_NOT_OBSERVED
1222,1223,,UNOBSERVED,UNKNOWN_NO_CUSTOMER_VERBATIM_OR_SENTIMENT_LABEL,FEEDBACK_NOT_OBSERVED
1223,1224,,UNOBSERVED,UNKNOWN_NO_CUSTOMER_VERBATIM_OR_SENTIMENT_LABEL,FEEDBACK_NOT_OBSERVED
1224,1225,5,HIGH_REPORTED,UNKNOWN_NO_CUSTOMER_VERBATIM_OR_SENTIMENT_LABEL,KEEP_OBSERVED_SCORE
1225,1226,,UNOBSERVED,UNKNOWN_NO_CUSTOMER_VERBATIM_OR_SENTIMENT_LABEL,FEEDBACK_NOT_OBSERVED
1226,1227,,UNOBSERVED,UNKNOWN_NO_CUSTOMER_VERBATIM_OR_SENTIMENT_LABEL,FEEDBACK_NOT_OBSERVED
1227,1228,,UNOBSERVED,UNKNOWN_NO_CUSTOMER_VERBATIM_OR_SENTIMENT_LABEL,FEEDBACK_NOT_OBSERVED
1228,1229,,UNOBSERVED,UNKNOWN_NO_CUSTOMER_VERBATIM_OR_SENTIMENT_LABEL,FEEDBACK_NOT_OBSERVED
1229,1230,4,HIGH_REPORTED,UNKNOWN_NO_CUSTOMER_VERBATIM_OR_SENTIMENT_LABEL,KEEP_OBSERVED_SCORE
1230,1231,,UNOBSERVED,UNKNOWN_NO_CUSTOMER_VERBATIM_OR_SENTIMENT_LABEL,FEEDBACK_NOT_OBSERVED
1231,1232,,UNOBSERVED,UNKNOWN_NO_CUSTOMER_VERBATIM_OR_SENTIMENT_LABEL,FEEDBACK_NOT_OBSERVED
1232,1233,1,LOW_REPORTED,UNKNOWN_NO_CUSTOMER_VERBATIM_OR_SENTIMENT_LABEL,REVIEW_REPORTED_LOW_CSAT
1233,1234,,UNOBSERVED,UNKNOWN_NO_CUSTOMER_VERBATIM_OR_SENTIMENT_LABEL,FEEDBACK_NOT_OBSERVED
1234,1235,,UNOBSERVED,UNKNOWN_NO_CUSTOMER_VERBATIM_OR_SENTIMENT_LABEL,FEEDBACK_NOT_OBSERVED
1235,1236,,UNOBSERVED,UNKNOWN_NO_CUSTOMER_VERBATIM_OR_SENTIMENT_LABEL,FEEDBACK_NOT_OBSERVED
1236,1237,,UNOBSERVED,UNKNOWN_NO_CUSTOMER_VERBATIM_OR_SENTIMENT_LABEL,FEEDBACK_NOT_OBSERVED
1237,1238,,UNOBSERVED,UNKNOWN_NO_CUSTOMER_VERBATIM_OR_SENTIMENT_LABEL,FEEDBACK_NOT_OBSERVED
1238,1239,,UNOBSERVED,UNKNOWN_NO_CUSTOMER_VERBATIM_OR_SENTIMENT_LABEL,FEEDBACK_NOT_OBSERVED
1239,1240,,UNOBSERVED,UNKNOWN_NO_CUSTOMER_VERBATIM_OR_SENTIMENT_LABEL,FEEDBACK_NOT_OBSERVED
1240,1241,1,LOW_REPORTED,UNKNOWN_NO_CUSTOMER_VERBATIM_OR_SENTIMENT_LABEL,REVIEW_REPORTED_LOW_CSAT
1241,1242,,UNOBSERVED,UNKNOWN_NO_CUSTOMER_VERBATIM_OR_SENTIMENT_LABEL,FEEDBACK_NOT_OBSERVED
1242,1243,,UNOBSERVED,UNKNOWN_NO_CUSTOMER_VERBATIM_OR_SENTIMENT_LABEL,FEEDBACK_NOT_OBSERVED
1243,1244,5,HIGH_REPORTED,UNKNOWN_NO_CUSTOMER_VERBATIM_OR_SENTIMENT_LABEL,KEEP_OBSERVED_SCORE
1244,1245,,UNOBSERVED,UNKNOWN_NO_CUSTOMER_VERBATIM_OR_SENTIMENT_LABEL,FEEDBACK_NOT_OBSERVED
1245,1246,,UNOBSERVED,UNKNOWN_NO_CUSTOMER_VERBATIM_OR_SENTIMENT_LABEL,FEEDBACK_NOT_OBSERVED
1246,1247,,UNOBSERVED,UNKNOWN_NO_CUSTOMER_VERBATIM_OR_SENTIMENT_LABEL,FEEDBACK_NOT_OBSERVED
1247,1248,,UNOBSERVED,UNKNOWN_NO_CUSTOMER_VERBATIM_OR_SENTIMENT_LABEL,FEEDBACK_NOT_OBSERVED
1248,1249,1,LOW_REPORTED,UNKNOWN_NO_CUSTOMER_VERBATIM_OR_SENTIMENT_LABEL,REVIEW_REPORTED_LOW_CSAT
1249,1250,,UNOBSERVED,UNKNOWN_NO_CUSTOMER_VERBATIM_OR_SENTIMENT_LABEL,FEEDBACK_NOT_OBSERVED
1250,1251,3,MIDDLE_REPORTED,UNKNOWN_NO_CUSTOMER_VERBATIM_OR_SENTIMENT_LABEL,KEEP_OBSERVED_SCORE
1251,1252,,UNOBSERVED,UNKNOWN_NO_CUSTOMER_VERBATIM_OR_SENTIMENT_LABEL,FEEDBACK_NOT_OBSERVED
1252,1253,,UNOBSERVED,UNKNOWN_NO_CUSTOMER_VERBATIM_OR_SENTIMENT_LABEL,FEEDBACK_NOT_OBSERVED
1253,1254,,UNOBSERVED,UNKNOWN_NO_CUSTOMER_VERBATIM_OR_SENTIMENT_LABEL,FEEDBACK_NOT_OBSERVED
1254,1255,,UNOBSERVED,UNKNOWN_NO_CUSTOMER_VERBATIM_OR_SENTIMENT_LABEL,FEEDBACK_NOT_OBSERVED
1255,1256,,UNOBSERVED,UNKNOWN_NO_CUSTOMER_VERBATIM_OR_SENTIMENT_LABEL,FEEDBACK_NOT_OBSERVED
1256,1257,2,LOW_REPORTED,UNKNOWN_NO_CUSTOMER_VERBATIM_OR_SENTIMENT_LABEL,REVIEW_REPORTED_LOW_CSAT
1257,1258,5,HIGH_REPORTED,UNKNOWN_NO_CUSTOMER_VERBATIM_OR_SENTIMENT_LABEL,KEEP_OBSERVED_SCORE
1258,1259,,UNOBSERVED,UNKNOWN_NO_CUSTOMER_VERBATIM_OR_SENTIMENT_LABEL,FEEDBACK_NOT_OBSERVED
1259,1260,,UNOBSERVED,UNKNOWN_NO_CUSTOMER_VERBATIM_OR_SENTIMENT_LABEL,FEEDBACK_NOT_OBSERVED
1260,1261,,UNOBSERVED,UNKNOWN_NO_CUSTOMER_VERBATIM_OR_SENTIMENT_LABEL,FEEDBACK_NOT_OBSERVED
1261,1262,,UNOBSERVED,UNKNOWN_NO_CUSTOMER_VERBATIM_OR_SENTIMENT_LABEL,FEEDBACK_NOT_OBSERVED
1262,1263,,UNOBSERVED,UNKNOWN_NO_CUSTOMER_VERBATIM_OR_SENTIMENT_LABEL,FEEDBACK_NOT_OBSERVED
1263,1264,,UNOBSERVED,UNKNOWN_NO_CUSTOMER_VERBATIM_OR_SENTIMENT_LABEL,FEEDBACK_NOT_OBSERVED
1264,1265,,UNOBSERVED,UNKNOWN_NO_CUSTOMER_VERBATIM_OR_SENTIMENT_LABEL,FEEDBACK_NOT_OBSERVED
1265,1266,5,HIGH_REPORTED,UNKNOWN_NO_CUSTOMER_VERBATIM_OR_SENTIMENT_LABEL,KEEP_OBSERVED_SCORE
1266,1267,5,HIGH_REPORTED,UNKNOWN_NO_CUSTOMER_VERBATIM_OR_SENTIMENT_LABEL,KEEP_OBSERVED_SCORE
1267,1268,5,HIGH_REPORTED,UNKNOWN_NO_CUSTOMER_VERBATIM_OR_SENTIMENT_LABEL,KEEP_OBSERVED_SCORE
1268,1269,,UNOBSERVED,UNKNOWN_NO_CUSTOMER_VERBATIM_OR_SENTIMENT_LABEL,FEEDBACK_NOT_OBSERVED
1269,1270,,UNOBSERVED,UNKNOWN_NO_CUSTOMER_VERBATIM_OR_SENTIMENT_LABEL,FEEDBACK_NOT_OBSERVED
1270,1271,4,HIGH_REPORTED,UNKNOWN_NO_CUSTOMER_VERBATIM_OR_SENTIMENT_LABEL,KEEP_OBSERVED_SCORE
1271,1272,,UNOBSERVED,UNKNOWN_NO_CUSTOMER_VERBATIM_OR_SENTIMENT_LABEL,FEEDBACK_NOT_OBSERVED
1272,1273,1,LOW_REPORTED,UNKNOWN_NO_CUSTOMER_VERBATIM_OR_SENTIMENT_LABEL,REVIEW_REPORTED_LOW_CSAT
1273,1274,,UNOBSERVED,UNKNOWN_NO_CUSTOMER_VERBATIM_OR_SENTIMENT_LABEL,FEEDBACK_NOT_OBSERVED
1274,1275,,UNOBSERVED,UNKNOWN_NO_CUSTOMER_VERBATIM_OR_SENTIMENT_LABEL,FEEDBACK_NOT_OBSERVED
1275,1276,,UNOBSERVED,UNKNOWN_NO_CUSTOMER_VERBATIM_OR_SENTIMENT_LABEL,FEEDBACK_NOT_OBSERVED
1276,1277,,UNOBSERVED,UNKNOWN_NO_CUSTOMER_VERBATIM_OR_SENTIMENT_LABEL,FEEDBACK_NOT_OBSERVED
1277,1278,2,LOW_REPORTED,UNKNOWN_NO_CUSTOMER_VERBATIM_OR_SENTIMENT_LABEL,REVIEW_REPORTED_LOW_CSAT
1278,1279,1,LOW_REPORTED,UNKNOWN_NO_CUSTOMER_VERBATIM_OR_SENTIMENT_LABEL,REVIEW_REPORTED_LOW_CSAT
1279,1280,4,HIGH_REPORTED,UNKNOWN_NO_CUSTOMER_VERBATIM_OR_SENTIMENT_LABEL,KEEP_OBSERVED_SCORE
1280,1281,,UNOBSERVED,UNKNOWN_NO_CUSTOMER_VERBATIM_OR_SENTIMENT_LABEL,FEEDBACK_NOT_OBSERVED
1281,1282,1,LOW_REPORTED,UNKNOWN_NO_CUSTOMER_VERBATIM_OR_SENTIMENT_LABEL,REVIEW_REPORTED_LOW_CSAT
1282,1283,,UNOBSERVED,UNKNOWN_NO_CUSTOMER_VERBATIM_OR_SENTIMENT_LABEL,FEEDBACK_NOT_OBSERVED
1283,1284,1,LOW_REPORTED,UNKNOWN_NO_CUSTOMER_VERBATIM_OR_SENTIMENT_LABEL,REVIEW_REPORTED_LOW_CSAT
1284,1285,,UNOBSERVED,UNKNOWN_NO_CUSTOMER_VERBATIM_OR_SENTIMENT_LABEL,FEEDBACK_NOT_OBSERVED
1285,1286,,UNOBSERVED,UNKNOWN_NO_CUSTOMER_VERBATIM_OR_SENTIMENT_LABEL,FEEDBACK_NOT_OBSERVED
1286,1287,,UNOBSERVED,UNKNOWN_NO_CUSTOMER_VERBATIM_OR_SENTIMENT_LABEL,FEEDBACK_NOT_OBSERVED
1287,1288,,UNOBSERVED,UNKNOWN_NO_CUSTOMER_VERBATIM_OR_SENTIMENT_LABEL,FEEDBACK_NOT_OBSERVED
1288,1289,,UNOBSERVED,UNKNOWN_NO_CUSTOMER_VERBATIM_OR_SENTIMENT_LABEL,FEEDBACK_NOT_OBSERVED
1289,1290,,UNOBSERVED,UNKNOWN_NO_CUSTOMER_VERBATIM_OR_SENTIMENT_LABEL,FEEDBACK_NOT_OBSERVED
1290,1291,,UNOBSERVED,UNKNOWN_NO_CUSTOMER_VERBATIM_OR_SENTIMENT_LABEL,FEEDBACK_NOT_OBSERVED
1291,1292,,UNOBSERVED,UNKNOWN_NO_CUSTOMER_VERBATIM_OR_SENTIMENT_LABEL,FEEDBACK_NOT_OBSERVED
1292,1293,,UNOBSERVED,UNKNOWN_NO_CUSTOMER_VERBATIM_OR_SENTIMENT_LABEL,FEEDBACK_NOT_OBSERVED
1293,1294,,UNOBSERVED,UNKNOWN_NO_CUSTOMER_VERBATIM_OR_SENTIMENT_LABEL,FEEDBACK_NOT_OBSERVED
1294,1295,2,LOW_REPORTED,UNKNOWN_NO_CUSTOMER_VERBATIM_OR_SENTIMENT_LABEL,REVIEW_REPORTED_LOW_CSAT
1295,1296,,UNOBSERVED,UNKNOWN_NO_CUSTOMER_VERBATIM_OR_SENTIMENT_LABEL,FEEDBACK_NOT_OBSERVED
1296,1297,5,HIGH_REPORTED,UNKNOWN_NO_CUSTOMER_VERBATIM_OR_SENTIMENT_LABEL,KEEP_OBSERVED_SCORE
1297,1298,2,LOW_REPORTED,UNKNOWN_NO_CUSTOMER_VERBATIM_OR_SENTIMENT_LABEL,REVIEW_REPORTED_LOW_CSAT
1298,1299,,UNOBSERVED,UNKNOWN_NO_CUSTOMER_VERBATIM_OR_SENTIMENT_LABEL,FEEDBACK_NOT_OBSERVED
1299,1300,4,HIGH_REPORTED,UNKNOWN_NO_CUSTOMER_VERBATIM_OR_SENTIMENT_LABEL,KEEP_OBSERVED_SCORE
1300,1301,,UNOBSERVED,UNKNOWN_NO_CUSTOMER_VERBATIM_OR_SENTIMENT_LABEL,FEEDBACK_NOT_OBSERVED
1301,1302,2,LOW_REPORTED,UNKNOWN_NO_CUSTOMER_VERBATIM_OR_SENTIMENT_LABEL,REVIEW_REPORTED_LOW_CSAT
1302,1303,,UNOBSERVED,UNKNOWN_NO_CUSTOMER_VERBATIM_OR_SENTIMENT_LABEL,FEEDBACK_NOT_OBSERVED
1303,1304,,UNOBSERVED,UNKNOWN_NO_CUSTOMER_VERBATIM_OR_SENTIMENT_LABEL,FEEDBACK_NOT_OBSERVED
1304,1305,,UNOBSERVED,UNKNOWN_NO_CUSTOMER_VERBATIM_OR_SENTIMENT_LABEL,FEEDBACK_NOT_OBSERVED
1305,1306,,UNOBSERVED,UNKNOWN_NO_CUSTOMER_VERBATIM_OR_SENTIMENT_LABEL,FEEDBACK_NOT_OBSERVED
1306,1307,4,HIGH_REPORTED,UNKNOWN_NO_CUSTOMER_VERBATIM_OR_SENTIMENT_LABEL,KEEP_OBSERVED_SCORE
1307,1308,3,MIDDLE_REPORTED,UNKNOWN_NO_CUSTOMER_VERBATIM_OR_SENTIMENT_LABEL,KEEP_OBSERVED_SCORE
1308,1309,,UNOBSERVED,UNKNOWN_NO_CUSTOMER_VERBATIM_OR_SENTIMENT_LABEL,FEEDBACK_NOT_OBSERVED
1309,1310,,UNOBSERVED,UNKNOWN_NO_CUSTOMER_VERBATIM_OR_SENTIMENT_LABEL,FEEDBACK_NOT_OBSERVED
1310,1311,5,HIGH_REPORTED,UNKNOWN_NO_CUSTOMER_VERBATIM_OR_SENTIMENT_LABEL,KEEP_OBSERVED_SCORE
1311,1312,4,HIGH_REPORTED,UNKNOWN_NO_CUSTOMER_VERBATIM_OR_SENTIMENT_LABEL,KEEP_OBSERVED_SCORE
1312,1313,1,LOW_REPORTED,UNKNOWN_NO_CUSTOMER_VERBATIM_OR_SENTIMENT_LABEL,REVIEW_REPORTED_LOW_CSAT
1313,1314,,UNOBSERVED,UNKNOWN_NO_CUSTOMER_VERBATIM_OR_SENTIMENT_LABEL,FEEDBACK_NOT_OBSERVED
1314,1315,3,MIDDLE_REPORTED,UNKNOWN_NO_CUSTOMER_VERBATIM_OR_SENTIMENT_LABEL,KEEP_OBSERVED_SCORE
1315,1316,,UNOBSERVED,UNKNOWN_NO_CUSTOMER_VERBATIM_OR_SENTIMENT_LABEL,FEEDBACK_NOT_OBSERVED
1316,1317,5,HIGH_REPORTED,UNKNOWN_NO_CUSTOMER_VERBATIM_OR_SENTIMENT_LABEL,KEEP_OBSERVED_SCORE
1317,1318,1,LOW_REPORTED,UNKNOWN_NO_CUSTOMER_VERBATIM_OR_SENTIMENT_LABEL,REVIEW_REPORTED_LOW_CSAT
1318,1319,,UNOBSERVED,UNKNOWN_NO_CUSTOMER_VERBATIM_OR_SENTIMENT_LABEL,FEEDBACK_NOT_OBSERVED
1319,1320,,UNOBSERVED,UNKNOWN_NO_CUSTOMER_VERBATIM_OR_SENTIMENT_LABEL,FEEDBACK_NOT_OBSERVED
1320,1321,1,LOW_REPORTED,UNKNOWN_NO_CUSTOMER_VERBATIM_OR_SENTIMENT_LABEL,REVIEW_REPORTED_LOW_CSAT
1321,1322,,UNOBSERVED,UNKNOWN_NO_CUSTOMER_VERBATIM_OR_SENTIMENT_LABEL,FEEDBACK_NOT_OBSERVED
1322,1323,,UNOBSERVED,UNKNOWN_NO_CUSTOMER_VERBATIM_OR_SENTIMENT_LABEL,FEEDBACK_NOT_OBSERVED
1323,1324,,UNOBSERVED,UNKNOWN_NO_CUSTOMER_VERBATIM_OR_SENTIMENT_LABEL,FEEDBACK_NOT_OBSERVED
1324,1325,,UNOBSERVED,UNKNOWN_NO_CUSTOMER_VERBATIM_OR_SENTIMENT_LABEL,FEEDBACK_NOT_OBSERVED
1325,1326,,UNOBSERVED,UNKNOWN_NO_CUSTOMER_VERBATIM_OR_SENTIMENT_LABEL,FEEDBACK_NOT_OBSERVED
1326,1327,,UNOBSERVED,UNKNOWN_NO_CUSTOMER_VERBATIM_OR_SENTIMENT_LABEL,FEEDBACK_NOT_OBSERVED
1327,1328,,UNOBSERVED,UNKNOWN_NO_CUSTOMER_VERBATIM_OR_SENTIMENT_LABEL,FEEDBACK_NOT_OBSERVED
1328,1329,,UNOBSERVED,UNKNOWN_NO_CUSTOMER_VERBATIM_OR_SENTIMENT_LABEL,FEEDBACK_NOT_OBSERVED
1329,1330,2,LOW_REPORTED,UNKNOWN_NO_CUSTOMER_VERBATIM_OR_SENTIMENT_LABEL,REVIEW_REPORTED_LOW_CSAT
1330,1331,3,MIDDLE_REPORTED,UNKNOWN_NO_CUSTOMER_VERBATIM_OR_SENTIMENT_LABEL,KEEP_OBSERVED_SCORE
1331,1332,,UNOBSERVED,UNKNOWN_NO_CUSTOMER_VERBATIM_OR_SENTIMENT_LABEL,FEEDBACK_NOT_OBSERVED
1332,1333,3,MIDDLE_REPORTED,UNKNOWN_NO_CUSTOMER_VERBATIM_OR_SENTIMENT_LABEL,KEEP_OBSERVED_SCORE
1333,1334,5,HIGH_REPORTED,UNKNOWN_NO_CUSTOMER_VERBATIM_OR_SENTIMENT_LABEL,KEEP_OBSERVED_SCORE
1334,1335,5,HIGH_REPORTED,UNKNOWN_NO_CUSTOMER_VERBATIM_OR_SENTIMENT_LABEL,KEEP_OBSERVED_SCORE
1335,1336,,UNOBSERVED,UNKNOWN_NO_CUSTOMER_VERBATIM_OR_SENTIMENT_LABEL,FEEDBACK_NOT_OBSERVED
1336,1337,5,HIGH_REPORTED,UNKNOWN_NO_CUSTOMER_VERBATIM_OR_SENTIMENT_LABEL,KEEP_OBSERVED_SCORE
1337,1338,5,HIGH_REPORTED,UNKNOWN_NO_CUSTOMER_VERBATIM_OR_SENTIMENT_LABEL,KEEP_OBSERVED_SCORE
1338,1339,,UNOBSERVED,UNKNOWN_NO_CUSTOMER_VERBATIM_OR_SENTIMENT_LABEL,FEEDBACK_NOT_OBSERVED
1339,1340,,UNOBSERVED,UNKNOWN_NO_CUSTOMER_VERBATIM_OR_SENTIMENT_LABEL,FEEDBACK_NOT_OBSERVED
1340,1341,5,HIGH_REPORTED,UNKNOWN_NO_CUSTOMER_VERBATIM_OR_SENTIMENT_LABEL,KEEP_OBSERVED_SCORE
1341,1342,,UNOBSERVED,UNKNOWN_NO_CUSTOMER_VERBATIM_OR_SENTIMENT_LABEL,FEEDBACK_NOT_OBSERVED
1342,1343,2,LOW_REPORTED,UNKNOWN_NO_CUSTOMER_VERBATIM_OR_SENTIMENT_LABEL,REVIEW_REPORTED_LOW_CSAT
1343,1344,,UNOBSERVED,UNKNOWN_NO_CUSTOMER_VERBATIM_OR_SENTIMENT_LABEL,FEEDBACK_NOT_OBSERVED
1344,1345,2,LOW_REPORTED,UNKNOWN_NO_CUSTOMER_VERBATIM_OR_SENTIMENT_LABEL,REVIEW_REPORTED_LOW_CSAT
1345,1346,,UNOBSERVED,UNKNOWN_NO_CUSTOMER_VERBATIM_OR_SENTIMENT_LABEL,FEEDBACK_NOT_OBSERVED
1346,1347,,UNOBSERVED,UNKNOWN_NO_CUSTOMER_VERBATIM_OR_SENTIMENT_LABEL,FEEDBACK_NOT_OBSERVED
1347,1348,4,HIGH_REPORTED,UNKNOWN_NO_CUSTOMER_VERBATIM_OR_SENTIMENT_LABEL,KEEP_OBSERVED_SCORE
1348,1349,,UNOBSERVED,UNKNOWN_NO_CUSTOMER_VERBATIM_OR_SENTIMENT_LABEL,FEEDBACK_NOT_OBSERVED
1349,1350,,UNOBSERVED,UNKNOWN_NO_CUSTOMER_VERBATIM_OR_SENTIMENT_LABEL,FEEDBACK_NOT_OBSERVED
1350,1351,,UNOBSERVED,UNKNOWN_NO_CUSTOMER_VERBATIM_OR_SENTIMENT_LABEL,FEEDBACK_NOT_OBSERVED
1351,1352,1,LOW_REPORTED,UNKNOWN_NO_CUSTOMER_VERBATIM_OR_SENTIMENT_LABEL,REVIEW_REPORTED_LOW_CSAT
1352,1353,4,HIGH_REPORTED,UNKNOWN_NO_CUSTOMER_VERBATIM_OR_SENTIMENT_LABEL,KEEP_OBSERVED_SCORE
1353,1354,,UNOBSERVED,UNKNOWN_NO_CUSTOMER_VERBATIM_OR_SENTIMENT_LABEL,FEEDBACK_NOT_OBSERVED
1354,1355,5,HIGH_REPORTED,UNKNOWN_NO_CUSTOMER_VERBATIM_OR_SENTIMENT_LABEL,KEEP_OBSERVED_SCORE
1355,1356,3,MIDDLE_REPORTED,UNKNOWN_NO_CUSTOMER_VERBATIM_OR_SENTIMENT_LABEL,KEEP_OBSERVED_SCORE
1356,1357,1,LOW_REPORTED,UNKNOWN_NO_CUSTOMER_VERBATIM_OR_SENTIMENT_LABEL,REVIEW_REPORTED_LOW_CSAT
1357,1358,2,LOW_REPORTED,UNKNOWN_NO_CUSTOMER_VERBATIM_OR_SENTIMENT_LABEL,REVIEW_REPORTED_LOW_CSAT
1358,1359,3,MIDDLE_REPORTED,UNKNOWN_NO_CUSTOMER_VERBATIM_OR_SENTIMENT_LABEL,KEEP_OBSERVED_SCORE
1359,1360,,UNOBSERVED,UNKNOWN_NO_CUSTOMER_VERBATIM_OR_SENTIMENT_LABEL,FEEDBACK_NOT_OBSERVED
1360,1361,,UNOBSERVED,UNKNOWN_NO_CUSTOMER_VERBATIM_OR_SENTIMENT_LABEL,FEEDBACK_NOT_OBSERVED
1361,1362,,UNOBSERVED,UNKNOWN_NO_CUSTOMER_VERBATIM_OR_SENTIMENT_LABEL,FEEDBACK_NOT_OBSERVED
1362,1363,3,MIDDLE_REPORTED,UNKNOWN_NO_CUSTOMER_VERBATIM_OR_SENTIMENT_LABEL,KEEP_OBSERVED_SCORE
1363,1364,,UNOBSERVED,UNKNOWN_NO_CUSTOMER_VERBATIM_OR_SENTIMENT_LABEL,FEEDBACK_NOT_OBSERVED
1364,1365,,UNOBSERVED,UNKNOWN_NO_CUSTOMER_VERBATIM_OR_SENTIMENT_LABEL,FEEDBACK_NOT_OBSERVED
1365,1366,,UNOBSERVED,UNKNOWN_NO_CUSTOMER_VERBATIM_OR_SENTIMENT_LABEL,FEEDBACK_NOT_OBSERVED
1366,1367,,UNOBSERVED,UNKNOWN_NO_CUSTOMER_VERBATIM_OR_SENTIMENT_LABEL,FEEDBACK_NOT_OBSERVED
1367,1368,,UNOBSERVED,UNKNOWN_NO_CUSTOMER_VERBATIM_OR_SENTIMENT_LABEL,FEEDBACK_NOT_OBSERVED
1368,1369,,UNOBSERVED,UNKNOWN_NO_CUSTOMER_VERBATIM_OR_SENTIMENT_LABEL,FEEDBACK_NOT_OBSERVED
1369,1370,,UNOBSERVED,UNKNOWN_NO_CUSTOMER_VERBATIM_OR_SENTIMENT_LABEL,FEEDBACK_NOT_OBSERVED
1370,1371,,UNOBSERVED,UNKNOWN_NO_CUSTOMER_VERBATIM_OR_SENTIMENT_LABEL,FEEDBACK_NOT_OBSERVED
1371,1372,5,HIGH_REPORTED,UNKNOWN_NO_CUSTOMER_VERBATIM_OR_SENTIMENT_LABEL,KEEP_OBSERVED_SCORE
1372,1373,,UNOBSERVED,UNKNOWN_NO_CUSTOMER_VERBATIM_OR_SENTIMENT_LABEL,FEEDBACK_NOT_OBSERVED
1373,1374,1,LOW_REPORTED,UNKNOWN_NO_CUSTOMER_VERBATIM_OR_SENTIMENT_LABEL,REVIEW_REPORTED_LOW_CSAT
1374,1375,3,MIDDLE_REPORTED,UNKNOWN_NO_CUSTOMER_VERBATIM_OR_SENTIMENT_LABEL,KEEP_OBSERVED_SCORE
1375,1376,,UNOBSERVED,UNKNOWN_NO_CUSTOMER_VERBATIM_OR_SENTIMENT_LABEL,FEEDBACK_NOT_OBSERVED
1376,1377,,UNOBSERVED,UNKNOWN_NO_CUSTOMER_VERBATIM_OR_SENTIMENT_LABEL,FEEDBACK_NOT_OBSERVED
1377,1378,,UNOBSERVED,UNKNOWN_NO_CUSTOMER_VERBATIM_OR_SENTIMENT_LABEL,FEEDBACK_NOT_OBSERVED
1378,1379,3,MIDDLE_REPORTED,UNKNOWN_NO_CUSTOMER_VERBATIM_OR_SENTIMENT_LABEL,KEEP_OBSERVED_SCORE
1379,1380,1,LOW_REPORTED,UNKNOWN_NO_CUSTOMER_VERBATIM_OR_SENTIMENT_LABEL,REVIEW_REPORTED_LOW_CSAT
1380,1381,,UNOBSERVED,UNKNOWN_NO_CUSTOMER_VERBATIM_OR_SENTIMENT_LABEL,FEEDBACK_NOT_OBSERVED
1381,1382,,UNOBSERVED,UNKNOWN_NO_CUSTOMER_VERBATIM_OR_SENTIMENT_LABEL,FEEDBACK_NOT_OBSERVED
1382,1383,,UNOBSERVED,UNKNOWN_NO_CUSTOMER_VERBATIM_OR_SENTIMENT_LABEL,FEEDBACK_NOT_OBSERVED
1383,1384,5,HIGH_REPORTED,UNKNOWN_NO_CUSTOMER_VERBATIM_OR_SENTIMENT_LABEL,KEEP_OBSERVED_SCORE
1384,1385,2,LOW_REPORTED,UNKNOWN_NO_CUSTOMER_VERBATIM_OR_SENTIMENT_LABEL,REVIEW_REPORTED_LOW_CSAT
1385,1386,,UNOBSERVED,UNKNOWN_NO_CUSTOMER_VERBATIM_OR_SENTIMENT_LABEL,FEEDBACK_NOT_OBSERVED
1386,1387,,UNOBSERVED,UNKNOWN_NO_CUSTOMER_VERBATIM_OR_SENTIMENT_LABEL,FEEDBACK_NOT_OBSERVED
1387,1388,,UNOBSERVED,UNKNOWN_NO_CUSTOMER_VERBATIM_OR_SENTIMENT_LABEL,FEEDBACK_NOT_OBSERVED
1388,1389,,UNOBSERVED,UNKNOWN_NO_CUSTOMER_VERBATIM_OR_SENTIMENT_LABEL,FEEDBACK_NOT_OBSERVED
1389,1390,,UNOBSERVED,UNKNOWN_NO_CUSTOMER_VERBATIM_OR_SENTIMENT_LABEL,FEEDBACK_NOT_OBSERVED
1390,1391,,UNOBSERVED,UNKNOWN_NO_CUSTOMER_VERBATIM_OR_SENTIMENT_LABEL,FEEDBACK_NOT_OBSERVED
1391,1392,1,LOW_REPORTED,UNKNOWN_NO_CUSTOMER_VERBATIM_OR_SENTIMENT_LABEL,REVIEW_REPORTED_LOW_CSAT
1392,1393,,UNOBSERVED,UNKNOWN_NO_CUSTOMER_VERBATIM_OR_SENTIMENT_LABEL,FEEDBACK_NOT_OBSERVED
1393,1394,,UNOBSERVED,UNKNOWN_NO_CUSTOMER_VERBATIM_OR_SENTIMENT_LABEL,FEEDBACK_NOT_OBSERVED
1394,1395,,UNOBSERVED,UNKNOWN_NO_CUSTOMER_VERBATIM_OR_SENTIMENT_LABEL,FEEDBACK_NOT_OBSERVED
1395,1396,,UNOBSERVED,UNKNOWN_NO_CUSTOMER_VERBATIM_OR_SENTIMENT_LABEL,FEEDBACK_NOT_OBSERVED
1396,1397,2,LOW_REPORTED,UNKNOWN_NO_CUSTOMER_VERBATIM_OR_SENTIMENT_LABEL,REVIEW_REPORTED_LOW_CSAT
1397,1398,,UNOBSERVED,UNKNOWN_NO_CUSTOMER_VERBATIM_OR_SENTIMENT_LABEL,FEEDBACK_NOT_OBSERVED
1398,1399,4,HIGH_REPORTED,UNKNOWN_NO_CUSTOMER_VERBATIM_OR_SENTIMENT_LABEL,KEEP_OBSERVED_SCORE
1399,1400,,UNOBSERVED,UNKNOWN_NO_CUSTOMER_VERBATIM_OR_SENTIMENT_LABEL,FEEDBACK_NOT_OBSERVED
1400,1401,2,LOW_REPORTED,UNKNOWN_NO_CUSTOMER_VERBATIM_OR_SENTIMENT_LABEL,REVIEW_REPORTED_LOW_CSAT
1401,1402,,UNOBSERVED,UNKNOWN_NO_CUSTOMER_VERBATIM_OR_SENTIMENT_LABEL,FEEDBACK_NOT_OBSERVED
1402,1403,,UNOBSERVED,UNKNOWN_NO_CUSTOMER_VERBATIM_OR_SENTIMENT_LABEL,FEEDBACK_NOT_OBSERVED
1403,1404,,UNOBSERVED,UNKNOWN_NO_CUSTOMER_VERBATIM_OR_SENTIMENT_LABEL,FEEDBACK_NOT_OBSERVED
1404,1405,,UNOBSERVED,UNKNOWN_NO_CUSTOMER_VERBATIM_OR_SENTIMENT_LABEL,FEEDBACK_NOT_OBSERVED
1405,1406,,UNOBSERVED,UNKNOWN_NO_CUSTOMER_VERBATIM_OR_SENTIMENT_LABEL,FEEDBACK_NOT_OBSERVED
1406,1407,4,HIGH_REPORTED,UNKNOWN_NO_CUSTOMER_VERBATIM_OR_SENTIMENT_LABEL,KEEP_OBSERVED_SCORE
1407,1408,,UNOBSERVED,UNKNOWN_NO_CUSTOMER_VERBATIM_OR_SENTIMENT_LABEL,FEEDBACK_NOT_OBSERVED
1408,1409,,UNOBSERVED,UNKNOWN_NO_CUSTOMER_VERBATIM_OR_SENTIMENT_LABEL,FEEDBACK_NOT_OBSERVED
1409,1410,,UNOBSERVED,UNKNOWN_NO_CUSTOMER_VERBATIM_OR_SENTIMENT_LABEL,FEEDBACK_NOT_OBSERVED
1410,1411,,UNOBSERVED,UNKNOWN_NO_CUSTOMER_VERBATIM_OR_SENTIMENT_LABEL,FEEDBACK_NOT_OBSERVED
1411,1412,,UNOBSERVED,UNKNOWN_NO_CUSTOMER_VERBATIM_OR_SENTIMENT_LABEL,FEEDBACK_NOT_OBSERVED
1412,1413,5,HIGH_REPORTED,UNKNOWN_NO_CUSTOMER_VERBATIM_OR_SENTIMENT_LABEL,KEEP_OBSERVED_SCORE
1413,1414,,UNOBSERVED,UNKNOWN_NO_CUSTOMER_VERBATIM_OR_SENTIMENT_LABEL,FEEDBACK_NOT_OBSERVED
1414,1415,,UNOBSERVED,UNKNOWN_NO_CUSTOMER_VERBATIM_OR_SENTIMENT_LABEL,FEEDBACK_NOT_OBSERVED
1415,1416,,UNOBSERVED,UNKNOWN_NO_CUSTOMER_VERBATIM_OR_SENTIMENT_LABEL,FEEDBACK_NOT_OBSERVED
1416,1417,,UNOBSERVED,UNKNOWN_NO_CUSTOMER_VERBATIM_OR_SENTIMENT_LABEL,FEEDBACK_NOT_OBSERVED
1417,1418,1,LOW_REPORTED,UNKNOWN_NO_CUSTOMER_VERBATIM_OR_SENTIMENT_LABEL,REVIEW_REPORTED_LOW_CSAT
1418,1419,5,HIGH_REPORTED,UNKNOWN_NO_CUSTOMER_VERBATIM_OR_SENTIMENT_LABEL,KEEP_OBSERVED_SCORE
1419,1420,,UNOBSERVED,UNKNOWN_NO_CUSTOMER_VERBATIM_OR_SENTIMENT_LABEL,FEEDBACK_NOT_OBSERVED
1420,1421,,UNOBSERVED,UNKNOWN_NO_CUSTOMER_VERBATIM_OR_SENTIMENT_LABEL,FEEDBACK_NOT_OBSERVED
1421,1422,,UNOBSERVED,UNKNOWN_NO_CUSTOMER_VERBATIM_OR_SENTIMENT_LABEL,FEEDBACK_NOT_OBSERVED
1422,1423,,UNOBSERVED,UNKNOWN_NO_CUSTOMER_VERBATIM_OR_SENTIMENT_LABEL,FEEDBACK_NOT_OBSERVED
1423,1424,,UNOBSERVED,UNKNOWN_NO_CUSTOMER_VERBATIM_OR_SENTIMENT_LABEL,FEEDBACK_NOT_OBSERVED
1424,1425,,UNOBSERVED,UNKNOWN_NO_CUSTOMER_VERBATIM_OR_SENTIMENT_LABEL,FEEDBACK_NOT_OBSERVED
1425,1426,,UNOBSERVED,UNKNOWN_NO_CUSTOMER_VERBATIM_OR_SENTIMENT_LABEL,FEEDBACK_NOT_OBSERVED
1426,1427,,UNOBSERVED,UNKNOWN_NO_CUSTOMER_VERBATIM_OR_SENTIMENT_LABEL,FEEDBACK_NOT_OBSERVED
1427,1428,3,MIDDLE_REPORTED,UNKNOWN_NO_CUSTOMER_VERBATIM_OR_SENTIMENT_LABEL,KEEP_OBSERVED_SCORE
1428,1429,5,HIGH_REPORTED,UNKNOWN_NO_CUSTOMER_VERBATIM_OR_SENTIMENT_LABEL,KEEP_OBSERVED_SCORE
1429,1430,,UNOBSERVED,UNKNOWN_NO_CUSTOMER_VERBATIM_OR_SENTIMENT_LABEL,FEEDBACK_NOT_OBSERVED
1430,1431,,UNOBSERVED,UNKNOWN_NO_CUSTOMER_VERBATIM_OR_SENTIMENT_LABEL,FEEDBACK_NOT_OBSERVED
1431,1432,,UNOBSERVED,UNKNOWN_NO_CUSTOMER_VERBATIM_OR_SENTIMENT_LABEL,FEEDBACK_NOT_OBSERVED
1432,1433,,UNOBSERVED,UNKNOWN_NO_CUSTOMER_VERBATIM_OR_SENTIMENT_LABEL,FEEDBACK_NOT_OBSERVED
1433,1434,2,LOW_REPORTED,UNKNOWN_NO_CUSTOMER_VERBATIM_OR_SENTIMENT_LABEL,REVIEW_REPORTED_LOW_CSAT
1434,1435,1,LOW_REPORTED,UNKNOWN_NO_CUSTOMER_VERBATIM_OR_SENTIMENT_LABEL,REVIEW_REPORTED_LOW_CSAT
1435,1436,5,HIGH_REPORTED,UNKNOWN_NO_CUSTOMER_VERBATIM_OR_SENTIMENT_LABEL,KEEP_OBSERVED_SCORE
1436,1437,,UNOBSERVED,UNKNOWN_NO_CUSTOMER_VERBATIM_OR_SENTIMENT_LABEL,FEEDBACK_NOT_OBSERVED
1437,1438,,UNOBSERVED,UNKNOWN_NO_CUSTOMER_VERBATIM_OR_SENTIMENT_LABEL,FEEDBACK_NOT_OBSERVED
1438,1439,,UNOBSERVED,UNKNOWN_NO_CUSTOMER_VERBATIM_OR_SENTIMENT_LABEL,FEEDBACK_NOT_OBSERVED
1439,1440,,UNOBSERVED,UNKNOWN_NO_CUSTOMER_VERBATIM_OR_SENTIMENT_LABEL,FEEDBACK_NOT_OBSERVED
1440,1441,,UNOBSERVED,UNKNOWN_NO_CUSTOMER_VERBATIM_OR_SENTIMENT_LABEL,FEEDBACK_NOT_OBSERVED
1441,1442,,UNOBSERVED,UNKNOWN_NO_CUSTOMER_VERBATIM_OR_SENTIMENT_LABEL,FEEDBACK_NOT_OBSERVED
1442,1443,,UNOBSERVED,UNKNOWN_NO_CUSTOMER_VERBATIM_OR_SENTIMENT_LABEL,FEEDBACK_NOT_OBSERVED
1443,1444,,UNOBSERVED,UNKNOWN_NO_CUSTOMER_VERBATIM_OR_SENTIMENT_LABEL,FEEDBACK_NOT_OBSERVED
1444,1445,3,MIDDLE_REPORTED,UNKNOWN_NO_CUSTOMER_VERBATIM_OR_SENTIMENT_LABEL,KEEP_OBSERVED_SCORE
1445,1446,3,MIDDLE_REPORTED,UNKNOWN_NO_CUSTOMER_VERBATIM_OR_SENTIMENT_LABEL,KEEP_OBSERVED_SCORE
1446,1447,,UNOBSERVED,UNKNOWN_NO_CUSTOMER_VERBATIM_OR_SENTIMENT_LABEL,FEEDBACK_NOT_OBSERVED
1447,1448,,UNOBSERVED,UNKNOWN_NO_CUSTOMER_VERBATIM_OR_SENTIMENT_LABEL,FEEDBACK_NOT_OBSERVED
1448,1449,,UNOBSERVED,UNKNOWN_NO_CUSTOMER_VERBATIM_OR_SENTIMENT_LABEL,FEEDBACK_NOT_OBSERVED
1449,1450,,UNOBSERVED,UNKNOWN_NO_CUSTOMER_VERBATIM_OR_SENTIMENT_LABEL,FEEDBACK_NOT_OBSERVED
1450,1451,,UNOBSERVED,UNKNOWN_NO_CUSTOMER_VERBATIM_OR_SENTIMENT_LABEL,FEEDBACK_NOT_OBSERVED
1451,1452,2,LOW_REPORTED,UNKNOWN_NO_CUSTOMER_VERBATIM_OR_SENTIMENT_LABEL,REVIEW_REPORTED_LOW_CSAT
1452,1453,,UNOBSERVED,UNKNOWN_NO_CUSTOMER_VERBATIM_OR_SENTIMENT_LABEL,FEEDBACK_NOT_OBSERVED
1453,1454,4,HIGH_REPORTED,UNKNOWN_NO_CUSTOMER_VERBATIM_OR_SENTIMENT_LABEL,KEEP_OBSERVED_SCORE
1454,1455,,UNOBSERVED,UNKNOWN_NO_CUSTOMER_VERBATIM_OR_SENTIMENT_LABEL,FEEDBACK_NOT_OBSERVED
1455,1456,,UNOBSERVED,UNKNOWN_NO_CUSTOMER_VERBATIM_OR_SENTIMENT_LABEL,FEEDBACK_NOT_OBSERVED
1456,1457,,UNOBSERVED,UNKNOWN_NO_CUSTOMER_VERBATIM_OR_SENTIMENT_LABEL,FEEDBACK_NOT_OBSERVED
1457,1458,5,HIGH_REPORTED,UNKNOWN_NO_CUSTOMER_VERBATIM_OR_SENTIMENT_LABEL,KEEP_OBSERVED_SCORE
1458,1459,2,LOW_REPORTED,UNKNOWN_NO_CUSTOMER_VERBATIM_OR_SENTIMENT_LABEL,REVIEW_REPORTED_LOW_CSAT
1459,1460,,UNOBSERVED,UNKNOWN_NO_CUSTOMER_VERBATIM_OR_SENTIMENT_LABEL,FEEDBACK_NOT_OBSERVED
1460,1461,,UNOBSERVED,UNKNOWN_NO_CUSTOMER_VERBATIM_OR_SENTIMENT_LABEL,FEEDBACK_NOT_OBSERVED
1461,1462,,UNOBSERVED,UNKNOWN_NO_CUSTOMER_VERBATIM_OR_SENTIMENT_LABEL,FEEDBACK_NOT_OBSERVED
1462,1463,,UNOBSERVED,UNKNOWN_NO_CUSTOMER_VERBATIM_OR_SENTIMENT_LABEL,FEEDBACK_NOT_OBSERVED
1463,1464,,UNOBSERVED,UNKNOWN_NO_CUSTOMER_VERBATIM_OR_SENTIMENT_LABEL,FEEDBACK_NOT_OBSERVED
1464,1465,,UNOBSERVED,UNKNOWN_NO_CUSTOMER_VERBATIM_OR_SENTIMENT_LABEL,FEEDBACK_NOT_OBSERVED
1465,1466,,UNOBSERVED,UNKNOWN_NO_CUSTOMER_VERBATIM_OR_SENTIMENT_LABEL,FEEDBACK_NOT_OBSERVED
1466,1467,5,HIGH_REPORTED,UNKNOWN_NO_CUSTOMER_VERBATIM_OR_SENTIMENT_LABEL,KEEP_OBSERVED_SCORE
1467,1468,,UNOBSERVED,UNKNOWN_NO_CUSTOMER_VERBATIM_OR_SENTIMENT_LABEL,FEEDBACK_NOT_OBSERVED
1468,1469,5,HIGH_REPORTED,UNKNOWN_NO_CUSTOMER_VERBATIM_OR_SENTIMENT_LABEL,KEEP_OBSERVED_SCORE
1469,1470,4,HIGH_REPORTED,UNKNOWN_NO_CUSTOMER_VERBATIM_OR_SENTIMENT_LABEL,KEEP_OBSERVED_SCORE
1470,1471,,UNOBSERVED,UNKNOWN_NO_CUSTOMER_VERBATIM_OR_SENTIMENT_LABEL,FEEDBACK_NOT_OBSERVED
1471,1472,,UNOBSERVED,UNKNOWN_NO_CUSTOMER_VERBATIM_OR_SENTIMENT_LABEL,FEEDBACK_NOT_OBSERVED
1472,1473,,UNOBSERVED,UNKNOWN_NO_CUSTOMER_VERBATIM_OR_SENTIMENT_LABEL,FEEDBACK_NOT_OBSERVED
1473,1474,,UNOBSERVED,UNKNOWN_NO_CUSTOMER_VERBATIM_OR_SENTIMENT_LABEL,FEEDBACK_NOT_OBSERVED
1474,1475,,UNOBSERVED,UNKNOWN_NO_CUSTOMER_VERBATIM_OR_SENTIMENT_LABEL,FEEDBACK_NOT_OBSERVED
1475,1476,,UNOBSERVED,UNKNOWN_NO_CUSTOMER_VERBATIM_OR_SENTIMENT_LABEL,FEEDBACK_NOT_OBSERVED
1476,1477,,UNOBSERVED,UNKNOWN_NO_CUSTOMER_VERBATIM_OR_SENTIMENT_LABEL,FEEDBACK_NOT_OBSERVED
1477,1478,,UNOBSERVED,UNKNOWN_NO_CUSTOMER_VERBATIM_OR_SENTIMENT_LABEL,FEEDBACK_NOT_OBSERVED
1478,1479,,UNOBSERVED,UNKNOWN_NO_CUSTOMER_VERBATIM_OR_SENTIMENT_LABEL,FEEDBACK_NOT_OBSERVED
1479,1480,,UNOBSERVED,UNKNOWN_NO_CUSTOMER_VERBATIM_OR_SENTIMENT_LABEL,FEEDBACK_NOT_OBSERVED
1480,1481,,UNOBSERVED,UNKNOWN_NO_CUSTOMER_VERBATIM_OR_SENTIMENT_LABEL,FEEDBACK_NOT_OBSERVED
1481,1482,4,HIGH_REPORTED,UNKNOWN_NO_CUSTOMER_VERBATIM_OR_SENTIMENT_LABEL,KEEP_OBSERVED_SCORE
1482,1483,4,HIGH_REPORTED,UNKNOWN_NO_CUSTOMER_VERBATIM_OR_SENTIMENT_LABEL,KEEP_OBSERVED_SCORE
1483,1484,,UNOBSERVED,UNKNOWN_NO_CUSTOMER_VERBATIM_OR_SENTIMENT_LABEL,FEEDBACK_NOT_OBSERVED
1484,1485,2,LOW_REPORTED,UNKNOWN_NO_CUSTOMER_VERBATIM_OR_SENTIMENT_LABEL,REVIEW_REPORTED_LOW_CSAT
1485,1486,,UNOBSERVED,UNKNOWN_NO_CUSTOMER_VERBATIM_OR_SENTIMENT_LABEL,FEEDBACK_NOT_OBSERVED
1486,1487,,UNOBSERVED,UNKNOWN_NO_CUSTOMER_VERBATIM_OR_SENTIMENT_LABEL,FEEDBACK_NOT_OBSERVED
1487,1488,3,MIDDLE_REPORTED,UNKNOWN_NO_CUSTOMER_VERBATIM_OR_SENTIMENT_LABEL,KEEP_OBSERVED_SCORE
1488,1489,4,HIGH_REPORTED,UNKNOWN_NO_CUSTOMER_VERBATIM_OR_SENTIMENT_LABEL,KEEP_OBSERVED_SCORE
1489,1490,,UNOBSERVED,UNKNOWN_NO_CUSTOMER_VERBATIM_OR_SENTIMENT_LABEL,FEEDBACK_NOT_OBSERVED
1490,1491,3,MIDDLE_REPORTED,UNKNOWN_NO_CUSTOMER_VERBATIM_OR_SENTIMENT_LABEL,KEEP_OBSERVED_SCORE
1491,1492,1,LOW_REPORTED,UNKNOWN_NO_CUSTOMER_VERBATIM_OR_SENTIMENT_LABEL,REVIEW_REPORTED_LOW_CSAT
1492,1493,5,HIGH_REPORTED,UNKNOWN_NO_CUSTOMER_VERBATIM_OR_SENTIMENT_LABEL,KEEP_OBSERVED_SCORE
1493,1494,3,MIDDLE_REPORTED,UNKNOWN_NO_CUSTOMER_VERBATIM_OR_SENTIMENT_LABEL,KEEP_OBSERVED_SCORE
1494,1495,4,HIGH_REPORTED,UNKNOWN_NO_CUSTOMER_VERBATIM_OR_SENTIMENT_LABEL,KEEP_OBSERVED_SCORE
1495,1496,,UNOBSERVED,UNKNOWN_NO_CUSTOMER_VERBATIM_OR_SENTIMENT_LABEL,FEEDBACK_NOT_OBSERVED
1496,1497,5,HIGH_REPORTED,UNKNOWN_NO_CUSTOMER_VERBATIM_OR_SENTIMENT_LABEL,KEEP_OBSERVED_SCORE
1497,1498,,UNOBSERVED,UNKNOWN_NO_CUSTOMER_VERBATIM_OR_SENTIMENT_LABEL,FEEDBACK_NOT_OBSERVED
1498,1499,,UNOBSERVED,UNKNOWN_NO_CUSTOMER_VERBATIM_OR_SENTIMENT_LABEL,FEEDBACK_NOT_OBSERVED
1499,1500,2,LOW_REPORTED,UNKNOWN_NO_CUSTOMER_VERBATIM_OR_SENTIMENT_LABEL,REVIEW_REPORTED_LOW_CSAT
1500,1501,,UNOBSERVED,UNKNOWN_NO_CUSTOMER_VERBATIM_OR_SENTIMENT_LABEL,FEEDBACK_NOT_OBSERVED
1501,1502,,UNOBSERVED,UNKNOWN_NO_CUSTOMER_VERBATIM_OR_SENTIMENT_LABEL,FEEDBACK_NOT_OBSERVED
1502,1503,,UNOBSERVED,UNKNOWN_NO_CUSTOMER_VERBATIM_OR_SENTIMENT_LABEL,FEEDBACK_NOT_OBSERVED
1503,1504,,UNOBSERVED,UNKNOWN_NO_CUSTOMER_VERBATIM_OR_SENTIMENT_LABEL,FEEDBACK_NOT_OBSERVED
1504,1505,2,LOW_REPORTED,UNKNOWN_NO_CUSTOMER_VERBATIM_OR_SENTIMENT_LABEL,REVIEW_REPORTED_LOW_CSAT
1505,1506,,UNOBSERVED,UNKNOWN_NO_CUSTOMER_VERBATIM_OR_SENTIMENT_LABEL,FEEDBACK_NOT_OBSERVED
1506,1507,,UNOBSERVED,UNKNOWN_NO_CUSTOMER_VERBATIM_OR_SENTIMENT_LABEL,FEEDBACK_NOT_OBSERVED
1507,1508,,UNOBSERVED,UNKNOWN_NO_CUSTOMER_VERBATIM_OR_SENTIMENT_LABEL,FEEDBACK_NOT_OBSERVED
1508,1509,,UNOBSERVED,UNKNOWN_NO_CUSTOMER_VERBATIM_OR_SENTIMENT_LABEL,FEEDBACK_NOT_OBSERVED
1509,1510,,UNOBSERVED,UNKNOWN_NO_CUSTOMER_VERBATIM_OR_SENTIMENT_LABEL,FEEDBACK_NOT_OBSERVED
1510,1511,,UNOBSERVED,UNKNOWN_NO_CUSTOMER_VERBATIM_OR_SENTIMENT_LABEL,FEEDBACK_NOT_OBSERVED
1511,1512,,UNOBSERVED,UNKNOWN_NO_CUSTOMER_VERBATIM_OR_SENTIMENT_LABEL,FEEDBACK_NOT_OBSERVED
1512,1513,,UNOBSERVED,UNKNOWN_NO_CUSTOMER_VERBATIM_OR_SENTIMENT_LABEL,FEEDBACK_NOT_OBSERVED
1513,1514,,UNOBSERVED,UNKNOWN_NO_CUSTOMER_VERBATIM_OR_SENTIMENT_LABEL,FEEDBACK_NOT_OBSERVED
1514,1515,3,MIDDLE_REPORTED,UNKNOWN_NO_CUSTOMER_VERBATIM_OR_SENTIMENT_LABEL,KEEP_OBSERVED_SCORE
1515,1516,,UNOBSERVED,UNKNOWN_NO_CUSTOMER_VERBATIM_OR_SENTIMENT_LABEL,FEEDBACK_NOT_OBSERVED
1516,1517,,UNOBSERVED,UNKNOWN_NO_CUSTOMER_VERBATIM_OR_SENTIMENT_LABEL,FEEDBACK_NOT_OBSERVED
1517,1518,,UNOBSERVED,UNKNOWN_NO_CUSTOMER_VERBATIM_OR_SENTIMENT_LABEL,FEEDBACK_NOT_OBSERVED
1518,1519,,UNOBSERVED,UNKNOWN_NO_CUSTOMER_VERBATIM_OR_SENTIMENT_LABEL,FEEDBACK_NOT_OBSERVED
1519,1520,,UNOBSERVED,UNKNOWN_NO_CUSTOMER_VERBATIM_OR_SENTIMENT_LABEL,FEEDBACK_NOT_OBSERVED
1520,1521,,UNOBSERVED,UNKNOWN_NO_CUSTOMER_VERBATIM_OR_SENTIMENT_LABEL,FEEDBACK_NOT_OBSERVED
1521,1522,,UNOBSERVED,UNKNOWN_NO_CUSTOMER_VERBATIM_OR_SENTIMENT_LABEL,FEEDBACK_NOT_OBSERVED
1522,1523,,UNOBSERVED,UNKNOWN_NO_CUSTOMER_VERBATIM_OR_SENTIMENT_LABEL,FEEDBACK_NOT_OBSERVED
1523,1524,,UNOBSERVED,UNKNOWN_NO_CUSTOMER_VERBATIM_OR_SENTIMENT_LABEL,FEEDBACK_NOT_OBSERVED
1524,1525,5,HIGH_REPORTED,UNKNOWN_NO_CUSTOMER_VERBATIM_OR_SENTIMENT_LABEL,KEEP_OBSERVED_SCORE
1525,1526,,UNOBSERVED,UNKNOWN_NO_CUSTOMER_VERBATIM_OR_SENTIMENT_LABEL,FEEDBACK_NOT_OBSERVED
1526,1527,,UNOBSERVED,UNKNOWN_NO_CUSTOMER_VERBATIM_OR_SENTIMENT_LABEL,FEEDBACK_NOT_OBSERVED
1527,1528,4,HIGH_REPORTED,UNKNOWN_NO_CUSTOMER_VERBATIM_OR_SENTIMENT_LABEL,KEEP_OBSERVED_SCORE
1528,1529,5,HIGH_REPORTED,UNKNOWN_NO_CUSTOMER_VERBATIM_OR_SENTIMENT_LABEL,KEEP_OBSERVED_SCORE
1529,1530,1,LOW_REPORTED,UNKNOWN_NO_CUSTOMER_VERBATIM_OR_SENTIMENT_LABEL,REVIEW_REPORTED_LOW_CSAT
1530,1531,1,LOW_REPORTED,UNKNOWN_NO_CUSTOMER_VERBATIM_OR_SENTIMENT_LABEL,REVIEW_REPORTED_LOW_CSAT
1531,1532,,UNOBSERVED,UNKNOWN_NO_CUSTOMER_VERBATIM_OR_SENTIMENT_LABEL,FEEDBACK_NOT_OBSERVED
1532,1533,,UNOBSERVED,UNKNOWN_NO_CUSTOMER_VERBATIM_OR_SENTIMENT_LABEL,FEEDBACK_NOT_OBSERVED
1533,1534,4,HIGH_REPORTED,UNKNOWN_NO_CUSTOMER_VERBATIM_OR_SENTIMENT_LABEL,KEEP_OBSERVED_SCORE
1534,1535,,UNOBSERVED,UNKNOWN_NO_CUSTOMER_VERBATIM_OR_SENTIMENT_LABEL,FEEDBACK_NOT_OBSERVED
1535,1536,,UNOBSERVED,UNKNOWN_NO_CUSTOMER_VERBATIM_OR_SENTIMENT_LABEL,FEEDBACK_NOT_OBSERVED
1536,1537,4,HIGH_REPORTED,UNKNOWN_NO_CUSTOMER_VERBATIM_OR_SENTIMENT_LABEL,KEEP_OBSERVED_SCORE
1537,1538,,UNOBSERVED,UNKNOWN_NO_CUSTOMER_VERBATIM_OR_SENTIMENT_LABEL,FEEDBACK_NOT_OBSERVED
1538,1539,,UNOBSERVED,UNKNOWN_NO_CUSTOMER_VERBATIM_OR_SENTIMENT_LABEL,FEEDBACK_NOT_OBSERVED
1539,1540,,UNOBSERVED,UNKNOWN_NO_CUSTOMER_VERBATIM_OR_SENTIMENT_LABEL,FEEDBACK_NOT_OBSERVED
1540,1541,,UNOBSERVED,UNKNOWN_NO_CUSTOMER_VERBATIM_OR_SENTIMENT_LABEL,FEEDBACK_NOT_OBSERVED
1541,1542,5,HIGH_REPORTED,UNKNOWN_NO_CUSTOMER_VERBATIM_OR_SENTIMENT_LABEL,KEEP_OBSERVED_SCORE
1542,1543,,UNOBSERVED,UNKNOWN_NO_CUSTOMER_VERBATIM_OR_SENTIMENT_LABEL,FEEDBACK_NOT_OBSERVED
1543,1544,,UNOBSERVED,UNKNOWN_NO_CUSTOMER_VERBATIM_OR_SENTIMENT_LABEL,FEEDBACK_NOT_OBSERVED
1544,1545,,UNOBSERVED,UNKNOWN_NO_CUSTOMER_VERBATIM_OR_SENTIMENT_LABEL,FEEDBACK_NOT_OBSERVED
1545,1546,1,LOW_REPORTED,UNKNOWN_NO_CUSTOMER_VERBATIM_OR_SENTIMENT_LABEL,REVIEW_REPORTED_LOW_CSAT
1546,1547,,UNOBSERVED,UNKNOWN_NO_CUSTOMER_VERBATIM_OR_SENTIMENT_LABEL,FEEDBACK_NOT_OBSERVED
1547,1548,3,MIDDLE_REPORTED,UNKNOWN_NO_CUSTOMER_VERBATIM_OR_SENTIMENT_LABEL,KEEP_OBSERVED_SCORE
1548,1549,,UNOBSERVED,UNKNOWN_NO_CUSTOMER_VERBATIM_OR_SENTIMENT_LABEL,FEEDBACK_NOT_OBSERVED
1549,1550,3,MIDDLE_REPORTED,UNKNOWN_NO_CUSTOMER_VERBATIM_OR_SENTIMENT_LABEL,KEEP_OBSERVED_SCORE
1550,1551,,UNOBSERVED,UNKNOWN_NO_CUSTOMER_VERBATIM_OR_SENTIMENT_LABEL,FEEDBACK_NOT_OBSERVED
1551,1552,,UNOBSERVED,UNKNOWN_NO_CUSTOMER_VERBATIM_OR_SENTIMENT_LABEL,FEEDBACK_NOT_OBSERVED
1552,1553,,UNOBSERVED,UNKNOWN_NO_CUSTOMER_VERBATIM_OR_SENTIMENT_LABEL,FEEDBACK_NOT_OBSERVED
1553,1554,,UNOBSERVED,UNKNOWN_NO_CUSTOMER_VERBATIM_OR_SENTIMENT_LABEL,FEEDBACK_NOT_OBSERVED
1554,1555,2,LOW_REPORTED,UNKNOWN_NO_CUSTOMER_VERBATIM_OR_SENTIMENT_LABEL,REVIEW_REPORTED_LOW_CSAT
1555,1556,,UNOBSERVED,UNKNOWN_NO_CUSTOMER_VERBATIM_OR_SENTIMENT_LABEL,FEEDBACK_NOT_OBSERVED
1556,1557,,UNOBSERVED,UNKNOWN_NO_CUSTOMER_VERBATIM_OR_SENTIMENT_LABEL,FEEDBACK_NOT_OBSERVED
1557,1558,,UNOBSERVED,UNKNOWN_NO_CUSTOMER_VERBATIM_OR_SENTIMENT_LABEL,FEEDBACK_NOT_OBSERVED
1558,1559,3,MIDDLE_REPORTED,UNKNOWN_NO_CUSTOMER_VERBATIM_OR_SENTIMENT_LABEL,KEEP_OBSERVED_SCORE
1559,1560,,UNOBSERVED,UNKNOWN_NO_CUSTOMER_VERBATIM_OR_SENTIMENT_LABEL,FEEDBACK_NOT_OBSERVED
1560,1561,,UNOBSERVED,UNKNOWN_NO_CUSTOMER_VERBATIM_OR_SENTIMENT_LABEL,FEEDBACK_NOT_OBSERVED
1561,1562,,UNOBSERVED,UNKNOWN_NO_CUSTOMER_VERBATIM_OR_SENTIMENT_LABEL,FEEDBACK_NOT_OBSERVED
1562,1563,,UNOBSERVED,UNKNOWN_NO_CUSTOMER_VERBATIM_OR_SENTIMENT_LABEL,FEEDBACK_NOT_OBSERVED
1563,1564,,UNOBSERVED,UNKNOWN_NO_CUSTOMER_VERBATIM_OR_SENTIMENT_LABEL,FEEDBACK_NOT_OBSERVED
1564,1565,4,HIGH_REPORTED,UNKNOWN_NO_CUSTOMER_VERBATIM_OR_SENTIMENT_LABEL,KEEP_OBSERVED_SCORE
1565,1566,,UNOBSERVED,UNKNOWN_NO_CUSTOMER_VERBATIM_OR_SENTIMENT_LABEL,FEEDBACK_NOT_OBSERVED
1566,1567,,UNOBSERVED,UNKNOWN_NO_CUSTOMER_VERBATIM_OR_SENTIMENT_LABEL,FEEDBACK_NOT_OBSERVED
1567,1568,,UNOBSERVED,UNKNOWN_NO_CUSTOMER_VERBATIM_OR_SENTIMENT_LABEL,FEEDBACK_NOT_OBSERVED
1568,1569,,UNOBSERVED,UNKNOWN_NO_CUSTOMER_VERBATIM_OR_SENTIMENT_LABEL,FEEDBACK_NOT_OBSERVED
1569,1570,1,LOW_REPORTED,UNKNOWN_NO_CUSTOMER_VERBATIM_OR_SENTIMENT_LABEL,REVIEW_REPORTED_LOW_CSAT
1570,1571,,UNOBSERVED,UNKNOWN_NO_CUSTOMER_VERBATIM_OR_SENTIMENT_LABEL,FEEDBACK_NOT_OBSERVED
1571,1572,,UNOBSERVED,UNKNOWN_NO_CUSTOMER_VERBATIM_OR_SENTIMENT_LABEL,FEEDBACK_NOT_OBSERVED
1572,1573,,UNOBSERVED,UNKNOWN_NO_CUSTOMER_VERBATIM_OR_SENTIMENT_LABEL,FEEDBACK_NOT_OBSERVED
1573,1574,,UNOBSERVED,UNKNOWN_NO_CUSTOMER_VERBATIM_OR_SENTIMENT_LABEL,FEEDBACK_NOT_OBSERVED
1574,1575,4,HIGH_REPORTED,UNKNOWN_NO_CUSTOMER_VERBATIM_OR_SENTIMENT_LABEL,KEEP_OBSERVED_SCORE
1575,1576,,UNOBSERVED,UNKNOWN_NO_CUSTOMER_VERBATIM_OR_SENTIMENT_LABEL,FEEDBACK_NOT_OBSERVED
1576,1577,,UNOBSERVED,UNKNOWN_NO_CUSTOMER_VERBATIM_OR_SENTIMENT_LABEL,FEEDBACK_NOT_OBSERVED
1577,1578,,UNOBSERVED,UNKNOWN_NO_CUSTOMER_VERBATIM_OR_SENTIMENT_LABEL,FEEDBACK_NOT_OBSERVED
1578,1579,2,LOW_REPORTED,UNKNOWN_NO_CUSTOMER_VERBATIM_OR_SENTIMENT_LABEL,REVIEW_REPORTED_LOW_CSAT
1579,1580,,UNOBSERVED,UNKNOWN_NO_CUSTOMER_VERBATIM_OR_SENTIMENT_LABEL,FEEDBACK_NOT_OBSERVED
1580,1581,,UNOBSERVED,UNKNOWN_NO_CUSTOMER_VERBATIM_OR_SENTIMENT_LABEL,FEEDBACK_NOT_OBSERVED
1581,1582,3,MIDDLE_REPORTED,UNKNOWN_NO_CUSTOMER_VERBATIM_OR_SENTIMENT_LABEL,KEEP_OBSERVED_SCORE
1582,1583,,UNOBSERVED,UNKNOWN_NO_CUSTOMER_VERBATIM_OR_SENTIMENT_LABEL,FEEDBACK_NOT_OBSERVED
1583,1584,4,HIGH_REPORTED,UNKNOWN_NO_CUSTOMER_VERBATIM_OR_SENTIMENT_LABEL,KEEP_OBSERVED_SCORE
1584,1585,2,LOW_REPORTED,UNKNOWN_NO_CUSTOMER_VERBATIM_OR_SENTIMENT_LABEL,REVIEW_REPORTED_LOW_CSAT
1585,1586,,UNOBSERVED,UNKNOWN_NO_CUSTOMER_VERBATIM_OR_SENTIMENT_LABEL,FEEDBACK_NOT_OBSERVED
1586,1587,,UNOBSERVED,UNKNOWN_NO_CUSTOMER_VERBATIM_OR_SENTIMENT_LABEL,FEEDBACK_NOT_OBSERVED
1587,1588,,UNOBSERVED,UNKNOWN_NO_CUSTOMER_VERBATIM_OR_SENTIMENT_LABEL,FEEDBACK_NOT_OBSERVED
1588,1589,,UNOBSERVED,UNKNOWN_NO_CUSTOMER_VERBATIM_OR_SENTIMENT_LABEL,FEEDBACK_NOT_OBSERVED
1589,1590,1,LOW_REPORTED,UNKNOWN_NO_CUSTOMER_VERBATIM_OR_SENTIMENT_LABEL,REVIEW_REPORTED_LOW_CSAT
1590,1591,5,HIGH_REPORTED,UNKNOWN_NO_CUSTOMER_VERBATIM_OR_SENTIMENT_LABEL,KEEP_OBSERVED_SCORE
1591,1592,1,LOW_REPORTED,UNKNOWN_NO_CUSTOMER_VERBATIM_OR_SENTIMENT_LABEL,REVIEW_REPORTED_LOW_CSAT
1592,1593,,UNOBSERVED,UNKNOWN_NO_CUSTOMER_VERBATIM_OR_SENTIMENT_LABEL,FEEDBACK_NOT_OBSERVED
1593,1594,,UNOBSERVED,UNKNOWN_NO_CUSTOMER_VERBATIM_OR_SENTIMENT_LABEL,FEEDBACK_NOT_OBSERVED
1594,1595,1,LOW_REPORTED,UNKNOWN_NO_CUSTOMER_VERBATIM_OR_SENTIMENT_LABEL,REVIEW_REPORTED_LOW_CSAT
1595,1596,,UNOBSERVED,UNKNOWN_NO_CUSTOMER_VERBATIM_OR_SENTIMENT_LABEL,FEEDBACK_NOT_OBSERVED
1596,1597,5,HIGH_REPORTED,UNKNOWN_NO_CUSTOMER_VERBATIM_OR_SENTIMENT_LABEL,KEEP_OBSERVED_SCORE
1597,1598,4,HIGH_REPORTED,UNKNOWN_NO_CUSTOMER_VERBATIM_OR_SENTIMENT_LABEL,KEEP_OBSERVED_SCORE
1598,1599,,UNOBSERVED,UNKNOWN_NO_CUSTOMER_VERBATIM_OR_SENTIMENT_LABEL,FEEDBACK_NOT_OBSERVED
1599,1600,3,MIDDLE_REPORTED,UNKNOWN_NO_CUSTOMER_VERBATIM_OR_SENTIMENT_LABEL,KEEP_OBSERVED_SCORE
1600,1601,,UNOBSERVED,UNKNOWN_NO_CUSTOMER_VERBATIM_OR_SENTIMENT_LABEL,FEEDBACK_NOT_OBSERVED
1601,1602,,UNOBSERVED,UNKNOWN_NO_CUSTOMER_VERBATIM_OR_SENTIMENT_LABEL,FEEDBACK_NOT_OBSERVED
1602,1603,1,LOW_REPORTED,UNKNOWN_NO_CUSTOMER_VERBATIM_OR_SENTIMENT_LABEL,REVIEW_REPORTED_LOW_CSAT
1603,1604,4,HIGH_REPORTED,UNKNOWN_NO_CUSTOMER_VERBATIM_OR_SENTIMENT_LABEL,KEEP_OBSERVED_SCORE
1604,1605,5,HIGH_REPORTED,UNKNOWN_NO_CUSTOMER_VERBATIM_OR_SENTIMENT_LABEL,KEEP_OBSERVED_SCORE
1605,1606,,UNOBSERVED,UNKNOWN_NO_CUSTOMER_VERBATIM_OR_SENTIMENT_LABEL,FEEDBACK_NOT_OBSERVED
1606,1607,,UNOBSERVED,UNKNOWN_NO_CUSTOMER_VERBATIM_OR_SENTIMENT_LABEL,FEEDBACK_NOT_OBSERVED
1607,1608,,UNOBSERVED,UNKNOWN_NO_CUSTOMER_VERBATIM_OR_SENTIMENT_LABEL,FEEDBACK_NOT_OBSERVED
1608,1609,,UNOBSERVED,UNKNOWN_NO_CUSTOMER_VERBATIM_OR_SENTIMENT_LABEL,FEEDBACK_NOT_OBSERVED
1609,1610,,UNOBSERVED,UNKNOWN_NO_CUSTOMER_VERBATIM_OR_SENTIMENT_LABEL,FEEDBACK_NOT_OBSERVED
1610,1611,,UNOBSERVED,UNKNOWN_NO_CUSTOMER_VERBATIM_OR_SENTIMENT_LABEL,FEEDBACK_NOT_OBSERVED
1611,1612,,UNOBSERVED,UNKNOWN_NO_CUSTOMER_VERBATIM_OR_SENTIMENT_LABEL,FEEDBACK_NOT_OBSERVED
1612,1613,3,MIDDLE_REPORTED,UNKNOWN_NO_CUSTOMER_VERBATIM_OR_SENTIMENT_LABEL,KEEP_OBSERVED_SCORE
1613,1614,2,LOW_REPORTED,UNKNOWN_NO_CUSTOMER_VERBATIM_OR_SENTIMENT_LABEL,REVIEW_REPORTED_LOW_CSAT
1614,1615,1,LOW_REPORTED,UNKNOWN_NO_CUSTOMER_VERBATIM_OR_SENTIMENT_LABEL,REVIEW_REPORTED_LOW_CSAT
1615,1616,3,MIDDLE_REPORTED,UNKNOWN_NO_CUSTOMER_VERBATIM_OR_SENTIMENT_LABEL,KEEP_OBSERVED_SCORE
1616,1617,,UNOBSERVED,UNKNOWN_NO_CUSTOMER_VERBATIM_OR_SENTIMENT_LABEL,FEEDBACK_NOT_OBSERVED
1617,1618,,UNOBSERVED,UNKNOWN_NO_CUSTOMER_VERBATIM_OR_SENTIMENT_LABEL,FEEDBACK_NOT_OBSERVED
1618,1619,1,LOW_REPORTED,UNKNOWN_NO_CUSTOMER_VERBATIM_OR_SENTIMENT_LABEL,REVIEW_REPORTED_LOW_CSAT
1619,1620,1,LOW_REPORTED,UNKNOWN_NO_CUSTOMER_VERBATIM_OR_SENTIMENT_LABEL,REVIEW_REPORTED_LOW_CSAT
1620,1621,,UNOBSERVED,UNKNOWN_NO_CUSTOMER_VERBATIM_OR_SENTIMENT_LABEL,FEEDBACK_NOT_OBSERVED
1621,1622,,UNOBSERVED,UNKNOWN_NO_CUSTOMER_VERBATIM_OR_SENTIMENT_LABEL,FEEDBACK_NOT_OBSERVED
1622,1623,,UNOBSERVED,UNKNOWN_NO_CUSTOMER_VERBATIM_OR_SENTIMENT_LABEL,FEEDBACK_NOT_OBSERVED
1623,1624,5,HIGH_REPORTED,UNKNOWN_NO_CUSTOMER_VERBATIM_OR_SENTIMENT_LABEL,KEEP_OBSERVED_SCORE
1624,1625,4,HIGH_REPORTED,UNKNOWN_NO_CUSTOMER_VERBATIM_OR_SENTIMENT_LABEL,KEEP_OBSERVED_SCORE
1625,1626,,UNOBSERVED,UNKNOWN_NO_CUSTOMER_VERBATIM_OR_SENTIMENT_LABEL,FEEDBACK_NOT_OBSERVED
1626,1627,,UNOBSERVED,UNKNOWN_NO_CUSTOMER_VERBATIM_OR_SENTIMENT_LABEL,FEEDBACK_NOT_OBSERVED
1627,1628,,UNOBSERVED,UNKNOWN_NO_CUSTOMER_VERBATIM_OR_SENTIMENT_LABEL,FEEDBACK_NOT_OBSERVED
1628,1629,,UNOBSERVED,UNKNOWN_NO_CUSTOMER_VERBATIM_OR_SENTIMENT_LABEL,FEEDBACK_NOT_OBSERVED
1629,1630,2,LOW_REPORTED,UNKNOWN_NO_CUSTOMER_VERBATIM_OR_SENTIMENT_LABEL,REVIEW_REPORTED_LOW_CSAT
1630,1631,4,HIGH_REPORTED,UNKNOWN_NO_CUSTOMER_VERBATIM_OR_SENTIMENT_LABEL,KEEP_OBSERVED_SCORE
1631,1632,,UNOBSERVED,UNKNOWN_NO_CUSTOMER_VERBATIM_OR_SENTIMENT_LABEL,FEEDBACK_NOT_OBSERVED
1632,1633,,UNOBSERVED,UNKNOWN_NO_CUSTOMER_VERBATIM_OR_SENTIMENT_LABEL,FEEDBACK_NOT_OBSERVED
1633,1634,,UNOBSERVED,UNKNOWN_NO_CUSTOMER_VERBATIM_OR_SENTIMENT_LABEL,FEEDBACK_NOT_OBSERVED
1634,1635,,UNOBSERVED,UNKNOWN_NO_CUSTOMER_VERBATIM_OR_SENTIMENT_LABEL,FEEDBACK_NOT_OBSERVED
1635,1636,,UNOBSERVED,UNKNOWN_NO_CUSTOMER_VERBATIM_OR_SENTIMENT_LABEL,FEEDBACK_NOT_OBSERVED
1636,1637,,UNOBSERVED,UNKNOWN_NO_CUSTOMER_VERBATIM_OR_SENTIMENT_LABEL,FEEDBACK_NOT_OBSERVED
1637,1638,,UNOBSERVED,UNKNOWN_NO_CUSTOMER_VERBATIM_OR_SENTIMENT_LABEL,FEEDBACK_NOT_OBSERVED
1638,1639,,UNOBSERVED,UNKNOWN_NO_CUSTOMER_VERBATIM_OR_SENTIMENT_LABEL,FEEDBACK_NOT_OBSERVED
1639,1640,,UNOBSERVED,UNKNOWN_NO_CUSTOMER_VERBATIM_OR_SENTIMENT_LABEL,FEEDBACK_NOT_OBSERVED
1640,1641,,UNOBSERVED,UNKNOWN_NO_CUSTOMER_VERBATIM_OR_SENTIMENT_LABEL,FEEDBACK_NOT_OBSERVED
1641,1642,4,HIGH_REPORTED,UNKNOWN_NO_CUSTOMER_VERBATIM_OR_SENTIMENT_LABEL,KEEP_OBSERVED_SCORE
1642,1643,,UNOBSERVED,UNKNOWN_NO_CUSTOMER_VERBATIM_OR_SENTIMENT_LABEL,FEEDBACK_NOT_OBSERVED
1643,1644,,UNOBSERVED,UNKNOWN_NO_CUSTOMER_VERBATIM_OR_SENTIMENT_LABEL,FEEDBACK_NOT_OBSERVED
1644,1645,,UNOBSERVED,UNKNOWN_NO_CUSTOMER_VERBATIM_OR_SENTIMENT_LABEL,FEEDBACK_NOT_OBSERVED
1645,1646,,UNOBSERVED,UNKNOWN_NO_CUSTOMER_VERBATIM_OR_SENTIMENT_LABEL,FEEDBACK_NOT_OBSERVED
1646,1647,,UNOBSERVED,UNKNOWN_NO_CUSTOMER_VERBATIM_OR_SENTIMENT_LABEL,FEEDBACK_NOT_OBSERVED
1647,1648,,UNOBSERVED,UNKNOWN_NO_CUSTOMER_VERBATIM_OR_SENTIMENT_LABEL,FEEDBACK_NOT_OBSERVED
1648,1649,1,LOW_REPORTED,UNKNOWN_NO_CUSTOMER_VERBATIM_OR_SENTIMENT_LABEL,REVIEW_REPORTED_LOW_CSAT
1649,1650,,UNOBSERVED,UNKNOWN_NO_CUSTOMER_VERBATIM_OR_SENTIMENT_LABEL,FEEDBACK_NOT_OBSERVED
1650,1651,1,LOW_REPORTED,UNKNOWN_NO_CUSTOMER_VERBATIM_OR_SENTIMENT_LABEL,REVIEW_REPORTED_LOW_CSAT
1651,1652,,UNOBSERVED,UNKNOWN_NO_CUSTOMER_VERBATIM_OR_SENTIMENT_LABEL,FEEDBACK_NOT_OBSERVED
1652,1653,2,LOW_REPORTED,UNKNOWN_NO_CUSTOMER_VERBATIM_OR_SENTIMENT_LABEL,REVIEW_REPORTED_LOW_CSAT
1653,1654,2,LOW_REPORTED,UNKNOWN_NO_CUSTOMER_VERBATIM_OR_SENTIMENT_LABEL,REVIEW_REPORTED_LOW_CSAT
1654,1655,4,HIGH_REPORTED,UNKNOWN_NO_CUSTOMER_VERBATIM_OR_SENTIMENT_LABEL,KEEP_OBSERVED_SCORE
1655,1656,,UNOBSERVED,UNKNOWN_NO_CUSTOMER_VERBATIM_OR_SENTIMENT_LABEL,FEEDBACK_NOT_OBSERVED
1656,1657,4,HIGH_REPORTED,UNKNOWN_NO_CUSTOMER_VERBATIM_OR_SENTIMENT_LABEL,KEEP_OBSERVED_SCORE
1657,1658,,UNOBSERVED,UNKNOWN_NO_CUSTOMER_VERBATIM_OR_SENTIMENT_LABEL,FEEDBACK_NOT_OBSERVED
1658,1659,,UNOBSERVED,UNKNOWN_NO_CUSTOMER_VERBATIM_OR_SENTIMENT_LABEL,FEEDBACK_NOT_OBSERVED
1659,1660,,UNOBSERVED,UNKNOWN_NO_CUSTOMER_VERBATIM_OR_SENTIMENT_LABEL,FEEDBACK_NOT_OBSERVED
1660,1661,4,HIGH_REPORTED,UNKNOWN_NO_CUSTOMER_VERBATIM_OR_SENTIMENT_LABEL,KEEP_OBSERVED_SCORE
1661,1662,5,HIGH_REPORTED,UNKNOWN_NO_CUSTOMER_VERBATIM_OR_SENTIMENT_LABEL,KEEP_OBSERVED_SCORE
1662,1663,,UNOBSERVED,UNKNOWN_NO_CUSTOMER_VERBATIM_OR_SENTIMENT_LABEL,FEEDBACK_NOT_OBSERVED
1663,1664,1,LOW_REPORTED,UNKNOWN_NO_CUSTOMER_VERBATIM_OR_SENTIMENT_LABEL,REVIEW_REPORTED_LOW_CSAT
1664,1665,,UNOBSERVED,UNKNOWN_NO_CUSTOMER_VERBATIM_OR_SENTIMENT_LABEL,FEEDBACK_NOT_OBSERVED
1665,1666,5,HIGH_REPORTED,UNKNOWN_NO_CUSTOMER_VERBATIM_OR_SENTIMENT_LABEL,KEEP_OBSERVED_SCORE
1666,1667,,UNOBSERVED,UNKNOWN_NO_CUSTOMER_VERBATIM_OR_SENTIMENT_LABEL,FEEDBACK_NOT_OBSERVED
1667,1668,,UNOBSERVED,UNKNOWN_NO_CUSTOMER_VERBATIM_OR_SENTIMENT_LABEL,FEEDBACK_NOT_OBSERVED
1668,1669,,UNOBSERVED,UNKNOWN_NO_CUSTOMER_VERBATIM_OR_SENTIMENT_LABEL,FEEDBACK_NOT_OBSERVED
1669,1670,4,HIGH_REPORTED,UNKNOWN_NO_CUSTOMER_VERBATIM_OR_SENTIMENT_LABEL,KEEP_OBSERVED_SCORE
1670,1671,4,HIGH_REPORTED,UNKNOWN_NO_CUSTOMER_VERBATIM_OR_SENTIMENT_LABEL,KEEP_OBSERVED_SCORE
1671,1672,,UNOBSERVED,UNKNOWN_NO_CUSTOMER_VERBATIM_OR_SENTIMENT_LABEL,FEEDBACK_NOT_OBSERVED
1672,1673,,UNOBSERVED,UNKNOWN_NO_CUSTOMER_VERBATIM_OR_SENTIMENT_LABEL,FEEDBACK_NOT_OBSERVED
1673,1674,,UNOBSERVED,UNKNOWN_NO_CUSTOMER_VERBATIM_OR_SENTIMENT_LABEL,FEEDBACK_NOT_OBSERVED
1674,1675,5,HIGH_REPORTED,UNKNOWN_NO_CUSTOMER_VERBATIM_OR_SENTIMENT_LABEL,KEEP_OBSERVED_SCORE
1675,1676,5,HIGH_REPORTED,UNKNOWN_NO_CUSTOMER_VERBATIM_OR_SENTIMENT_LABEL,KEEP_OBSERVED_SCORE
1676,1677,,UNOBSERVED,UNKNOWN_NO_CUSTOMER_VERBATIM_OR_SENTIMENT_LABEL,FEEDBACK_NOT_OBSERVED
1677,1678,4,HIGH_REPORTED,UNKNOWN_NO_CUSTOMER_VERBATIM_OR_SENTIMENT_LABEL,KEEP_OBSERVED_SCORE
1678,1679,,UNOBSERVED,UNKNOWN_NO_CUSTOMER_VERBATIM_OR_SENTIMENT_LABEL,FEEDBACK_NOT_OBSERVED
1679,1680,,UNOBSERVED,UNKNOWN_NO_CUSTOMER_VERBATIM_OR_SENTIMENT_LABEL,FEEDBACK_NOT_OBSERVED
1680,1681,2,LOW_REPORTED,UNKNOWN_NO_CUSTOMER_VERBATIM_OR_SENTIMENT_LABEL,REVIEW_REPORTED_LOW_CSAT
1681,1682,,UNOBSERVED,UNKNOWN_NO_CUSTOMER_VERBATIM_OR_SENTIMENT_LABEL,FEEDBACK_NOT_OBSERVED
1682,1683,,UNOBSERVED,UNKNOWN_NO_CUSTOMER_VERBATIM_OR_SENTIMENT_LABEL,FEEDBACK_NOT_OBSERVED
1683,1684,,UNOBSERVED,UNKNOWN_NO_CUSTOMER_VERBATIM_OR_SENTIMENT_LABEL,FEEDBACK_NOT_OBSERVED
1684,1685,,UNOBSERVED,UNKNOWN_NO_CUSTOMER_VERBATIM_OR_SENTIMENT_LABEL,FEEDBACK_NOT_OBSERVED
1685,1686,,UNOBSERVED,UNKNOWN_NO_CUSTOMER_VERBATIM_OR_SENTIMENT_LABEL,FEEDBACK_NOT_OBSERVED
1686,1687,3,MIDDLE_REPORTED,UNKNOWN_NO_CUSTOMER_VERBATIM_OR_SENTIMENT_LABEL,KEEP_OBSERVED_SCORE
1687,1688,2,LOW_REPORTED,UNKNOWN_NO_CUSTOMER_VERBATIM_OR_SENTIMENT_LABEL,REVIEW_REPORTED_LOW_CSAT
1688,1689,,UNOBSERVED,UNKNOWN_NO_CUSTOMER_VERBATIM_OR_SENTIMENT_LABEL,FEEDBACK_NOT_OBSERVED
1689,1690,,UNOBSERVED,UNKNOWN_NO_CUSTOMER_VERBATIM_OR_SENTIMENT_LABEL,FEEDBACK_NOT_OBSERVED
1690,1691,,UNOBSERVED,UNKNOWN_NO_CUSTOMER_VERBATIM_OR_SENTIMENT_LABEL,FEEDBACK_NOT_OBSERVED
1691,1692,,UNOBSERVED,UNKNOWN_NO_CUSTOMER_VERBATIM_OR_SENTIMENT_LABEL,FEEDBACK_NOT_OBSERVED
1692,1693,3,MIDDLE_REPORTED,UNKNOWN_NO_CUSTOMER_VERBATIM_OR_SENTIMENT_LABEL,KEEP_OBSERVED_SCORE
1693,1694,,UNOBSERVED,UNKNOWN_NO_CUSTOMER_VERBATIM_OR_SENTIMENT_LABEL,FEEDBACK_NOT_OBSERVED
1694,1695,,UNOBSERVED,UNKNOWN_NO_CUSTOMER_VERBATIM_OR_SENTIMENT_LABEL,FEEDBACK_NOT_OBSERVED
1695,1696,,UNOBSERVED,UNKNOWN_NO_CUSTOMER_VERBATIM_OR_SENTIMENT_LABEL,FEEDBACK_NOT_OBSERVED
1696,1697,,UNOBSERVED,UNKNOWN_NO_CUSTOMER_VERBATIM_OR_SENTIMENT_LABEL,FEEDBACK_NOT_OBSERVED
1697,1698,,UNOBSERVED,UNKNOWN_NO_CUSTOMER_VERBATIM_OR_SENTIMENT_LABEL,FEEDBACK_NOT_OBSERVED
1698,1699,,UNOBSERVED,UNKNOWN_NO_CUSTOMER_VERBATIM_OR_SENTIMENT_LABEL,FEEDBACK_NOT_OBSERVED
1699,1700,,UNOBSERVED,UNKNOWN_NO_CUSTOMER_VERBATIM_OR_SENTIMENT_LABEL,FEEDBACK_NOT_OBSERVED
1700,1701,2,LOW_REPORTED,UNKNOWN_NO_CUSTOMER_VERBATIM_OR_SENTIMENT_LABEL,REVIEW_REPORTED_LOW_CSAT
1701,1702,5,HIGH_REPORTED,UNKNOWN_NO_CUSTOMER_VERBATIM_OR_SENTIMENT_LABEL,KEEP_OBSERVED_SCORE
1702,1703,,UNOBSERVED,UNKNOWN_NO_CUSTOMER_VERBATIM_OR_SENTIMENT_LABEL,FEEDBACK_NOT_OBSERVED
1703,1704,2,LOW_REPORTED,UNKNOWN_NO_CUSTOMER_VERBATIM_OR_SENTIMENT_LABEL,REVIEW_REPORTED_LOW_CSAT
1704,1705,4,HIGH_REPORTED,UNKNOWN_NO_CUSTOMER_VERBATIM_OR_SENTIMENT_LABEL,KEEP_OBSERVED_SCORE
1705,1706,,UNOBSERVED,UNKNOWN_NO_CUSTOMER_VERBATIM_OR_SENTIMENT_LABEL,FEEDBACK_NOT_OBSERVED
1706,1707,2,LOW_REPORTED,UNKNOWN_NO_CUSTOMER_VERBATIM_OR_SENTIMENT_LABEL,REVIEW_REPORTED_LOW_CSAT
1707,1708,,UNOBSERVED,UNKNOWN_NO_CUSTOMER_VERBATIM_OR_SENTIMENT_LABEL,FEEDBACK_NOT_OBSERVED
1708,1709,,UNOBSERVED,UNKNOWN_NO_CUSTOMER_VERBATIM_OR_SENTIMENT_LABEL,FEEDBACK_NOT_OBSERVED
1709,1710,,UNOBSERVED,UNKNOWN_NO_CUSTOMER_VERBATIM_OR_SENTIMENT_LABEL,FEEDBACK_NOT_OBSERVED
1710,1711,4,HIGH_REPORTED,UNKNOWN_NO_CUSTOMER_VERBATIM_OR_SENTIMENT_LABEL,KEEP_OBSERVED_SCORE
1711,1712,2,LOW_REPORTED,UNKNOWN_NO_CUSTOMER_VERBATIM_OR_SENTIMENT_LABEL,REVIEW_REPORTED_LOW_CSAT
1712,1713,,UNOBSERVED,UNKNOWN_NO_CUSTOMER_VERBATIM_OR_SENTIMENT_LABEL,FEEDBACK_NOT_OBSERVED
1713,1714,,UNOBSERVED,UNKNOWN_NO_CUSTOMER_VERBATIM_OR_SENTIMENT_LABEL,FEEDBACK_NOT_OBSERVED
1714,1715,,UNOBSERVED,UNKNOWN_NO_CUSTOMER_VERBATIM_OR_SENTIMENT_LABEL,FEEDBACK_NOT_OBSERVED
1715,1716,2,LOW_REPORTED,UNKNOWN_NO_CUSTOMER_VERBATIM_OR_SENTIMENT_LABEL,REVIEW_REPORTED_LOW_CSAT
1716,1717,1,LOW_REPORTED,UNKNOWN_NO_CUSTOMER_VERBATIM_OR_SENTIMENT_LABEL,REVIEW_REPORTED_LOW_CSAT
1717,1718,,UNOBSERVED,UNKNOWN_NO_CUSTOMER_VERBATIM_OR_SENTIMENT_LABEL,FEEDBACK_NOT_OBSERVED
1718,1719,3,MIDDLE_REPORTED,UNKNOWN_NO_CUSTOMER_VERBATIM_OR_SENTIMENT_LABEL,KEEP_OBSERVED_SCORE
1719,1720,5,HIGH_REPORTED,UNKNOWN_NO_CUSTOMER_VERBATIM_OR_SENTIMENT_LABEL,KEEP_OBSERVED_SCORE
1720,1721,,UNOBSERVED,UNKNOWN_NO_CUSTOMER_VERBATIM_OR_SENTIMENT_LABEL,FEEDBACK_NOT_OBSERVED
1721,1722,,UNOBSERVED,UNKNOWN_NO_CUSTOMER_VERBATIM_OR_SENTIMENT_LABEL,FEEDBACK_NOT_OBSERVED
1722,1723,1,LOW_REPORTED,UNKNOWN_NO_CUSTOMER_VERBATIM_OR_SENTIMENT_LABEL,REVIEW_REPORTED_LOW_CSAT
1723,1724,1,LOW_REPORTED,UNKNOWN_NO_CUSTOMER_VERBATIM_OR_SENTIMENT_LABEL,REVIEW_REPORTED_LOW_CSAT
1724,1725,,UNOBSERVED,UNKNOWN_NO_CUSTOMER_VERBATIM_OR_SENTIMENT_LABEL,FEEDBACK_NOT_OBSERVED
1725,1726,1,LOW_REPORTED,UNKNOWN_NO_CUSTOMER_VERBATIM_OR_SENTIMENT_LABEL,REVIEW_REPORTED_LOW_CSAT
1726,1727,,UNOBSERVED,UNKNOWN_NO_CUSTOMER_VERBATIM_OR_SENTIMENT_LABEL,FEEDBACK_NOT_OBSERVED
1727,1728,1,LOW_REPORTED,UNKNOWN_NO_CUSTOMER_VERBATIM_OR_SENTIMENT_LABEL,REVIEW_REPORTED_LOW_CSAT
1728,1729,,UNOBSERVED,UNKNOWN_NO_CUSTOMER_VERBATIM_OR_SENTIMENT_LABEL,FEEDBACK_NOT_OBSERVED
1729,1730,,UNOBSERVED,UNKNOWN_NO_CUSTOMER_VERBATIM_OR_SENTIMENT_LABEL,FEEDBACK_NOT_OBSERVED
1730,1731,,UNOBSERVED,UNKNOWN_NO_CUSTOMER_VERBATIM_OR_SENTIMENT_LABEL,FEEDBACK_NOT_OBSERVED
1731,1732,,UNOBSERVED,UNKNOWN_NO_CUSTOMER_VERBATIM_OR_SENTIMENT_LABEL,FEEDBACK_NOT_OBSERVED
1732,1733,2,LOW_REPORTED,UNKNOWN_NO_CUSTOMER_VERBATIM_OR_SENTIMENT_LABEL,REVIEW_REPORTED_LOW_CSAT
1733,1734,2,LOW_REPORTED,UNKNOWN_NO_CUSTOMER_VERBATIM_OR_SENTIMENT_LABEL,REVIEW_REPORTED_LOW_CSAT
1734,1735,,UNOBSERVED,UNKNOWN_NO_CUSTOMER_VERBATIM_OR_SENTIMENT_LABEL,FEEDBACK_NOT_OBSERVED
1735,1736,3,MIDDLE_REPORTED,UNKNOWN_NO_CUSTOMER_VERBATIM_OR_SENTIMENT_LABEL,KEEP_OBSERVED_SCORE
1736,1737,,UNOBSERVED,UNKNOWN_NO_CUSTOMER_VERBATIM_OR_SENTIMENT_LABEL,FEEDBACK_NOT_OBSERVED
1737,1738,5,HIGH_REPORTED,UNKNOWN_NO_CUSTOMER_VERBATIM_OR_SENTIMENT_LABEL,KEEP_OBSERVED_SCORE
1738,1739,,UNOBSERVED,UNKNOWN_NO_CUSTOMER_VERBATIM_OR_SENTIMENT_LABEL,FEEDBACK_NOT_OBSERVED
1739,1740,,UNOBSERVED,UNKNOWN_NO_CUSTOMER_VERBATIM_OR_SENTIMENT_LABEL,FEEDBACK_NOT_OBSERVED
1740,1741,,UNOBSERVED,UNKNOWN_NO_CUSTOMER_VERBATIM_OR_SENTIMENT_LABEL,FEEDBACK_NOT_OBSERVED
1741,1742,,UNOBSERVED,UNKNOWN_NO_CUSTOMER_VERBATIM_OR_SENTIMENT_LABEL,FEEDBACK_NOT_OBSERVED
1742,1743,3,MIDDLE_REPORTED,UNKNOWN_NO_CUSTOMER_VERBATIM_OR_SENTIMENT_LABEL,KEEP_OBSERVED_SCORE
1743,1744,5,HIGH_REPORTED,UNKNOWN_NO_CUSTOMER_VERBATIM_OR_SENTIMENT_LABEL,KEEP_OBSERVED_SCORE
1744,1745,,UNOBSERVED,UNKNOWN_NO_CUSTOMER_VERBATIM_OR_SENTIMENT_LABEL,FEEDBACK_NOT_OBSERVED
1745,1746,,UNOBSERVED,UNKNOWN_NO_CUSTOMER_VERBATIM_OR_SENTIMENT_LABEL,FEEDBACK_NOT_OBSERVED
1746,1747,,UNOBSERVED,UNKNOWN_NO_CUSTOMER_VERBATIM_OR_SENTIMENT_LABEL,FEEDBACK_NOT_OBSERVED
1747,1748,,UNOBSERVED,UNKNOWN_NO_CUSTOMER_VERBATIM_OR_SENTIMENT_LABEL,FEEDBACK_NOT_OBSERVED
1748,1749,1,LOW_REPORTED,UNKNOWN_NO_CUSTOMER_VERBATIM_OR_SENTIMENT_LABEL,REVIEW_REPORTED_LOW_CSAT
1749,1750,,UNOBSERVED,UNKNOWN_NO_CUSTOMER_VERBATIM_OR_SENTIMENT_LABEL,FEEDBACK_NOT_OBSERVED
1750,1751,,UNOBSERVED,UNKNOWN_NO_CUSTOMER_VERBATIM_OR_SENTIMENT_LABEL,FEEDBACK_NOT_OBSERVED
1751,1752,,UNOBSERVED,UNKNOWN_NO_CUSTOMER_VERBATIM_OR_SENTIMENT_LABEL,FEEDBACK_NOT_OBSERVED
1752,1753,,UNOBSERVED,UNKNOWN_NO_CUSTOMER_VERBATIM_OR_SENTIMENT_LABEL,FEEDBACK_NOT_OBSERVED
1753,1754,5,HIGH_REPORTED,UNKNOWN_NO_CUSTOMER_VERBATIM_OR_SENTIMENT_LABEL,KEEP_OBSERVED_SCORE
1754,1755,,UNOBSERVED,UNKNOWN_NO_CUSTOMER_VERBATIM_OR_SENTIMENT_LABEL,FEEDBACK_NOT_OBSERVED
1755,1756,5,HIGH_REPORTED,UNKNOWN_NO_CUSTOMER_VERBATIM_OR_SENTIMENT_LABEL,KEEP_OBSERVED_SCORE
1756,1757,3,MIDDLE_REPORTED,UNKNOWN_NO_CUSTOMER_VERBATIM_OR_SENTIMENT_LABEL,KEEP_OBSERVED_SCORE
1757,1758,,UNOBSERVED,UNKNOWN_NO_CUSTOMER_VERBATIM_OR_SENTIMENT_LABEL,FEEDBACK_NOT_OBSERVED
1758,1759,,UNOBSERVED,UNKNOWN_NO_CUSTOMER_VERBATIM_OR_SENTIMENT_LABEL,FEEDBACK_NOT_OBSERVED
1759,1760,,UNOBSERVED,UNKNOWN_NO_CUSTOMER_VERBATIM_OR_SENTIMENT_LABEL,FEEDBACK_NOT_OBSERVED
1760,1761,,UNOBSERVED,UNKNOWN_NO_CUSTOMER_VERBATIM_OR_SENTIMENT_LABEL,FEEDBACK_NOT_OBSERVED
1761,1762,,UNOBSERVED,UNKNOWN_NO_CUSTOMER_VERBATIM_OR_SENTIMENT_LABEL,FEEDBACK_NOT_OBSERVED
1762,1763,5,HIGH_REPORTED,UNKNOWN_NO_CUSTOMER_VERBATIM_OR_SENTIMENT_LABEL,KEEP_OBSERVED_SCORE
1763,1764,,UNOBSERVED,UNKNOWN_NO_CUSTOMER_VERBATIM_OR_SENTIMENT_LABEL,FEEDBACK_NOT_OBSERVED
1764,1765,,UNOBSERVED,UNKNOWN_NO_CUSTOMER_VERBATIM_OR_SENTIMENT_LABEL,FEEDBACK_NOT_OBSERVED
1765,1766,2,LOW_REPORTED,UNKNOWN_NO_CUSTOMER_VERBATIM_OR_SENTIMENT_LABEL,REVIEW_REPORTED_LOW_CSAT
1766,1767,5,HIGH_REPORTED,UNKNOWN_NO_CUSTOMER_VERBATIM_OR_SENTIMENT_LABEL,KEEP_OBSERVED_SCORE
1767,1768,,UNOBSERVED,UNKNOWN_NO_CUSTOMER_VERBATIM_OR_SENTIMENT_LABEL,FEEDBACK_NOT_OBSERVED
1768,1769,4,HIGH_REPORTED,UNKNOWN_NO_CUSTOMER_VERBATIM_OR_SENTIMENT_LABEL,KEEP_OBSERVED_SCORE
1769,1770,,UNOBSERVED,UNKNOWN_NO_CUSTOMER_VERBATIM_OR_SENTIMENT_LABEL,FEEDBACK_NOT_OBSERVED
1770,1771,,UNOBSERVED,UNKNOWN_NO_CUSTOMER_VERBATIM_OR_SENTIMENT_LABEL,FEEDBACK_NOT_OBSERVED
1771,1772,,UNOBSERVED,UNKNOWN_NO_CUSTOMER_VERBATIM_OR_SENTIMENT_LABEL,FEEDBACK_NOT_OBSERVED
1772,1773,,UNOBSERVED,UNKNOWN_NO_CUSTOMER_VERBATIM_OR_SENTIMENT_LABEL,FEEDBACK_NOT_OBSERVED
1773,1774,3,MIDDLE_REPORTED,UNKNOWN_NO_CUSTOMER_VERBATIM_OR_SENTIMENT_LABEL,KEEP_OBSERVED_SCORE
1774,1775,,UNOBSERVED,UNKNOWN_NO_CUSTOMER_VERBATIM_OR_SENTIMENT_LABEL,FEEDBACK_NOT_OBSERVED
1775,1776,,UNOBSERVED,UNKNOWN_NO_CUSTOMER_VERBATIM_OR_SENTIMENT_LABEL,FEEDBACK_NOT_OBSERVED
1776,1777,,UNOBSERVED,UNKNOWN_NO_CUSTOMER_VERBATIM_OR_SENTIMENT_LABEL,FEEDBACK_NOT_OBSERVED
1777,1778,,UNOBSERVED,UNKNOWN_NO_CUSTOMER_VERBATIM_OR_SENTIMENT_LABEL,FEEDBACK_NOT_OBSERVED
1778,1779,,UNOBSERVED,UNKNOWN_NO_CUSTOMER_VERBATIM_OR_SENTIMENT_LABEL,FEEDBACK_NOT_OBSERVED
1779,1780,3,MIDDLE_REPORTED,UNKNOWN_NO_CUSTOMER_VERBATIM_OR_SENTIMENT_LABEL,KEEP_OBSERVED_SCORE
1780,1781,,UNOBSERVED,UNKNOWN_NO_CUSTOMER_VERBATIM_OR_SENTIMENT_LABEL,FEEDBACK_NOT_OBSERVED
1781,1782,,UNOBSERVED,UNKNOWN_NO_CUSTOMER_VERBATIM_OR_SENTIMENT_LABEL,FEEDBACK_NOT_OBSERVED
1782,1783,3,MIDDLE_REPORTED,UNKNOWN_NO_CUSTOMER_VERBATIM_OR_SENTIMENT_LABEL,KEEP_OBSERVED_SCORE
1783,1784,2,LOW_REPORTED,UNKNOWN_NO_CUSTOMER_VERBATIM_OR_SENTIMENT_LABEL,REVIEW_REPORTED_LOW_CSAT
1784,1785,3,MIDDLE_REPORTED,UNKNOWN_NO_CUSTOMER_VERBATIM_OR_SENTIMENT_LABEL,KEEP_OBSERVED_SCORE
1785,1786,3,MIDDLE_REPORTED,UNKNOWN_NO_CUSTOMER_VERBATIM_OR_SENTIMENT_LABEL,KEEP_OBSERVED_SCORE
1786,1787,4,HIGH_REPORTED,UNKNOWN_NO_CUSTOMER_VERBATIM_OR_SENTIMENT_LABEL,KEEP_OBSERVED_SCORE
1787,1788,,UNOBSERVED,UNKNOWN_NO_CUSTOMER_VERBATIM_OR_SENTIMENT_LABEL,FEEDBACK_NOT_OBSERVED
1788,1789,,UNOBSERVED,UNKNOWN_NO_CUSTOMER_VERBATIM_OR_SENTIMENT_LABEL,FEEDBACK_NOT_OBSERVED
1789,1790,,UNOBSERVED,UNKNOWN_NO_CUSTOMER_VERBATIM_OR_SENTIMENT_LABEL,FEEDBACK_NOT_OBSERVED
1790,1791,,UNOBSERVED,UNKNOWN_NO_CUSTOMER_VERBATIM_OR_SENTIMENT_LABEL,FEEDBACK_NOT_OBSERVED
1791,1792,,UNOBSERVED,UNKNOWN_NO_CUSTOMER_VERBATIM_OR_SENTIMENT_LABEL,FEEDBACK_NOT_OBSERVED
1792,1793,,UNOBSERVED,UNKNOWN_NO_CUSTOMER_VERBATIM_OR_SENTIMENT_LABEL,FEEDBACK_NOT_OBSERVED
1793,1794,,UNOBSERVED,UNKNOWN_NO_CUSTOMER_VERBATIM_OR_SENTIMENT_LABEL,FEEDBACK_NOT_OBSERVED
1794,1795,,UNOBSERVED,UNKNOWN_NO_CUSTOMER_VERBATIM_OR_SENTIMENT_LABEL,FEEDBACK_NOT_OBSERVED
1795,1796,,UNOBSERVED,UNKNOWN_NO_CUSTOMER_VERBATIM_OR_SENTIMENT_LABEL,FEEDBACK_NOT_OBSERVED
1796,1797,,UNOBSERVED,UNKNOWN_NO_CUSTOMER_VERBATIM_OR_SENTIMENT_LABEL,FEEDBACK_NOT_OBSERVED
1797,1798,,UNOBSERVED,UNKNOWN_NO_CUSTOMER_VERBATIM_OR_SENTIMENT_LABEL,FEEDBACK_NOT_OBSERVED
1798,1799,,UNOBSERVED,UNKNOWN_NO_CUSTOMER_VERBATIM_OR_SENTIMENT_LABEL,FEEDBACK_NOT_OBSERVED
1799,1800,,UNOBSERVED,UNKNOWN_NO_CUSTOMER_VERBATIM_OR_SENTIMENT_LABEL,FEEDBACK_NOT_OBSERVED
1800,1801,,UNOBSERVED,UNKNOWN_NO_CUSTOMER_VERBATIM_OR_SENTIMENT_LABEL,FEEDBACK_NOT_OBSERVED
1801,1802,,UNOBSERVED,UNKNOWN_NO_CUSTOMER_VERBATIM_OR_SENTIMENT_LABEL,FEEDBACK_NOT_OBSERVED
1802,1803,,UNOBSERVED,UNKNOWN_NO_CUSTOMER_VERBATIM_OR_SENTIMENT_LABEL,FEEDBACK_NOT_OBSERVED
1803,1804,,UNOBSERVED,UNKNOWN_NO_CUSTOMER_VERBATIM_OR_SENTIMENT_LABEL,FEEDBACK_NOT_OBSERVED
1804,1805,,UNOBSERVED,UNKNOWN_NO_CUSTOMER_VERBATIM_OR_SENTIMENT_LABEL,FEEDBACK_NOT_OBSERVED
1805,1806,1,LOW_REPORTED,UNKNOWN_NO_CUSTOMER_VERBATIM_OR_SENTIMENT_LABEL,REVIEW_REPORTED_LOW_CSAT
1806,1807,1,LOW_REPORTED,UNKNOWN_NO_CUSTOMER_VERBATIM_OR_SENTIMENT_LABEL,REVIEW_REPORTED_LOW_CSAT
1807,1808,5,HIGH_REPORTED,UNKNOWN_NO_CUSTOMER_VERBATIM_OR_SENTIMENT_LABEL,KEEP_OBSERVED_SCORE
1808,1809,5,HIGH_REPORTED,UNKNOWN_NO_CUSTOMER_VERBATIM_OR_SENTIMENT_LABEL,KEEP_OBSERVED_SCORE
1809,1810,,UNOBSERVED,UNKNOWN_NO_CUSTOMER_VERBATIM_OR_SENTIMENT_LABEL,FEEDBACK_NOT_OBSERVED
1810,1811,,UNOBSERVED,UNKNOWN_NO_CUSTOMER_VERBATIM_OR_SENTIMENT_LABEL,FEEDBACK_NOT_OBSERVED
1811,1812,,UNOBSERVED,UNKNOWN_NO_CUSTOMER_VERBATIM_OR_SENTIMENT_LABEL,FEEDBACK_NOT_OBSERVED
1812,1813,,UNOBSERVED,UNKNOWN_NO_CUSTOMER_VERBATIM_OR_SENTIMENT_LABEL,FEEDBACK_NOT_OBSERVED
1813,1814,5,HIGH_REPORTED,UNKNOWN_NO_CUSTOMER_VERBATIM_OR_SENTIMENT_LABEL,KEEP_OBSERVED_SCORE
1814,1815,,UNOBSERVED,UNKNOWN_NO_CUSTOMER_VERBATIM_OR_SENTIMENT_LABEL,FEEDBACK_NOT_OBSERVED
1815,1816,,UNOBSERVED,UNKNOWN_NO_CUSTOMER_VERBATIM_OR_SENTIMENT_LABEL,FEEDBACK_NOT_OBSERVED
1816,1817,,UNOBSERVED,UNKNOWN_NO_CUSTOMER_VERBATIM_OR_SENTIMENT_LABEL,FEEDBACK_NOT_OBSERVED
1817,1818,,UNOBSERVED,UNKNOWN_NO_CUSTOMER_VERBATIM_OR_SENTIMENT_LABEL,FEEDBACK_NOT_OBSERVED
1818,1819,,UNOBSERVED,UNKNOWN_NO_CUSTOMER_VERBATIM_OR_SENTIMENT_LABEL,FEEDBACK_NOT_OBSERVED
1819,1820,,UNOBSERVED,UNKNOWN_NO_CUSTOMER_VERBATIM_OR_SENTIMENT_LABEL,FEEDBACK_NOT_OBSERVED
1820,1821,1,LOW_REPORTED,UNKNOWN_NO_CUSTOMER_VERBATIM_OR_SENTIMENT_LABEL,REVIEW_REPORTED_LOW_CSAT
1821,1822,,UNOBSERVED,UNKNOWN_NO_CUSTOMER_VERBATIM_OR_SENTIMENT_LABEL,FEEDBACK_NOT_OBSERVED
1822,1823,,UNOBSERVED,UNKNOWN_NO_CUSTOMER_VERBATIM_OR_SENTIMENT_LABEL,FEEDBACK_NOT_OBSERVED
1823,1824,,UNOBSERVED,UNKNOWN_NO_CUSTOMER_VERBATIM_OR_SENTIMENT_LABEL,FEEDBACK_NOT_OBSERVED
1824,1825,,UNOBSERVED,UNKNOWN_NO_CUSTOMER_VERBATIM_OR_SENTIMENT_LABEL,FEEDBACK_NOT_OBSERVED
1825,1826,1,LOW_REPORTED,UNKNOWN_NO_CUSTOMER_VERBATIM_OR_SENTIMENT_LABEL,REVIEW_REPORTED_LOW_CSAT
1826,1827,2,LOW_REPORTED,UNKNOWN_NO_CUSTOMER_VERBATIM_OR_SENTIMENT_LABEL,REVIEW_REPORTED_LOW_CSAT
1827,1828,,UNOBSERVED,UNKNOWN_NO_CUSTOMER_VERBATIM_OR_SENTIMENT_LABEL,FEEDBACK_NOT_OBSERVED
1828,1829,2,LOW_REPORTED,UNKNOWN_NO_CUSTOMER_VERBATIM_OR_SENTIMENT_LABEL,REVIEW_REPORTED_LOW_CSAT
1829,1830,,UNOBSERVED,UNKNOWN_NO_CUSTOMER_VERBATIM_OR_SENTIMENT_LABEL,FEEDBACK_NOT_OBSERVED
1830,1831,,UNOBSERVED,UNKNOWN_NO_CUSTOMER_VERBATIM_OR_SENTIMENT_LABEL,FEEDBACK_NOT_OBSERVED
1831,1832,,UNOBSERVED,UNKNOWN_NO_CUSTOMER_VERBATIM_OR_SENTIMENT_LABEL,FEEDBACK_NOT_OBSERVED
1832,1833,,UNOBSERVED,UNKNOWN_NO_CUSTOMER_VERBATIM_OR_SENTIMENT_LABEL,FEEDBACK_NOT_OBSERVED
1833,1834,,UNOBSERVED,UNKNOWN_NO_CUSTOMER_VERBATIM_OR_SENTIMENT_LABEL,FEEDBACK_NOT_OBSERVED
1834,1835,,UNOBSERVED,UNKNOWN_NO_CUSTOMER_VERBATIM_OR_SENTIMENT_LABEL,FEEDBACK_NOT_OBSERVED
1835,1836,,UNOBSERVED,UNKNOWN_NO_CUSTOMER_VERBATIM_OR_SENTIMENT_LABEL,FEEDBACK_NOT_OBSERVED
1836,1837,4,HIGH_REPORTED,UNKNOWN_NO_CUSTOMER_VERBATIM_OR_SENTIMENT_LABEL,KEEP_OBSERVED_SCORE
1837,1838,,UNOBSERVED,UNKNOWN_NO_CUSTOMER_VERBATIM_OR_SENTIMENT_LABEL,FEEDBACK_NOT_OBSERVED
1838,1839,5,HIGH_REPORTED,UNKNOWN_NO_CUSTOMER_VERBATIM_OR_SENTIMENT_LABEL,KEEP_OBSERVED_SCORE
1839,1840,4,HIGH_REPORTED,UNKNOWN_NO_CUSTOMER_VERBATIM_OR_SENTIMENT_LABEL,KEEP_OBSERVED_SCORE
1840,1841,,UNOBSERVED,UNKNOWN_NO_CUSTOMER_VERBATIM_OR_SENTIMENT_LABEL,FEEDBACK_NOT_OBSERVED
1841,1842,,UNOBSERVED,UNKNOWN_NO_CUSTOMER_VERBATIM_OR_SENTIMENT_LABEL,FEEDBACK_NOT_OBSERVED
1842,1843,,UNOBSERVED,UNKNOWN_NO_CUSTOMER_VERBATIM_OR_SENTIMENT_LABEL,FEEDBACK_NOT_OBSERVED
1843,1844,,UNOBSERVED,UNKNOWN_NO_CUSTOMER_VERBATIM_OR_SENTIMENT_LABEL,FEEDBACK_NOT_OBSERVED
1844,1845,,UNOBSERVED,UNKNOWN_NO_CUSTOMER_VERBATIM_OR_SENTIMENT_LABEL,FEEDBACK_NOT_OBSERVED
1845,1846,,UNOBSERVED,UNKNOWN_NO_CUSTOMER_VERBATIM_OR_SENTIMENT_LABEL,FEEDBACK_NOT_OBSERVED
1846,1847,4,HIGH_REPORTED,UNKNOWN_NO_CUSTOMER_VERBATIM_OR_SENTIMENT_LABEL,KEEP_OBSERVED_SCORE
1847,1848,3,MIDDLE_REPORTED,UNKNOWN_NO_CUSTOMER_VERBATIM_OR_SENTIMENT_LABEL,KEEP_OBSERVED_SCORE
1848,1849,,UNOBSERVED,UNKNOWN_NO_CUSTOMER_VERBATIM_OR_SENTIMENT_LABEL,FEEDBACK_NOT_OBSERVED
1849,1850,,UNOBSERVED,UNKNOWN_NO_CUSTOMER_VERBATIM_OR_SENTIMENT_LABEL,FEEDBACK_NOT_OBSERVED
1850,1851,,UNOBSERVED,UNKNOWN_NO_CUSTOMER_VERBATIM_OR_SENTIMENT_LABEL,FEEDBACK_NOT_OBSERVED
1851,1852,,UNOBSERVED,UNKNOWN_NO_CUSTOMER_VERBATIM_OR_SENTIMENT_LABEL,FEEDBACK_NOT_OBSERVED
1852,1853,,UNOBSERVED,UNKNOWN_NO_CUSTOMER_VERBATIM_OR_SENTIMENT_LABEL,FEEDBACK_NOT_OBSERVED
1853,1854,2,LOW_REPORTED,UNKNOWN_NO_CUSTOMER_VERBATIM_OR_SENTIMENT_LABEL,REVIEW_REPORTED_LOW_CSAT
1854,1855,2,LOW_REPORTED,UNKNOWN_NO_CUSTOMER_VERBATIM_OR_SENTIMENT_LABEL,REVIEW_REPORTED_LOW_CSAT
1855,1856,,UNOBSERVED,UNKNOWN_NO_CUSTOMER_VERBATIM_OR_SENTIMENT_LABEL,FEEDBACK_NOT_OBSERVED
1856,1857,,UNOBSERVED,UNKNOWN_NO_CUSTOMER_VERBATIM_OR_SENTIMENT_LABEL,FEEDBACK_NOT_OBSERVED
1857,1858,,UNOBSERVED,UNKNOWN_NO_CUSTOMER_VERBATIM_OR_SENTIMENT_LABEL,FEEDBACK_NOT_OBSERVED
1858,1859,2,LOW_REPORTED,UNKNOWN_NO_CUSTOMER_VERBATIM_OR_SENTIMENT_LABEL,REVIEW_REPORTED_LOW_CSAT
1859,1860,,UNOBSERVED,UNKNOWN_NO_CUSTOMER_VERBATIM_OR_SENTIMENT_LABEL,FEEDBACK_NOT_OBSERVED
1860,1861,,UNOBSERVED,UNKNOWN_NO_CUSTOMER_VERBATIM_OR_SENTIMENT_LABEL,FEEDBACK_NOT_OBSERVED
1861,1862,,UNOBSERVED,UNKNOWN_NO_CUSTOMER_VERBATIM_OR_SENTIMENT_LABEL,FEEDBACK_NOT_OBSERVED
1862,1863,5,HIGH_REPORTED,UNKNOWN_NO_CUSTOMER_VERBATIM_OR_SENTIMENT_LABEL,KEEP_OBSERVED_SCORE
1863,1864,,UNOBSERVED,UNKNOWN_NO_CUSTOMER_VERBATIM_OR_SENTIMENT_LABEL,FEEDBACK_NOT_OBSERVED
1864,1865,,UNOBSERVED,UNKNOWN_NO_CUSTOMER_VERBATIM_OR_SENTIMENT_LABEL,FEEDBACK_NOT_OBSERVED
1865,1866,3,MIDDLE_REPORTED,UNKNOWN_NO_CUSTOMER_VERBATIM_OR_SENTIMENT_LABEL,KEEP_OBSERVED_SCORE
1866,1867,4,HIGH_REPORTED,UNKNOWN_NO_CUSTOMER_VERBATIM_OR_SENTIMENT_LABEL,KEEP_OBSERVED_SCORE
1867,1868,2,LOW_REPORTED,UNKNOWN_NO_CUSTOMER_VERBATIM_OR_SENTIMENT_LABEL,REVIEW_REPORTED_LOW_CSAT
1868,1869,,UNOBSERVED,UNKNOWN_NO_CUSTOMER_VERBATIM_OR_SENTIMENT_LABEL,FEEDBACK_NOT_OBSERVED
1869,1870,,UNOBSERVED,UNKNOWN_NO_CUSTOMER_VERBATIM_OR_SENTIMENT_LABEL,FEEDBACK_NOT_OBSERVED
1870,1871,,UNOBSERVED,UNKNOWN_NO_CUSTOMER_VERBATIM_OR_SENTIMENT_LABEL,FEEDBACK_NOT_OBSERVED
1871,1872,,UNOBSERVED,UNKNOWN_NO_CUSTOMER_VERBATIM_OR_SENTIMENT_LABEL,FEEDBACK_NOT_OBSERVED
1872,1873,,UNOBSERVED,UNKNOWN_NO_CUSTOMER_VERBATIM_OR_SENTIMENT_LABEL,FEEDBACK_NOT_OBSERVED
1873,1874,,UNOBSERVED,UNKNOWN_NO_CUSTOMER_VERBATIM_OR_SENTIMENT_LABEL,FEEDBACK_NOT_OBSERVED
1874,1875,,UNOBSERVED,UNKNOWN_NO_CUSTOMER_VERBATIM_OR_SENTIMENT_LABEL,FEEDBACK_NOT_OBSERVED
1875,1876,,UNOBSERVED,UNKNOWN_NO_CUSTOMER_VERBATIM_OR_SENTIMENT_LABEL,FEEDBACK_NOT_OBSERVED
1876,1877,4,HIGH_REPORTED,UNKNOWN_NO_CUSTOMER_VERBATIM_OR_SENTIMENT_LABEL,KEEP_OBSERVED_SCORE
1877,1878,,UNOBSERVED,UNKNOWN_NO_CUSTOMER_VERBATIM_OR_SENTIMENT_LABEL,FEEDBACK_NOT_OBSERVED
1878,1879,,UNOBSERVED,UNKNOWN_NO_CUSTOMER_VERBATIM_OR_SENTIMENT_LABEL,FEEDBACK_NOT_OBSERVED
1879,1880,,UNOBSERVED,UNKNOWN_NO_CUSTOMER_VERBATIM_OR_SENTIMENT_LABEL,FEEDBACK_NOT_OBSERVED
1880,1881,,UNOBSERVED,UNKNOWN_NO_CUSTOMER_VERBATIM_OR_SENTIMENT_LABEL,FEEDBACK_NOT_OBSERVED
1881,1882,,UNOBSERVED,UNKNOWN_NO_CUSTOMER_VERBATIM_OR_SENTIMENT_LABEL,FEEDBACK_NOT_OBSERVED
1882,1883,,UNOBSERVED,UNKNOWN_NO_CUSTOMER_VERBATIM_OR_SENTIMENT_LABEL,FEEDBACK_NOT_OBSERVED
1883,1884,2,LOW_REPORTED,UNKNOWN_NO_CUSTOMER_VERBATIM_OR_SENTIMENT_LABEL,REVIEW_REPORTED_LOW_CSAT
1884,1885,,UNOBSERVED,UNKNOWN_NO_CUSTOMER_VERBATIM_OR_SENTIMENT_LABEL,FEEDBACK_NOT_OBSERVED
1885,1886,1,LOW_REPORTED,UNKNOWN_NO_CUSTOMER_VERBATIM_OR_SENTIMENT_LABEL,REVIEW_REPORTED_LOW_CSAT
1886,1887,,UNOBSERVED,UNKNOWN_NO_CUSTOMER_VERBATIM_OR_SENTIMENT_LABEL,FEEDBACK_NOT_OBSERVED
1887,1888,1,LOW_REPORTED,UNKNOWN_NO_CUSTOMER_VERBATIM_OR_SENTIMENT_LABEL,REVIEW_REPORTED_LOW_CSAT
1888,1889,2,LOW_REPORTED,UNKNOWN_NO_CUSTOMER_VERBATIM_OR_SENTIMENT_LABEL,REVIEW_REPORTED_LOW_CSAT
1889,1890,,UNOBSERVED,UNKNOWN_NO_CUSTOMER_VERBATIM_OR_SENTIMENT_LABEL,FEEDBACK_NOT_OBSERVED
1890,1891,,UNOBSERVED,UNKNOWN_NO_CUSTOMER_VERBATIM_OR_SENTIMENT_LABEL,FEEDBACK_NOT_OBSERVED
1891,1892,,UNOBSERVED,UNKNOWN_NO_CUSTOMER_VERBATIM_OR_SENTIMENT_LABEL,FEEDBACK_NOT_OBSERVED
1892,1893,,UNOBSERVED,UNKNOWN_NO_CUSTOMER_VERBATIM_OR_SENTIMENT_LABEL,FEEDBACK_NOT_OBSERVED
1893,1894,,UNOBSERVED,UNKNOWN_NO_CUSTOMER_VERBATIM_OR_SENTIMENT_LABEL,FEEDBACK_NOT_OBSERVED
1894,1895,,UNOBSERVED,UNKNOWN_NO_CUSTOMER_VERBATIM_OR_SENTIMENT_LABEL,FEEDBACK_NOT_OBSERVED
1895,1896,,UNOBSERVED,UNKNOWN_NO_CUSTOMER_VERBATIM_OR_SENTIMENT_LABEL,FEEDBACK_NOT_OBSERVED
1896,1897,3,MIDDLE_REPORTED,UNKNOWN_NO_CUSTOMER_VERBATIM_OR_SENTIMENT_LABEL,KEEP_OBSERVED_SCORE
1897,1898,3,MIDDLE_REPORTED,UNKNOWN_NO_CUSTOMER_VERBATIM_OR_SENTIMENT_LABEL,KEEP_OBSERVED_SCORE
1898,1899,3,MIDDLE_REPORTED,UNKNOWN_NO_CUSTOMER_VERBATIM_OR_SENTIMENT_LABEL,KEEP_OBSERVED_SCORE
1899,1900,,UNOBSERVED,UNKNOWN_NO_CUSTOMER_VERBATIM_OR_SENTIMENT_LABEL,FEEDBACK_NOT_OBSERVED
1900,1901,,UNOBSERVED,UNKNOWN_NO_CUSTOMER_VERBATIM_OR_SENTIMENT_LABEL,FEEDBACK_NOT_OBSERVED
1901,1902,,UNOBSERVED,UNKNOWN_NO_CUSTOMER_VERBATIM_OR_SENTIMENT_LABEL,FEEDBACK_NOT_OBSERVED
1902,1903,3,MIDDLE_REPORTED,UNKNOWN_NO_CUSTOMER_VERBATIM_OR_SENTIMENT_LABEL,KEEP_OBSERVED_SCORE
1903,1904,3,MIDDLE_REPORTED,UNKNOWN_NO_CUSTOMER_VERBATIM_OR_SENTIMENT_LABEL,KEEP_OBSERVED_SCORE
1904,1905,,UNOBSERVED,UNKNOWN_NO_CUSTOMER_VERBATIM_OR_SENTIMENT_LABEL,FEEDBACK_NOT_OBSERVED
1905,1906,,UNOBSERVED,UNKNOWN_NO_CUSTOMER_VERBATIM_OR_SENTIMENT_LABEL,FEEDBACK_NOT_OBSERVED
1906,1907,4,HIGH_REPORTED,UNKNOWN_NO_CUSTOMER_VERBATIM_OR_SENTIMENT_LABEL,KEEP_OBSERVED_SCORE
1907,1908,,UNOBSERVED,UNKNOWN_NO_CUSTOMER_VERBATIM_OR_SENTIMENT_LABEL,FEEDBACK_NOT_OBSERVED
1908,1909,,UNOBSERVED,UNKNOWN_NO_CUSTOMER_VERBATIM_OR_SENTIMENT_LABEL,FEEDBACK_NOT_OBSERVED
1909,1910,,UNOBSERVED,UNKNOWN_NO_CUSTOMER_VERBATIM_OR_SENTIMENT_LABEL,FEEDBACK_NOT_OBSERVED
1910,1911,,UNOBSERVED,UNKNOWN_NO_CUSTOMER_VERBATIM_OR_SENTIMENT_LABEL,FEEDBACK_NOT_OBSERVED
1911,1912,,UNOBSERVED,UNKNOWN_NO_CUSTOMER_VERBATIM_OR_SENTIMENT_LABEL,FEEDBACK_NOT_OBSERVED
1912,1913,,UNOBSERVED,UNKNOWN_NO_CUSTOMER_VERBATIM_OR_SENTIMENT_LABEL,FEEDBACK_NOT_OBSERVED
1913,1914,,UNOBSERVED,UNKNOWN_NO_CUSTOMER_VERBATIM_OR_SENTIMENT_LABEL,FEEDBACK_NOT_OBSERVED
1914,1915,,UNOBSERVED,UNKNOWN_NO_CUSTOMER_VERBATIM_OR_SENTIMENT_LABEL,FEEDBACK_NOT_OBSERVED
1915,1916,,UNOBSERVED,UNKNOWN_NO_CUSTOMER_VERBATIM_OR_SENTIMENT_LABEL,FEEDBACK_NOT_OBSERVED
1916,1917,,UNOBSERVED,UNKNOWN_NO_CUSTOMER_VERBATIM_OR_SENTIMENT_LABEL,FEEDBACK_NOT_OBSERVED
1917,1918,5,HIGH_REPORTED,UNKNOWN_NO_CUSTOMER_VERBATIM_OR_SENTIMENT_LABEL,KEEP_OBSERVED_SCORE
1918,1919,3,MIDDLE_REPORTED,UNKNOWN_NO_CUSTOMER_VERBATIM_OR_SENTIMENT_LABEL,KEEP_OBSERVED_SCORE
1919,1920,5,HIGH_REPORTED,UNKNOWN_NO_CUSTOMER_VERBATIM_OR_SENTIMENT_LABEL,KEEP_OBSERVED_SCORE
1920,1921,2,LOW_REPORTED,UNKNOWN_NO_CUSTOMER_VERBATIM_OR_SENTIMENT_LABEL,REVIEW_REPORTED_LOW_CSAT
1921,1922,,UNOBSERVED,UNKNOWN_NO_CUSTOMER_VERBATIM_OR_SENTIMENT_LABEL,FEEDBACK_NOT_OBSERVED
1922,1923,1,LOW_REPORTED,UNKNOWN_NO_CUSTOMER_VERBATIM_OR_SENTIMENT_LABEL,REVIEW_REPORTED_LOW_CSAT
1923,1924,,UNOBSERVED,UNKNOWN_NO_CUSTOMER_VERBATIM_OR_SENTIMENT_LABEL,FEEDBACK_NOT_OBSERVED
1924,1925,,UNOBSERVED,UNKNOWN_NO_CUSTOMER_VERBATIM_OR_SENTIMENT_LABEL,FEEDBACK_NOT_OBSERVED
1925,1926,,UNOBSERVED,UNKNOWN_NO_CUSTOMER_VERBATIM_OR_SENTIMENT_LABEL,FEEDBACK_NOT_OBSERVED
1926,1927,1,LOW_REPORTED,UNKNOWN_NO_CUSTOMER_VERBATIM_OR_SENTIMENT_LABEL,REVIEW_REPORTED_LOW_CSAT
1927,1928,,UNOBSERVED,UNKNOWN_NO_CUSTOMER_VERBATIM_OR_SENTIMENT_LABEL,FEEDBACK_NOT_OBSERVED
1928,1929,5,HIGH_REPORTED,UNKNOWN_NO_CUSTOMER_VERBATIM_OR_SENTIMENT_LABEL,KEEP_OBSERVED_SCORE
1929,1930,,UNOBSERVED,UNKNOWN_NO_CUSTOMER_VERBATIM_OR_SENTIMENT_LABEL,FEEDBACK_NOT_OBSERVED
1930,1931,,UNOBSERVED,UNKNOWN_NO_CUSTOMER_VERBATIM_OR_SENTIMENT_LABEL,FEEDBACK_NOT_OBSERVED
1931,1932,,UNOBSERVED,UNKNOWN_NO_CUSTOMER_VERBATIM_OR_SENTIMENT_LABEL,FEEDBACK_NOT_OBSERVED
1932,1933,,UNOBSERVED,UNKNOWN_NO_CUSTOMER_VERBATIM_OR_SENTIMENT_LABEL,FEEDBACK_NOT_OBSERVED
1933,1934,5,HIGH_REPORTED,UNKNOWN_NO_CUSTOMER_VERBATIM_OR_SENTIMENT_LABEL,KEEP_OBSERVED_SCORE
1934,1935,,UNOBSERVED,UNKNOWN_NO_CUSTOMER_VERBATIM_OR_SENTIMENT_LABEL,FEEDBACK_NOT_OBSERVED
1935,1936,,UNOBSERVED,UNKNOWN_NO_CUSTOMER_VERBATIM_OR_SENTIMENT_LABEL,FEEDBACK_NOT_OBSERVED
1936,1937,2,LOW_REPORTED,UNKNOWN_NO_CUSTOMER_VERBATIM_OR_SENTIMENT_LABEL,REVIEW_REPORTED_LOW_CSAT
1937,1938,,UNOBSERVED,UNKNOWN_NO_CUSTOMER_VERBATIM_OR_SENTIMENT_LABEL,FEEDBACK_NOT_OBSERVED
1938,1939,,UNOBSERVED,UNKNOWN_NO_CUSTOMER_VERBATIM_OR_SENTIMENT_LABEL,FEEDBACK_NOT_OBSERVED
1939,1940,5,HIGH_REPORTED,UNKNOWN_NO_CUSTOMER_VERBATIM_OR_SENTIMENT_LABEL,KEEP_OBSERVED_SCORE
1940,1941,,UNOBSERVED,UNKNOWN_NO_CUSTOMER_VERBATIM_OR_SENTIMENT_LABEL,FEEDBACK_NOT_OBSERVED
1941,1942,5,HIGH_REPORTED,UNKNOWN_NO_CUSTOMER_VERBATIM_OR_SENTIMENT_LABEL,KEEP_OBSERVED_SCORE
1942,1943,,UNOBSERVED,UNKNOWN_NO_CUSTOMER_VERBATIM_OR_SENTIMENT_LABEL,FEEDBACK_NOT_OBSERVED
1943,1944,,UNOBSERVED,UNKNOWN_NO_CUSTOMER_VERBATIM_OR_SENTIMENT_LABEL,FEEDBACK_NOT_OBSERVED
1944,1945,,UNOBSERVED,UNKNOWN_NO_CUSTOMER_VERBATIM_OR_SENTIMENT_LABEL,FEEDBACK_NOT_OBSERVED
1945,1946,2,LOW_REPORTED,UNKNOWN_NO_CUSTOMER_VERBATIM_OR_SENTIMENT_LABEL,REVIEW_REPORTED_LOW_CSAT
1946,1947,,UNOBSERVED,UNKNOWN_NO_CUSTOMER_VERBATIM_OR_SENTIMENT_LABEL,FEEDBACK_NOT_OBSERVED
1947,1948,,UNOBSERVED,UNKNOWN_NO_CUSTOMER_VERBATIM_OR_SENTIMENT_LABEL,FEEDBACK_NOT_OBSERVED
1948,1949,,UNOBSERVED,UNKNOWN_NO_CUSTOMER_VERBATIM_OR_SENTIMENT_LABEL,FEEDBACK_NOT_OBSERVED
1949,1950,,UNOBSERVED,UNKNOWN_NO_CUSTOMER_VERBATIM_OR_SENTIMENT_LABEL,FEEDBACK_NOT_OBSERVED
1950,1951,2,LOW_REPORTED,UNKNOWN_NO_CUSTOMER_VERBATIM_OR_SENTIMENT_LABEL,REVIEW_REPORTED_LOW_CSAT
1951,1952,1,LOW_REPORTED,UNKNOWN_NO_CUSTOMER_VERBATIM_OR_SENTIMENT_LABEL,REVIEW_REPORTED_LOW_CSAT
1952,1953,,UNOBSERVED,UNKNOWN_NO_CUSTOMER_VERBATIM_OR_SENTIMENT_LABEL,FEEDBACK_NOT_OBSERVED
1953,1954,,UNOBSERVED,UNKNOWN_NO_CUSTOMER_VERBATIM_OR_SENTIMENT_LABEL,FEEDBACK_NOT_OBSERVED
1954,1955,,UNOBSERVED,UNKNOWN_NO_CUSTOMER_VERBATIM_OR_SENTIMENT_LABEL,FEEDBACK_NOT_OBSERVED
1955,1956,5,HIGH_REPORTED,UNKNOWN_NO_CUSTOMER_VERBATIM_OR_SENTIMENT_LABEL,KEEP_OBSERVED_SCORE
1956,1957,,UNOBSERVED,UNKNOWN_NO_CUSTOMER_VERBATIM_OR_SENTIMENT_LABEL,FEEDBACK_NOT_OBSERVED
1957,1958,1,LOW_REPORTED,UNKNOWN_NO_CUSTOMER_VERBATIM_OR_SENTIMENT_LABEL,REVIEW_REPORTED_LOW_CSAT
1958,1959,3,MIDDLE_REPORTED,UNKNOWN_NO_CUSTOMER_VERBATIM_OR_SENTIMENT_LABEL,KEEP_OBSERVED_SCORE
1959,1960,,UNOBSERVED,UNKNOWN_NO_CUSTOMER_VERBATIM_OR_SENTIMENT_LABEL,FEEDBACK_NOT_OBSERVED
1960,1961,,UNOBSERVED,UNKNOWN_NO_CUSTOMER_VERBATIM_OR_SENTIMENT_LABEL,FEEDBACK_NOT_OBSERVED
1961,1962,,UNOBSERVED,UNKNOWN_NO_CUSTOMER_VERBATIM_OR_SENTIMENT_LABEL,FEEDBACK_NOT_OBSERVED
1962,1963,1,LOW_REPORTED,UNKNOWN_NO_CUSTOMER_VERBATIM_OR_SENTIMENT_LABEL,REVIEW_REPORTED_LOW_CSAT
1963,1964,,UNOBSERVED,UNKNOWN_NO_CUSTOMER_VERBATIM_OR_SENTIMENT_LABEL,FEEDBACK_NOT_OBSERVED
1964,1965,,UNOBSERVED,UNKNOWN_NO_CUSTOMER_VERBATIM_OR_SENTIMENT_LABEL,FEEDBACK_NOT_OBSERVED
1965,1966,,UNOBSERVED,UNKNOWN_NO_CUSTOMER_VERBATIM_OR_SENTIMENT_LABEL,FEEDBACK_NOT_OBSERVED
1966,1967,4,HIGH_REPORTED,UNKNOWN_NO_CUSTOMER_VERBATIM_OR_SENTIMENT_LABEL,KEEP_OBSERVED_SCORE
1967,1968,,UNOBSERVED,UNKNOWN_NO_CUSTOMER_VERBATIM_OR_SENTIMENT_LABEL,FEEDBACK_NOT_OBSERVED
1968,1969,2,LOW_REPORTED,UNKNOWN_NO_CUSTOMER_VERBATIM_OR_SENTIMENT_LABEL,REVIEW_REPORTED_LOW_CSAT
1969,1970,,UNOBSERVED,UNKNOWN_NO_CUSTOMER_VERBATIM_OR_SENTIMENT_LABEL,FEEDBACK_NOT_OBSERVED
1970,1971,,UNOBSERVED,UNKNOWN_NO_CUSTOMER_VERBATIM_OR_SENTIMENT_LABEL,FEEDBACK_NOT_OBSERVED
1971,1972,,UNOBSERVED,UNKNOWN_NO_CUSTOMER_VERBATIM_OR_SENTIMENT_LABEL,FEEDBACK_NOT_OBSERVED
1972,1973,,UNOBSERVED,UNKNOWN_NO_CUSTOMER_VERBATIM_OR_SENTIMENT_LABEL,FEEDBACK_NOT_OBSERVED
1973,1974,,UNOBSERVED,UNKNOWN_NO_CUSTOMER_VERBATIM_OR_SENTIMENT_LABEL,FEEDBACK_NOT_OBSERVED
1974,1975,,UNOBSERVED,UNKNOWN_NO_CUSTOMER_VERBATIM_OR_SENTIMENT_LABEL,FEEDBACK_NOT_OBSERVED
1975,1976,,UNOBSERVED,UNKNOWN_NO_CUSTOMER_VERBATIM_OR_SENTIMENT_LABEL,FEEDBACK_NOT_OBSERVED
1976,1977,,UNOBSERVED,UNKNOWN_NO_CUSTOMER_VERBATIM_OR_SENTIMENT_LABEL,FEEDBACK_NOT_OBSERVED
1977,1978,,UNOBSERVED,UNKNOWN_NO_CUSTOMER_VERBATIM_OR_SENTIMENT_LABEL,FEEDBACK_NOT_OBSERVED
1978,1979,3,MIDDLE_REPORTED,UNKNOWN_NO_CUSTOMER_VERBATIM_OR_SENTIMENT_LABEL,KEEP_OBSERVED_SCORE
1979,1980,4,HIGH_REPORTED,UNKNOWN_NO_CUSTOMER_VERBATIM_OR_SENTIMENT_LABEL,KEEP_OBSERVED_SCORE
1980,1981,,UNOBSERVED,UNKNOWN_NO_CUSTOMER_VERBATIM_OR_SENTIMENT_LABEL,FEEDBACK_NOT_OBSERVED
1981,1982,1,LOW_REPORTED,UNKNOWN_NO_CUSTOMER_VERBATIM_OR_SENTIMENT_LABEL,REVIEW_REPORTED_LOW_CSAT
1982,1983,,UNOBSERVED,UNKNOWN_NO_CUSTOMER_VERBATIM_OR_SENTIMENT_LABEL,FEEDBACK_NOT_OBSERVED
1983,1984,,UNOBSERVED,UNKNOWN_NO_CUSTOMER_VERBATIM_OR_SENTIMENT_LABEL,FEEDBACK_NOT_OBSERVED
1984,1985,,UNOBSERVED,UNKNOWN_NO_CUSTOMER_VERBATIM_OR_SENTIMENT_LABEL,FEEDBACK_NOT_OBSERVED
1985,1986,3,MIDDLE_REPORTED,UNKNOWN_NO_CUSTOMER_VERBATIM_OR_SENTIMENT_LABEL,KEEP_OBSERVED_SCORE
1986,1987,,UNOBSERVED,UNKNOWN_NO_CUSTOMER_VERBATIM_OR_SENTIMENT_LABEL,FEEDBACK_NOT_OBSERVED
1987,1988,,UNOBSERVED,UNKNOWN_NO_CUSTOMER_VERBATIM_OR_SENTIMENT_LABEL,FEEDBACK_NOT_OBSERVED
1988,1989,,UNOBSERVED,UNKNOWN_NO_CUSTOMER_VERBATIM_OR_SENTIMENT_LABEL,FEEDBACK_NOT_OBSERVED
1989,1990,,UNOBSERVED,UNKNOWN_NO_CUSTOMER_VERBATIM_OR_SENTIMENT_LABEL,FEEDBACK_NOT_OBSERVED
1990,1991,,UNOBSERVED,UNKNOWN_NO_CUSTOMER_VERBATIM_OR_SENTIMENT_LABEL,FEEDBACK_NOT_OBSERVED
1991,1992,,UNOBSERVED,UNKNOWN_NO_CUSTOMER_VERBATIM_OR_SENTIMENT_LABEL,FEEDBACK_NOT_OBSERVED
1992,1993,2,LOW_REPORTED,UNKNOWN_NO_CUSTOMER_VERBATIM_OR_SENTIMENT_LABEL,REVIEW_REPORTED_LOW_CSAT
1993,1994,,UNOBSERVED,UNKNOWN_NO_CUSTOMER_VERBATIM_OR_SENTIMENT_LABEL,FEEDBACK_NOT_OBSERVED
1994,1995,1,LOW_REPORTED,UNKNOWN_NO_CUSTOMER_VERBATIM_OR_SENTIMENT_LABEL,REVIEW_REPORTED_LOW_CSAT
1995,1996,4,HIGH_REPORTED,UNKNOWN_NO_CUSTOMER_VERBATIM_OR_SENTIMENT_LABEL,KEEP_OBSERVED_SCORE
1996,1997,,UNOBSERVED,UNKNOWN_NO_CUSTOMER_VERBATIM_OR_SENTIMENT_LABEL,FEEDBACK_NOT_OBSERVED
1997,1998,,UNOBSERVED,UNKNOWN_NO_CUSTOMER_VERBATIM_OR_SENTIMENT_LABEL,FEEDBACK_NOT_OBSERVED
1998,1999,2,LOW_REPORTED,UNKNOWN_NO_CUSTOMER_VERBATIM_OR_SENTIMENT_LABEL,REVIEW_REPORTED_LOW_CSAT
1999,2000,,UNOBSERVED,UNKNOWN_NO_CUSTOMER_VERBATIM_OR_SENTIMENT_LABEL,FEEDBACK_NOT_OBSERVED
2000,2001,,UNOBSERVED,UNKNOWN_NO_CUSTOMER_VERBATIM_OR_SENTIMENT_LABEL,FEEDBACK_NOT_OBSERVED
2001,2002,,UNOBSERVED,UNKNOWN_NO_CUSTOMER_VERBATIM_OR_SENTIMENT_LABEL,FEEDBACK_NOT_OBSERVED
2002,2003,,UNOBSERVED,UNKNOWN_NO_CUSTOMER_VERBATIM_OR_SENTIMENT_LABEL,FEEDBACK_NOT_OBSERVED
2003,2004,,UNOBSERVED,UNKNOWN_NO_CUSTOMER_VERBATIM_OR_SENTIMENT_LABEL,FEEDBACK_NOT_OBSERVED
2004,2005,1,LOW_REPORTED,UNKNOWN_NO_CUSTOMER_VERBATIM_OR_SENTIMENT_LABEL,REVIEW_REPORTED_LOW_CSAT
2005,2006,,UNOBSERVED,UNKNOWN_NO_CUSTOMER_VERBATIM_OR_SENTIMENT_LABEL,FEEDBACK_NOT_OBSERVED
2006,2007,,UNOBSERVED,UNKNOWN_NO_CUSTOMER_VERBATIM_OR_SENTIMENT_LABEL,FEEDBACK_NOT_OBSERVED
2007,2008,,UNOBSERVED,UNKNOWN_NO_CUSTOMER_VERBATIM_OR_SENTIMENT_LABEL,FEEDBACK_NOT_OBSERVED
2008,2009,3,MIDDLE_REPORTED,UNKNOWN_NO_CUSTOMER_VERBATIM_OR_SENTIMENT_LABEL,KEEP_OBSERVED_SCORE
2009,2010,,UNOBSERVED,UNKNOWN_NO_CUSTOMER_VERBATIM_OR_SENTIMENT_LABEL,FEEDBACK_NOT_OBSERVED
2010,2011,,UNOBSERVED,UNKNOWN_NO_CUSTOMER_VERBATIM_OR_SENTIMENT_LABEL,FEEDBACK_NOT_OBSERVED
2011,2012,,UNOBSERVED,UNKNOWN_NO_CUSTOMER_VERBATIM_OR_SENTIMENT_LABEL,FEEDBACK_NOT_OBSERVED
2012,2013,1,LOW_REPORTED,UNKNOWN_NO_CUSTOMER_VERBATIM_OR_SENTIMENT_LABEL,REVIEW_REPORTED_LOW_CSAT
2013,2014,,UNOBSERVED,UNKNOWN_NO_CUSTOMER_VERBATIM_OR_SENTIMENT_LABEL,FEEDBACK_NOT_OBSERVED
2014,2015,,UNOBSERVED,UNKNOWN_NO_CUSTOMER_VERBATIM_OR_SENTIMENT_LABEL,FEEDBACK_NOT_OBSERVED
2015,2016,,UNOBSERVED,UNKNOWN_NO_CUSTOMER_VERBATIM_OR_SENTIMENT_LABEL,FEEDBACK_NOT_OBSERVED
2016,2017,,UNOBSERVED,UNKNOWN_NO_CUSTOMER_VERBATIM_OR_SENTIMENT_LABEL,FEEDBACK_NOT_OBSERVED
2017,2018,,UNOBSERVED,UNKNOWN_NO_CUSTOMER_VERBATIM_OR_SENTIMENT_LABEL,FEEDBACK_NOT_OBSERVED
2018,2019,,UNOBSERVED,UNKNOWN_NO_CUSTOMER_VERBATIM_OR_SENTIMENT_LABEL,FEEDBACK_NOT_OBSERVED
2019,2020,,UNOBSERVED,UNKNOWN_NO_CUSTOMER_VERBATIM_OR_SENTIMENT_LABEL,FEEDBACK_NOT_OBSERVED
2020,2021,,UNOBSERVED,UNKNOWN_NO_CUSTOMER_VERBATIM_OR_SENTIMENT_LABEL,FEEDBACK_NOT_OBSERVED
2021,2022,,UNOBSERVED,UNKNOWN_NO_CUSTOMER_VERBATIM_OR_SENTIMENT_LABEL,FEEDBACK_NOT_OBSERVED
2022,2023,,UNOBSERVED,UNKNOWN_NO_CUSTOMER_VERBATIM_OR_SENTIMENT_LABEL,FEEDBACK_NOT_OBSERVED
2023,2024,4,HIGH_REPORTED,UNKNOWN_NO_CUSTOMER_VERBATIM_OR_SENTIMENT_LABEL,KEEP_OBSERVED_SCORE
2024,2025,,UNOBSERVED,UNKNOWN_NO_CUSTOMER_VERBATIM_OR_SENTIMENT_LABEL,FEEDBACK_NOT_OBSERVED
2025,2026,,UNOBSERVED,UNKNOWN_NO_CUSTOMER_VERBATIM_OR_SENTIMENT_LABEL,FEEDBACK_NOT_OBSERVED
2026,2027,,UNOBSERVED,UNKNOWN_NO_CUSTOMER_VERBATIM_OR_SENTIMENT_LABEL,FEEDBACK_NOT_OBSERVED
2027,2028,,UNOBSERVED,UNKNOWN_NO_CUSTOMER_VERBATIM_OR_SENTIMENT_LABEL,FEEDBACK_NOT_OBSERVED
2028,2029,,UNOBSERVED,UNKNOWN_NO_CUSTOMER_VERBATIM_OR_SENTIMENT_LABEL,FEEDBACK_NOT_OBSERVED
2029,2030,,UNOBSERVED,UNKNOWN_NO_CUSTOMER_VERBATIM_OR_SENTIMENT_LABEL,FEEDBACK_NOT_OBSERVED
2030,2031,,UNOBSERVED,UNKNOWN_NO_CUSTOMER_VERBATIM_OR_SENTIMENT_LABEL,FEEDBACK_NOT_OBSERVED
2031,2032,4,HIGH_REPORTED,UNKNOWN_NO_CUSTOMER_VERBATIM_OR_SENTIMENT_LABEL,KEEP_OBSERVED_SCORE
2032,2033,,UNOBSERVED,UNKNOWN_NO_CUSTOMER_VERBATIM_OR_SENTIMENT_LABEL,FEEDBACK_NOT_OBSERVED
2033,2034,,UNOBSERVED,UNKNOWN_NO_CUSTOMER_VERBATIM_OR_SENTIMENT_LABEL,FEEDBACK_NOT_OBSERVED
2034,2035,,UNOBSERVED,UNKNOWN_NO_CUSTOMER_VERBATIM_OR_SENTIMENT_LABEL,FEEDBACK_NOT_OBSERVED
2035,2036,,UNOBSERVED,UNKNOWN_NO_CUSTOMER_VERBATIM_OR_SENTIMENT_LABEL,FEEDBACK_NOT_OBSERVED
2036,2037,3,MIDDLE_REPORTED,UNKNOWN_NO_CUSTOMER_VERBATIM_OR_SENTIMENT_LABEL,KEEP_OBSERVED_SCORE
2037,2038,4,HIGH_REPORTED,UNKNOWN_NO_CUSTOMER_VERBATIM_OR_SENTIMENT_LABEL,KEEP_OBSERVED_SCORE
2038,2039,,UNOBSERVED,UNKNOWN_NO_CUSTOMER_VERBATIM_OR_SENTIMENT_LABEL,FEEDBACK_NOT_OBSERVED
2039,2040,,UNOBSERVED,UNKNOWN_NO_CUSTOMER_VERBATIM_OR_SENTIMENT_LABEL,FEEDBACK_NOT_OBSERVED
2040,2041,,UNOBSERVED,UNKNOWN_NO_CUSTOMER_VERBATIM_OR_SENTIMENT_LABEL,FEEDBACK_NOT_OBSERVED
2041,2042,,UNOBSERVED,UNKNOWN_NO_CUSTOMER_VERBATIM_OR_SENTIMENT_LABEL,FEEDBACK_NOT_OBSERVED
2042,2043,,UNOBSERVED,UNKNOWN_NO_CUSTOMER_VERBATIM_OR_SENTIMENT_LABEL,FEEDBACK_NOT_OBSERVED
2043,2044,,UNOBSERVED,UNKNOWN_NO_CUSTOMER_VERBATIM_OR_SENTIMENT_LABEL,FEEDBACK_NOT_OBSERVED
2044,2045,,UNOBSERVED,UNKNOWN_NO_CUSTOMER_VERBATIM_OR_SENTIMENT_LABEL,FEEDBACK_NOT_OBSERVED
2045,2046,,UNOBSERVED,UNKNOWN_NO_CUSTOMER_VERBATIM_OR_SENTIMENT_LABEL,FEEDBACK_NOT_OBSERVED
2046,2047,,UNOBSERVED,UNKNOWN_NO_CUSTOMER_VERBATIM_OR_SENTIMENT_LABEL,FEEDBACK_NOT_OBSERVED
2047,2048,,UNOBSERVED,UNKNOWN_NO_CUSTOMER_VERBATIM_OR_SENTIMENT_LABEL,FEEDBACK_NOT_OBSERVED
2048,2049,,UNOBSERVED,UNKNOWN_NO_CUSTOMER_VERBATIM_OR_SENTIMENT_LABEL,FEEDBACK_NOT_OBSERVED
2049,2050,,UNOBSERVED,UNKNOWN_NO_CUSTOMER_VERBATIM_OR_SENTIMENT_LABEL,FEEDBACK_NOT_OBSERVED
2050,2051,,UNOBSERVED,UNKNOWN_NO_CUSTOMER_VERBATIM_OR_SENTIMENT_LABEL,FEEDBACK_NOT_OBSERVED
2051,2052,,UNOBSERVED,UNKNOWN_NO_CUSTOMER_VERBATIM_OR_SENTIMENT_LABEL,FEEDBACK_NOT_OBSERVED
2052,2053,,UNOBSERVED,UNKNOWN_NO_CUSTOMER_VERBATIM_OR_SENTIMENT_LABEL,FEEDBACK_NOT_OBSERVED
2053,2054,,UNOBSERVED,UNKNOWN_NO_CUSTOMER_VERBATIM_OR_SENTIMENT_LABEL,FEEDBACK_NOT_OBSERVED
2054,2055,,UNOBSERVED,UNKNOWN_NO_CUSTOMER_VERBATIM_OR_SENTIMENT_LABEL,FEEDBACK_NOT_OBSERVED
2055,2056,,UNOBSERVED,UNKNOWN_NO_CUSTOMER_VERBATIM_OR_SENTIMENT_LABEL,FEEDBACK_NOT_OBSERVED
2056,2057,,UNOBSERVED,UNKNOWN_NO_CUSTOMER_VERBATIM_OR_SENTIMENT_LABEL,FEEDBACK_NOT_OBSERVED
2057,2058,,UNOBSERVED,UNKNOWN_NO_CUSTOMER_VERBATIM_OR_SENTIMENT_LABEL,FEEDBACK_NOT_OBSERVED
2058,2059,,UNOBSERVED,UNKNOWN_NO_CUSTOMER_VERBATIM_OR_SENTIMENT_LABEL,FEEDBACK_NOT_OBSERVED
2059,2060,,UNOBSERVED,UNKNOWN_NO_CUSTOMER_VERBATIM_OR_SENTIMENT_LABEL,FEEDBACK_NOT_OBSERVED
2060,2061,,UNOBSERVED,UNKNOWN_NO_CUSTOMER_VERBATIM_OR_SENTIMENT_LABEL,FEEDBACK_NOT_OBSERVED
2061,2062,,UNOBSERVED,UNKNOWN_NO_CUSTOMER_VERBATIM_OR_SENTIMENT_LABEL,FEEDBACK_NOT_OBSERVED
2062,2063,5,HIGH_REPORTED,UNKNOWN_NO_CUSTOMER_VERBATIM_OR_SENTIMENT_LABEL,KEEP_OBSERVED_SCORE
2063,2064,,UNOBSERVED,UNKNOWN_NO_CUSTOMER_VERBATIM_OR_SENTIMENT_LABEL,FEEDBACK_NOT_OBSERVED
2064,2065,4,HIGH_REPORTED,UNKNOWN_NO_CUSTOMER_VERBATIM_OR_SENTIMENT_LABEL,KEEP_OBSERVED_SCORE
2065,2066,,UNOBSERVED,UNKNOWN_NO_CUSTOMER_VERBATIM_OR_SENTIMENT_LABEL,FEEDBACK_NOT_OBSERVED
2066,2067,5,HIGH_REPORTED,UNKNOWN_NO_CUSTOMER_VERBATIM_OR_SENTIMENT_LABEL,KEEP_OBSERVED_SCORE
2067,2068,,UNOBSERVED,UNKNOWN_NO_CUSTOMER_VERBATIM_OR_SENTIMENT_LABEL,FEEDBACK_NOT_OBSERVED
2068,2069,5,HIGH_REPORTED,UNKNOWN_NO_CUSTOMER_VERBATIM_OR_SENTIMENT_LABEL,KEEP_OBSERVED_SCORE
2069,2070,,UNOBSERVED,UNKNOWN_NO_CUSTOMER_VERBATIM_OR_SENTIMENT_LABEL,FEEDBACK_NOT_OBSERVED
2070,2071,,UNOBSERVED,UNKNOWN_NO_CUSTOMER_VERBATIM_OR_SENTIMENT_LABEL,FEEDBACK_NOT_OBSERVED
2071,2072,,UNOBSERVED,UNKNOWN_NO_CUSTOMER_VERBATIM_OR_SENTIMENT_LABEL,FEEDBACK_NOT_OBSERVED
2072,2073,4,HIGH_REPORTED,UNKNOWN_NO_CUSTOMER_VERBATIM_OR_SENTIMENT_LABEL,KEEP_OBSERVED_SCORE
2073,2074,,UNOBSERVED,UNKNOWN_NO_CUSTOMER_VERBATIM_OR_SENTIMENT_LABEL,FEEDBACK_NOT_OBSERVED
2074,2075,,UNOBSERVED,UNKNOWN_NO_CUSTOMER_VERBATIM_OR_SENTIMENT_LABEL,FEEDBACK_NOT_OBSERVED
2075,2076,3,MIDDLE_REPORTED,UNKNOWN_NO_CUSTOMER_VERBATIM_OR_SENTIMENT_LABEL,KEEP_OBSERVED_SCORE
2076,2077,,UNOBSERVED,UNKNOWN_NO_CUSTOMER_VERBATIM_OR_SENTIMENT_LABEL,FEEDBACK_NOT_OBSERVED
2077,2078,,UNOBSERVED,UNKNOWN_NO_CUSTOMER_VERBATIM_OR_SENTIMENT_LABEL,FEEDBACK_NOT_OBSERVED
2078,2079,4,HIGH_REPORTED,UNKNOWN_NO_CUSTOMER_VERBATIM_OR_SENTIMENT_LABEL,KEEP_OBSERVED_SCORE
2079,2080,,UNOBSERVED,UNKNOWN_NO_CUSTOMER_VERBATIM_OR_SENTIMENT_LABEL,FEEDBACK_NOT_OBSERVED
2080,2081,,UNOBSERVED,UNKNOWN_NO_CUSTOMER_VERBATIM_OR_SENTIMENT_LABEL,FEEDBACK_NOT_OBSERVED
2081,2082,,UNOBSERVED,UNKNOWN_NO_CUSTOMER_VERBATIM_OR_SENTIMENT_LABEL,FEEDBACK_NOT_OBSERVED
2082,2083,,UNOBSERVED,UNKNOWN_NO_CUSTOMER_VERBATIM_OR_SENTIMENT_LABEL,FEEDBACK_NOT_OBSERVED
2083,2084,5,HIGH_REPORTED,UNKNOWN_NO_CUSTOMER_VERBATIM_OR_SENTIMENT_LABEL,KEEP_OBSERVED_SCORE
2084,2085,,UNOBSERVED,UNKNOWN_NO_CUSTOMER_VERBATIM_OR_SENTIMENT_LABEL,FEEDBACK_NOT_OBSERVED
2085,2086,,UNOBSERVED,UNKNOWN_NO_CUSTOMER_VERBATIM_OR_SENTIMENT_LABEL,FEEDBACK_NOT_OBSERVED
2086,2087,4,HIGH_REPORTED,UNKNOWN_NO_CUSTOMER_VERBATIM_OR_SENTIMENT_LABEL,KEEP_OBSERVED_SCORE
2087,2088,,UNOBSERVED,UNKNOWN_NO_CUSTOMER_VERBATIM_OR_SENTIMENT_LABEL,FEEDBACK_NOT_OBSERVED
2088,2089,,UNOBSERVED,UNKNOWN_NO_CUSTOMER_VERBATIM_OR_SENTIMENT_LABEL,FEEDBACK_NOT_OBSERVED
2089,2090,,UNOBSERVED,UNKNOWN_NO_CUSTOMER_VERBATIM_OR_SENTIMENT_LABEL,FEEDBACK_NOT_OBSERVED
2090,2091,4,HIGH_REPORTED,UNKNOWN_NO_CUSTOMER_VERBATIM_OR_SENTIMENT_LABEL,KEEP_OBSERVED_SCORE
2091,2092,,UNOBSERVED,UNKNOWN_NO_CUSTOMER_VERBATIM_OR_SENTIMENT_LABEL,FEEDBACK_NOT_OBSERVED
2092,2093,5,HIGH_REPORTED,UNKNOWN_NO_CUSTOMER_VERBATIM_OR_SENTIMENT_LABEL,KEEP_OBSERVED_SCORE
2093,2094,,UNOBSERVED,UNKNOWN_NO_CUSTOMER_VERBATIM_OR_SENTIMENT_LABEL,FEEDBACK_NOT_OBSERVED
2094,2095,,UNOBSERVED,UNKNOWN_NO_CUSTOMER_VERBATIM_OR_SENTIMENT_LABEL,FEEDBACK_NOT_OBSERVED
2095,2096,3,MIDDLE_REPORTED,UNKNOWN_NO_CUSTOMER_VERBATIM_OR_SENTIMENT_LABEL,KEEP_OBSERVED_SCORE
2096,2097,,UNOBSERVED,UNKNOWN_NO_CUSTOMER_VERBATIM_OR_SENTIMENT_LABEL,FEEDBACK_NOT_OBSERVED
2097,2098,3,MIDDLE_REPORTED,UNKNOWN_NO_CUSTOMER_VERBATIM_OR_SENTIMENT_LABEL,KEEP_OBSERVED_SCORE
2098,2099,3,MIDDLE_REPORTED,UNKNOWN_NO_CUSTOMER_VERBATIM_OR_SENTIMENT_LABEL,KEEP_OBSERVED_SCORE
2099,2100,,UNOBSERVED,UNKNOWN_NO_CUSTOMER_VERBATIM_OR_SENTIMENT_LABEL,FEEDBACK_NOT_OBSERVED
2100,2101,,UNOBSERVED,UNKNOWN_NO_CUSTOMER_VERBATIM_OR_SENTIMENT_LABEL,FEEDBACK_NOT_OBSERVED
2101,2102,5,HIGH_REPORTED,UNKNOWN_NO_CUSTOMER_VERBATIM_OR_SENTIMENT_LABEL,KEEP_OBSERVED_SCORE
2102,2103,4,HIGH_REPORTED,UNKNOWN_NO_CUSTOMER_VERBATIM_OR_SENTIMENT_LABEL,KEEP_OBSERVED_SCORE
2103,2104,,UNOBSERVED,UNKNOWN_NO_CUSTOMER_VERBATIM_OR_SENTIMENT_LABEL,FEEDBACK_NOT_OBSERVED
2104,2105,2,LOW_REPORTED,UNKNOWN_NO_CUSTOMER_VERBATIM_OR_SENTIMENT_LABEL,REVIEW_REPORTED_LOW_CSAT
2105,2106,1,LOW_REPORTED,UNKNOWN_NO_CUSTOMER_VERBATIM_OR_SENTIMENT_LABEL,REVIEW_REPORTED_LOW_CSAT
2106,2107,,UNOBSERVED,UNKNOWN_NO_CUSTOMER_VERBATIM_OR_SENTIMENT_LABEL,FEEDBACK_NOT_OBSERVED
2107,2108,1,LOW_REPORTED,UNKNOWN_NO_CUSTOMER_VERBATIM_OR_SENTIMENT_LABEL,REVIEW_REPORTED_LOW_CSAT
2108,2109,,UNOBSERVED,UNKNOWN_NO_CUSTOMER_VERBATIM_OR_SENTIMENT_LABEL,FEEDBACK_NOT_OBSERVED
2109,2110,,UNOBSERVED,UNKNOWN_NO_CUSTOMER_VERBATIM_OR_SENTIMENT_LABEL,FEEDBACK_NOT_OBSERVED
2110,2111,4,HIGH_REPORTED,UNKNOWN_NO_CUSTOMER_VERBATIM_OR_SENTIMENT_LABEL,KEEP_OBSERVED_SCORE
2111,2112,,UNOBSERVED,UNKNOWN_NO_CUSTOMER_VERBATIM_OR_SENTIMENT_LABEL,FEEDBACK_NOT_OBSERVED
2112,2113,,UNOBSERVED,UNKNOWN_NO_CUSTOMER_VERBATIM_OR_SENTIMENT_LABEL,FEEDBACK_NOT_OBSERVED
2113,2114,,UNOBSERVED,UNKNOWN_NO_CUSTOMER_VERBATIM_OR_SENTIMENT_LABEL,FEEDBACK_NOT_OBSERVED
2114,2115,,UNOBSERVED,UNKNOWN_NO_CUSTOMER_VERBATIM_OR_SENTIMENT_LABEL,FEEDBACK_NOT_OBSERVED
2115,2116,,UNOBSERVED,UNKNOWN_NO_CUSTOMER_VERBATIM_OR_SENTIMENT_LABEL,FEEDBACK_NOT_OBSERVED
2116,2117,3,MIDDLE_REPORTED,UNKNOWN_NO_CUSTOMER_VERBATIM_OR_SENTIMENT_LABEL,KEEP_OBSERVED_SCORE
2117,2118,,UNOBSERVED,UNKNOWN_NO_CUSTOMER_VERBATIM_OR_SENTIMENT_LABEL,FEEDBACK_NOT_OBSERVED
2118,2119,,UNOBSERVED,UNKNOWN_NO_CUSTOMER_VERBATIM_OR_SENTIMENT_LABEL,FEEDBACK_NOT_OBSERVED
2119,2120,,UNOBSERVED,UNKNOWN_NO_CUSTOMER_VERBATIM_OR_SENTIMENT_LABEL,FEEDBACK_NOT_OBSERVED
2120,2121,,UNOBSERVED,UNKNOWN_NO_CUSTOMER_VERBATIM_OR_SENTIMENT_LABEL,FEEDBACK_NOT_OBSERVED
2121,2122,,UNOBSERVED,UNKNOWN_NO_CUSTOMER_VERBATIM_OR_SENTIMENT_LABEL,FEEDBACK_NOT_OBSERVED
2122,2123,,UNOBSERVED,UNKNOWN_NO_CUSTOMER_VERBATIM_OR_SENTIMENT_LABEL,FEEDBACK_NOT_OBSERVED
2123,2124,,UNOBSERVED,UNKNOWN_NO_CUSTOMER_VERBATIM_OR_SENTIMENT_LABEL,FEEDBACK_NOT_OBSERVED
2124,2125,,UNOBSERVED,UNKNOWN_NO_CUSTOMER_VERBATIM_OR_SENTIMENT_LABEL,FEEDBACK_NOT_OBSERVED
2125,2126,3,MIDDLE_REPORTED,UNKNOWN_NO_CUSTOMER_VERBATIM_OR_SENTIMENT_LABEL,KEEP_OBSERVED_SCORE
2126,2127,,UNOBSERVED,UNKNOWN_NO_CUSTOMER_VERBATIM_OR_SENTIMENT_LABEL,FEEDBACK_NOT_OBSERVED
2127,2128,,UNOBSERVED,UNKNOWN_NO_CUSTOMER_VERBATIM_OR_SENTIMENT_LABEL,FEEDBACK_NOT_OBSERVED
2128,2129,2,LOW_REPORTED,UNKNOWN_NO_CUSTOMER_VERBATIM_OR_SENTIMENT_LABEL,REVIEW_REPORTED_LOW_CSAT
2129,2130,3,MIDDLE_REPORTED,UNKNOWN_NO_CUSTOMER_VERBATIM_OR_SENTIMENT_LABEL,KEEP_OBSERVED_SCORE
2130,2131,5,HIGH_REPORTED,UNKNOWN_NO_CUSTOMER_VERBATIM_OR_SENTIMENT_LABEL,KEEP_OBSERVED_SCORE
2131,2132,,UNOBSERVED,UNKNOWN_NO_CUSTOMER_VERBATIM_OR_SENTIMENT_LABEL,FEEDBACK_NOT_OBSERVED
2132,2133,1,LOW_REPORTED,UNKNOWN_NO_CUSTOMER_VERBATIM_OR_SENTIMENT_LABEL,REVIEW_REPORTED_LOW_CSAT
2133,2134,,UNOBSERVED,UNKNOWN_NO_CUSTOMER_VERBATIM_OR_SENTIMENT_LABEL,FEEDBACK_NOT_OBSERVED
2134,2135,,UNOBSERVED,UNKNOWN_NO_CUSTOMER_VERBATIM_OR_SENTIMENT_LABEL,FEEDBACK_NOT_OBSERVED
2135,2136,4,HIGH_REPORTED,UNKNOWN_NO_CUSTOMER_VERBATIM_OR_SENTIMENT_LABEL,KEEP_OBSERVED_SCORE
2136,2137,,UNOBSERVED,UNKNOWN_NO_CUSTOMER_VERBATIM_OR_SENTIMENT_LABEL,FEEDBACK_NOT_OBSERVED
2137,2138,,UNOBSERVED,UNKNOWN_NO_CUSTOMER_VERBATIM_OR_SENTIMENT_LABEL,FEEDBACK_NOT_OBSERVED
2138,2139,,UNOBSERVED,UNKNOWN_NO_CUSTOMER_VERBATIM_OR_SENTIMENT_LABEL,FEEDBACK_NOT_OBSERVED
2139,2140,3,MIDDLE_REPORTED,UNKNOWN_NO_CUSTOMER_VERBATIM_OR_SENTIMENT_LABEL,KEEP_OBSERVED_SCORE
2140,2141,2,LOW_REPORTED,UNKNOWN_NO_CUSTOMER_VERBATIM_OR_SENTIMENT_LABEL,REVIEW_REPORTED_LOW_CSAT
2141,2142,,UNOBSERVED,UNKNOWN_NO_CUSTOMER_VERBATIM_OR_SENTIMENT_LABEL,FEEDBACK_NOT_OBSERVED
2142,2143,,UNOBSERVED,UNKNOWN_NO_CUSTOMER_VERBATIM_OR_SENTIMENT_LABEL,FEEDBACK_NOT_OBSERVED
2143,2144,5,HIGH_REPORTED,UNKNOWN_NO_CUSTOMER_VERBATIM_OR_SENTIMENT_LABEL,KEEP_OBSERVED_SCORE
2144,2145,,UNOBSERVED,UNKNOWN_NO_CUSTOMER_VERBATIM_OR_SENTIMENT_LABEL,FEEDBACK_NOT_OBSERVED
2145,2146,2,LOW_REPORTED,UNKNOWN_NO_CUSTOMER_VERBATIM_OR_SENTIMENT_LABEL,REVIEW_REPORTED_LOW_CSAT
2146,2147,,UNOBSERVED,UNKNOWN_NO_CUSTOMER_VERBATIM_OR_SENTIMENT_LABEL,FEEDBACK_NOT_OBSERVED
2147,2148,,UNOBSERVED,UNKNOWN_NO_CUSTOMER_VERBATIM_OR_SENTIMENT_LABEL,FEEDBACK_NOT_OBSERVED
2148,2149,,UNOBSERVED,UNKNOWN_NO_CUSTOMER_VERBATIM_OR_SENTIMENT_LABEL,FEEDBACK_NOT_OBSERVED
2149,2150,,UNOBSERVED,UNKNOWN_NO_CUSTOMER_VERBATIM_OR_SENTIMENT_LABEL,FEEDBACK_NOT_OBSERVED
2150,2151,,UNOBSERVED,UNKNOWN_NO_CUSTOMER_VERBATIM_OR_SENTIMENT_LABEL,FEEDBACK_NOT_OBSERVED
2151,2152,,UNOBSERVED,UNKNOWN_NO_CUSTOMER_VERBATIM_OR_SENTIMENT_LABEL,FEEDBACK_NOT_OBSERVED
2152,2153,,UNOBSERVED,UNKNOWN_NO_CUSTOMER_VERBATIM_OR_SENTIMENT_LABEL,FEEDBACK_NOT_OBSERVED
2153,2154,3,MIDDLE_REPORTED,UNKNOWN_NO_CUSTOMER_VERBATIM_OR_SENTIMENT_LABEL,KEEP_OBSERVED_SCORE
2154,2155,,UNOBSERVED,UNKNOWN_NO_CUSTOMER_VERBATIM_OR_SENTIMENT_LABEL,FEEDBACK_NOT_OBSERVED
2155,2156,5,HIGH_REPORTED,UNKNOWN_NO_CUSTOMER_VERBATIM_OR_SENTIMENT_LABEL,KEEP_OBSERVED_SCORE
2156,2157,5,HIGH_REPORTED,UNKNOWN_NO_CUSTOMER_VERBATIM_OR_SENTIMENT_LABEL,KEEP_OBSERVED_SCORE
2157,2158,,UNOBSERVED,UNKNOWN_NO_CUSTOMER_VERBATIM_OR_SENTIMENT_LABEL,FEEDBACK_NOT_OBSERVED
2158,2159,,UNOBSERVED,UNKNOWN_NO_CUSTOMER_VERBATIM_OR_SENTIMENT_LABEL,FEEDBACK_NOT_OBSERVED
2159,2160,,UNOBSERVED,UNKNOWN_NO_CUSTOMER_VERBATIM_OR_SENTIMENT_LABEL,FEEDBACK_NOT_OBSERVED
2160,2161,,UNOBSERVED,UNKNOWN_NO_CUSTOMER_VERBATIM_OR_SENTIMENT_LABEL,FEEDBACK_NOT_OBSERVED
2161,2162,4,HIGH_REPORTED,UNKNOWN_NO_CUSTOMER_VERBATIM_OR_SENTIMENT_LABEL,KEEP_OBSERVED_SCORE
2162,2163,,UNOBSERVED,UNKNOWN_NO_CUSTOMER_VERBATIM_OR_SENTIMENT_LABEL,FEEDBACK_NOT_OBSERVED
2163,2164,5,HIGH_REPORTED,UNKNOWN_NO_CUSTOMER_VERBATIM_OR_SENTIMENT_LABEL,KEEP_OBSERVED_SCORE
2164,2165,,UNOBSERVED,UNKNOWN_NO_CUSTOMER_VERBATIM_OR_SENTIMENT_LABEL,FEEDBACK_NOT_OBSERVED
2165,2166,,UNOBSERVED,UNKNOWN_NO_CUSTOMER_VERBATIM_OR_SENTIMENT_LABEL,FEEDBACK_NOT_OBSERVED
2166,2167,,UNOBSERVED,UNKNOWN_NO_CUSTOMER_VERBATIM_OR_SENTIMENT_LABEL,FEEDBACK_NOT_OBSERVED
2167,2168,5,HIGH_REPORTED,UNKNOWN_NO_CUSTOMER_VERBATIM_OR_SENTIMENT_LABEL,KEEP_OBSERVED_SCORE
2168,2169,,UNOBSERVED,UNKNOWN_NO_CUSTOMER_VERBATIM_OR_SENTIMENT_LABEL,FEEDBACK_NOT_OBSERVED
2169,2170,,UNOBSERVED,UNKNOWN_NO_CUSTOMER_VERBATIM_OR_SENTIMENT_LABEL,FEEDBACK_NOT_OBSERVED
2170,2171,,UNOBSERVED,UNKNOWN_NO_CUSTOMER_VERBATIM_OR_SENTIMENT_LABEL,FEEDBACK_NOT_OBSERVED
2171,2172,,UNOBSERVED,UNKNOWN_NO_CUSTOMER_VERBATIM_OR_SENTIMENT_LABEL,FEEDBACK_NOT_OBSERVED
2172,2173,,UNOBSERVED,UNKNOWN_NO_CUSTOMER_VERBATIM_OR_SENTIMENT_LABEL,FEEDBACK_NOT_OBSERVED
2173,2174,,UNOBSERVED,UNKNOWN_NO_CUSTOMER_VERBATIM_OR_SENTIMENT_LABEL,FEEDBACK_NOT_OBSERVED
2174,2175,5,HIGH_REPORTED,UNKNOWN_NO_CUSTOMER_VERBATIM_OR_SENTIMENT_LABEL,KEEP_OBSERVED_SCORE
2175,2176,,UNOBSERVED,UNKNOWN_NO_CUSTOMER_VERBATIM_OR_SENTIMENT_LABEL,FEEDBACK_NOT_OBSERVED
2176,2177,,UNOBSERVED,UNKNOWN_NO_CUSTOMER_VERBATIM_OR_SENTIMENT_LABEL,FEEDBACK_NOT_OBSERVED
2177,2178,,UNOBSERVED,UNKNOWN_NO_CUSTOMER_VERBATIM_OR_SENTIMENT_LABEL,FEEDBACK_NOT_OBSERVED
2178,2179,2,LOW_REPORTED,UNKNOWN_NO_CUSTOMER_VERBATIM_OR_SENTIMENT_LABEL,REVIEW_REPORTED_LOW_CSAT
2179,2180,,UNOBSERVED,UNKNOWN_NO_CUSTOMER_VERBATIM_OR_SENTIMENT_LABEL,FEEDBACK_NOT_OBSERVED
2180,2181,4,HIGH_REPORTED,UNKNOWN_NO_CUSTOMER_VERBATIM_OR_SENTIMENT_LABEL,KEEP_OBSERVED_SCORE
2181,2182,,UNOBSERVED,UNKNOWN_NO_CUSTOMER_VERBATIM_OR_SENTIMENT_LABEL,FEEDBACK_NOT_OBSERVED
2182,2183,,UNOBSERVED,UNKNOWN_NO_CUSTOMER_VERBATIM_OR_SENTIMENT_LABEL,FEEDBACK_NOT_OBSERVED
2183,2184,,UNOBSERVED,UNKNOWN_NO_CUSTOMER_VERBATIM_OR_SENTIMENT_LABEL,FEEDBACK_NOT_OBSERVED
2184,2185,,UNOBSERVED,UNKNOWN_NO_CUSTOMER_VERBATIM_OR_SENTIMENT_LABEL,FEEDBACK_NOT_OBSERVED
2185,2186,4,HIGH_REPORTED,UNKNOWN_NO_CUSTOMER_VERBATIM_OR_SENTIMENT_LABEL,KEEP_OBSERVED_SCORE
2186,2187,,UNOBSERVED,UNKNOWN_NO_CUSTOMER_VERBATIM_OR_SENTIMENT_LABEL,FEEDBACK_NOT_OBSERVED
2187,2188,,UNOBSERVED,UNKNOWN_NO_CUSTOMER_VERBATIM_OR_SENTIMENT_LABEL,FEEDBACK_NOT_OBSERVED
2188,2189,2,LOW_REPORTED,UNKNOWN_NO_CUSTOMER_VERBATIM_OR_SENTIMENT_LABEL,REVIEW_REPORTED_LOW_CSAT
2189,2190,,UNOBSERVED,UNKNOWN_NO_CUSTOMER_VERBATIM_OR_SENTIMENT_LABEL,FEEDBACK_NOT_OBSERVED
2190,2191,,UNOBSERVED,UNKNOWN_NO_CUSTOMER_VERBATIM_OR_SENTIMENT_LABEL,FEEDBACK_NOT_OBSERVED
2191,2192,,UNOBSERVED,UNKNOWN_NO_CUSTOMER_VERBATIM_OR_SENTIMENT_LABEL,FEEDBACK_NOT_OBSERVED
2192,2193,,UNOBSERVED,UNKNOWN_NO_CUSTOMER_VERBATIM_OR_SENTIMENT_LABEL,FEEDBACK_NOT_OBSERVED
2193,2194,,UNOBSERVED,UNKNOWN_NO_CUSTOMER_VERBATIM_OR_SENTIMENT_LABEL,FEEDBACK_NOT_OBSERVED
2194,2195,5,HIGH_REPORTED,UNKNOWN_NO_CUSTOMER_VERBATIM_OR_SENTIMENT_LABEL,KEEP_OBSERVED_SCORE
2195,2196,,UNOBSERVED,UNKNOWN_NO_CUSTOMER_VERBATIM_OR_SENTIMENT_LABEL,FEEDBACK_NOT_OBSERVED
2196,2197,,UNOBSERVED,UNKNOWN_NO_CUSTOMER_VERBATIM_OR_SENTIMENT_LABEL,FEEDBACK_NOT_OBSERVED
2197,2198,,UNOBSERVED,UNKNOWN_NO_CUSTOMER_VERBATIM_OR_SENTIMENT_LABEL,FEEDBACK_NOT_OBSERVED
2198,2199,4,HIGH_REPORTED,UNKNOWN_NO_CUSTOMER_VERBATIM_OR_SENTIMENT_LABEL,KEEP_OBSERVED_SCORE
2199,2200,,UNOBSERVED,UNKNOWN_NO_CUSTOMER_VERBATIM_OR_SENTIMENT_LABEL,FEEDBACK_NOT_OBSERVED
2200,2201,3,MIDDLE_REPORTED,UNKNOWN_NO_CUSTOMER_VERBATIM_OR_SENTIMENT_LABEL,KEEP_OBSERVED_SCORE
2201,2202,,UNOBSERVED,UNKNOWN_NO_CUSTOMER_VERBATIM_OR_SENTIMENT_LABEL,FEEDBACK_NOT_OBSERVED
2202,2203,,UNOBSERVED,UNKNOWN_NO_CUSTOMER_VERBATIM_OR_SENTIMENT_LABEL,FEEDBACK_NOT_OBSERVED
2203,2204,4,HIGH_REPORTED,UNKNOWN_NO_CUSTOMER_VERBATIM_OR_SENTIMENT_LABEL,KEEP_OBSERVED_SCORE
2204,2205,,UNOBSERVED,UNKNOWN_NO_CUSTOMER_VERBATIM_OR_SENTIMENT_LABEL,FEEDBACK_NOT_OBSERVED
2205,2206,,UNOBSERVED,UNKNOWN_NO_CUSTOMER_VERBATIM_OR_SENTIMENT_LABEL,FEEDBACK_NOT_OBSERVED
2206,2207,,UNOBSERVED,UNKNOWN_NO_CUSTOMER_VERBATIM_OR_SENTIMENT_LABEL,FEEDBACK_NOT_OBSERVED
2207,2208,4,HIGH_REPORTED,UNKNOWN_NO_CUSTOMER_VERBATIM_OR_SENTIMENT_LABEL,KEEP_OBSERVED_SCORE
2208,2209,2,LOW_REPORTED,UNKNOWN_NO_CUSTOMER_VERBATIM_OR_SENTIMENT_LABEL,REVIEW_REPORTED_LOW_CSAT
2209,2210,,UNOBSERVED,UNKNOWN_NO_CUSTOMER_VERBATIM_OR_SENTIMENT_LABEL,FEEDBACK_NOT_OBSERVED
2210,2211,,UNOBSERVED,UNKNOWN_NO_CUSTOMER_VERBATIM_OR_SENTIMENT_LABEL,FEEDBACK_NOT_OBSERVED
2211,2212,,UNOBSERVED,UNKNOWN_NO_CUSTOMER_VERBATIM_OR_SENTIMENT_LABEL,FEEDBACK_NOT_OBSERVED
2212,2213,3,MIDDLE_REPORTED,UNKNOWN_NO_CUSTOMER_VERBATIM_OR_SENTIMENT_LABEL,KEEP_OBSERVED_SCORE
2213,2214,,UNOBSERVED,UNKNOWN_NO_CUSTOMER_VERBATIM_OR_SENTIMENT_LABEL,FEEDBACK_NOT_OBSERVED
2214,2215,,UNOBSERVED,UNKNOWN_NO_CUSTOMER_VERBATIM_OR_SENTIMENT_LABEL,FEEDBACK_NOT_OBSERVED
2215,2216,,UNOBSERVED,UNKNOWN_NO_CUSTOMER_VERBATIM_OR_SENTIMENT_LABEL,FEEDBACK_NOT_OBSERVED
2216,2217,3,MIDDLE_REPORTED,UNKNOWN_NO_CUSTOMER_VERBATIM_OR_SENTIMENT_LABEL,KEEP_OBSERVED_SCORE
2217,2218,5,HIGH_REPORTED,UNKNOWN_NO_CUSTOMER_VERBATIM_OR_SENTIMENT_LABEL,KEEP_OBSERVED_SCORE
2218,2219,,UNOBSERVED,UNKNOWN_NO_CUSTOMER_VERBATIM_OR_SENTIMENT_LABEL,FEEDBACK_NOT_OBSERVED
2219,2220,,UNOBSERVED,UNKNOWN_NO_CUSTOMER_VERBATIM_OR_SENTIMENT_LABEL,FEEDBACK_NOT_OBSERVED
2220,2221,,UNOBSERVED,UNKNOWN_NO_CUSTOMER_VERBATIM_OR_SENTIMENT_LABEL,FEEDBACK_NOT_OBSERVED
2221,2222,,UNOBSERVED,UNKNOWN_NO_CUSTOMER_VERBATIM_OR_SENTIMENT_LABEL,FEEDBACK_NOT_OBSERVED
2222,2223,1,LOW_REPORTED,UNKNOWN_NO_CUSTOMER_VERBATIM_OR_SENTIMENT_LABEL,REVIEW_REPORTED_LOW_CSAT
2223,2224,3,MIDDLE_REPORTED,UNKNOWN_NO_CUSTOMER_VERBATIM_OR_SENTIMENT_LABEL,KEEP_OBSERVED_SCORE
2224,2225,,UNOBSERVED,UNKNOWN_NO_CUSTOMER_VERBATIM_OR_SENTIMENT_LABEL,FEEDBACK_NOT_OBSERVED
2225,2226,,UNOBSERVED,UNKNOWN_NO_CUSTOMER_VERBATIM_OR_SENTIMENT_LABEL,FEEDBACK_NOT_OBSERVED
2226,2227,5,HIGH_REPORTED,UNKNOWN_NO_CUSTOMER_VERBATIM_OR_SENTIMENT_LABEL,KEEP_OBSERVED_SCORE
2227,2228,4,HIGH_REPORTED,UNKNOWN_NO_CUSTOMER_VERBATIM_OR_SENTIMENT_LABEL,KEEP_OBSERVED_SCORE
2228,2229,,UNOBSERVED,UNKNOWN_NO_CUSTOMER_VERBATIM_OR_SENTIMENT_LABEL,FEEDBACK_NOT_OBSERVED
2229,2230,3,MIDDLE_REPORTED,UNKNOWN_NO_CUSTOMER_VERBATIM_OR_SENTIMENT_LABEL,KEEP_OBSERVED_SCORE
2230,2231,4,HIGH_REPORTED,UNKNOWN_NO_CUSTOMER_VERBATIM_OR_SENTIMENT_LABEL,KEEP_OBSERVED_SCORE
2231,2232,,UNOBSERVED,UNKNOWN_NO_CUSTOMER_VERBATIM_OR_SENTIMENT_LABEL,FEEDBACK_NOT_OBSERVED
2232,2233,5,HIGH_REPORTED,UNKNOWN_NO_CUSTOMER_VERBATIM_OR_SENTIMENT_LABEL,KEEP_OBSERVED_SCORE
2233,2234,,UNOBSERVED,UNKNOWN_NO_CUSTOMER_VERBATIM_OR_SENTIMENT_LABEL,FEEDBACK_NOT_OBSERVED
2234,2235,,UNOBSERVED,UNKNOWN_NO_CUSTOMER_VERBATIM_OR_SENTIMENT_LABEL,FEEDBACK_NOT_OBSERVED
2235,2236,,UNOBSERVED,UNKNOWN_NO_CUSTOMER_VERBATIM_OR_SENTIMENT_LABEL,FEEDBACK_NOT_OBSERVED
2236,2237,,UNOBSERVED,UNKNOWN_NO_CUSTOMER_VERBATIM_OR_SENTIMENT_LABEL,FEEDBACK_NOT_OBSERVED
2237,2238,3,MIDDLE_REPORTED,UNKNOWN_NO_CUSTOMER_VERBATIM_OR_SENTIMENT_LABEL,KEEP_OBSERVED_SCORE
2238,2239,,UNOBSERVED,UNKNOWN_NO_CUSTOMER_VERBATIM_OR_SENTIMENT_LABEL,FEEDBACK_NOT_OBSERVED
2239,2240,,UNOBSERVED,UNKNOWN_NO_CUSTOMER_VERBATIM_OR_SENTIMENT_LABEL,FEEDBACK_NOT_OBSERVED
2240,2241,,UNOBSERVED,UNKNOWN_NO_CUSTOMER_VERBATIM_OR_SENTIMENT_LABEL,FEEDBACK_NOT_OBSERVED
2241,2242,,UNOBSERVED,UNKNOWN_NO_CUSTOMER_VERBATIM_OR_SENTIMENT_LABEL,FEEDBACK_NOT_OBSERVED
2242,2243,,UNOBSERVED,UNKNOWN_NO_CUSTOMER_VERBATIM_OR_SENTIMENT_LABEL,FEEDBACK_NOT_OBSERVED
2243,2244,,UNOBSERVED,UNKNOWN_NO_CUSTOMER_VERBATIM_OR_SENTIMENT_LABEL,FEEDBACK_NOT_OBSERVED
2244,2245,,UNOBSERVED,UNKNOWN_NO_CUSTOMER_VERBATIM_OR_SENTIMENT_LABEL,FEEDBACK_NOT_OBSERVED
2245,2246,3,MIDDLE_REPORTED,UNKNOWN_NO_CUSTOMER_VERBATIM_OR_SENTIMENT_LABEL,KEEP_OBSERVED_SCORE
2246,2247,1,LOW_REPORTED,UNKNOWN_NO_CUSTOMER_VERBATIM_OR_SENTIMENT_LABEL,REVIEW_REPORTED_LOW_CSAT
2247,2248,5,HIGH_REPORTED,UNKNOWN_NO_CUSTOMER_VERBATIM_OR_SENTIMENT_LABEL,KEEP_OBSERVED_SCORE
2248,2249,2,LOW_REPORTED,UNKNOWN_NO_CUSTOMER_VERBATIM_OR_SENTIMENT_LABEL,REVIEW_REPORTED_LOW_CSAT
2249,2250,,UNOBSERVED,UNKNOWN_NO_CUSTOMER_VERBATIM_OR_SENTIMENT_LABEL,FEEDBACK_NOT_OBSERVED
2250,2251,4,HIGH_REPORTED,UNKNOWN_NO_CUSTOMER_VERBATIM_OR_SENTIMENT_LABEL,KEEP_OBSERVED_SCORE
2251,2252,,UNOBSERVED,UNKNOWN_NO_CUSTOMER_VERBATIM_OR_SENTIMENT_LABEL,FEEDBACK_NOT_OBSERVED
2252,2253,3,MIDDLE_REPORTED,UNKNOWN_NO_CUSTOMER_VERBATIM_OR_SENTIMENT_LABEL,KEEP_OBSERVED_SCORE
2253,2254,3,MIDDLE_REPORTED,UNKNOWN_NO_CUSTOMER_VERBATIM_OR_SENTIMENT_LABEL,KEEP_OBSERVED_SCORE
2254,2255,,UNOBSERVED,UNKNOWN_NO_CUSTOMER_VERBATIM_OR_SENTIMENT_LABEL,FEEDBACK_NOT_OBSERVED
2255,2256,3,MIDDLE_REPORTED,UNKNOWN_NO_CUSTOMER_VERBATIM_OR_SENTIMENT_LABEL,KEEP_OBSERVED_SCORE
2256,2257,,UNOBSERVED,UNKNOWN_NO_CUSTOMER_VERBATIM_OR_SENTIMENT_LABEL,FEEDBACK_NOT_OBSERVED
2257,2258,,UNOBSERVED,UNKNOWN_NO_CUSTOMER_VERBATIM_OR_SENTIMENT_LABEL,FEEDBACK_NOT_OBSERVED
2258,2259,,UNOBSERVED,UNKNOWN_NO_CUSTOMER_VERBATIM_OR_SENTIMENT_LABEL,FEEDBACK_NOT_OBSERVED
2259,2260,,UNOBSERVED,UNKNOWN_NO_CUSTOMER_VERBATIM_OR_SENTIMENT_LABEL,FEEDBACK_NOT_OBSERVED
2260,2261,,UNOBSERVED,UNKNOWN_NO_CUSTOMER_VERBATIM_OR_SENTIMENT_LABEL,FEEDBACK_NOT_OBSERVED
2261,2262,,UNOBSERVED,UNKNOWN_NO_CUSTOMER_VERBATIM_OR_SENTIMENT_LABEL,FEEDBACK_NOT_OBSERVED
2262,2263,3,MIDDLE_REPORTED,UNKNOWN_NO_CUSTOMER_VERBATIM_OR_SENTIMENT_LABEL,KEEP_OBSERVED_SCORE
2263,2264,2,LOW_REPORTED,UNKNOWN_NO_CUSTOMER_VERBATIM_OR_SENTIMENT_LABEL,REVIEW_REPORTED_LOW_CSAT
2264,2265,,UNOBSERVED,UNKNOWN_NO_CUSTOMER_VERBATIM_OR_SENTIMENT_LABEL,FEEDBACK_NOT_OBSERVED
2265,2266,,UNOBSERVED,UNKNOWN_NO_CUSTOMER_VERBATIM_OR_SENTIMENT_LABEL,FEEDBACK_NOT_OBSERVED
2266,2267,,UNOBSERVED,UNKNOWN_NO_CUSTOMER_VERBATIM_OR_SENTIMENT_LABEL,FEEDBACK_NOT_OBSERVED
2267,2268,1,LOW_REPORTED,UNKNOWN_NO_CUSTOMER_VERBATIM_OR_SENTIMENT_LABEL,REVIEW_REPORTED_LOW_CSAT
2268,2269,,UNOBSERVED,UNKNOWN_NO_CUSTOMER_VERBATIM_OR_SENTIMENT_LABEL,FEEDBACK_NOT_OBSERVED
2269,2270,,UNOBSERVED,UNKNOWN_NO_CUSTOMER_VERBATIM_OR_SENTIMENT_LABEL,FEEDBACK_NOT_OBSERVED
2270,2271,3,MIDDLE_REPORTED,UNKNOWN_NO_CUSTOMER_VERBATIM_OR_SENTIMENT_LABEL,KEEP_OBSERVED_SCORE
2271,2272,,UNOBSERVED,UNKNOWN_NO_CUSTOMER_VERBATIM_OR_SENTIMENT_LABEL,FEEDBACK_NOT_OBSERVED
2272,2273,4,HIGH_REPORTED,UNKNOWN_NO_CUSTOMER_VERBATIM_OR_SENTIMENT_LABEL,KEEP_OBSERVED_SCORE
2273,2274,,UNOBSERVED,UNKNOWN_NO_CUSTOMER_VERBATIM_OR_SENTIMENT_LABEL,FEEDBACK_NOT_OBSERVED
2274,2275,1,LOW_REPORTED,UNKNOWN_NO_CUSTOMER_VERBATIM_OR_SENTIMENT_LABEL,REVIEW_REPORTED_LOW_CSAT
2275,2276,,UNOBSERVED,UNKNOWN_NO_CUSTOMER_VERBATIM_OR_SENTIMENT_LABEL,FEEDBACK_NOT_OBSERVED
2276,2277,,UNOBSERVED,UNKNOWN_NO_CUSTOMER_VERBATIM_OR_SENTIMENT_LABEL,FEEDBACK_NOT_OBSERVED
2277,2278,1,LOW_REPORTED,UNKNOWN_NO_CUSTOMER_VERBATIM_OR_SENTIMENT_LABEL,REVIEW_REPORTED_LOW_CSAT
2278,2279,,UNOBSERVED,UNKNOWN_NO_CUSTOMER_VERBATIM_OR_SENTIMENT_LABEL,FEEDBACK_NOT_OBSERVED
2279,2280,,UNOBSERVED,UNKNOWN_NO_CUSTOMER_VERBATIM_OR_SENTIMENT_LABEL,FEEDBACK_NOT_OBSERVED
2280,2281,,UNOBSERVED,UNKNOWN_NO_CUSTOMER_VERBATIM_OR_SENTIMENT_LABEL,FEEDBACK_NOT_OBSERVED
2281,2282,2,LOW_REPORTED,UNKNOWN_NO_CUSTOMER_VERBATIM_OR_SENTIMENT_LABEL,REVIEW_REPORTED_LOW_CSAT
2282,2283,,UNOBSERVED,UNKNOWN_NO_CUSTOMER_VERBATIM_OR_SENTIMENT_LABEL,FEEDBACK_NOT_OBSERVED
2283,2284,,UNOBSERVED,UNKNOWN_NO_CUSTOMER_VERBATIM_OR_SENTIMENT_LABEL,FEEDBACK_NOT_OBSERVED
2284,2285,,UNOBSERVED,UNKNOWN_NO_CUSTOMER_VERBATIM_OR_SENTIMENT_LABEL,FEEDBACK_NOT_OBSERVED
2285,2286,,UNOBSERVED,UNKNOWN_NO_CUSTOMER_VERBATIM_OR_SENTIMENT_LABEL,FEEDBACK_NOT_OBSERVED
2286,2287,4,HIGH_REPORTED,UNKNOWN_NO_CUSTOMER_VERBATIM_OR_SENTIMENT_LABEL,KEEP_OBSERVED_SCORE
2287,2288,,UNOBSERVED,UNKNOWN_NO_CUSTOMER_VERBATIM_OR_SENTIMENT_LABEL,FEEDBACK_NOT_OBSERVED
2288,2289,,UNOBSERVED,UNKNOWN_NO_CUSTOMER_VERBATIM_OR_SENTIMENT_LABEL,FEEDBACK_NOT_OBSERVED
2289,2290,,UNOBSERVED,UNKNOWN_NO_CUSTOMER_VERBATIM_OR_SENTIMENT_LABEL,FEEDBACK_NOT_OBSERVED
2290,2291,2,LOW_REPORTED,UNKNOWN_NO_CUSTOMER_VERBATIM_OR_SENTIMENT_LABEL,REVIEW_REPORTED_LOW_CSAT
2291,2292,,UNOBSERVED,UNKNOWN_NO_CUSTOMER_VERBATIM_OR_SENTIMENT_LABEL,FEEDBACK_NOT_OBSERVED
2292,2293,,UNOBSERVED,UNKNOWN_NO_CUSTOMER_VERBATIM_OR_SENTIMENT_LABEL,FEEDBACK_NOT_OBSERVED
2293,2294,,UNOBSERVED,UNKNOWN_NO_CUSTOMER_VERBATIM_OR_SENTIMENT_LABEL,FEEDBACK_NOT_OBSERVED
2294,2295,,UNOBSERVED,UNKNOWN_NO_CUSTOMER_VERBATIM_OR_SENTIMENT_LABEL,FEEDBACK_NOT_OBSERVED
2295,2296,1,LOW_REPORTED,UNKNOWN_NO_CUSTOMER_VERBATIM_OR_SENTIMENT_LABEL,REVIEW_REPORTED_LOW_CSAT
2296,2297,,UNOBSERVED,UNKNOWN_NO_CUSTOMER_VERBATIM_OR_SENTIMENT_LABEL,FEEDBACK_NOT_OBSERVED
2297,2298,,UNOBSERVED,UNKNOWN_NO_CUSTOMER_VERBATIM_OR_SENTIMENT_LABEL,FEEDBACK_NOT_OBSERVED
2298,2299,,UNOBSERVED,UNKNOWN_NO_CUSTOMER_VERBATIM_OR_SENTIMENT_LABEL,FEEDBACK_NOT_OBSERVED
2299,2300,,UNOBSERVED,UNKNOWN_NO_CUSTOMER_VERBATIM_OR_SENTIMENT_LABEL,FEEDBACK_NOT_OBSERVED
2300,2301,,UNOBSERVED,UNKNOWN_NO_CUSTOMER_VERBATIM_OR_SENTIMENT_LABEL,FEEDBACK_NOT_OBSERVED
2301,2302,,UNOBSERVED,UNKNOWN_NO_CUSTOMER_VERBATIM_OR_SENTIMENT_LABEL,FEEDBACK_NOT_OBSERVED
2302,2303,,UNOBSERVED,UNKNOWN_NO_CUSTOMER_VERBATIM_OR_SENTIMENT_LABEL,FEEDBACK_NOT_OBSERVED
2303,2304,,UNOBSERVED,UNKNOWN_NO_CUSTOMER_VERBATIM_OR_SENTIMENT_LABEL,FEEDBACK_NOT_OBSERVED
2304,2305,,UNOBSERVED,UNKNOWN_NO_CUSTOMER_VERBATIM_OR_SENTIMENT_LABEL,FEEDBACK_NOT_OBSERVED
2305,2306,,UNOBSERVED,UNKNOWN_NO_CUSTOMER_VERBATIM_OR_SENTIMENT_LABEL,FEEDBACK_NOT_OBSERVED
2306,2307,,UNOBSERVED,UNKNOWN_NO_CUSTOMER_VERBATIM_OR_SENTIMENT_LABEL,FEEDBACK_NOT_OBSERVED
2307,2308,3,MIDDLE_REPORTED,UNKNOWN_NO_CUSTOMER_VERBATIM_OR_SENTIMENT_LABEL,KEEP_OBSERVED_SCORE
2308,2309,,UNOBSERVED,UNKNOWN_NO_CUSTOMER_VERBATIM_OR_SENTIMENT_LABEL,FEEDBACK_NOT_OBSERVED
2309,2310,,UNOBSERVED,UNKNOWN_NO_CUSTOMER_VERBATIM_OR_SENTIMENT_LABEL,FEEDBACK_NOT_OBSERVED
2310,2311,,UNOBSERVED,UNKNOWN_NO_CUSTOMER_VERBATIM_OR_SENTIMENT_LABEL,FEEDBACK_NOT_OBSERVED
2311,2312,,UNOBSERVED,UNKNOWN_NO_CUSTOMER_VERBATIM_OR_SENTIMENT_LABEL,FEEDBACK_NOT_OBSERVED
2312,2313,1,LOW_REPORTED,UNKNOWN_NO_CUSTOMER_VERBATIM_OR_SENTIMENT_LABEL,REVIEW_REPORTED_LOW_CSAT
2313,2314,,UNOBSERVED,UNKNOWN_NO_CUSTOMER_VERBATIM_OR_SENTIMENT_LABEL,FEEDBACK_NOT_OBSERVED
2314,2315,3,MIDDLE_REPORTED,UNKNOWN_NO_CUSTOMER_VERBATIM_OR_SENTIMENT_LABEL,KEEP_OBSERVED_SCORE
2315,2316,1,LOW_REPORTED,UNKNOWN_NO_CUSTOMER_VERBATIM_OR_SENTIMENT_LABEL,REVIEW_REPORTED_LOW_CSAT
2316,2317,,UNOBSERVED,UNKNOWN_NO_CUSTOMER_VERBATIM_OR_SENTIMENT_LABEL,FEEDBACK_NOT_OBSERVED
2317,2318,,UNOBSERVED,UNKNOWN_NO_CUSTOMER_VERBATIM_OR_SENTIMENT_LABEL,FEEDBACK_NOT_OBSERVED
2318,2319,,UNOBSERVED,UNKNOWN_NO_CUSTOMER_VERBATIM_OR_SENTIMENT_LABEL,FEEDBACK_NOT_OBSERVED
2319,2320,,UNOBSERVED,UNKNOWN_NO_CUSTOMER_VERBATIM_OR_SENTIMENT_LABEL,FEEDBACK_NOT_OBSERVED
2320,2321,,UNOBSERVED,UNKNOWN_NO_CUSTOMER_VERBATIM_OR_SENTIMENT_LABEL,FEEDBACK_NOT_OBSERVED
2321,2322,3,MIDDLE_REPORTED,UNKNOWN_NO_CUSTOMER_VERBATIM_OR_SENTIMENT_LABEL,KEEP_OBSERVED_SCORE
2322,2323,1,LOW_REPORTED,UNKNOWN_NO_CUSTOMER_VERBATIM_OR_SENTIMENT_LABEL,REVIEW_REPORTED_LOW_CSAT
2323,2324,3,MIDDLE_REPORTED,UNKNOWN_NO_CUSTOMER_VERBATIM_OR_SENTIMENT_LABEL,KEEP_OBSERVED_SCORE
2324,2325,5,HIGH_REPORTED,UNKNOWN_NO_CUSTOMER_VERBATIM_OR_SENTIMENT_LABEL,KEEP_OBSERVED_SCORE
2325,2326,2,LOW_REPORTED,UNKNOWN_NO_CUSTOMER_VERBATIM_OR_SENTIMENT_LABEL,REVIEW_REPORTED_LOW_CSAT
2326,2327,,UNOBSERVED,UNKNOWN_NO_CUSTOMER_VERBATIM_OR_SENTIMENT_LABEL,FEEDBACK_NOT_OBSERVED
2327,2328,3,MIDDLE_REPORTED,UNKNOWN_NO_CUSTOMER_VERBATIM_OR_SENTIMENT_LABEL,KEEP_OBSERVED_SCORE
2328,2329,,UNOBSERVED,UNKNOWN_NO_CUSTOMER_VERBATIM_OR_SENTIMENT_LABEL,FEEDBACK_NOT_OBSERVED
2329,2330,4,HIGH_REPORTED,UNKNOWN_NO_CUSTOMER_VERBATIM_OR_SENTIMENT_LABEL,KEEP_OBSERVED_SCORE
2330,2331,,UNOBSERVED,UNKNOWN_NO_CUSTOMER_VERBATIM_OR_SENTIMENT_LABEL,FEEDBACK_NOT_OBSERVED
2331,2332,,UNOBSERVED,UNKNOWN_NO_CUSTOMER_VERBATIM_OR_SENTIMENT_LABEL,FEEDBACK_NOT_OBSERVED
2332,2333,,UNOBSERVED,UNKNOWN_NO_CUSTOMER_VERBATIM_OR_SENTIMENT_LABEL,FEEDBACK_NOT_OBSERVED
2333,2334,,UNOBSERVED,UNKNOWN_NO_CUSTOMER_VERBATIM_OR_SENTIMENT_LABEL,FEEDBACK_NOT_OBSERVED
2334,2335,,UNOBSERVED,UNKNOWN_NO_CUSTOMER_VERBATIM_OR_SENTIMENT_LABEL,FEEDBACK_NOT_OBSERVED
2335,2336,,UNOBSERVED,UNKNOWN_NO_CUSTOMER_VERBATIM_OR_SENTIMENT_LABEL,FEEDBACK_NOT_OBSERVED
2336,2337,,UNOBSERVED,UNKNOWN_NO_CUSTOMER_VERBATIM_OR_SENTIMENT_LABEL,FEEDBACK_NOT_OBSERVED
2337,2338,,UNOBSERVED,UNKNOWN_NO_CUSTOMER_VERBATIM_OR_SENTIMENT_LABEL,FEEDBACK_NOT_OBSERVED
2338,2339,1,LOW_REPORTED,UNKNOWN_NO_CUSTOMER_VERBATIM_OR_SENTIMENT_LABEL,REVIEW_REPORTED_LOW_CSAT
2339,2340,2,LOW_REPORTED,UNKNOWN_NO_CUSTOMER_VERBATIM_OR_SENTIMENT_LABEL,REVIEW_REPORTED_LOW_CSAT
2340,2341,,UNOBSERVED,UNKNOWN_NO_CUSTOMER_VERBATIM_OR_SENTIMENT_LABEL,FEEDBACK_NOT_OBSERVED
2341,2342,3,MIDDLE_REPORTED,UNKNOWN_NO_CUSTOMER_VERBATIM_OR_SENTIMENT_LABEL,KEEP_OBSERVED_SCORE
2342,2343,2,LOW_REPORTED,UNKNOWN_NO_CUSTOMER_VERBATIM_OR_SENTIMENT_LABEL,REVIEW_REPORTED_LOW_CSAT
2343,2344,,UNOBSERVED,UNKNOWN_NO_CUSTOMER_VERBATIM_OR_SENTIMENT_LABEL,FEEDBACK_NOT_OBSERVED
2344,2345,,UNOBSERVED,UNKNOWN_NO_CUSTOMER_VERBATIM_OR_SENTIMENT_LABEL,FEEDBACK_NOT_OBSERVED
2345,2346,3,MIDDLE_REPORTED,UNKNOWN_NO_CUSTOMER_VERBATIM_OR_SENTIMENT_LABEL,KEEP_OBSERVED_SCORE
2346,2347,2,LOW_REPORTED,UNKNOWN_NO_CUSTOMER_VERBATIM_OR_SENTIMENT_LABEL,REVIEW_REPORTED_LOW_CSAT
2347,2348,5,HIGH_REPORTED,UNKNOWN_NO_CUSTOMER_VERBATIM_OR_SENTIMENT_LABEL,KEEP_OBSERVED_SCORE
2348,2349,,UNOBSERVED,UNKNOWN_NO_CUSTOMER_VERBATIM_OR_SENTIMENT_LABEL,FEEDBACK_NOT_OBSERVED
2349,2350,,UNOBSERVED,UNKNOWN_NO_CUSTOMER_VERBATIM_OR_SENTIMENT_LABEL,FEEDBACK_NOT_OBSERVED
2350,2351,,UNOBSERVED,UNKNOWN_NO_CUSTOMER_VERBATIM_OR_SENTIMENT_LABEL,FEEDBACK_NOT_OBSERVED
2351,2352,,UNOBSERVED,UNKNOWN_NO_CUSTOMER_VERBATIM_OR_SENTIMENT_LABEL,FEEDBACK_NOT_OBSERVED
2352,2353,5,HIGH_REPORTED,UNKNOWN_NO_CUSTOMER_VERBATIM_OR_SENTIMENT_LABEL,KEEP_OBSERVED_SCORE
2353,2354,,UNOBSERVED,UNKNOWN_NO_CUSTOMER_VERBATIM_OR_SENTIMENT_LABEL,FEEDBACK_NOT_OBSERVED
2354,2355,,UNOBSERVED,UNKNOWN_NO_CUSTOMER_VERBATIM_OR_SENTIMENT_LABEL,FEEDBACK_NOT_OBSERVED
2355,2356,,UNOBSERVED,UNKNOWN_NO_CUSTOMER_VERBATIM_OR_SENTIMENT_LABEL,FEEDBACK_NOT_OBSERVED
2356,2357,,UNOBSERVED,UNKNOWN_NO_CUSTOMER_VERBATIM_OR_SENTIMENT_LABEL,FEEDBACK_NOT_OBSERVED
2357,2358,,UNOBSERVED,UNKNOWN_NO_CUSTOMER_VERBATIM_OR_SENTIMENT_LABEL,FEEDBACK_NOT_OBSERVED
2358,2359,5,HIGH_REPORTED,UNKNOWN_NO_CUSTOMER_VERBATIM_OR_SENTIMENT_LABEL,KEEP_OBSERVED_SCORE
2359,2360,1,LOW_REPORTED,UNKNOWN_NO_CUSTOMER_VERBATIM_OR_SENTIMENT_LABEL,REVIEW_REPORTED_LOW_CSAT
2360,2361,,UNOBSERVED,UNKNOWN_NO_CUSTOMER_VERBATIM_OR_SENTIMENT_LABEL,FEEDBACK_NOT_OBSERVED
2361,2362,1,LOW_REPORTED,UNKNOWN_NO_CUSTOMER_VERBATIM_OR_SENTIMENT_LABEL,REVIEW_REPORTED_LOW_CSAT
2362,2363,3,MIDDLE_REPORTED,UNKNOWN_NO_CUSTOMER_VERBATIM_OR_SENTIMENT_LABEL,KEEP_OBSERVED_SCORE
2363,2364,1,LOW_REPORTED,UNKNOWN_NO_CUSTOMER_VERBATIM_OR_SENTIMENT_LABEL,REVIEW_REPORTED_LOW_CSAT
2364,2365,,UNOBSERVED,UNKNOWN_NO_CUSTOMER_VERBATIM_OR_SENTIMENT_LABEL,FEEDBACK_NOT_OBSERVED
2365,2366,4,HIGH_REPORTED,UNKNOWN_NO_CUSTOMER_VERBATIM_OR_SENTIMENT_LABEL,KEEP_OBSERVED_SCORE
2366,2367,,UNOBSERVED,UNKNOWN_NO_CUSTOMER_VERBATIM_OR_SENTIMENT_LABEL,FEEDBACK_NOT_OBSERVED
2367,2368,,UNOBSERVED,UNKNOWN_NO_CUSTOMER_VERBATIM_OR_SENTIMENT_LABEL,FEEDBACK_NOT_OBSERVED
2368,2369,4,HIGH_REPORTED,UNKNOWN_NO_CUSTOMER_VERBATIM_OR_SENTIMENT_LABEL,KEEP_OBSERVED_SCORE
2369,2370,,UNOBSERVED,UNKNOWN_NO_CUSTOMER_VERBATIM_OR_SENTIMENT_LABEL,FEEDBACK_NOT_OBSERVED
2370,2371,,UNOBSERVED,UNKNOWN_NO_CUSTOMER_VERBATIM_OR_SENTIMENT_LABEL,FEEDBACK_NOT_OBSERVED
2371,2372,,UNOBSERVED,UNKNOWN_NO_CUSTOMER_VERBATIM_OR_SENTIMENT_LABEL,FEEDBACK_NOT_OBSERVED
2372,2373,2,LOW_REPORTED,UNKNOWN_NO_CUSTOMER_VERBATIM_OR_SENTIMENT_LABEL,REVIEW_REPORTED_LOW_CSAT
2373,2374,1,LOW_REPORTED,UNKNOWN_NO_CUSTOMER_VERBATIM_OR_SENTIMENT_LABEL,REVIEW_REPORTED_LOW_CSAT
2374,2375,,UNOBSERVED,UNKNOWN_NO_CUSTOMER_VERBATIM_OR_SENTIMENT_LABEL,FEEDBACK_NOT_OBSERVED
2375,2376,,UNOBSERVED,UNKNOWN_NO_CUSTOMER_VERBATIM_OR_SENTIMENT_LABEL,FEEDBACK_NOT_OBSERVED
2376,2377,,UNOBSERVED,UNKNOWN_NO_CUSTOMER_VERBATIM_OR_SENTIMENT_LABEL,FEEDBACK_NOT_OBSERVED
2377,2378,,UNOBSERVED,UNKNOWN_NO_CUSTOMER_VERBATIM_OR_SENTIMENT_LABEL,FEEDBACK_NOT_OBSERVED
2378,2379,2,LOW_REPORTED,UNKNOWN_NO_CUSTOMER_VERBATIM_OR_SENTIMENT_LABEL,REVIEW_REPORTED_LOW_CSAT
2379,2380,2,LOW_REPORTED,UNKNOWN_NO_CUSTOMER_VERBATIM_OR_SENTIMENT_LABEL,REVIEW_REPORTED_LOW_CSAT
2380,2381,,UNOBSERVED,UNKNOWN_NO_CUSTOMER_VERBATIM_OR_SENTIMENT_LABEL,FEEDBACK_NOT_OBSERVED
2381,2382,,UNOBSERVED,UNKNOWN_NO_CUSTOMER_VERBATIM_OR_SENTIMENT_LABEL,FEEDBACK_NOT_OBSERVED
2382,2383,,UNOBSERVED,UNKNOWN_NO_CUSTOMER_VERBATIM_OR_SENTIMENT_LABEL,FEEDBACK_NOT_OBSERVED
2383,2384,,UNOBSERVED,UNKNOWN_NO_CUSTOMER_VERBATIM_OR_SENTIMENT_LABEL,FEEDBACK_NOT_OBSERVED
2384,2385,,UNOBSERVED,UNKNOWN_NO_CUSTOMER_VERBATIM_OR_SENTIMENT_LABEL,FEEDBACK_NOT_OBSERVED
2385,2386,,UNOBSERVED,UNKNOWN_NO_CUSTOMER_VERBATIM_OR_SENTIMENT_LABEL,FEEDBACK_NOT_OBSERVED
2386,2387,,UNOBSERVED,UNKNOWN_NO_CUSTOMER_VERBATIM_OR_SENTIMENT_LABEL,FEEDBACK_NOT_OBSERVED
2387,2388,,UNOBSERVED,UNKNOWN_NO_CUSTOMER_VERBATIM_OR_SENTIMENT_LABEL,FEEDBACK_NOT_OBSERVED
2388,2389,1,LOW_REPORTED,UNKNOWN_NO_CUSTOMER_VERBATIM_OR_SENTIMENT_LABEL,REVIEW_REPORTED_LOW_CSAT
2389,2390,,UNOBSERVED,UNKNOWN_NO_CUSTOMER_VERBATIM_OR_SENTIMENT_LABEL,FEEDBACK_NOT_OBSERVED
2390,2391,,UNOBSERVED,UNKNOWN_NO_CUSTOMER_VERBATIM_OR_SENTIMENT_LABEL,FEEDBACK_NOT_OBSERVED
2391,2392,1,LOW_REPORTED,UNKNOWN_NO_CUSTOMER_VERBATIM_OR_SENTIMENT_LABEL,REVIEW_REPORTED_LOW_CSAT
2392,2393,,UNOBSERVED,UNKNOWN_NO_CUSTOMER_VERBATIM_OR_SENTIMENT_LABEL,FEEDBACK_NOT_OBSERVED
2393,2394,4,HIGH_REPORTED,UNKNOWN_NO_CUSTOMER_VERBATIM_OR_SENTIMENT_LABEL,KEEP_OBSERVED_SCORE
2394,2395,,UNOBSERVED,UNKNOWN_NO_CUSTOMER_VERBATIM_OR_SENTIMENT_LABEL,FEEDBACK_NOT_OBSERVED
2395,2396,1,LOW_REPORTED,UNKNOWN_NO_CUSTOMER_VERBATIM_OR_SENTIMENT_LABEL,REVIEW_REPORTED_LOW_CSAT
2396,2397,,UNOBSERVED,UNKNOWN_NO_CUSTOMER_VERBATIM_OR_SENTIMENT_LABEL,FEEDBACK_NOT_OBSERVED
2397,2398,,UNOBSERVED,UNKNOWN_NO_CUSTOMER_VERBATIM_OR_SENTIMENT_LABEL,FEEDBACK_NOT_OBSERVED
2398,2399,1,LOW_REPORTED,UNKNOWN_NO_CUSTOMER_VERBATIM_OR_SENTIMENT_LABEL,REVIEW_REPORTED_LOW_CSAT
2399,2400,,UNOBSERVED,UNKNOWN_NO_CUSTOMER_VERBATIM_OR_SENTIMENT_LABEL,FEEDBACK_NOT_OBSERVED
2400,2401,,UNOBSERVED,UNKNOWN_NO_CUSTOMER_VERBATIM_OR_SENTIMENT_LABEL,FEEDBACK_NOT_OBSERVED
2401,2402,,UNOBSERVED,UNKNOWN_NO_CUSTOMER_VERBATIM_OR_SENTIMENT_LABEL,FEEDBACK_NOT_OBSERVED
2402,2403,2,LOW_REPORTED,UNKNOWN_NO_CUSTOMER_VERBATIM_OR_SENTIMENT_LABEL,REVIEW_REPORTED_LOW_CSAT
2403,2404,2,LOW_REPORTED,UNKNOWN_NO_CUSTOMER_VERBATIM_OR_SENTIMENT_LABEL,REVIEW_REPORTED_LOW_CSAT
2404,2405,2,LOW_REPORTED,UNKNOWN_NO_CUSTOMER_VERBATIM_OR_SENTIMENT_LABEL,REVIEW_REPORTED_LOW_CSAT
2405,2406,,UNOBSERVED,UNKNOWN_NO_CUSTOMER_VERBATIM_OR_SENTIMENT_LABEL,FEEDBACK_NOT_OBSERVED
2406,2407,,UNOBSERVED,UNKNOWN_NO_CUSTOMER_VERBATIM_OR_SENTIMENT_LABEL,FEEDBACK_NOT_OBSERVED
2407,2408,,UNOBSERVED,UNKNOWN_NO_CUSTOMER_VERBATIM_OR_SENTIMENT_LABEL,FEEDBACK_NOT_OBSERVED
2408,2409,,UNOBSERVED,UNKNOWN_NO_CUSTOMER_VERBATIM_OR_SENTIMENT_LABEL,FEEDBACK_NOT_OBSERVED
2409,2410,,UNOBSERVED,UNKNOWN_NO_CUSTOMER_VERBATIM_OR_SENTIMENT_LABEL,FEEDBACK_NOT_OBSERVED
2410,2411,5,HIGH_REPORTED,UNKNOWN_NO_CUSTOMER_VERBATIM_OR_SENTIMENT_LABEL,KEEP_OBSERVED_SCORE
2411,2412,5,HIGH_REPORTED,UNKNOWN_NO_CUSTOMER_VERBATIM_OR_SENTIMENT_LABEL,KEEP_OBSERVED_SCORE
2412,2413,2,LOW_REPORTED,UNKNOWN_NO_CUSTOMER_VERBATIM_OR_SENTIMENT_LABEL,REVIEW_REPORTED_LOW_CSAT
2413,2414,5,HIGH_REPORTED,UNKNOWN_NO_CUSTOMER_VERBATIM_OR_SENTIMENT_LABEL,KEEP_OBSERVED_SCORE
2414,2415,4,HIGH_REPORTED,UNKNOWN_NO_CUSTOMER_VERBATIM_OR_SENTIMENT_LABEL,KEEP_OBSERVED_SCORE
2415,2416,,UNOBSERVED,UNKNOWN_NO_CUSTOMER_VERBATIM_OR_SENTIMENT_LABEL,FEEDBACK_NOT_OBSERVED
2416,2417,3,MIDDLE_REPORTED,UNKNOWN_NO_CUSTOMER_VERBATIM_OR_SENTIMENT_LABEL,KEEP_OBSERVED_SCORE
2417,2418,3,MIDDLE_REPORTED,UNKNOWN_NO_CUSTOMER_VERBATIM_OR_SENTIMENT_LABEL,KEEP_OBSERVED_SCORE
2418,2419,,UNOBSERVED,UNKNOWN_NO_CUSTOMER_VERBATIM_OR_SENTIMENT_LABEL,FEEDBACK_NOT_OBSERVED
2419,2420,,UNOBSERVED,UNKNOWN_NO_CUSTOMER_VERBATIM_OR_SENTIMENT_LABEL,FEEDBACK_NOT_OBSERVED
2420,2421,,UNOBSERVED,UNKNOWN_NO_CUSTOMER_VERBATIM_OR_SENTIMENT_LABEL,FEEDBACK_NOT_OBSERVED
2421,2422,1,LOW_REPORTED,UNKNOWN_NO_CUSTOMER_VERBATIM_OR_SENTIMENT_LABEL,REVIEW_REPORTED_LOW_CSAT
2422,2423,3,MIDDLE_REPORTED,UNKNOWN_NO_CUSTOMER_VERBATIM_OR_SENTIMENT_LABEL,KEEP_OBSERVED_SCORE
2423,2424,,UNOBSERVED,UNKNOWN_NO_CUSTOMER_VERBATIM_OR_SENTIMENT_LABEL,FEEDBACK_NOT_OBSERVED
2424,2425,,UNOBSERVED,UNKNOWN_NO_CUSTOMER_VERBATIM_OR_SENTIMENT_LABEL,FEEDBACK_NOT_OBSERVED
2425,2426,,UNOBSERVED,UNKNOWN_NO_CUSTOMER_VERBATIM_OR_SENTIMENT_LABEL,FEEDBACK_NOT_OBSERVED
2426,2427,3,MIDDLE_REPORTED,UNKNOWN_NO_CUSTOMER_VERBATIM_OR_SENTIMENT_LABEL,KEEP_OBSERVED_SCORE
2427,2428,,UNOBSERVED,UNKNOWN_NO_CUSTOMER_VERBATIM_OR_SENTIMENT_LABEL,FEEDBACK_NOT_OBSERVED
2428,2429,,UNOBSERVED,UNKNOWN_NO_CUSTOMER_VERBATIM_OR_SENTIMENT_LABEL,FEEDBACK_NOT_OBSERVED
2429,2430,,UNOBSERVED,UNKNOWN_NO_CUSTOMER_VERBATIM_OR_SENTIMENT_LABEL,FEEDBACK_NOT_OBSERVED
2430,2431,,UNOBSERVED,UNKNOWN_NO_CUSTOMER_VERBATIM_OR_SENTIMENT_LABEL,FEEDBACK_NOT_OBSERVED
2431,2432,3,MIDDLE_REPORTED,UNKNOWN_NO_CUSTOMER_VERBATIM_OR_SENTIMENT_LABEL,KEEP_OBSERVED_SCORE
2432,2433,,UNOBSERVED,UNKNOWN_NO_CUSTOMER_VERBATIM_OR_SENTIMENT_LABEL,FEEDBACK_NOT_OBSERVED
2433,2434,,UNOBSERVED,UNKNOWN_NO_CUSTOMER_VERBATIM_OR_SENTIMENT_LABEL,FEEDBACK_NOT_OBSERVED
2434,2435,,UNOBSERVED,UNKNOWN_NO_CUSTOMER_VERBATIM_OR_SENTIMENT_LABEL,FEEDBACK_NOT_OBSERVED
2435,2436,,UNOBSERVED,UNKNOWN_NO_CUSTOMER_VERBATIM_OR_SENTIMENT_LABEL,FEEDBACK_NOT_OBSERVED
2436,2437,,UNOBSERVED,UNKNOWN_NO_CUSTOMER_VERBATIM_OR_SENTIMENT_LABEL,FEEDBACK_NOT_OBSERVED
2437,2438,,UNOBSERVED,UNKNOWN_NO_CUSTOMER_VERBATIM_OR_SENTIMENT_LABEL,FEEDBACK_NOT_OBSERVED
2438,2439,,UNOBSERVED,UNKNOWN_NO_CUSTOMER_VERBATIM_OR_SENTIMENT_LABEL,FEEDBACK_NOT_OBSERVED
2439,2440,5,HIGH_REPORTED,UNKNOWN_NO_CUSTOMER_VERBATIM_OR_SENTIMENT_LABEL,KEEP_OBSERVED_SCORE
2440,2441,,UNOBSERVED,UNKNOWN_NO_CUSTOMER_VERBATIM_OR_SENTIMENT_LABEL,FEEDBACK_NOT_OBSERVED
2441,2442,3,MIDDLE_REPORTED,UNKNOWN_NO_CUSTOMER_VERBATIM_OR_SENTIMENT_LABEL,KEEP_OBSERVED_SCORE
2442,2443,3,MIDDLE_REPORTED,UNKNOWN_NO_CUSTOMER_VERBATIM_OR_SENTIMENT_LABEL,KEEP_OBSERVED_SCORE
2443,2444,,UNOBSERVED,UNKNOWN_NO_CUSTOMER_VERBATIM_OR_SENTIMENT_LABEL,FEEDBACK_NOT_OBSERVED
2444,2445,,UNOBSERVED,UNKNOWN_NO_CUSTOMER_VERBATIM_OR_SENTIMENT_LABEL,FEEDBACK_NOT_OBSERVED
2445,2446,,UNOBSERVED,UNKNOWN_NO_CUSTOMER_VERBATIM_OR_SENTIMENT_LABEL,FEEDBACK_NOT_OBSERVED
2446,2447,,UNOBSERVED,UNKNOWN_NO_CUSTOMER_VERBATIM_OR_SENTIMENT_LABEL,FEEDBACK_NOT_OBSERVED
2447,2448,,UNOBSERVED,UNKNOWN_NO_CUSTOMER_VERBATIM_OR_SENTIMENT_LABEL,FEEDBACK_NOT_OBSERVED
2448,2449,,UNOBSERVED,UNKNOWN_NO_CUSTOMER_VERBATIM_OR_SENTIMENT_LABEL,FEEDBACK_NOT_OBSERVED
2449,2450,,UNOBSERVED,UNKNOWN_NO_CUSTOMER_VERBATIM_OR_SENTIMENT_LABEL,FEEDBACK_NOT_OBSERVED
2450,2451,3,MIDDLE_REPORTED,UNKNOWN_NO_CUSTOMER_VERBATIM_OR_SENTIMENT_LABEL,KEEP_OBSERVED_SCORE
2451,2452,,UNOBSERVED,UNKNOWN_NO_CUSTOMER_VERBATIM_OR_SENTIMENT_LABEL,FEEDBACK_NOT_OBSERVED
2452,2453,3,MIDDLE_REPORTED,UNKNOWN_NO_CUSTOMER_VERBATIM_OR_SENTIMENT_LABEL,KEEP_OBSERVED_SCORE
2453,2454,,UNOBSERVED,UNKNOWN_NO_CUSTOMER_VERBATIM_OR_SENTIMENT_LABEL,FEEDBACK_NOT_OBSERVED
2454,2455,2,LOW_REPORTED,UNKNOWN_NO_CUSTOMER_VERBATIM_OR_SENTIMENT_LABEL,REVIEW_REPORTED_LOW_CSAT
2455,2456,,UNOBSERVED,UNKNOWN_NO_CUSTOMER_VERBATIM_OR_SENTIMENT_LABEL,FEEDBACK_NOT_OBSERVED
2456,2457,4,HIGH_REPORTED,UNKNOWN_NO_CUSTOMER_VERBATIM_OR_SENTIMENT_LABEL,KEEP_OBSERVED_SCORE
2457,2458,,UNOBSERVED,UNKNOWN_NO_CUSTOMER_VERBATIM_OR_SENTIMENT_LABEL,FEEDBACK_NOT_OBSERVED
2458,2459,,UNOBSERVED,UNKNOWN_NO_CUSTOMER_VERBATIM_OR_SENTIMENT_LABEL,FEEDBACK_NOT_OBSERVED
2459,2460,,UNOBSERVED,UNKNOWN_NO_CUSTOMER_VERBATIM_OR_SENTIMENT_LABEL,FEEDBACK_NOT_OBSERVED
2460,2461,,UNOBSERVED,UNKNOWN_NO_CUSTOMER_VERBATIM_OR_SENTIMENT_LABEL,FEEDBACK_NOT_OBSERVED
2461,2462,1,LOW_REPORTED,UNKNOWN_NO_CUSTOMER_VERBATIM_OR_SENTIMENT_LABEL,REVIEW_REPORTED_LOW_CSAT
2462,2463,,UNOBSERVED,UNKNOWN_NO_CUSTOMER_VERBATIM_OR_SENTIMENT_LABEL,FEEDBACK_NOT_OBSERVED
2463,2464,,UNOBSERVED,UNKNOWN_NO_CUSTOMER_VERBATIM_OR_SENTIMENT_LABEL,FEEDBACK_NOT_OBSERVED
2464,2465,,UNOBSERVED,UNKNOWN_NO_CUSTOMER_VERBATIM_OR_SENTIMENT_LABEL,FEEDBACK_NOT_OBSERVED
2465,2466,5,HIGH_REPORTED,UNKNOWN_NO_CUSTOMER_VERBATIM_OR_SENTIMENT_LABEL,KEEP_OBSERVED_SCORE
2466,2467,3,MIDDLE_REPORTED,UNKNOWN_NO_CUSTOMER_VERBATIM_OR_SENTIMENT_LABEL,KEEP_OBSERVED_SCORE
2467,2468,1,LOW_REPORTED,UNKNOWN_NO_CUSTOMER_VERBATIM_OR_SENTIMENT_LABEL,REVIEW_REPORTED_LOW_CSAT
2468,2469,3,MIDDLE_REPORTED,UNKNOWN_NO_CUSTOMER_VERBATIM_OR_SENTIMENT_LABEL,KEEP_OBSERVED_SCORE
2469,2470,,UNOBSERVED,UNKNOWN_NO_CUSTOMER_VERBATIM_OR_SENTIMENT_LABEL,FEEDBACK_NOT_OBSERVED
2470,2471,4,HIGH_REPORTED,UNKNOWN_NO_CUSTOMER_VERBATIM_OR_SENTIMENT_LABEL,KEEP_OBSERVED_SCORE
2471,2472,1,LOW_REPORTED,UNKNOWN_NO_CUSTOMER_VERBATIM_OR_SENTIMENT_LABEL,REVIEW_REPORTED_LOW_CSAT
2472,2473,3,MIDDLE_REPORTED,UNKNOWN_NO_CUSTOMER_VERBATIM_OR_SENTIMENT_LABEL,KEEP_OBSERVED_SCORE
2473,2474,4,HIGH_REPORTED,UNKNOWN_NO_CUSTOMER_VERBATIM_OR_SENTIMENT_LABEL,KEEP_OBSERVED_SCORE
2474,2475,4,HIGH_REPORTED,UNKNOWN_NO_CUSTOMER_VERBATIM_OR_SENTIMENT_LABEL,KEEP_OBSERVED_SCORE
2475,2476,,UNOBSERVED,UNKNOWN_NO_CUSTOMER_VERBATIM_OR_SENTIMENT_LABEL,FEEDBACK_NOT_OBSERVED
2476,2477,,UNOBSERVED,UNKNOWN_NO_CUSTOMER_VERBATIM_OR_SENTIMENT_LABEL,FEEDBACK_NOT_OBSERVED
2477,2478,2,LOW_REPORTED,UNKNOWN_NO_CUSTOMER_VERBATIM_OR_SENTIMENT_LABEL,REVIEW_REPORTED_LOW_CSAT
2478,2479,,UNOBSERVED,UNKNOWN_NO_CUSTOMER_VERBATIM_OR_SENTIMENT_LABEL,FEEDBACK_NOT_OBSERVED
2479,2480,3,MIDDLE_REPORTED,UNKNOWN_NO_CUSTOMER_VERBATIM_OR_SENTIMENT_LABEL,KEEP_OBSERVED_SCORE
2480,2481,,UNOBSERVED,UNKNOWN_NO_CUSTOMER_VERBATIM_OR_SENTIMENT_LABEL,FEEDBACK_NOT_OBSERVED
2481,2482,,UNOBSERVED,UNKNOWN_NO_CUSTOMER_VERBATIM_OR_SENTIMENT_LABEL,FEEDBACK_NOT_OBSERVED
2482,2483,,UNOBSERVED,UNKNOWN_NO_CUSTOMER_VERBATIM_OR_SENTIMENT_LABEL,FEEDBACK_NOT_OBSERVED
2483,2484,,UNOBSERVED,UNKNOWN_NO_CUSTOMER_VERBATIM_OR_SENTIMENT_LABEL,FEEDBACK_NOT_OBSERVED
2484,2485,,UNOBSERVED,UNKNOWN_NO_CUSTOMER_VERBATIM_OR_SENTIMENT_LABEL,FEEDBACK_NOT_OBSERVED
2485,2486,,UNOBSERVED,UNKNOWN_NO_CUSTOMER_VERBATIM_OR_SENTIMENT_LABEL,FEEDBACK_NOT_OBSERVED
2486,2487,2,LOW_REPORTED,UNKNOWN_NO_CUSTOMER_VERBATIM_OR_SENTIMENT_LABEL,REVIEW_REPORTED_LOW_CSAT
2487,2488,,UNOBSERVED,UNKNOWN_NO_CUSTOMER_VERBATIM_OR_SENTIMENT_LABEL,FEEDBACK_NOT_OBSERVED
2488,2489,4,HIGH_REPORTED,UNKNOWN_NO_CUSTOMER_VERBATIM_OR_SENTIMENT_LABEL,KEEP_OBSERVED_SCORE
2489,2490,1,LOW_REPORTED,UNKNOWN_NO_CUSTOMER_VERBATIM_OR_SENTIMENT_LABEL,REVIEW_REPORTED_LOW_CSAT
2490,2491,,UNOBSERVED,UNKNOWN_NO_CUSTOMER_VERBATIM_OR_SENTIMENT_LABEL,FEEDBACK_NOT_OBSERVED
2491,2492,,UNOBSERVED,UNKNOWN_NO_CUSTOMER_VERBATIM_OR_SENTIMENT_LABEL,FEEDBACK_NOT_OBSERVED
2492,2493,1,LOW_REPORTED,UNKNOWN_NO_CUSTOMER_VERBATIM_OR_SENTIMENT_LABEL,REVIEW_REPORTED_LOW_CSAT
2493,2494,2,LOW_REPORTED,UNKNOWN_NO_CUSTOMER_VERBATIM_OR_SENTIMENT_LABEL,REVIEW_REPORTED_LOW_CSAT
2494,2495,,UNOBSERVED,UNKNOWN_NO_CUSTOMER_VERBATIM_OR_SENTIMENT_LABEL,FEEDBACK_NOT_OBSERVED
2495,2496,,UNOBSERVED,UNKNOWN_NO_CUSTOMER_VERBATIM_OR_SENTIMENT_LABEL,FEEDBACK_NOT_OBSERVED
2496,2497,,UNOBSERVED,UNKNOWN_NO_CUSTOMER_VERBATIM_OR_SENTIMENT_LABEL,FEEDBACK_NOT_OBSERVED
2497,2498,,UNOBSERVED,UNKNOWN_NO_CUSTOMER_VERBATIM_OR_SENTIMENT_LABEL,FEEDBACK_NOT_OBSERVED
2498,2499,,UNOBSERVED,UNKNOWN_NO_CUSTOMER_VERBATIM_OR_SENTIMENT_LABEL,FEEDBACK_NOT_OBSERVED
2499,2500,,UNOBSERVED,UNKNOWN_NO_CUSTOMER_VERBATIM_OR_SENTIMENT_LABEL,FEEDBACK_NOT_OBSERVED
2500,2501,,UNOBSERVED,UNKNOWN_NO_CUSTOMER_VERBATIM_OR_SENTIMENT_LABEL,FEEDBACK_NOT_OBSERVED
2501,2502,,UNOBSERVED,UNKNOWN_NO_CUSTOMER_VERBATIM_OR_SENTIMENT_LABEL,FEEDBACK_NOT_OBSERVED
2502,2503,,UNOBSERVED,UNKNOWN_NO_CUSTOMER_VERBATIM_OR_SENTIMENT_LABEL,FEEDBACK_NOT_OBSERVED
2503,2504,,UNOBSERVED,UNKNOWN_NO_CUSTOMER_VERBATIM_OR_SENTIMENT_LABEL,FEEDBACK_NOT_OBSERVED
2504,2505,,UNOBSERVED,UNKNOWN_NO_CUSTOMER_VERBATIM_OR_SENTIMENT_LABEL,FEEDBACK_NOT_OBSERVED
2505,2506,,UNOBSERVED,UNKNOWN_NO_CUSTOMER_VERBATIM_OR_SENTIMENT_LABEL,FEEDBACK_NOT_OBSERVED
2506,2507,,UNOBSERVED,UNKNOWN_NO_CUSTOMER_VERBATIM_OR_SENTIMENT_LABEL,FEEDBACK_NOT_OBSERVED
2507,2508,3,MIDDLE_REPORTED,UNKNOWN_NO_CUSTOMER_VERBATIM_OR_SENTIMENT_LABEL,KEEP_OBSERVED_SCORE
2508,2509,,UNOBSERVED,UNKNOWN_NO_CUSTOMER_VERBATIM_OR_SENTIMENT_LABEL,FEEDBACK_NOT_OBSERVED
2509,2510,,UNOBSERVED,UNKNOWN_NO_CUSTOMER_VERBATIM_OR_SENTIMENT_LABEL,FEEDBACK_NOT_OBSERVED
2510,2511,,UNOBSERVED,UNKNOWN_NO_CUSTOMER_VERBATIM_OR_SENTIMENT_LABEL,FEEDBACK_NOT_OBSERVED
2511,2512,,UNOBSERVED,UNKNOWN_NO_CUSTOMER_VERBATIM_OR_SENTIMENT_LABEL,FEEDBACK_NOT_OBSERVED
2512,2513,,UNOBSERVED,UNKNOWN_NO_CUSTOMER_VERBATIM_OR_SENTIMENT_LABEL,FEEDBACK_NOT_OBSERVED
2513,2514,,UNOBSERVED,UNKNOWN_NO_CUSTOMER_VERBATIM_OR_SENTIMENT_LABEL,FEEDBACK_NOT_OBSERVED
2514,2515,,UNOBSERVED,UNKNOWN_NO_CUSTOMER_VERBATIM_OR_SENTIMENT_LABEL,FEEDBACK_NOT_OBSERVED
2515,2516,,UNOBSERVED,UNKNOWN_NO_CUSTOMER_VERBATIM_OR_SENTIMENT_LABEL,FEEDBACK_NOT_OBSERVED
2516,2517,,UNOBSERVED,UNKNOWN_NO_CUSTOMER_VERBATIM_OR_SENTIMENT_LABEL,FEEDBACK_NOT_OBSERVED
2517,2518,1,LOW_REPORTED,UNKNOWN_NO_CUSTOMER_VERBATIM_OR_SENTIMENT_LABEL,REVIEW_REPORTED_LOW_CSAT
2518,2519,3,MIDDLE_REPORTED,UNKNOWN_NO_CUSTOMER_VERBATIM_OR_SENTIMENT_LABEL,KEEP_OBSERVED_SCORE
2519,2520,,UNOBSERVED,UNKNOWN_NO_CUSTOMER_VERBATIM_OR_SENTIMENT_LABEL,FEEDBACK_NOT_OBSERVED
2520,2521,,UNOBSERVED,UNKNOWN_NO_CUSTOMER_VERBATIM_OR_SENTIMENT_LABEL,FEEDBACK_NOT_OBSERVED
2521,2522,,UNOBSERVED,UNKNOWN_NO_CUSTOMER_VERBATIM_OR_SENTIMENT_LABEL,FEEDBACK_NOT_OBSERVED
2522,2523,,UNOBSERVED,UNKNOWN_NO_CUSTOMER_VERBATIM_OR_SENTIMENT_LABEL,FEEDBACK_NOT_OBSERVED
2523,2524,4,HIGH_REPORTED,UNKNOWN_NO_CUSTOMER_VERBATIM_OR_SENTIMENT_LABEL,KEEP_OBSERVED_SCORE
2524,2525,,UNOBSERVED,UNKNOWN_NO_CUSTOMER_VERBATIM_OR_SENTIMENT_LABEL,FEEDBACK_NOT_OBSERVED
2525,2526,,UNOBSERVED,UNKNOWN_NO_CUSTOMER_VERBATIM_OR_SENTIMENT_LABEL,FEEDBACK_NOT_OBSERVED
2526,2527,,UNOBSERVED,UNKNOWN_NO_CUSTOMER_VERBATIM_OR_SENTIMENT_LABEL,FEEDBACK_NOT_OBSERVED
2527,2528,,UNOBSERVED,UNKNOWN_NO_CUSTOMER_VERBATIM_OR_SENTIMENT_LABEL,FEEDBACK_NOT_OBSERVED
2528,2529,,UNOBSERVED,UNKNOWN_NO_CUSTOMER_VERBATIM_OR_SENTIMENT_LABEL,FEEDBACK_NOT_OBSERVED
2529,2530,,UNOBSERVED,UNKNOWN_NO_CUSTOMER_VERBATIM_OR_SENTIMENT_LABEL,FEEDBACK_NOT_OBSERVED
2530,2531,1,LOW_REPORTED,UNKNOWN_NO_CUSTOMER_VERBATIM_OR_SENTIMENT_LABEL,REVIEW_REPORTED_LOW_CSAT
2531,2532,,UNOBSERVED,UNKNOWN_NO_CUSTOMER_VERBATIM_OR_SENTIMENT_LABEL,FEEDBACK_NOT_OBSERVED
2532,2533,5,HIGH_REPORTED,UNKNOWN_NO_CUSTOMER_VERBATIM_OR_SENTIMENT_LABEL,KEEP_OBSERVED_SCORE
2533,2534,,UNOBSERVED,UNKNOWN_NO_CUSTOMER_VERBATIM_OR_SENTIMENT_LABEL,FEEDBACK_NOT_OBSERVED
2534,2535,1,LOW_REPORTED,UNKNOWN_NO_CUSTOMER_VERBATIM_OR_SENTIMENT_LABEL,REVIEW_REPORTED_LOW_CSAT
2535,2536,,UNOBSERVED,UNKNOWN_NO_CUSTOMER_VERBATIM_OR_SENTIMENT_LABEL,FEEDBACK_NOT_OBSERVED
2536,2537,4,HIGH_REPORTED,UNKNOWN_NO_CUSTOMER_VERBATIM_OR_SENTIMENT_LABEL,KEEP_OBSERVED_SCORE
2537,2538,,UNOBSERVED,UNKNOWN_NO_CUSTOMER_VERBATIM_OR_SENTIMENT_LABEL,FEEDBACK_NOT_OBSERVED
2538,2539,,UNOBSERVED,UNKNOWN_NO_CUSTOMER_VERBATIM_OR_SENTIMENT_LABEL,FEEDBACK_NOT_OBSERVED
2539,2540,,UNOBSERVED,UNKNOWN_NO_CUSTOMER_VERBATIM_OR_SENTIMENT_LABEL,FEEDBACK_NOT_OBSERVED
2540,2541,4,HIGH_REPORTED,UNKNOWN_NO_CUSTOMER_VERBATIM_OR_SENTIMENT_LABEL,KEEP_OBSERVED_SCORE
2541,2542,4,HIGH_REPORTED,UNKNOWN_NO_CUSTOMER_VERBATIM_OR_SENTIMENT_LABEL,KEEP_OBSERVED_SCORE
2542,2543,,UNOBSERVED,UNKNOWN_NO_CUSTOMER_VERBATIM_OR_SENTIMENT_LABEL,FEEDBACK_NOT_OBSERVED
2543,2544,,UNOBSERVED,UNKNOWN_NO_CUSTOMER_VERBATIM_OR_SENTIMENT_LABEL,FEEDBACK_NOT_OBSERVED
2544,2545,,UNOBSERVED,UNKNOWN_NO_CUSTOMER_VERBATIM_OR_SENTIMENT_LABEL,FEEDBACK_NOT_OBSERVED
2545,2546,2,LOW_REPORTED,UNKNOWN_NO_CUSTOMER_VERBATIM_OR_SENTIMENT_LABEL,REVIEW_REPORTED_LOW_CSAT
2546,2547,,UNOBSERVED,UNKNOWN_NO_CUSTOMER_VERBATIM_OR_SENTIMENT_LABEL,FEEDBACK_NOT_OBSERVED
2547,2548,,UNOBSERVED,UNKNOWN_NO_CUSTOMER_VERBATIM_OR_SENTIMENT_LABEL,FEEDBACK_NOT_OBSERVED
2548,2549,3,MIDDLE_REPORTED,UNKNOWN_NO_CUSTOMER_VERBATIM_OR_SENTIMENT_LABEL,KEEP_OBSERVED_SCORE
2549,2550,5,HIGH_REPORTED,UNKNOWN_NO_CUSTOMER_VERBATIM_OR_SENTIMENT_LABEL,KEEP_OBSERVED_SCORE
2550,2551,,UNOBSERVED,UNKNOWN_NO_CUSTOMER_VERBATIM_OR_SENTIMENT_LABEL,FEEDBACK_NOT_OBSERVED
2551,2552,,UNOBSERVED,UNKNOWN_NO_CUSTOMER_VERBATIM_OR_SENTIMENT_LABEL,FEEDBACK_NOT_OBSERVED
2552,2553,,UNOBSERVED,UNKNOWN_NO_CUSTOMER_VERBATIM_OR_SENTIMENT_LABEL,FEEDBACK_NOT_OBSERVED
2553,2554,,UNOBSERVED,UNKNOWN_NO_CUSTOMER_VERBATIM_OR_SENTIMENT_LABEL,FEEDBACK_NOT_OBSERVED
2554,2555,,UNOBSERVED,UNKNOWN_NO_CUSTOMER_VERBATIM_OR_SENTIMENT_LABEL,FEEDBACK_NOT_OBSERVED
2555,2556,5,HIGH_REPORTED,UNKNOWN_NO_CUSTOMER_VERBATIM_OR_SENTIMENT_LABEL,KEEP_OBSERVED_SCORE
2556,2557,5,HIGH_REPORTED,UNKNOWN_NO_CUSTOMER_VERBATIM_OR_SENTIMENT_LABEL,KEEP_OBSERVED_SCORE
2557,2558,3,MIDDLE_REPORTED,UNKNOWN_NO_CUSTOMER_VERBATIM_OR_SENTIMENT_LABEL,KEEP_OBSERVED_SCORE
2558,2559,,UNOBSERVED,UNKNOWN_NO_CUSTOMER_VERBATIM_OR_SENTIMENT_LABEL,FEEDBACK_NOT_OBSERVED
2559,2560,,UNOBSERVED,UNKNOWN_NO_CUSTOMER_VERBATIM_OR_SENTIMENT_LABEL,FEEDBACK_NOT_OBSERVED
2560,2561,,UNOBSERVED,UNKNOWN_NO_CUSTOMER_VERBATIM_OR_SENTIMENT_LABEL,FEEDBACK_NOT_OBSERVED
2561,2562,,UNOBSERVED,UNKNOWN_NO_CUSTOMER_VERBATIM_OR_SENTIMENT_LABEL,FEEDBACK_NOT_OBSERVED
2562,2563,,UNOBSERVED,UNKNOWN_NO_CUSTOMER_VERBATIM_OR_SENTIMENT_LABEL,FEEDBACK_NOT_OBSERVED
2563,2564,,UNOBSERVED,UNKNOWN_NO_CUSTOMER_VERBATIM_OR_SENTIMENT_LABEL,FEEDBACK_NOT_OBSERVED
2564,2565,,UNOBSERVED,UNKNOWN_NO_CUSTOMER_VERBATIM_OR_SENTIMENT_LABEL,FEEDBACK_NOT_OBSERVED
2565,2566,,UNOBSERVED,UNKNOWN_NO_CUSTOMER_VERBATIM_OR_SENTIMENT_LABEL,FEEDBACK_NOT_OBSERVED
2566,2567,,UNOBSERVED,UNKNOWN_NO_CUSTOMER_VERBATIM_OR_SENTIMENT_LABEL,FEEDBACK_NOT_OBSERVED
2567,2568,,UNOBSERVED,UNKNOWN_NO_CUSTOMER_VERBATIM_OR_SENTIMENT_LABEL,FEEDBACK_NOT_OBSERVED
2568,2569,1,LOW_REPORTED,UNKNOWN_NO_CUSTOMER_VERBATIM_OR_SENTIMENT_LABEL,REVIEW_REPORTED_LOW_CSAT
2569,2570,,UNOBSERVED,UNKNOWN_NO_CUSTOMER_VERBATIM_OR_SENTIMENT_LABEL,FEEDBACK_NOT_OBSERVED
2570,2571,,UNOBSERVED,UNKNOWN_NO_CUSTOMER_VERBATIM_OR_SENTIMENT_LABEL,FEEDBACK_NOT_OBSERVED
2571,2572,,UNOBSERVED,UNKNOWN_NO_CUSTOMER_VERBATIM_OR_SENTIMENT_LABEL,FEEDBACK_NOT_OBSERVED
2572,2573,,UNOBSERVED,UNKNOWN_NO_CUSTOMER_VERBATIM_OR_SENTIMENT_LABEL,FEEDBACK_NOT_OBSERVED
2573,2574,,UNOBSERVED,UNKNOWN_NO_CUSTOMER_VERBATIM_OR_SENTIMENT_LABEL,FEEDBACK_NOT_OBSERVED
2574,2575,1,LOW_REPORTED,UNKNOWN_NO_CUSTOMER_VERBATIM_OR_SENTIMENT_LABEL,REVIEW_REPORTED_LOW_CSAT
2575,2576,,UNOBSERVED,UNKNOWN_NO_CUSTOMER_VERBATIM_OR_SENTIMENT_LABEL,FEEDBACK_NOT_OBSERVED
2576,2577,4,HIGH_REPORTED,UNKNOWN_NO_CUSTOMER_VERBATIM_OR_SENTIMENT_LABEL,KEEP_OBSERVED_SCORE
2577,2578,,UNOBSERVED,UNKNOWN_NO_CUSTOMER_VERBATIM_OR_SENTIMENT_LABEL,FEEDBACK_NOT_OBSERVED
2578,2579,,UNOBSERVED,UNKNOWN_NO_CUSTOMER_VERBATIM_OR_SENTIMENT_LABEL,FEEDBACK_NOT_OBSERVED
2579,2580,,UNOBSERVED,UNKNOWN_NO_CUSTOMER_VERBATIM_OR_SENTIMENT_LABEL,FEEDBACK_NOT_OBSERVED
2580,2581,3,MIDDLE_REPORTED,UNKNOWN_NO_CUSTOMER_VERBATIM_OR_SENTIMENT_LABEL,KEEP_OBSERVED_SCORE
2581,2582,,UNOBSERVED,UNKNOWN_NO_CUSTOMER_VERBATIM_OR_SENTIMENT_LABEL,FEEDBACK_NOT_OBSERVED
2582,2583,,UNOBSERVED,UNKNOWN_NO_CUSTOMER_VERBATIM_OR_SENTIMENT_LABEL,FEEDBACK_NOT_OBSERVED
2583,2584,,UNOBSERVED,UNKNOWN_NO_CUSTOMER_VERBATIM_OR_SENTIMENT_LABEL,FEEDBACK_NOT_OBSERVED
2584,2585,,UNOBSERVED,UNKNOWN_NO_CUSTOMER_VERBATIM_OR_SENTIMENT_LABEL,FEEDBACK_NOT_OBSERVED
2585,2586,,UNOBSERVED,UNKNOWN_NO_CUSTOMER_VERBATIM_OR_SENTIMENT_LABEL,FEEDBACK_NOT_OBSERVED
2586,2587,,UNOBSERVED,UNKNOWN_NO_CUSTOMER_VERBATIM_OR_SENTIMENT_LABEL,FEEDBACK_NOT_OBSERVED
2587,2588,5,HIGH_REPORTED,UNKNOWN_NO_CUSTOMER_VERBATIM_OR_SENTIMENT_LABEL,KEEP_OBSERVED_SCORE
2588,2589,5,HIGH_REPORTED,UNKNOWN_NO_CUSTOMER_VERBATIM_OR_SENTIMENT_LABEL,KEEP_OBSERVED_SCORE
2589,2590,2,LOW_REPORTED,UNKNOWN_NO_CUSTOMER_VERBATIM_OR_SENTIMENT_LABEL,REVIEW_REPORTED_LOW_CSAT
2590,2591,4,HIGH_REPORTED,UNKNOWN_NO_CUSTOMER_VERBATIM_OR_SENTIMENT_LABEL,KEEP_OBSERVED_SCORE
2591,2592,3,MIDDLE_REPORTED,UNKNOWN_NO_CUSTOMER_VERBATIM_OR_SENTIMENT_LABEL,KEEP_OBSERVED_SCORE
2592,2593,,UNOBSERVED,UNKNOWN_NO_CUSTOMER_VERBATIM_OR_SENTIMENT_LABEL,FEEDBACK_NOT_OBSERVED
2593,2594,,UNOBSERVED,UNKNOWN_NO_CUSTOMER_VERBATIM_OR_SENTIMENT_LABEL,FEEDBACK_NOT_OBSERVED
2594,2595,,UNOBSERVED,UNKNOWN_NO_CUSTOMER_VERBATIM_OR_SENTIMENT_LABEL,FEEDBACK_NOT_OBSERVED
2595,2596,,UNOBSERVED,UNKNOWN_NO_CUSTOMER_VERBATIM_OR_SENTIMENT_LABEL,FEEDBACK_NOT_OBSERVED
2596,2597,,UNOBSERVED,UNKNOWN_NO_CUSTOMER_VERBATIM_OR_SENTIMENT_LABEL,FEEDBACK_NOT_OBSERVED
2597,2598,1,LOW_REPORTED,UNKNOWN_NO_CUSTOMER_VERBATIM_OR_SENTIMENT_LABEL,REVIEW_REPORTED_LOW_CSAT
2598,2599,,UNOBSERVED,UNKNOWN_NO_CUSTOMER_VERBATIM_OR_SENTIMENT_LABEL,FEEDBACK_NOT_OBSERVED
2599,2600,,UNOBSERVED,UNKNOWN_NO_CUSTOMER_VERBATIM_OR_SENTIMENT_LABEL,FEEDBACK_NOT_OBSERVED
2600,2601,,UNOBSERVED,UNKNOWN_NO_CUSTOMER_VERBATIM_OR_SENTIMENT_LABEL,FEEDBACK_NOT_OBSERVED
2601,2602,,UNOBSERVED,UNKNOWN_NO_CUSTOMER_VERBATIM_OR_SENTIMENT_LABEL,FEEDBACK_NOT_OBSERVED
2602,2603,,UNOBSERVED,UNKNOWN_NO_CUSTOMER_VERBATIM_OR_SENTIMENT_LABEL,FEEDBACK_NOT_OBSERVED
2603,2604,,UNOBSERVED,UNKNOWN_NO_CUSTOMER_VERBATIM_OR_SENTIMENT_LABEL,FEEDBACK_NOT_OBSERVED
2604,2605,,UNOBSERVED,UNKNOWN_NO_CUSTOMER_VERBATIM_OR_SENTIMENT_LABEL,FEEDBACK_NOT_OBSERVED
2605,2606,,UNOBSERVED,UNKNOWN_NO_CUSTOMER_VERBATIM_OR_SENTIMENT_LABEL,FEEDBACK_NOT_OBSERVED
2606,2607,,UNOBSERVED,UNKNOWN_NO_CUSTOMER_VERBATIM_OR_SENTIMENT_LABEL,FEEDBACK_NOT_OBSERVED
2607,2608,,UNOBSERVED,UNKNOWN_NO_CUSTOMER_VERBATIM_OR_SENTIMENT_LABEL,FEEDBACK_NOT_OBSERVED
2608,2609,3,MIDDLE_REPORTED,UNKNOWN_NO_CUSTOMER_VERBATIM_OR_SENTIMENT_LABEL,KEEP_OBSERVED_SCORE
2609,2610,,UNOBSERVED,UNKNOWN_NO_CUSTOMER_VERBATIM_OR_SENTIMENT_LABEL,FEEDBACK_NOT_OBSERVED
2610,2611,4,HIGH_REPORTED,UNKNOWN_NO_CUSTOMER_VERBATIM_OR_SENTIMENT_LABEL,KEEP_OBSERVED_SCORE
2611,2612,,UNOBSERVED,UNKNOWN_NO_CUSTOMER_VERBATIM_OR_SENTIMENT_LABEL,FEEDBACK_NOT_OBSERVED
2612,2613,1,LOW_REPORTED,UNKNOWN_NO_CUSTOMER_VERBATIM_OR_SENTIMENT_LABEL,REVIEW_REPORTED_LOW_CSAT
2613,2614,2,LOW_REPORTED,UNKNOWN_NO_CUSTOMER_VERBATIM_OR_SENTIMENT_LABEL,REVIEW_REPORTED_LOW_CSAT
2614,2615,,UNOBSERVED,UNKNOWN_NO_CUSTOMER_VERBATIM_OR_SENTIMENT_LABEL,FEEDBACK_NOT_OBSERVED
2615,2616,,UNOBSERVED,UNKNOWN_NO_CUSTOMER_VERBATIM_OR_SENTIMENT_LABEL,FEEDBACK_NOT_OBSERVED
2616,2617,,UNOBSERVED,UNKNOWN_NO_CUSTOMER_VERBATIM_OR_SENTIMENT_LABEL,FEEDBACK_NOT_OBSERVED
2617,2618,,UNOBSERVED,UNKNOWN_NO_CUSTOMER_VERBATIM_OR_SENTIMENT_LABEL,FEEDBACK_NOT_OBSERVED
2618,2619,,UNOBSERVED,UNKNOWN_NO_CUSTOMER_VERBATIM_OR_SENTIMENT_LABEL,FEEDBACK_NOT_OBSERVED
2619,2620,3,MIDDLE_REPORTED,UNKNOWN_NO_CUSTOMER_VERBATIM_OR_SENTIMENT_LABEL,KEEP_OBSERVED_SCORE
2620,2621,,UNOBSERVED,UNKNOWN_NO_CUSTOMER_VERBATIM_OR_SENTIMENT_LABEL,FEEDBACK_NOT_OBSERVED
2621,2622,,UNOBSERVED,UNKNOWN_NO_CUSTOMER_VERBATIM_OR_SENTIMENT_LABEL,FEEDBACK_NOT_OBSERVED
2622,2623,5,HIGH_REPORTED,UNKNOWN_NO_CUSTOMER_VERBATIM_OR_SENTIMENT_LABEL,KEEP_OBSERVED_SCORE
2623,2624,,UNOBSERVED,UNKNOWN_NO_CUSTOMER_VERBATIM_OR_SENTIMENT_LABEL,FEEDBACK_NOT_OBSERVED
2624,2625,,UNOBSERVED,UNKNOWN_NO_CUSTOMER_VERBATIM_OR_SENTIMENT_LABEL,FEEDBACK_NOT_OBSERVED
2625,2626,,UNOBSERVED,UNKNOWN_NO_CUSTOMER_VERBATIM_OR_SENTIMENT_LABEL,FEEDBACK_NOT_OBSERVED
2626,2627,,UNOBSERVED,UNKNOWN_NO_CUSTOMER_VERBATIM_OR_SENTIMENT_LABEL,FEEDBACK_NOT_OBSERVED
2627,2628,,UNOBSERVED,UNKNOWN_NO_CUSTOMER_VERBATIM_OR_SENTIMENT_LABEL,FEEDBACK_NOT_OBSERVED
2628,2629,,UNOBSERVED,UNKNOWN_NO_CUSTOMER_VERBATIM_OR_SENTIMENT_LABEL,FEEDBACK_NOT_OBSERVED
2629,2630,2,LOW_REPORTED,UNKNOWN_NO_CUSTOMER_VERBATIM_OR_SENTIMENT_LABEL,REVIEW_REPORTED_LOW_CSAT
2630,2631,5,HIGH_REPORTED,UNKNOWN_NO_CUSTOMER_VERBATIM_OR_SENTIMENT_LABEL,KEEP_OBSERVED_SCORE
2631,2632,3,MIDDLE_REPORTED,UNKNOWN_NO_CUSTOMER_VERBATIM_OR_SENTIMENT_LABEL,KEEP_OBSERVED_SCORE
2632,2633,,UNOBSERVED,UNKNOWN_NO_CUSTOMER_VERBATIM_OR_SENTIMENT_LABEL,FEEDBACK_NOT_OBSERVED
2633,2634,,UNOBSERVED,UNKNOWN_NO_CUSTOMER_VERBATIM_OR_SENTIMENT_LABEL,FEEDBACK_NOT_OBSERVED
2634,2635,,UNOBSERVED,UNKNOWN_NO_CUSTOMER_VERBATIM_OR_SENTIMENT_LABEL,FEEDBACK_NOT_OBSERVED
2635,2636,,UNOBSERVED,UNKNOWN_NO_CUSTOMER_VERBATIM_OR_SENTIMENT_LABEL,FEEDBACK_NOT_OBSERVED
2636,2637,,UNOBSERVED,UNKNOWN_NO_CUSTOMER_VERBATIM_OR_SENTIMENT_LABEL,FEEDBACK_NOT_OBSERVED
2637,2638,3,MIDDLE_REPORTED,UNKNOWN_NO_CUSTOMER_VERBATIM_OR_SENTIMENT_LABEL,KEEP_OBSERVED_SCORE
2638,2639,2,LOW_REPORTED,UNKNOWN_NO_CUSTOMER_VERBATIM_OR_SENTIMENT_LABEL,REVIEW_REPORTED_LOW_CSAT
2639,2640,1,LOW_REPORTED,UNKNOWN_NO_CUSTOMER_VERBATIM_OR_SENTIMENT_LABEL,REVIEW_REPORTED_LOW_CSAT
2640,2641,,UNOBSERVED,UNKNOWN_NO_CUSTOMER_VERBATIM_OR_SENTIMENT_LABEL,FEEDBACK_NOT_OBSERVED
2641,2642,,UNOBSERVED,UNKNOWN_NO_CUSTOMER_VERBATIM_OR_SENTIMENT_LABEL,FEEDBACK_NOT_OBSERVED
2642,2643,,UNOBSERVED,UNKNOWN_NO_CUSTOMER_VERBATIM_OR_SENTIMENT_LABEL,FEEDBACK_NOT_OBSERVED
2643,2644,,UNOBSERVED,UNKNOWN_NO_CUSTOMER_VERBATIM_OR_SENTIMENT_LABEL,FEEDBACK_NOT_OBSERVED
2644,2645,3,MIDDLE_REPORTED,UNKNOWN_NO_CUSTOMER_VERBATIM_OR_SENTIMENT_LABEL,KEEP_OBSERVED_SCORE
2645,2646,1,LOW_REPORTED,UNKNOWN_NO_CUSTOMER_VERBATIM_OR_SENTIMENT_LABEL,REVIEW_REPORTED_LOW_CSAT
2646,2647,3,MIDDLE_REPORTED,UNKNOWN_NO_CUSTOMER_VERBATIM_OR_SENTIMENT_LABEL,KEEP_OBSERVED_SCORE
2647,2648,,UNOBSERVED,UNKNOWN_NO_CUSTOMER_VERBATIM_OR_SENTIMENT_LABEL,FEEDBACK_NOT_OBSERVED
2648,2649,,UNOBSERVED,UNKNOWN_NO_CUSTOMER_VERBATIM_OR_SENTIMENT_LABEL,FEEDBACK_NOT_OBSERVED
2649,2650,4,HIGH_REPORTED,UNKNOWN_NO_CUSTOMER_VERBATIM_OR_SENTIMENT_LABEL,KEEP_OBSERVED_SCORE
2650,2651,3,MIDDLE_REPORTED,UNKNOWN_NO_CUSTOMER_VERBATIM_OR_SENTIMENT_LABEL,KEEP_OBSERVED_SCORE
2651,2652,1,LOW_REPORTED,UNKNOWN_NO_CUSTOMER_VERBATIM_OR_SENTIMENT_LABEL,REVIEW_REPORTED_LOW_CSAT
2652,2653,3,MIDDLE_REPORTED,UNKNOWN_NO_CUSTOMER_VERBATIM_OR_SENTIMENT_LABEL,KEEP_OBSERVED_SCORE
2653,2654,,UNOBSERVED,UNKNOWN_NO_CUSTOMER_VERBATIM_OR_SENTIMENT_LABEL,FEEDBACK_NOT_OBSERVED
2654,2655,,UNOBSERVED,UNKNOWN_NO_CUSTOMER_VERBATIM_OR_SENTIMENT_LABEL,FEEDBACK_NOT_OBSERVED
2655,2656,,UNOBSERVED,UNKNOWN_NO_CUSTOMER_VERBATIM_OR_SENTIMENT_LABEL,FEEDBACK_NOT_OBSERVED
2656,2657,,UNOBSERVED,UNKNOWN_NO_CUSTOMER_VERBATIM_OR_SENTIMENT_LABEL,FEEDBACK_NOT_OBSERVED
2657,2658,5,HIGH_REPORTED,UNKNOWN_NO_CUSTOMER_VERBATIM_OR_SENTIMENT_LABEL,KEEP_OBSERVED_SCORE
2658,2659,,UNOBSERVED,UNKNOWN_NO_CUSTOMER_VERBATIM_OR_SENTIMENT_LABEL,FEEDBACK_NOT_OBSERVED
2659,2660,,UNOBSERVED,UNKNOWN_NO_CUSTOMER_VERBATIM_OR_SENTIMENT_LABEL,FEEDBACK_NOT_OBSERVED
2660,2661,,UNOBSERVED,UNKNOWN_NO_CUSTOMER_VERBATIM_OR_SENTIMENT_LABEL,FEEDBACK_NOT_OBSERVED
2661,2662,4,HIGH_REPORTED,UNKNOWN_NO_CUSTOMER_VERBATIM_OR_SENTIMENT_LABEL,KEEP_OBSERVED_SCORE
2662,2663,3,MIDDLE_REPORTED,UNKNOWN_NO_CUSTOMER_VERBATIM_OR_SENTIMENT_LABEL,KEEP_OBSERVED_SCORE
2663,2664,,UNOBSERVED,UNKNOWN_NO_CUSTOMER_VERBATIM_OR_SENTIMENT_LABEL,FEEDBACK_NOT_OBSERVED
2664,2665,,UNOBSERVED,UNKNOWN_NO_CUSTOMER_VERBATIM_OR_SENTIMENT_LABEL,FEEDBACK_NOT_OBSERVED
2665,2666,,UNOBSERVED,UNKNOWN_NO_CUSTOMER_VERBATIM_OR_SENTIMENT_LABEL,FEEDBACK_NOT_OBSERVED
2666,2667,,UNOBSERVED,UNKNOWN_NO_CUSTOMER_VERBATIM_OR_SENTIMENT_LABEL,FEEDBACK_NOT_OBSERVED
2667,2668,,UNOBSERVED,UNKNOWN_NO_CUSTOMER_VERBATIM_OR_SENTIMENT_LABEL,FEEDBACK_NOT_OBSERVED
2668,2669,,UNOBSERVED,UNKNOWN_NO_CUSTOMER_VERBATIM_OR_SENTIMENT_LABEL,FEEDBACK_NOT_OBSERVED
2669,2670,,UNOBSERVED,UNKNOWN_NO_CUSTOMER_VERBATIM_OR_SENTIMENT_LABEL,FEEDBACK_NOT_OBSERVED
2670,2671,,UNOBSERVED,UNKNOWN_NO_CUSTOMER_VERBATIM_OR_SENTIMENT_LABEL,FEEDBACK_NOT_OBSERVED
2671,2672,2,LOW_REPORTED,UNKNOWN_NO_CUSTOMER_VERBATIM_OR_SENTIMENT_LABEL,REVIEW_REPORTED_LOW_CSAT
2672,2673,,UNOBSERVED,UNKNOWN_NO_CUSTOMER_VERBATIM_OR_SENTIMENT_LABEL,FEEDBACK_NOT_OBSERVED
2673,2674,,UNOBSERVED,UNKNOWN_NO_CUSTOMER_VERBATIM_OR_SENTIMENT_LABEL,FEEDBACK_NOT_OBSERVED
2674,2675,1,LOW_REPORTED,UNKNOWN_NO_CUSTOMER_VERBATIM_OR_SENTIMENT_LABEL,REVIEW_REPORTED_LOW_CSAT
2675,2676,,UNOBSERVED,UNKNOWN_NO_CUSTOMER_VERBATIM_OR_SENTIMENT_LABEL,FEEDBACK_NOT_OBSERVED
2676,2677,,UNOBSERVED,UNKNOWN_NO_CUSTOMER_VERBATIM_OR_SENTIMENT_LABEL,FEEDBACK_NOT_OBSERVED
2677,2678,,UNOBSERVED,UNKNOWN_NO_CUSTOMER_VERBATIM_OR_SENTIMENT_LABEL,FEEDBACK_NOT_OBSERVED
2678,2679,,UNOBSERVED,UNKNOWN_NO_CUSTOMER_VERBATIM_OR_SENTIMENT_LABEL,FEEDBACK_NOT_OBSERVED
2679,2680,3,MIDDLE_REPORTED,UNKNOWN_NO_CUSTOMER_VERBATIM_OR_SENTIMENT_LABEL,KEEP_OBSERVED_SCORE
2680,2681,3,MIDDLE_REPORTED,UNKNOWN_NO_CUSTOMER_VERBATIM_OR_SENTIMENT_LABEL,KEEP_OBSERVED_SCORE
2681,2682,,UNOBSERVED,UNKNOWN_NO_CUSTOMER_VERBATIM_OR_SENTIMENT_LABEL,FEEDBACK_NOT_OBSERVED
2682,2683,,UNOBSERVED,UNKNOWN_NO_CUSTOMER_VERBATIM_OR_SENTIMENT_LABEL,FEEDBACK_NOT_OBSERVED
2683,2684,2,LOW_REPORTED,UNKNOWN_NO_CUSTOMER_VERBATIM_OR_SENTIMENT_LABEL,REVIEW_REPORTED_LOW_CSAT
2684,2685,4,HIGH_REPORTED,UNKNOWN_NO_CUSTOMER_VERBATIM_OR_SENTIMENT_LABEL,KEEP_OBSERVED_SCORE
2685,2686,,UNOBSERVED,UNKNOWN_NO_CUSTOMER_VERBATIM_OR_SENTIMENT_LABEL,FEEDBACK_NOT_OBSERVED
2686,2687,,UNOBSERVED,UNKNOWN_NO_CUSTOMER_VERBATIM_OR_SENTIMENT_LABEL,FEEDBACK_NOT_OBSERVED
2687,2688,2,LOW_REPORTED,UNKNOWN_NO_CUSTOMER_VERBATIM_OR_SENTIMENT_LABEL,REVIEW_REPORTED_LOW_CSAT
2688,2689,,UNOBSERVED,UNKNOWN_NO_CUSTOMER_VERBATIM_OR_SENTIMENT_LABEL,FEEDBACK_NOT_OBSERVED
2689,2690,,UNOBSERVED,UNKNOWN_NO_CUSTOMER_VERBATIM_OR_SENTIMENT_LABEL,FEEDBACK_NOT_OBSERVED
2690,2691,,UNOBSERVED,UNKNOWN_NO_CUSTOMER_VERBATIM_OR_SENTIMENT_LABEL,FEEDBACK_NOT_OBSERVED
2691,2692,,UNOBSERVED,UNKNOWN_NO_CUSTOMER_VERBATIM_OR_SENTIMENT_LABEL,FEEDBACK_NOT_OBSERVED
2692,2693,,UNOBSERVED,UNKNOWN_NO_CUSTOMER_VERBATIM_OR_SENTIMENT_LABEL,FEEDBACK_NOT_OBSERVED
2693,2694,,UNOBSERVED,UNKNOWN_NO_CUSTOMER_VERBATIM_OR_SENTIMENT_LABEL,FEEDBACK_NOT_OBSERVED
2694,2695,,UNOBSERVED,UNKNOWN_NO_CUSTOMER_VERBATIM_OR_SENTIMENT_LABEL,FEEDBACK_NOT_OBSERVED
2695,2696,,UNOBSERVED,UNKNOWN_NO_CUSTOMER_VERBATIM_OR_SENTIMENT_LABEL,FEEDBACK_NOT_OBSERVED
2696,2697,2,LOW_REPORTED,UNKNOWN_NO_CUSTOMER_VERBATIM_OR_SENTIMENT_LABEL,REVIEW_REPORTED_LOW_CSAT
2697,2698,,UNOBSERVED,UNKNOWN_NO_CUSTOMER_VERBATIM_OR_SENTIMENT_LABEL,FEEDBACK_NOT_OBSERVED
2698,2699,,UNOBSERVED,UNKNOWN_NO_CUSTOMER_VERBATIM_OR_SENTIMENT_LABEL,FEEDBACK_NOT_OBSERVED
2699,2700,2,LOW_REPORTED,UNKNOWN_NO_CUSTOMER_VERBATIM_OR_SENTIMENT_LABEL,REVIEW_REPORTED_LOW_CSAT
2700,2701,,UNOBSERVED,UNKNOWN_NO_CUSTOMER_VERBATIM_OR_SENTIMENT_LABEL,FEEDBACK_NOT_OBSERVED
2701,2702,1,LOW_REPORTED,UNKNOWN_NO_CUSTOMER_VERBATIM_OR_SENTIMENT_LABEL,REVIEW_REPORTED_LOW_CSAT
2702,2703,3,MIDDLE_REPORTED,UNKNOWN_NO_CUSTOMER_VERBATIM_OR_SENTIMENT_LABEL,KEEP_OBSERVED_SCORE
2703,2704,5,HIGH_REPORTED,UNKNOWN_NO_CUSTOMER_VERBATIM_OR_SENTIMENT_LABEL,KEEP_OBSERVED_SCORE
2704,2705,,UNOBSERVED,UNKNOWN_NO_CUSTOMER_VERBATIM_OR_SENTIMENT_LABEL,FEEDBACK_NOT_OBSERVED
2705,2706,4,HIGH_REPORTED,UNKNOWN_NO_CUSTOMER_VERBATIM_OR_SENTIMENT_LABEL,KEEP_OBSERVED_SCORE
2706,2707,,UNOBSERVED,UNKNOWN_NO_CUSTOMER_VERBATIM_OR_SENTIMENT_LABEL,FEEDBACK_NOT_OBSERVED
2707,2708,,UNOBSERVED,UNKNOWN_NO_CUSTOMER_VERBATIM_OR_SENTIMENT_LABEL,FEEDBACK_NOT_OBSERVED
2708,2709,,UNOBSERVED,UNKNOWN_NO_CUSTOMER_VERBATIM_OR_SENTIMENT_LABEL,FEEDBACK_NOT_OBSERVED
2709,2710,,UNOBSERVED,UNKNOWN_NO_CUSTOMER_VERBATIM_OR_SENTIMENT_LABEL,FEEDBACK_NOT_OBSERVED
2710,2711,,UNOBSERVED,UNKNOWN_NO_CUSTOMER_VERBATIM_OR_SENTIMENT_LABEL,FEEDBACK_NOT_OBSERVED
2711,2712,,UNOBSERVED,UNKNOWN_NO_CUSTOMER_VERBATIM_OR_SENTIMENT_LABEL,FEEDBACK_NOT_OBSERVED
2712,2713,3,MIDDLE_REPORTED,UNKNOWN_NO_CUSTOMER_VERBATIM_OR_SENTIMENT_LABEL,KEEP_OBSERVED_SCORE
2713,2714,,UNOBSERVED,UNKNOWN_NO_CUSTOMER_VERBATIM_OR_SENTIMENT_LABEL,FEEDBACK_NOT_OBSERVED
2714,2715,,UNOBSERVED,UNKNOWN_NO_CUSTOMER_VERBATIM_OR_SENTIMENT_LABEL,FEEDBACK_NOT_OBSERVED
2715,2716,,UNOBSERVED,UNKNOWN_NO_CUSTOMER_VERBATIM_OR_SENTIMENT_LABEL,FEEDBACK_NOT_OBSERVED
2716,2717,3,MIDDLE_REPORTED,UNKNOWN_NO_CUSTOMER_VERBATIM_OR_SENTIMENT_LABEL,KEEP_OBSERVED_SCORE
2717,2718,,UNOBSERVED,UNKNOWN_NO_CUSTOMER_VERBATIM_OR_SENTIMENT_LABEL,FEEDBACK_NOT_OBSERVED
2718,2719,5,HIGH_REPORTED,UNKNOWN_NO_CUSTOMER_VERBATIM_OR_SENTIMENT_LABEL,KEEP_OBSERVED_SCORE
2719,2720,,UNOBSERVED,UNKNOWN_NO_CUSTOMER_VERBATIM_OR_SENTIMENT_LABEL,FEEDBACK_NOT_OBSERVED
2720,2721,,UNOBSERVED,UNKNOWN_NO_CUSTOMER_VERBATIM_OR_SENTIMENT_LABEL,FEEDBACK_NOT_OBSERVED
2721,2722,,UNOBSERVED,UNKNOWN_NO_CUSTOMER_VERBATIM_OR_SENTIMENT_LABEL,FEEDBACK_NOT_OBSERVED
2722,2723,,UNOBSERVED,UNKNOWN_NO_CUSTOMER_VERBATIM_OR_SENTIMENT_LABEL,FEEDBACK_NOT_OBSERVED
2723,2724,,UNOBSERVED,UNKNOWN_NO_CUSTOMER_VERBATIM_OR_SENTIMENT_LABEL,FEEDBACK_NOT_OBSERVED
2724,2725,,UNOBSERVED,UNKNOWN_NO_CUSTOMER_VERBATIM_OR_SENTIMENT_LABEL,FEEDBACK_NOT_OBSERVED
2725,2726,,UNOBSERVED,UNKNOWN_NO_CUSTOMER_VERBATIM_OR_SENTIMENT_LABEL,FEEDBACK_NOT_OBSERVED
2726,2727,,UNOBSERVED,UNKNOWN_NO_CUSTOMER_VERBATIM_OR_SENTIMENT_LABEL,FEEDBACK_NOT_OBSERVED
2727,2728,4,HIGH_REPORTED,UNKNOWN_NO_CUSTOMER_VERBATIM_OR_SENTIMENT_LABEL,KEEP_OBSERVED_SCORE
2728,2729,,UNOBSERVED,UNKNOWN_NO_CUSTOMER_VERBATIM_OR_SENTIMENT_LABEL,FEEDBACK_NOT_OBSERVED
2729,2730,3,MIDDLE_REPORTED,UNKNOWN_NO_CUSTOMER_VERBATIM_OR_SENTIMENT_LABEL,KEEP_OBSERVED_SCORE
2730,2731,3,MIDDLE_REPORTED,UNKNOWN_NO_CUSTOMER_VERBATIM_OR_SENTIMENT_LABEL,KEEP_OBSERVED_SCORE
2731,2732,,UNOBSERVED,UNKNOWN_NO_CUSTOMER_VERBATIM_OR_SENTIMENT_LABEL,FEEDBACK_NOT_OBSERVED
2732,2733,,UNOBSERVED,UNKNOWN_NO_CUSTOMER_VERBATIM_OR_SENTIMENT_LABEL,FEEDBACK_NOT_OBSERVED
2733,2734,,UNOBSERVED,UNKNOWN_NO_CUSTOMER_VERBATIM_OR_SENTIMENT_LABEL,FEEDBACK_NOT_OBSERVED
2734,2735,1,LOW_REPORTED,UNKNOWN_NO_CUSTOMER_VERBATIM_OR_SENTIMENT_LABEL,REVIEW_REPORTED_LOW_CSAT
2735,2736,,UNOBSERVED,UNKNOWN_NO_CUSTOMER_VERBATIM_OR_SENTIMENT_LABEL,FEEDBACK_NOT_OBSERVED
2736,2737,,UNOBSERVED,UNKNOWN_NO_CUSTOMER_VERBATIM_OR_SENTIMENT_LABEL,FEEDBACK_NOT_OBSERVED
2737,2738,2,LOW_REPORTED,UNKNOWN_NO_CUSTOMER_VERBATIM_OR_SENTIMENT_LABEL,REVIEW_REPORTED_LOW_CSAT
2738,2739,,UNOBSERVED,UNKNOWN_NO_CUSTOMER_VERBATIM_OR_SENTIMENT_LABEL,FEEDBACK_NOT_OBSERVED
2739,2740,5,HIGH_REPORTED,UNKNOWN_NO_CUSTOMER_VERBATIM_OR_SENTIMENT_LABEL,KEEP_OBSERVED_SCORE
2740,2741,2,LOW_REPORTED,UNKNOWN_NO_CUSTOMER_VERBATIM_OR_SENTIMENT_LABEL,REVIEW_REPORTED_LOW_CSAT
2741,2742,,UNOBSERVED,UNKNOWN_NO_CUSTOMER_VERBATIM_OR_SENTIMENT_LABEL,FEEDBACK_NOT_OBSERVED
2742,2743,1,LOW_REPORTED,UNKNOWN_NO_CUSTOMER_VERBATIM_OR_SENTIMENT_LABEL,REVIEW_REPORTED_LOW_CSAT
2743,2744,,UNOBSERVED,UNKNOWN_NO_CUSTOMER_VERBATIM_OR_SENTIMENT_LABEL,FEEDBACK_NOT_OBSERVED
2744,2745,,UNOBSERVED,UNKNOWN_NO_CUSTOMER_VERBATIM_OR_SENTIMENT_LABEL,FEEDBACK_NOT_OBSERVED
2745,2746,,UNOBSERVED,UNKNOWN_NO_CUSTOMER_VERBATIM_OR_SENTIMENT_LABEL,FEEDBACK_NOT_OBSERVED
2746,2747,,UNOBSERVED,UNKNOWN_NO_CUSTOMER_VERBATIM_OR_SENTIMENT_LABEL,FEEDBACK_NOT_OBSERVED
2747,2748,,UNOBSERVED,UNKNOWN_NO_CUSTOMER_VERBATIM_OR_SENTIMENT_LABEL,FEEDBACK_NOT_OBSERVED
2748,2749,,UNOBSERVED,UNKNOWN_NO_CUSTOMER_VERBATIM_OR_SENTIMENT_LABEL,FEEDBACK_NOT_OBSERVED
2749,2750,,UNOBSERVED,UNKNOWN_NO_CUSTOMER_VERBATIM_OR_SENTIMENT_LABEL,FEEDBACK_NOT_OBSERVED
2750,2751,,UNOBSERVED,UNKNOWN_NO_CUSTOMER_VERBATIM_OR_SENTIMENT_LABEL,FEEDBACK_NOT_OBSERVED
2751,2752,,UNOBSERVED,UNKNOWN_NO_CUSTOMER_VERBATIM_OR_SENTIMENT_LABEL,FEEDBACK_NOT_OBSERVED
2752,2753,4,HIGH_REPORTED,UNKNOWN_NO_CUSTOMER_VERBATIM_OR_SENTIMENT_LABEL,KEEP_OBSERVED_SCORE
2753,2754,1,LOW_REPORTED,UNKNOWN_NO_CUSTOMER_VERBATIM_OR_SENTIMENT_LABEL,REVIEW_REPORTED_LOW_CSAT
2754,2755,1,LOW_REPORTED,UNKNOWN_NO_CUSTOMER_VERBATIM_OR_SENTIMENT_LABEL,REVIEW_REPORTED_LOW_CSAT
2755,2756,1,LOW_REPORTED,UNKNOWN_NO_CUSTOMER_VERBATIM_OR_SENTIMENT_LABEL,REVIEW_REPORTED_LOW_CSAT
2756,2757,5,HIGH_REPORTED,UNKNOWN_NO_CUSTOMER_VERBATIM_OR_SENTIMENT_LABEL,KEEP_OBSERVED_SCORE
2757,2758,,UNOBSERVED,UNKNOWN_NO_CUSTOMER_VERBATIM_OR_SENTIMENT_LABEL,FEEDBACK_NOT_OBSERVED
2758,2759,,UNOBSERVED,UNKNOWN_NO_CUSTOMER_VERBATIM_OR_SENTIMENT_LABEL,FEEDBACK_NOT_OBSERVED
2759,2760,,UNOBSERVED,UNKNOWN_NO_CUSTOMER_VERBATIM_OR_SENTIMENT_LABEL,FEEDBACK_NOT_OBSERVED
2760,2761,1,LOW_REPORTED,UNKNOWN_NO_CUSTOMER_VERBATIM_OR_SENTIMENT_LABEL,REVIEW_REPORTED_LOW_CSAT
2761,2762,,UNOBSERVED,UNKNOWN_NO_CUSTOMER_VERBATIM_OR_SENTIMENT_LABEL,FEEDBACK_NOT_OBSERVED
2762,2763,,UNOBSERVED,UNKNOWN_NO_CUSTOMER_VERBATIM_OR_SENTIMENT_LABEL,FEEDBACK_NOT_OBSERVED
2763,2764,3,MIDDLE_REPORTED,UNKNOWN_NO_CUSTOMER_VERBATIM_OR_SENTIMENT_LABEL,KEEP_OBSERVED_SCORE
2764,2765,,UNOBSERVED,UNKNOWN_NO_CUSTOMER_VERBATIM_OR_SENTIMENT_LABEL,FEEDBACK_NOT_OBSERVED
2765,2766,,UNOBSERVED,UNKNOWN_NO_CUSTOMER_VERBATIM_OR_SENTIMENT_LABEL,FEEDBACK_NOT_OBSERVED
2766,2767,,UNOBSERVED,UNKNOWN_NO_CUSTOMER_VERBATIM_OR_SENTIMENT_LABEL,FEEDBACK_NOT_OBSERVED
2767,2768,5,HIGH_REPORTED,UNKNOWN_NO_CUSTOMER_VERBATIM_OR_SENTIMENT_LABEL,KEEP_OBSERVED_SCORE
2768,2769,,UNOBSERVED,UNKNOWN_NO_CUSTOMER_VERBATIM_OR_SENTIMENT_LABEL,FEEDBACK_NOT_OBSERVED
2769,2770,,UNOBSERVED,UNKNOWN_NO_CUSTOMER_VERBATIM_OR_SENTIMENT_LABEL,FEEDBACK_NOT_OBSERVED
2770,2771,,UNOBSERVED,UNKNOWN_NO_CUSTOMER_VERBATIM_OR_SENTIMENT_LABEL,FEEDBACK_NOT_OBSERVED
2771,2772,3,MIDDLE_REPORTED,UNKNOWN_NO_CUSTOMER_VERBATIM_OR_SENTIMENT_LABEL,KEEP_OBSERVED_SCORE
2772,2773,,UNOBSERVED,UNKNOWN_NO_CUSTOMER_VERBATIM_OR_SENTIMENT_LABEL,FEEDBACK_NOT_OBSERVED
2773,2774,5,HIGH_REPORTED,UNKNOWN_NO_CUSTOMER_VERBATIM_OR_SENTIMENT_LABEL,KEEP_OBSERVED_SCORE
2774,2775,3,MIDDLE_REPORTED,UNKNOWN_NO_CUSTOMER_VERBATIM_OR_SENTIMENT_LABEL,KEEP_OBSERVED_SCORE
2775,2776,,UNOBSERVED,UNKNOWN_NO_CUSTOMER_VERBATIM_OR_SENTIMENT_LABEL,FEEDBACK_NOT_OBSERVED
2776,2777,,UNOBSERVED,UNKNOWN_NO_CUSTOMER_VERBATIM_OR_SENTIMENT_LABEL,FEEDBACK_NOT_OBSERVED
2777,2778,,UNOBSERVED,UNKNOWN_NO_CUSTOMER_VERBATIM_OR_SENTIMENT_LABEL,FEEDBACK_NOT_OBSERVED
2778,2779,,UNOBSERVED,UNKNOWN_NO_CUSTOMER_VERBATIM_OR_SENTIMENT_LABEL,FEEDBACK_NOT_OBSERVED
2779,2780,,UNOBSERVED,UNKNOWN_NO_CUSTOMER_VERBATIM_OR_SENTIMENT_LABEL,FEEDBACK_NOT_OBSERVED
2780,2781,3,MIDDLE_REPORTED,UNKNOWN_NO_CUSTOMER_VERBATIM_OR_SENTIMENT_LABEL,KEEP_OBSERVED_SCORE
2781,2782,5,HIGH_REPORTED,UNKNOWN_NO_CUSTOMER_VERBATIM_OR_SENTIMENT_LABEL,KEEP_OBSERVED_SCORE
2782,2783,,UNOBSERVED,UNKNOWN_NO_CUSTOMER_VERBATIM_OR_SENTIMENT_LABEL,FEEDBACK_NOT_OBSERVED
2783,2784,,UNOBSERVED,UNKNOWN_NO_CUSTOMER_VERBATIM_OR_SENTIMENT_LABEL,FEEDBACK_NOT_OBSERVED
2784,2785,5,HIGH_REPORTED,UNKNOWN_NO_CUSTOMER_VERBATIM_OR_SENTIMENT_LABEL,KEEP_OBSERVED_SCORE
2785,2786,,UNOBSERVED,UNKNOWN_NO_CUSTOMER_VERBATIM_OR_SENTIMENT_LABEL,FEEDBACK_NOT_OBSERVED
2786,2787,,UNOBSERVED,UNKNOWN_NO_CUSTOMER_VERBATIM_OR_SENTIMENT_LABEL,FEEDBACK_NOT_OBSERVED
2787,2788,,UNOBSERVED,UNKNOWN_NO_CUSTOMER_VERBATIM_OR_SENTIMENT_LABEL,FEEDBACK_NOT_OBSERVED
2788,2789,2,LOW_REPORTED,UNKNOWN_NO_CUSTOMER_VERBATIM_OR_SENTIMENT_LABEL,REVIEW_REPORTED_LOW_CSAT
2789,2790,,UNOBSERVED,UNKNOWN_NO_CUSTOMER_VERBATIM_OR_SENTIMENT_LABEL,FEEDBACK_NOT_OBSERVED
2790,2791,,UNOBSERVED,UNKNOWN_NO_CUSTOMER_VERBATIM_OR_SENTIMENT_LABEL,FEEDBACK_NOT_OBSERVED
2791,2792,,UNOBSERVED,UNKNOWN_NO_CUSTOMER_VERBATIM_OR_SENTIMENT_LABEL,FEEDBACK_NOT_OBSERVED
2792,2793,,UNOBSERVED,UNKNOWN_NO_CUSTOMER_VERBATIM_OR_SENTIMENT_LABEL,FEEDBACK_NOT_OBSERVED
2793,2794,,UNOBSERVED,UNKNOWN_NO_CUSTOMER_VERBATIM_OR_SENTIMENT_LABEL,FEEDBACK_NOT_OBSERVED
2794,2795,,UNOBSERVED,UNKNOWN_NO_CUSTOMER_VERBATIM_OR_SENTIMENT_LABEL,FEEDBACK_NOT_OBSERVED
2795,2796,,UNOBSERVED,UNKNOWN_NO_CUSTOMER_VERBATIM_OR_SENTIMENT_LABEL,FEEDBACK_NOT_OBSERVED
2796,2797,5,HIGH_REPORTED,UNKNOWN_NO_CUSTOMER_VERBATIM_OR_SENTIMENT_LABEL,KEEP_OBSERVED_SCORE
2797,2798,,UNOBSERVED,UNKNOWN_NO_CUSTOMER_VERBATIM_OR_SENTIMENT_LABEL,FEEDBACK_NOT_OBSERVED
2798,2799,,UNOBSERVED,UNKNOWN_NO_CUSTOMER_VERBATIM_OR_SENTIMENT_LABEL,FEEDBACK_NOT_OBSERVED
2799,2800,,UNOBSERVED,UNKNOWN_NO_CUSTOMER_VERBATIM_OR_SENTIMENT_LABEL,FEEDBACK_NOT_OBSERVED
2800,2801,,UNOBSERVED,UNKNOWN_NO_CUSTOMER_VERBATIM_OR_SENTIMENT_LABEL,FEEDBACK_NOT_OBSERVED
2801,2802,4,HIGH_REPORTED,UNKNOWN_NO_CUSTOMER_VERBATIM_OR_SENTIMENT_LABEL,KEEP_OBSERVED_SCORE
2802,2803,5,HIGH_REPORTED,UNKNOWN_NO_CUSTOMER_VERBATIM_OR_SENTIMENT_LABEL,KEEP_OBSERVED_SCORE
2803,2804,,UNOBSERVED,UNKNOWN_NO_CUSTOMER_VERBATIM_OR_SENTIMENT_LABEL,FEEDBACK_NOT_OBSERVED
2804,2805,4,HIGH_REPORTED,UNKNOWN_NO_CUSTOMER_VERBATIM_OR_SENTIMENT_LABEL,KEEP_OBSERVED_SCORE
2805,2806,,UNOBSERVED,UNKNOWN_NO_CUSTOMER_VERBATIM_OR_SENTIMENT_LABEL,FEEDBACK_NOT_OBSERVED
2806,2807,,UNOBSERVED,UNKNOWN_NO_CUSTOMER_VERBATIM_OR_SENTIMENT_LABEL,FEEDBACK_NOT_OBSERVED
2807,2808,,UNOBSERVED,UNKNOWN_NO_CUSTOMER_VERBATIM_OR_SENTIMENT_LABEL,FEEDBACK_NOT_OBSERVED
2808,2809,5,HIGH_REPORTED,UNKNOWN_NO_CUSTOMER_VERBATIM_OR_SENTIMENT_LABEL,KEEP_OBSERVED_SCORE
2809,2810,5,HIGH_REPORTED,UNKNOWN_NO_CUSTOMER_VERBATIM_OR_SENTIMENT_LABEL,KEEP_OBSERVED_SCORE
2810,2811,3,MIDDLE_REPORTED,UNKNOWN_NO_CUSTOMER_VERBATIM_OR_SENTIMENT_LABEL,KEEP_OBSERVED_SCORE
2811,2812,3,MIDDLE_REPORTED,UNKNOWN_NO_CUSTOMER_VERBATIM_OR_SENTIMENT_LABEL,KEEP_OBSERVED_SCORE
2812,2813,3,MIDDLE_REPORTED,UNKNOWN_NO_CUSTOMER_VERBATIM_OR_SENTIMENT_LABEL,KEEP_OBSERVED_SCORE
2813,2814,,UNOBSERVED,UNKNOWN_NO_CUSTOMER_VERBATIM_OR_SENTIMENT_LABEL,FEEDBACK_NOT_OBSERVED
2814,2815,,UNOBSERVED,UNKNOWN_NO_CUSTOMER_VERBATIM_OR_SENTIMENT_LABEL,FEEDBACK_NOT_OBSERVED
2815,2816,,UNOBSERVED,UNKNOWN_NO_CUSTOMER_VERBATIM_OR_SENTIMENT_LABEL,FEEDBACK_NOT_OBSERVED
2816,2817,1,LOW_REPORTED,UNKNOWN_NO_CUSTOMER_VERBATIM_OR_SENTIMENT_LABEL,REVIEW_REPORTED_LOW_CSAT
2817,2818,,UNOBSERVED,UNKNOWN_NO_CUSTOMER_VERBATIM_OR_SENTIMENT_LABEL,FEEDBACK_NOT_OBSERVED
2818,2819,5,HIGH_REPORTED,UNKNOWN_NO_CUSTOMER_VERBATIM_OR_SENTIMENT_LABEL,KEEP_OBSERVED_SCORE
2819,2820,3,MIDDLE_REPORTED,UNKNOWN_NO_CUSTOMER_VERBATIM_OR_SENTIMENT_LABEL,KEEP_OBSERVED_SCORE
2820,2821,,UNOBSERVED,UNKNOWN_NO_CUSTOMER_VERBATIM_OR_SENTIMENT_LABEL,FEEDBACK_NOT_OBSERVED
2821,2822,5,HIGH_REPORTED,UNKNOWN_NO_CUSTOMER_VERBATIM_OR_SENTIMENT_LABEL,KEEP_OBSERVED_SCORE
2822,2823,,UNOBSERVED,UNKNOWN_NO_CUSTOMER_VERBATIM_OR_SENTIMENT_LABEL,FEEDBACK_NOT_OBSERVED
2823,2824,2,LOW_REPORTED,UNKNOWN_NO_CUSTOMER_VERBATIM_OR_SENTIMENT_LABEL,REVIEW_REPORTED_LOW_CSAT
2824,2825,,UNOBSERVED,UNKNOWN_NO_CUSTOMER_VERBATIM_OR_SENTIMENT_LABEL,FEEDBACK_NOT_OBSERVED
2825,2826,,UNOBSERVED,UNKNOWN_NO_CUSTOMER_VERBATIM_OR_SENTIMENT_LABEL,FEEDBACK_NOT_OBSERVED
2826,2827,,UNOBSERVED,UNKNOWN_NO_CUSTOMER_VERBATIM_OR_SENTIMENT_LABEL,FEEDBACK_NOT_OBSERVED
2827,2828,,UNOBSERVED,UNKNOWN_NO_CUSTOMER_VERBATIM_OR_SENTIMENT_LABEL,FEEDBACK_NOT_OBSERVED
2828,2829,,UNOBSERVED,UNKNOWN_NO_CUSTOMER_VERBATIM_OR_SENTIMENT_LABEL,FEEDBACK_NOT_OBSERVED
2829,2830,3,MIDDLE_REPORTED,UNKNOWN_NO_CUSTOMER_VERBATIM_OR_SENTIMENT_LABEL,KEEP_OBSERVED_SCORE
2830,2831,,UNOBSERVED,UNKNOWN_NO_CUSTOMER_VERBATIM_OR_SENTIMENT_LABEL,FEEDBACK_NOT_OBSERVED
2831,2832,,UNOBSERVED,UNKNOWN_NO_CUSTOMER_VERBATIM_OR_SENTIMENT_LABEL,FEEDBACK_NOT_OBSERVED
2832,2833,,UNOBSERVED,UNKNOWN_NO_CUSTOMER_VERBATIM_OR_SENTIMENT_LABEL,FEEDBACK_NOT_OBSERVED
2833,2834,1,LOW_REPORTED,UNKNOWN_NO_CUSTOMER_VERBATIM_OR_SENTIMENT_LABEL,REVIEW_REPORTED_LOW_CSAT
2834,2835,,UNOBSERVED,UNKNOWN_NO_CUSTOMER_VERBATIM_OR_SENTIMENT_LABEL,FEEDBACK_NOT_OBSERVED
2835,2836,,UNOBSERVED,UNKNOWN_NO_CUSTOMER_VERBATIM_OR_SENTIMENT_LABEL,FEEDBACK_NOT_OBSERVED
2836,2837,,UNOBSERVED,UNKNOWN_NO_CUSTOMER_VERBATIM_OR_SENTIMENT_LABEL,FEEDBACK_NOT_OBSERVED
2837,2838,,UNOBSERVED,UNKNOWN_NO_CUSTOMER_VERBATIM_OR_SENTIMENT_LABEL,FEEDBACK_NOT_OBSERVED
2838,2839,,UNOBSERVED,UNKNOWN_NO_CUSTOMER_VERBATIM_OR_SENTIMENT_LABEL,FEEDBACK_NOT_OBSERVED
2839,2840,1,LOW_REPORTED,UNKNOWN_NO_CUSTOMER_VERBATIM_OR_SENTIMENT_LABEL,REVIEW_REPORTED_LOW_CSAT
2840,2841,4,HIGH_REPORTED,UNKNOWN_NO_CUSTOMER_VERBATIM_OR_SENTIMENT_LABEL,KEEP_OBSERVED_SCORE
2841,2842,,UNOBSERVED,UNKNOWN_NO_CUSTOMER_VERBATIM_OR_SENTIMENT_LABEL,FEEDBACK_NOT_OBSERVED
2842,2843,1,LOW_REPORTED,UNKNOWN_NO_CUSTOMER_VERBATIM_OR_SENTIMENT_LABEL,REVIEW_REPORTED_LOW_CSAT
2843,2844,4,HIGH_REPORTED,UNKNOWN_NO_CUSTOMER_VERBATIM_OR_SENTIMENT_LABEL,KEEP_OBSERVED_SCORE
2844,2845,,UNOBSERVED,UNKNOWN_NO_CUSTOMER_VERBATIM_OR_SENTIMENT_LABEL,FEEDBACK_NOT_OBSERVED
2845,2846,,UNOBSERVED,UNKNOWN_NO_CUSTOMER_VERBATIM_OR_SENTIMENT_LABEL,FEEDBACK_NOT_OBSERVED
2846,2847,1,LOW_REPORTED,UNKNOWN_NO_CUSTOMER_VERBATIM_OR_SENTIMENT_LABEL,REVIEW_REPORTED_LOW_CSAT
2847,2848,,UNOBSERVED,UNKNOWN_NO_CUSTOMER_VERBATIM_OR_SENTIMENT_LABEL,FEEDBACK_NOT_OBSERVED
2848,2849,2,LOW_REPORTED,UNKNOWN_NO_CUSTOMER_VERBATIM_OR_SENTIMENT_LABEL,REVIEW_REPORTED_LOW_CSAT
2849,2850,,UNOBSERVED,UNKNOWN_NO_CUSTOMER_VERBATIM_OR_SENTIMENT_LABEL,FEEDBACK_NOT_OBSERVED
2850,2851,3,MIDDLE_REPORTED,UNKNOWN_NO_CUSTOMER_VERBATIM_OR_SENTIMENT_LABEL,KEEP_OBSERVED_SCORE
2851,2852,,UNOBSERVED,UNKNOWN_NO_CUSTOMER_VERBATIM_OR_SENTIMENT_LABEL,FEEDBACK_NOT_OBSERVED
2852,2853,,UNOBSERVED,UNKNOWN_NO_CUSTOMER_VERBATIM_OR_SENTIMENT_LABEL,FEEDBACK_NOT_OBSERVED
2853,2854,,UNOBSERVED,UNKNOWN_NO_CUSTOMER_VERBATIM_OR_SENTIMENT_LABEL,FEEDBACK_NOT_OBSERVED
2854,2855,2,LOW_REPORTED,UNKNOWN_NO_CUSTOMER_VERBATIM_OR_SENTIMENT_LABEL,REVIEW_REPORTED_LOW_CSAT
2855,2856,5,HIGH_REPORTED,UNKNOWN_NO_CUSTOMER_VERBATIM_OR_SENTIMENT_LABEL,KEEP_OBSERVED_SCORE
2856,2857,,UNOBSERVED,UNKNOWN_NO_CUSTOMER_VERBATIM_OR_SENTIMENT_LABEL,FEEDBACK_NOT_OBSERVED
2857,2858,1,LOW_REPORTED,UNKNOWN_NO_CUSTOMER_VERBATIM_OR_SENTIMENT_LABEL,REVIEW_REPORTED_LOW_CSAT
2858,2859,,UNOBSERVED,UNKNOWN_NO_CUSTOMER_VERBATIM_OR_SENTIMENT_LABEL,FEEDBACK_NOT_OBSERVED
2859,2860,,UNOBSERVED,UNKNOWN_NO_CUSTOMER_VERBATIM_OR_SENTIMENT_LABEL,FEEDBACK_NOT_OBSERVED
2860,2861,5,HIGH_REPORTED,UNKNOWN_NO_CUSTOMER_VERBATIM_OR_SENTIMENT_LABEL,KEEP_OBSERVED_SCORE
2861,2862,,UNOBSERVED,UNKNOWN_NO_CUSTOMER_VERBATIM_OR_SENTIMENT_LABEL,FEEDBACK_NOT_OBSERVED
2862,2863,,UNOBSERVED,UNKNOWN_NO_CUSTOMER_VERBATIM_OR_SENTIMENT_LABEL,FEEDBACK_NOT_OBSERVED
2863,2864,1,LOW_REPORTED,UNKNOWN_NO_CUSTOMER_VERBATIM_OR_SENTIMENT_LABEL,REVIEW_REPORTED_LOW_CSAT
2864,2865,,UNOBSERVED,UNKNOWN_NO_CUSTOMER_VERBATIM_OR_SENTIMENT_LABEL,FEEDBACK_NOT_OBSERVED
2865,2866,,UNOBSERVED,UNKNOWN_NO_CUSTOMER_VERBATIM_OR_SENTIMENT_LABEL,FEEDBACK_NOT_OBSERVED
2866,2867,,UNOBSERVED,UNKNOWN_NO_CUSTOMER_VERBATIM_OR_SENTIMENT_LABEL,FEEDBACK_NOT_OBSERVED
2867,2868,,UNOBSERVED,UNKNOWN_NO_CUSTOMER_VERBATIM_OR_SENTIMENT_LABEL,FEEDBACK_NOT_OBSERVED
2868,2869,,UNOBSERVED,UNKNOWN_NO_CUSTOMER_VERBATIM_OR_SENTIMENT_LABEL,FEEDBACK_NOT_OBSERVED
2869,2870,,UNOBSERVED,UNKNOWN_NO_CUSTOMER_VERBATIM_OR_SENTIMENT_LABEL,FEEDBACK_NOT_OBSERVED
2870,2871,,UNOBSERVED,UNKNOWN_NO_CUSTOMER_VERBATIM_OR_SENTIMENT_LABEL,FEEDBACK_NOT_OBSERVED
2871,2872,,UNOBSERVED,UNKNOWN_NO_CUSTOMER_VERBATIM_OR_SENTIMENT_LABEL,FEEDBACK_NOT_OBSERVED
2872,2873,5,HIGH_REPORTED,UNKNOWN_NO_CUSTOMER_VERBATIM_OR_SENTIMENT_LABEL,KEEP_OBSERVED_SCORE
2873,2874,,UNOBSERVED,UNKNOWN_NO_CUSTOMER_VERBATIM_OR_SENTIMENT_LABEL,FEEDBACK_NOT_OBSERVED
2874,2875,,UNOBSERVED,UNKNOWN_NO_CUSTOMER_VERBATIM_OR_SENTIMENT_LABEL,FEEDBACK_NOT_OBSERVED
2875,2876,4,HIGH_REPORTED,UNKNOWN_NO_CUSTOMER_VERBATIM_OR_SENTIMENT_LABEL,KEEP_OBSERVED_SCORE
2876,2877,,UNOBSERVED,UNKNOWN_NO_CUSTOMER_VERBATIM_OR_SENTIMENT_LABEL,FEEDBACK_NOT_OBSERVED
2877,2878,,UNOBSERVED,UNKNOWN_NO_CUSTOMER_VERBATIM_OR_SENTIMENT_LABEL,FEEDBACK_NOT_OBSERVED
2878,2879,1,LOW_REPORTED,UNKNOWN_NO_CUSTOMER_VERBATIM_OR_SENTIMENT_LABEL,REVIEW_REPORTED_LOW_CSAT
2879,2880,,UNOBSERVED,UNKNOWN_NO_CUSTOMER_VERBATIM_OR_SENTIMENT_LABEL,FEEDBACK_NOT_OBSERVED
2880,2881,,UNOBSERVED,UNKNOWN_NO_CUSTOMER_VERBATIM_OR_SENTIMENT_LABEL,FEEDBACK_NOT_OBSERVED
2881,2882,4,HIGH_REPORTED,UNKNOWN_NO_CUSTOMER_VERBATIM_OR_SENTIMENT_LABEL,KEEP_OBSERVED_SCORE
2882,2883,,UNOBSERVED,UNKNOWN_NO_CUSTOMER_VERBATIM_OR_SENTIMENT_LABEL,FEEDBACK_NOT_OBSERVED
2883,2884,,UNOBSERVED,UNKNOWN_NO_CUSTOMER_VERBATIM_OR_SENTIMENT_LABEL,FEEDBACK_NOT_OBSERVED
2884,2885,2,LOW_REPORTED,UNKNOWN_NO_CUSTOMER_VERBATIM_OR_SENTIMENT_LABEL,REVIEW_REPORTED_LOW_CSAT
2885,2886,,UNOBSERVED,UNKNOWN_NO_CUSTOMER_VERBATIM_OR_SENTIMENT_LABEL,FEEDBACK_NOT_OBSERVED
2886,2887,,UNOBSERVED,UNKNOWN_NO_CUSTOMER_VERBATIM_OR_SENTIMENT_LABEL,FEEDBACK_NOT_OBSERVED
2887,2888,,UNOBSERVED,UNKNOWN_NO_CUSTOMER_VERBATIM_OR_SENTIMENT_LABEL,FEEDBACK_NOT_OBSERVED
2888,2889,,UNOBSERVED,UNKNOWN_NO_CUSTOMER_VERBATIM_OR_SENTIMENT_LABEL,FEEDBACK_NOT_OBSERVED
2889,2890,,UNOBSERVED,UNKNOWN_NO_CUSTOMER_VERBATIM_OR_SENTIMENT_LABEL,FEEDBACK_NOT_OBSERVED
2890,2891,5,HIGH_REPORTED,UNKNOWN_NO_CUSTOMER_VERBATIM_OR_SENTIMENT_LABEL,KEEP_OBSERVED_SCORE
2891,2892,,UNOBSERVED,UNKNOWN_NO_CUSTOMER_VERBATIM_OR_SENTIMENT_LABEL,FEEDBACK_NOT_OBSERVED
2892,2893,,UNOBSERVED,UNKNOWN_NO_CUSTOMER_VERBATIM_OR_SENTIMENT_LABEL,FEEDBACK_NOT_OBSERVED
2893,2894,1,LOW_REPORTED,UNKNOWN_NO_CUSTOMER_VERBATIM_OR_SENTIMENT_LABEL,REVIEW_REPORTED_LOW_CSAT
2894,2895,,UNOBSERVED,UNKNOWN_NO_CUSTOMER_VERBATIM_OR_SENTIMENT_LABEL,FEEDBACK_NOT_OBSERVED
2895,2896,,UNOBSERVED,UNKNOWN_NO_CUSTOMER_VERBATIM_OR_SENTIMENT_LABEL,FEEDBACK_NOT_OBSERVED
2896,2897,,UNOBSERVED,UNKNOWN_NO_CUSTOMER_VERBATIM_OR_SENTIMENT_LABEL,FEEDBACK_NOT_OBSERVED
2897,2898,,UNOBSERVED,UNKNOWN_NO_CUSTOMER_VERBATIM_OR_SENTIMENT_LABEL,FEEDBACK_NOT_OBSERVED
2898,2899,,UNOBSERVED,UNKNOWN_NO_CUSTOMER_VERBATIM_OR_SENTIMENT_LABEL,FEEDBACK_NOT_OBSERVED
2899,2900,,UNOBSERVED,UNKNOWN_NO_CUSTOMER_VERBATIM_OR_SENTIMENT_LABEL,FEEDBACK_NOT_OBSERVED
2900,2901,,UNOBSERVED,UNKNOWN_NO_CUSTOMER_VERBATIM_OR_SENTIMENT_LABEL,FEEDBACK_NOT_OBSERVED
2901,2902,1,LOW_REPORTED,UNKNOWN_NO_CUSTOMER_VERBATIM_OR_SENTIMENT_LABEL,REVIEW_REPORTED_LOW_CSAT
2902,2903,,UNOBSERVED,UNKNOWN_NO_CUSTOMER_VERBATIM_OR_SENTIMENT_LABEL,FEEDBACK_NOT_OBSERVED
2903,2904,,UNOBSERVED,UNKNOWN_NO_CUSTOMER_VERBATIM_OR_SENTIMENT_LABEL,FEEDBACK_NOT_OBSERVED
2904,2905,5,HIGH_REPORTED,UNKNOWN_NO_CUSTOMER_VERBATIM_OR_SENTIMENT_LABEL,KEEP_OBSERVED_SCORE
2905,2906,2,LOW_REPORTED,UNKNOWN_NO_CUSTOMER_VERBATIM_OR_SENTIMENT_LABEL,REVIEW_REPORTED_LOW_CSAT
2906,2907,,UNOBSERVED,UNKNOWN_NO_CUSTOMER_VERBATIM_OR_SENTIMENT_LABEL,FEEDBACK_NOT_OBSERVED
2907,2908,,UNOBSERVED,UNKNOWN_NO_CUSTOMER_VERBATIM_OR_SENTIMENT_LABEL,FEEDBACK_NOT_OBSERVED
2908,2909,,UNOBSERVED,UNKNOWN_NO_CUSTOMER_VERBATIM_OR_SENTIMENT_LABEL,FEEDBACK_NOT_OBSERVED
2909,2910,4,HIGH_REPORTED,UNKNOWN_NO_CUSTOMER_VERBATIM_OR_SENTIMENT_LABEL,KEEP_OBSERVED_SCORE
2910,2911,,UNOBSERVED,UNKNOWN_NO_CUSTOMER_VERBATIM_OR_SENTIMENT_LABEL,FEEDBACK_NOT_OBSERVED
2911,2912,2,LOW_REPORTED,UNKNOWN_NO_CUSTOMER_VERBATIM_OR_SENTIMENT_LABEL,REVIEW_REPORTED_LOW_CSAT
2912,2913,,UNOBSERVED,UNKNOWN_NO_CUSTOMER_VERBATIM_OR_SENTIMENT_LABEL,FEEDBACK_NOT_OBSERVED
2913,2914,,UNOBSERVED,UNKNOWN_NO_CUSTOMER_VERBATIM_OR_SENTIMENT_LABEL,FEEDBACK_NOT_OBSERVED
2914,2915,1,LOW_REPORTED,UNKNOWN_NO_CUSTOMER_VERBATIM_OR_SENTIMENT_LABEL,REVIEW_REPORTED_LOW_CSAT
2915,2916,4,HIGH_REPORTED,UNKNOWN_NO_CUSTOMER_VERBATIM_OR_SENTIMENT_LABEL,KEEP_OBSERVED_SCORE
2916,2917,,UNOBSERVED,UNKNOWN_NO_CUSTOMER_VERBATIM_OR_SENTIMENT_LABEL,FEEDBACK_NOT_OBSERVED
2917,2918,,UNOBSERVED,UNKNOWN_NO_CUSTOMER_VERBATIM_OR_SENTIMENT_LABEL,FEEDBACK_NOT_OBSERVED
2918,2919,1,LOW_REPORTED,UNKNOWN_NO_CUSTOMER_VERBATIM_OR_SENTIMENT_LABEL,REVIEW_REPORTED_LOW_CSAT
2919,2920,,UNOBSERVED,UNKNOWN_NO_CUSTOMER_VERBATIM_OR_SENTIMENT_LABEL,FEEDBACK_NOT_OBSERVED
2920,2921,3,MIDDLE_REPORTED,UNKNOWN_NO_CUSTOMER_VERBATIM_OR_SENTIMENT_LABEL,KEEP_OBSERVED_SCORE
2921,2922,,UNOBSERVED,UNKNOWN_NO_CUSTOMER_VERBATIM_OR_SENTIMENT_LABEL,FEEDBACK_NOT_OBSERVED
2922,2923,2,LOW_REPORTED,UNKNOWN_NO_CUSTOMER_VERBATIM_OR_SENTIMENT_LABEL,REVIEW_REPORTED_LOW_CSAT
2923,2924,,UNOBSERVED,UNKNOWN_NO_CUSTOMER_VERBATIM_OR_SENTIMENT_LABEL,FEEDBACK_NOT_OBSERVED
2924,2925,,UNOBSERVED,UNKNOWN_NO_CUSTOMER_VERBATIM_OR_SENTIMENT_LABEL,FEEDBACK_NOT_OBSERVED
2925,2926,,UNOBSERVED,UNKNOWN_NO_CUSTOMER_VERBATIM_OR_SENTIMENT_LABEL,FEEDBACK_NOT_OBSERVED
2926,2927,,UNOBSERVED,UNKNOWN_NO_CUSTOMER_VERBATIM_OR_SENTIMENT_LABEL,FEEDBACK_NOT_OBSERVED
2927,2928,,UNOBSERVED,UNKNOWN_NO_CUSTOMER_VERBATIM_OR_SENTIMENT_LABEL,FEEDBACK_NOT_OBSERVED
2928,2929,2,LOW_REPORTED,UNKNOWN_NO_CUSTOMER_VERBATIM_OR_SENTIMENT_LABEL,REVIEW_REPORTED_LOW_CSAT
2929,2930,2,LOW_REPORTED,UNKNOWN_NO_CUSTOMER_VERBATIM_OR_SENTIMENT_LABEL,REVIEW_REPORTED_LOW_CSAT
2930,2931,3,MIDDLE_REPORTED,UNKNOWN_NO_CUSTOMER_VERBATIM_OR_SENTIMENT_LABEL,KEEP_OBSERVED_SCORE
2931,2932,,UNOBSERVED,UNKNOWN_NO_CUSTOMER_VERBATIM_OR_SENTIMENT_LABEL,FEEDBACK_NOT_OBSERVED
2932,2933,,UNOBSERVED,UNKNOWN_NO_CUSTOMER_VERBATIM_OR_SENTIMENT_LABEL,FEEDBACK_NOT_OBSERVED
2933,2934,,UNOBSERVED,UNKNOWN_NO_CUSTOMER_VERBATIM_OR_SENTIMENT_LABEL,FEEDBACK_NOT_OBSERVED
2934,2935,4,HIGH_REPORTED,UNKNOWN_NO_CUSTOMER_VERBATIM_OR_SENTIMENT_LABEL,KEEP_OBSERVED_SCORE
2935,2936,5,HIGH_REPORTED,UNKNOWN_NO_CUSTOMER_VERBATIM_OR_SENTIMENT_LABEL,KEEP_OBSERVED_SCORE
2936,2937,,UNOBSERVED,UNKNOWN_NO_CUSTOMER_VERBATIM_OR_SENTIMENT_LABEL,FEEDBACK_NOT_OBSERVED
2937,2938,,UNOBSERVED,UNKNOWN_NO_CUSTOMER_VERBATIM_OR_SENTIMENT_LABEL,FEEDBACK_NOT_OBSERVED
2938,2939,4,HIGH_REPORTED,UNKNOWN_NO_CUSTOMER_VERBATIM_OR_SENTIMENT_LABEL,KEEP_OBSERVED_SCORE
2939,2940,3,MIDDLE_REPORTED,UNKNOWN_NO_CUSTOMER_VERBATIM_OR_SENTIMENT_LABEL,KEEP_OBSERVED_SCORE
2940,2941,,UNOBSERVED,UNKNOWN_NO_CUSTOMER_VERBATIM_OR_SENTIMENT_LABEL,FEEDBACK_NOT_OBSERVED
2941,2942,,UNOBSERVED,UNKNOWN_NO_CUSTOMER_VERBATIM_OR_SENTIMENT_LABEL,FEEDBACK_NOT_OBSERVED
2942,2943,,UNOBSERVED,UNKNOWN_NO_CUSTOMER_VERBATIM_OR_SENTIMENT_LABEL,FEEDBACK_NOT_OBSERVED
2943,2944,,UNOBSERVED,UNKNOWN_NO_CUSTOMER_VERBATIM_OR_SENTIMENT_LABEL,FEEDBACK_NOT_OBSERVED
2944,2945,,UNOBSERVED,UNKNOWN_NO_CUSTOMER_VERBATIM_OR_SENTIMENT_LABEL,FEEDBACK_NOT_OBSERVED
2945,2946,,UNOBSERVED,UNKNOWN_NO_CUSTOMER_VERBATIM_OR_SENTIMENT_LABEL,FEEDBACK_NOT_OBSERVED
2946,2947,,UNOBSERVED,UNKNOWN_NO_CUSTOMER_VERBATIM_OR_SENTIMENT_LABEL,FEEDBACK_NOT_OBSERVED
2947,2948,1,LOW_REPORTED,UNKNOWN_NO_CUSTOMER_VERBATIM_OR_SENTIMENT_LABEL,REVIEW_REPORTED_LOW_CSAT
2948,2949,,UNOBSERVED,UNKNOWN_NO_CUSTOMER_VERBATIM_OR_SENTIMENT_LABEL,FEEDBACK_NOT_OBSERVED
2949,2950,,UNOBSERVED,UNKNOWN_NO_CUSTOMER_VERBATIM_OR_SENTIMENT_LABEL,FEEDBACK_NOT_OBSERVED
2950,2951,,UNOBSERVED,UNKNOWN_NO_CUSTOMER_VERBATIM_OR_SENTIMENT_LABEL,FEEDBACK_NOT_OBSERVED
2951,2952,,UNOBSERVED,UNKNOWN_NO_CUSTOMER_VERBATIM_OR_SENTIMENT_LABEL,FEEDBACK_NOT_OBSERVED
2952,2953,,UNOBSERVED,UNKNOWN_NO_CUSTOMER_VERBATIM_OR_SENTIMENT_LABEL,FEEDBACK_NOT_OBSERVED
2953,2954,,UNOBSERVED,UNKNOWN_NO_CUSTOMER_VERBATIM_OR_SENTIMENT_LABEL,FEEDBACK_NOT_OBSERVED
2954,2955,,UNOBSERVED,UNKNOWN_NO_CUSTOMER_VERBATIM_OR_SENTIMENT_LABEL,FEEDBACK_NOT_OBSERVED
2955,2956,1,LOW_REPORTED,UNKNOWN_NO_CUSTOMER_VERBATIM_OR_SENTIMENT_LABEL,REVIEW_REPORTED_LOW_CSAT
2956,2957,1,LOW_REPORTED,UNKNOWN_NO_CUSTOMER_VERBATIM_OR_SENTIMENT_LABEL,REVIEW_REPORTED_LOW_CSAT
2957,2958,,UNOBSERVED,UNKNOWN_NO_CUSTOMER_VERBATIM_OR_SENTIMENT_LABEL,FEEDBACK_NOT_OBSERVED
2958,2959,,UNOBSERVED,UNKNOWN_NO_CUSTOMER_VERBATIM_OR_SENTIMENT_LABEL,FEEDBACK_NOT_OBSERVED
2959,2960,,UNOBSERVED,UNKNOWN_NO_CUSTOMER_VERBATIM_OR_SENTIMENT_LABEL,FEEDBACK_NOT_OBSERVED
2960,2961,,UNOBSERVED,UNKNOWN_NO_CUSTOMER_VERBATIM_OR_SENTIMENT_LABEL,FEEDBACK_NOT_OBSERVED
2961,2962,,UNOBSERVED,UNKNOWN_NO_CUSTOMER_VERBATIM_OR_SENTIMENT_LABEL,FEEDBACK_NOT_OBSERVED
2962,2963,,UNOBSERVED,UNKNOWN_NO_CUSTOMER_VERBATIM_OR_SENTIMENT_LABEL,FEEDBACK_NOT_OBSERVED
2963,2964,,UNOBSERVED,UNKNOWN_NO_CUSTOMER_VERBATIM_OR_SENTIMENT_LABEL,FEEDBACK_NOT_OBSERVED
2964,2965,,UNOBSERVED,UNKNOWN_NO_CUSTOMER_VERBATIM_OR_SENTIMENT_LABEL,FEEDBACK_NOT_OBSERVED
2965,2966,,UNOBSERVED,UNKNOWN_NO_CUSTOMER_VERBATIM_OR_SENTIMENT_LABEL,FEEDBACK_NOT_OBSERVED
2966,2967,,UNOBSERVED,UNKNOWN_NO_CUSTOMER_VERBATIM_OR_SENTIMENT_LABEL,FEEDBACK_NOT_OBSERVED
2967,2968,4,HIGH_REPORTED,UNKNOWN_NO_CUSTOMER_VERBATIM_OR_SENTIMENT_LABEL,KEEP_OBSERVED_SCORE
2968,2969,2,LOW_REPORTED,UNKNOWN_NO_CUSTOMER_VERBATIM_OR_SENTIMENT_LABEL,REVIEW_REPORTED_LOW_CSAT
2969,2970,5,HIGH_REPORTED,UNKNOWN_NO_CUSTOMER_VERBATIM_OR_SENTIMENT_LABEL,KEEP_OBSERVED_SCORE
2970,2971,2,LOW_REPORTED,UNKNOWN_NO_CUSTOMER_VERBATIM_OR_SENTIMENT_LABEL,REVIEW_REPORTED_LOW_CSAT
2971,2972,,UNOBSERVED,UNKNOWN_NO_CUSTOMER_VERBATIM_OR_SENTIMENT_LABEL,FEEDBACK_NOT_OBSERVED
2972,2973,,UNOBSERVED,UNKNOWN_NO_CUSTOMER_VERBATIM_OR_SENTIMENT_LABEL,FEEDBACK_NOT_OBSERVED
2973,2974,,UNOBSERVED,UNKNOWN_NO_CUSTOMER_VERBATIM_OR_SENTIMENT_LABEL,FEEDBACK_NOT_OBSERVED
2974,2975,,UNOBSERVED,UNKNOWN_NO_CUSTOMER_VERBATIM_OR_SENTIMENT_LABEL,FEEDBACK_NOT_OBSERVED
2975,2976,1,LOW_REPORTED,UNKNOWN_NO_CUSTOMER_VERBATIM_OR_SENTIMENT_LABEL,REVIEW_REPORTED_LOW_CSAT
2976,2977,3,MIDDLE_REPORTED,UNKNOWN_NO_CUSTOMER_VERBATIM_OR_SENTIMENT_LABEL,KEEP_OBSERVED_SCORE
2977,2978,,UNOBSERVED,UNKNOWN_NO_CUSTOMER_VERBATIM_OR_SENTIMENT_LABEL,FEEDBACK_NOT_OBSERVED
2978,2979,,UNOBSERVED,UNKNOWN_NO_CUSTOMER_VERBATIM_OR_SENTIMENT_LABEL,FEEDBACK_NOT_OBSERVED
2979,2980,,UNOBSERVED,UNKNOWN_NO_CUSTOMER_VERBATIM_OR_SENTIMENT_LABEL,FEEDBACK_NOT_OBSERVED
2980,2981,,UNOBSERVED,UNKNOWN_NO_CUSTOMER_VERBATIM_OR_SENTIMENT_LABEL,FEEDBACK_NOT_OBSERVED
2981,2982,,UNOBSERVED,UNKNOWN_NO_CUSTOMER_VERBATIM_OR_SENTIMENT_LABEL,FEEDBACK_NOT_OBSERVED
2982,2983,,UNOBSERVED,UNKNOWN_NO_CUSTOMER_VERBATIM_OR_SENTIMENT_LABEL,FEEDBACK_NOT_OBSERVED
2983,2984,,UNOBSERVED,UNKNOWN_NO_CUSTOMER_VERBATIM_OR_SENTIMENT_LABEL,FEEDBACK_NOT_OBSERVED
2984,2985,,UNOBSERVED,UNKNOWN_NO_CUSTOMER_VERBATIM_OR_SENTIMENT_LABEL,FEEDBACK_NOT_OBSERVED
2985,2986,1,LOW_REPORTED,UNKNOWN_NO_CUSTOMER_VERBATIM_OR_SENTIMENT_LABEL,REVIEW_REPORTED_LOW_CSAT
2986,2987,,UNOBSERVED,UNKNOWN_NO_CUSTOMER_VERBATIM_OR_SENTIMENT_LABEL,FEEDBACK_NOT_OBSERVED
2987,2988,,UNOBSERVED,UNKNOWN_NO_CUSTOMER_VERBATIM_OR_SENTIMENT_LABEL,FEEDBACK_NOT_OBSERVED
2988,2989,4,HIGH_REPORTED,UNKNOWN_NO_CUSTOMER_VERBATIM_OR_SENTIMENT_LABEL,KEEP_OBSERVED_SCORE
2989,2990,2,LOW_REPORTED,UNKNOWN_NO_CUSTOMER_VERBATIM_OR_SENTIMENT_LABEL,REVIEW_REPORTED_LOW_CSAT
2990,2991,,UNOBSERVED,UNKNOWN_NO_CUSTOMER_VERBATIM_OR_SENTIMENT_LABEL,FEEDBACK_NOT_OBSERVED
2991,2992,,UNOBSERVED,UNKNOWN_NO_CUSTOMER_VERBATIM_OR_SENTIMENT_LABEL,FEEDBACK_NOT_OBSERVED
2992,2993,,UNOBSERVED,UNKNOWN_NO_CUSTOMER_VERBATIM_OR_SENTIMENT_LABEL,FEEDBACK_NOT_OBSERVED
2993,2994,4,HIGH_REPORTED,UNKNOWN_NO_CUSTOMER_VERBATIM_OR_SENTIMENT_LABEL,KEEP_OBSERVED_SCORE
2994,2995,,UNOBSERVED,UNKNOWN_NO_CUSTOMER_VERBATIM_OR_SENTIMENT_LABEL,FEEDBACK_NOT_OBSERVED
2995,2996,,UNOBSERVED,UNKNOWN_NO_CUSTOMER_VERBATIM_OR_SENTIMENT_LABEL,FEEDBACK_NOT_OBSERVED
2996,2997,4,HIGH_REPORTED,UNKNOWN_NO_CUSTOMER_VERBATIM_OR_SENTIMENT_LABEL,KEEP_OBSERVED_SCORE
2997,2998,,UNOBSERVED,UNKNOWN_NO_CUSTOMER_VERBATIM_OR_SENTIMENT_LABEL,FEEDBACK_NOT_OBSERVED
2998,2999,,UNOBSERVED,UNKNOWN_NO_CUSTOMER_VERBATIM_OR_SENTIMENT_LABEL,FEEDBACK_NOT_OBSERVED
2999,3000,,UNOBSERVED,UNKNOWN_NO_CUSTOMER_VERBATIM_OR_SENTIMENT_LABEL,FEEDBACK_NOT_OBSERVED
3000,3001,5,HIGH_REPORTED,UNKNOWN_NO_CUSTOMER_VERBATIM_OR_SENTIMENT_LABEL,KEEP_OBSERVED_SCORE
3001,3002,5,HIGH_REPORTED,UNKNOWN_NO_CUSTOMER_VERBATIM_OR_SENTIMENT_LABEL,KEEP_OBSERVED_SCORE
3002,3003,4,HIGH_REPORTED,UNKNOWN_NO_CUSTOMER_VERBATIM_OR_SENTIMENT_LABEL,KEEP_OBSERVED_SCORE
3003,3004,,UNOBSERVED,UNKNOWN_NO_CUSTOMER_VERBATIM_OR_SENTIMENT_LABEL,FEEDBACK_NOT_OBSERVED
3004,3005,,UNOBSERVED,UNKNOWN_NO_CUSTOMER_VERBATIM_OR_SENTIMENT_LABEL,FEEDBACK_NOT_OBSERVED
3005,3006,,UNOBSERVED,UNKNOWN_NO_CUSTOMER_VERBATIM_OR_SENTIMENT_LABEL,FEEDBACK_NOT_OBSERVED
3006,3007,1,LOW_REPORTED,UNKNOWN_NO_CUSTOMER_VERBATIM_OR_SENTIMENT_LABEL,REVIEW_REPORTED_LOW_CSAT
3007,3008,,UNOBSERVED,UNKNOWN_NO_CUSTOMER_VERBATIM_OR_SENTIMENT_LABEL,FEEDBACK_NOT_OBSERVED
3008,3009,1,LOW_REPORTED,UNKNOWN_NO_CUSTOMER_VERBATIM_OR_SENTIMENT_LABEL,REVIEW_REPORTED_LOW_CSAT
3009,3010,5,HIGH_REPORTED,UNKNOWN_NO_CUSTOMER_VERBATIM_OR_SENTIMENT_LABEL,KEEP_OBSERVED_SCORE
3010,3011,,UNOBSERVED,UNKNOWN_NO_CUSTOMER_VERBATIM_OR_SENTIMENT_LABEL,FEEDBACK_NOT_OBSERVED
3011,3012,,UNOBSERVED,UNKNOWN_NO_CUSTOMER_VERBATIM_OR_SENTIMENT_LABEL,FEEDBACK_NOT_OBSERVED
3012,3013,4,HIGH_REPORTED,UNKNOWN_NO_CUSTOMER_VERBATIM_OR_SENTIMENT_LABEL,KEEP_OBSERVED_SCORE
3013,3014,5,HIGH_REPORTED,UNKNOWN_NO_CUSTOMER_VERBATIM_OR_SENTIMENT_LABEL,KEEP_OBSERVED_SCORE
3014,3015,5,HIGH_REPORTED,UNKNOWN_NO_CUSTOMER_VERBATIM_OR_SENTIMENT_LABEL,KEEP_OBSERVED_SCORE
3015,3016,5,HIGH_REPORTED,UNKNOWN_NO_CUSTOMER_VERBATIM_OR_SENTIMENT_LABEL,KEEP_OBSERVED_SCORE
3016,3017,,UNOBSERVED,UNKNOWN_NO_CUSTOMER_VERBATIM_OR_SENTIMENT_LABEL,FEEDBACK_NOT_OBSERVED
3017,3018,,UNOBSERVED,UNKNOWN_NO_CUSTOMER_VERBATIM_OR_SENTIMENT_LABEL,FEEDBACK_NOT_OBSERVED
3018,3019,,UNOBSERVED,UNKNOWN_NO_CUSTOMER_VERBATIM_OR_SENTIMENT_LABEL,FEEDBACK_NOT_OBSERVED
3019,3020,,UNOBSERVED,UNKNOWN_NO_CUSTOMER_VERBATIM_OR_SENTIMENT_LABEL,FEEDBACK_NOT_OBSERVED
3020,3021,2,LOW_REPORTED,UNKNOWN_NO_CUSTOMER_VERBATIM_OR_SENTIMENT_LABEL,REVIEW_REPORTED_LOW_CSAT
3021,3022,,UNOBSERVED,UNKNOWN_NO_CUSTOMER_VERBATIM_OR_SENTIMENT_LABEL,FEEDBACK_NOT_OBSERVED
3022,3023,5,HIGH_REPORTED,UNKNOWN_NO_CUSTOMER_VERBATIM_OR_SENTIMENT_LABEL,KEEP_OBSERVED_SCORE
3023,3024,1,LOW_REPORTED,UNKNOWN_NO_CUSTOMER_VERBATIM_OR_SENTIMENT_LABEL,REVIEW_REPORTED_LOW_CSAT
3024,3025,,UNOBSERVED,UNKNOWN_NO_CUSTOMER_VERBATIM_OR_SENTIMENT_LABEL,FEEDBACK_NOT_OBSERVED
3025,3026,,UNOBSERVED,UNKNOWN_NO_CUSTOMER_VERBATIM_OR_SENTIMENT_LABEL,FEEDBACK_NOT_OBSERVED
3026,3027,,UNOBSERVED,UNKNOWN_NO_CUSTOMER_VERBATIM_OR_SENTIMENT_LABEL,FEEDBACK_NOT_OBSERVED
3027,3028,,UNOBSERVED,UNKNOWN_NO_CUSTOMER_VERBATIM_OR_SENTIMENT_LABEL,FEEDBACK_NOT_OBSERVED
3028,3029,,UNOBSERVED,UNKNOWN_NO_CUSTOMER_VERBATIM_OR_SENTIMENT_LABEL,FEEDBACK_NOT_OBSERVED
3029,3030,,UNOBSERVED,UNKNOWN_NO_CUSTOMER_VERBATIM_OR_SENTIMENT_LABEL,FEEDBACK_NOT_OBSERVED
3030,3031,5,HIGH_REPORTED,UNKNOWN_NO_CUSTOMER_VERBATIM_OR_SENTIMENT_LABEL,KEEP_OBSERVED_SCORE
3031,3032,4,HIGH_REPORTED,UNKNOWN_NO_CUSTOMER_VERBATIM_OR_SENTIMENT_LABEL,KEEP_OBSERVED_SCORE
3032,3033,5,HIGH_REPORTED,UNKNOWN_NO_CUSTOMER_VERBATIM_OR_SENTIMENT_LABEL,KEEP_OBSERVED_SCORE
3033,3034,,UNOBSERVED,UNKNOWN_NO_CUSTOMER_VERBATIM_OR_SENTIMENT_LABEL,FEEDBACK_NOT_OBSERVED
3034,3035,1,LOW_REPORTED,UNKNOWN_NO_CUSTOMER_VERBATIM_OR_SENTIMENT_LABEL,REVIEW_REPORTED_LOW_CSAT
3035,3036,5,HIGH_REPORTED,UNKNOWN_NO_CUSTOMER_VERBATIM_OR_SENTIMENT_LABEL,KEEP_OBSERVED_SCORE
3036,3037,,UNOBSERVED,UNKNOWN_NO_CUSTOMER_VERBATIM_OR_SENTIMENT_LABEL,FEEDBACK_NOT_OBSERVED
3037,3038,1,LOW_REPORTED,UNKNOWN_NO_CUSTOMER_VERBATIM_OR_SENTIMENT_LABEL,REVIEW_REPORTED_LOW_CSAT
3038,3039,,UNOBSERVED,UNKNOWN_NO_CUSTOMER_VERBATIM_OR_SENTIMENT_LABEL,FEEDBACK_NOT_OBSERVED
3039,3040,,UNOBSERVED,UNKNOWN_NO_CUSTOMER_VERBATIM_OR_SENTIMENT_LABEL,FEEDBACK_NOT_OBSERVED
3040,3041,,UNOBSERVED,UNKNOWN_NO_CUSTOMER_VERBATIM_OR_SENTIMENT_LABEL,FEEDBACK_NOT_OBSERVED
3041,3042,3,MIDDLE_REPORTED,UNKNOWN_NO_CUSTOMER_VERBATIM_OR_SENTIMENT_LABEL,KEEP_OBSERVED_SCORE
3042,3043,2,LOW_REPORTED,UNKNOWN_NO_CUSTOMER_VERBATIM_OR_SENTIMENT_LABEL,REVIEW_REPORTED_LOW_CSAT
3043,3044,,UNOBSERVED,UNKNOWN_NO_CUSTOMER_VERBATIM_OR_SENTIMENT_LABEL,FEEDBACK_NOT_OBSERVED
3044,3045,,UNOBSERVED,UNKNOWN_NO_CUSTOMER_VERBATIM_OR_SENTIMENT_LABEL,FEEDBACK_NOT_OBSERVED
3045,3046,4,HIGH_REPORTED,UNKNOWN_NO_CUSTOMER_VERBATIM_OR_SENTIMENT_LABEL,KEEP_OBSERVED_SCORE
3046,3047,1,LOW_REPORTED,UNKNOWN_NO_CUSTOMER_VERBATIM_OR_SENTIMENT_LABEL,REVIEW_REPORTED_LOW_CSAT
3047,3048,,UNOBSERVED,UNKNOWN_NO_CUSTOMER_VERBATIM_OR_SENTIMENT_LABEL,FEEDBACK_NOT_OBSERVED
3048,3049,,UNOBSERVED,UNKNOWN_NO_CUSTOMER_VERBATIM_OR_SENTIMENT_LABEL,FEEDBACK_NOT_OBSERVED
3049,3050,2,LOW_REPORTED,UNKNOWN_NO_CUSTOMER_VERBATIM_OR_SENTIMENT_LABEL,REVIEW_REPORTED_LOW_CSAT
3050,3051,,UNOBSERVED,UNKNOWN_NO_CUSTOMER_VERBATIM_OR_SENTIMENT_LABEL,FEEDBACK_NOT_OBSERVED
3051,3052,2,LOW_REPORTED,UNKNOWN_NO_CUSTOMER_VERBATIM_OR_SENTIMENT_LABEL,REVIEW_REPORTED_LOW_CSAT
3052,3053,,UNOBSERVED,UNKNOWN_NO_CUSTOMER_VERBATIM_OR_SENTIMENT_LABEL,FEEDBACK_NOT_OBSERVED
3053,3054,1,LOW_REPORTED,UNKNOWN_NO_CUSTOMER_VERBATIM_OR_SENTIMENT_LABEL,REVIEW_REPORTED_LOW_CSAT
3054,3055,,UNOBSERVED,UNKNOWN_NO_CUSTOMER_VERBATIM_OR_SENTIMENT_LABEL,FEEDBACK_NOT_OBSERVED
3055,3056,2,LOW_REPORTED,UNKNOWN_NO_CUSTOMER_VERBATIM_OR_SENTIMENT_LABEL,REVIEW_REPORTED_LOW_CSAT
3056,3057,,UNOBSERVED,UNKNOWN_NO_CUSTOMER_VERBATIM_OR_SENTIMENT_LABEL,FEEDBACK_NOT_OBSERVED
3057,3058,,UNOBSERVED,UNKNOWN_NO_CUSTOMER_VERBATIM_OR_SENTIMENT_LABEL,FEEDBACK_NOT_OBSERVED
3058,3059,,UNOBSERVED,UNKNOWN_NO_CUSTOMER_VERBATIM_OR_SENTIMENT_LABEL,FEEDBACK_NOT_OBSERVED
3059,3060,,UNOBSERVED,UNKNOWN_NO_CUSTOMER_VERBATIM_OR_SENTIMENT_LABEL,FEEDBACK_NOT_OBSERVED
3060,3061,2,LOW_REPORTED,UNKNOWN_NO_CUSTOMER_VERBATIM_OR_SENTIMENT_LABEL,REVIEW_REPORTED_LOW_CSAT
3061,3062,,UNOBSERVED,UNKNOWN_NO_CUSTOMER_VERBATIM_OR_SENTIMENT_LABEL,FEEDBACK_NOT_OBSERVED
3062,3063,,UNOBSERVED,UNKNOWN_NO_CUSTOMER_VERBATIM_OR_SENTIMENT_LABEL,FEEDBACK_NOT_OBSERVED
3063,3064,4,HIGH_REPORTED,UNKNOWN_NO_CUSTOMER_VERBATIM_OR_SENTIMENT_LABEL,KEEP_OBSERVED_SCORE
3064,3065,5,HIGH_REPORTED,UNKNOWN_NO_CUSTOMER_VERBATIM_OR_SENTIMENT_LABEL,KEEP_OBSERVED_SCORE
3065,3066,,UNOBSERVED,UNKNOWN_NO_CUSTOMER_VERBATIM_OR_SENTIMENT_LABEL,FEEDBACK_NOT_OBSERVED
3066,3067,5,HIGH_REPORTED,UNKNOWN_NO_CUSTOMER_VERBATIM_OR_SENTIMENT_LABEL,KEEP_OBSERVED_SCORE
3067,3068,1,LOW_REPORTED,UNKNOWN_NO_CUSTOMER_VERBATIM_OR_SENTIMENT_LABEL,REVIEW_REPORTED_LOW_CSAT
3068,3069,,UNOBSERVED,UNKNOWN_NO_CUSTOMER_VERBATIM_OR_SENTIMENT_LABEL,FEEDBACK_NOT_OBSERVED
3069,3070,,UNOBSERVED,UNKNOWN_NO_CUSTOMER_VERBATIM_OR_SENTIMENT_LABEL,FEEDBACK_NOT_OBSERVED
3070,3071,3,MIDDLE_REPORTED,UNKNOWN_NO_CUSTOMER_VERBATIM_OR_SENTIMENT_LABEL,KEEP_OBSERVED_SCORE
3071,3072,4,HIGH_REPORTED,UNKNOWN_NO_CUSTOMER_VERBATIM_OR_SENTIMENT_LABEL,KEEP_OBSERVED_SCORE
3072,3073,,UNOBSERVED,UNKNOWN_NO_CUSTOMER_VERBATIM_OR_SENTIMENT_LABEL,FEEDBACK_NOT_OBSERVED
3073,3074,,UNOBSERVED,UNKNOWN_NO_CUSTOMER_VERBATIM_OR_SENTIMENT_LABEL,FEEDBACK_NOT_OBSERVED
3074,3075,,UNOBSERVED,UNKNOWN_NO_CUSTOMER_VERBATIM_OR_SENTIMENT_LABEL,FEEDBACK_NOT_OBSERVED
3075,3076,1,LOW_REPORTED,UNKNOWN_NO_CUSTOMER_VERBATIM_OR_SENTIMENT_LABEL,REVIEW_REPORTED_LOW_CSAT
3076,3077,1,LOW_REPORTED,UNKNOWN_NO_CUSTOMER_VERBATIM_OR_SENTIMENT_LABEL,REVIEW_REPORTED_LOW_CSAT
3077,3078,,UNOBSERVED,UNKNOWN_NO_CUSTOMER_VERBATIM_OR_SENTIMENT_LABEL,FEEDBACK_NOT_OBSERVED
3078,3079,,UNOBSERVED,UNKNOWN_NO_CUSTOMER_VERBATIM_OR_SENTIMENT_LABEL,FEEDBACK_NOT_OBSERVED
3079,3080,2,LOW_REPORTED,UNKNOWN_NO_CUSTOMER_VERBATIM_OR_SENTIMENT_LABEL,REVIEW_REPORTED_LOW_CSAT
3080,3081,,UNOBSERVED,UNKNOWN_NO_CUSTOMER_VERBATIM_OR_SENTIMENT_LABEL,FEEDBACK_NOT_OBSERVED
3081,3082,5,HIGH_REPORTED,UNKNOWN_NO_CUSTOMER_VERBATIM_OR_SENTIMENT_LABEL,KEEP_OBSERVED_SCORE
3082,3083,,UNOBSERVED,UNKNOWN_NO_CUSTOMER_VERBATIM_OR_SENTIMENT_LABEL,FEEDBACK_NOT_OBSERVED
3083,3084,,UNOBSERVED,UNKNOWN_NO_CUSTOMER_VERBATIM_OR_SENTIMENT_LABEL,FEEDBACK_NOT_OBSERVED
3084,3085,,UNOBSERVED,UNKNOWN_NO_CUSTOMER_VERBATIM_OR_SENTIMENT_LABEL,FEEDBACK_NOT_OBSERVED
3085,3086,,UNOBSERVED,UNKNOWN_NO_CUSTOMER_VERBATIM_OR_SENTIMENT_LABEL,FEEDBACK_NOT_OBSERVED
3086,3087,,UNOBSERVED,UNKNOWN_NO_CUSTOMER_VERBATIM_OR_SENTIMENT_LABEL,FEEDBACK_NOT_OBSERVED
3087,3088,,UNOBSERVED,UNKNOWN_NO_CUSTOMER_VERBATIM_OR_SENTIMENT_LABEL,FEEDBACK_NOT_OBSERVED
3088,3089,,UNOBSERVED,UNKNOWN_NO_CUSTOMER_VERBATIM_OR_SENTIMENT_LABEL,FEEDBACK_NOT_OBSERVED
3089,3090,,UNOBSERVED,UNKNOWN_NO_CUSTOMER_VERBATIM_OR_SENTIMENT_LABEL,FEEDBACK_NOT_OBSERVED
3090,3091,,UNOBSERVED,UNKNOWN_NO_CUSTOMER_VERBATIM_OR_SENTIMENT_LABEL,FEEDBACK_NOT_OBSERVED
3091,3092,3,MIDDLE_REPORTED,UNKNOWN_NO_CUSTOMER_VERBATIM_OR_SENTIMENT_LABEL,KEEP_OBSERVED_SCORE
3092,3093,,UNOBSERVED,UNKNOWN_NO_CUSTOMER_VERBATIM_OR_SENTIMENT_LABEL,FEEDBACK_NOT_OBSERVED
3093,3094,,UNOBSERVED,UNKNOWN_NO_CUSTOMER_VERBATIM_OR_SENTIMENT_LABEL,FEEDBACK_NOT_OBSERVED
3094,3095,3,MIDDLE_REPORTED,UNKNOWN_NO_CUSTOMER_VERBATIM_OR_SENTIMENT_LABEL,KEEP_OBSERVED_SCORE
3095,3096,,UNOBSERVED,UNKNOWN_NO_CUSTOMER_VERBATIM_OR_SENTIMENT_LABEL,FEEDBACK_NOT_OBSERVED
3096,3097,,UNOBSERVED,UNKNOWN_NO_CUSTOMER_VERBATIM_OR_SENTIMENT_LABEL,FEEDBACK_NOT_OBSERVED
3097,3098,,UNOBSERVED,UNKNOWN_NO_CUSTOMER_VERBATIM_OR_SENTIMENT_LABEL,FEEDBACK_NOT_OBSERVED
3098,3099,3,MIDDLE_REPORTED,UNKNOWN_NO_CUSTOMER_VERBATIM_OR_SENTIMENT_LABEL,KEEP_OBSERVED_SCORE
3099,3100,,UNOBSERVED,UNKNOWN_NO_CUSTOMER_VERBATIM_OR_SENTIMENT_LABEL,FEEDBACK_NOT_OBSERVED
3100,3101,2,LOW_REPORTED,UNKNOWN_NO_CUSTOMER_VERBATIM_OR_SENTIMENT_LABEL,REVIEW_REPORTED_LOW_CSAT
3101,3102,,UNOBSERVED,UNKNOWN_NO_CUSTOMER_VERBATIM_OR_SENTIMENT_LABEL,FEEDBACK_NOT_OBSERVED
3102,3103,3,MIDDLE_REPORTED,UNKNOWN_NO_CUSTOMER_VERBATIM_OR_SENTIMENT_LABEL,KEEP_OBSERVED_SCORE
3103,3104,,UNOBSERVED,UNKNOWN_NO_CUSTOMER_VERBATIM_OR_SENTIMENT_LABEL,FEEDBACK_NOT_OBSERVED
3104,3105,,UNOBSERVED,UNKNOWN_NO_CUSTOMER_VERBATIM_OR_SENTIMENT_LABEL,FEEDBACK_NOT_OBSERVED
3105,3106,,UNOBSERVED,UNKNOWN_NO_CUSTOMER_VERBATIM_OR_SENTIMENT_LABEL,FEEDBACK_NOT_OBSERVED
3106,3107,4,HIGH_REPORTED,UNKNOWN_NO_CUSTOMER_VERBATIM_OR_SENTIMENT_LABEL,KEEP_OBSERVED_SCORE
3107,3108,,UNOBSERVED,UNKNOWN_NO_CUSTOMER_VERBATIM_OR_SENTIMENT_LABEL,FEEDBACK_NOT_OBSERVED
3108,3109,,UNOBSERVED,UNKNOWN_NO_CUSTOMER_VERBATIM_OR_SENTIMENT_LABEL,FEEDBACK_NOT_OBSERVED
3109,3110,,UNOBSERVED,UNKNOWN_NO_CUSTOMER_VERBATIM_OR_SENTIMENT_LABEL,FEEDBACK_NOT_OBSERVED
3110,3111,,UNOBSERVED,UNKNOWN_NO_CUSTOMER_VERBATIM_OR_SENTIMENT_LABEL,FEEDBACK_NOT_OBSERVED
3111,3112,,UNOBSERVED,UNKNOWN_NO_CUSTOMER_VERBATIM_OR_SENTIMENT_LABEL,FEEDBACK_NOT_OBSERVED
3112,3113,,UNOBSERVED,UNKNOWN_NO_CUSTOMER_VERBATIM_OR_SENTIMENT_LABEL,FEEDBACK_NOT_OBSERVED
3113,3114,,UNOBSERVED,UNKNOWN_NO_CUSTOMER_VERBATIM_OR_SENTIMENT_LABEL,FEEDBACK_NOT_OBSERVED
3114,3115,2,LOW_REPORTED,UNKNOWN_NO_CUSTOMER_VERBATIM_OR_SENTIMENT_LABEL,REVIEW_REPORTED_LOW_CSAT
3115,3116,,UNOBSERVED,UNKNOWN_NO_CUSTOMER_VERBATIM_OR_SENTIMENT_LABEL,FEEDBACK_NOT_OBSERVED
3116,3117,2,LOW_REPORTED,UNKNOWN_NO_CUSTOMER_VERBATIM_OR_SENTIMENT_LABEL,REVIEW_REPORTED_LOW_CSAT
3117,3118,2,LOW_REPORTED,UNKNOWN_NO_CUSTOMER_VERBATIM_OR_SENTIMENT_LABEL,REVIEW_REPORTED_LOW_CSAT
3118,3119,,UNOBSERVED,UNKNOWN_NO_CUSTOMER_VERBATIM_OR_SENTIMENT_LABEL,FEEDBACK_NOT_OBSERVED
3119,3120,,UNOBSERVED,UNKNOWN_NO_CUSTOMER_VERBATIM_OR_SENTIMENT_LABEL,FEEDBACK_NOT_OBSERVED
3120,3121,,UNOBSERVED,UNKNOWN_NO_CUSTOMER_VERBATIM_OR_SENTIMENT_LABEL,FEEDBACK_NOT_OBSERVED
3121,3122,,UNOBSERVED,UNKNOWN_NO_CUSTOMER_VERBATIM_OR_SENTIMENT_LABEL,FEEDBACK_NOT_OBSERVED
3122,3123,4,HIGH_REPORTED,UNKNOWN_NO_CUSTOMER_VERBATIM_OR_SENTIMENT_LABEL,KEEP_OBSERVED_SCORE
3123,3124,5,HIGH_REPORTED,UNKNOWN_NO_CUSTOMER_VERBATIM_OR_SENTIMENT_LABEL,KEEP_OBSERVED_SCORE
3124,3125,3,MIDDLE_REPORTED,UNKNOWN_NO_CUSTOMER_VERBATIM_OR_SENTIMENT_LABEL,KEEP_OBSERVED_SCORE
3125,3126,,UNOBSERVED,UNKNOWN_NO_CUSTOMER_VERBATIM_OR_SENTIMENT_LABEL,FEEDBACK_NOT_OBSERVED
3126,3127,,UNOBSERVED,UNKNOWN_NO_CUSTOMER_VERBATIM_OR_SENTIMENT_LABEL,FEEDBACK_NOT_OBSERVED
3127,3128,,UNOBSERVED,UNKNOWN_NO_CUSTOMER_VERBATIM_OR_SENTIMENT_LABEL,FEEDBACK_NOT_OBSERVED
3128,3129,,UNOBSERVED,UNKNOWN_NO_CUSTOMER_VERBATIM_OR_SENTIMENT_LABEL,FEEDBACK_NOT_OBSERVED
3129,3130,,UNOBSERVED,UNKNOWN_NO_CUSTOMER_VERBATIM_OR_SENTIMENT_LABEL,FEEDBACK_NOT_OBSERVED
3130,3131,,UNOBSERVED,UNKNOWN_NO_CUSTOMER_VERBATIM_OR_SENTIMENT_LABEL,FEEDBACK_NOT_OBSERVED
3131,3132,5,HIGH_REPORTED,UNKNOWN_NO_CUSTOMER_VERBATIM_OR_SENTIMENT_LABEL,KEEP_OBSERVED_SCORE
3132,3133,1,LOW_REPORTED,UNKNOWN_NO_CUSTOMER_VERBATIM_OR_SENTIMENT_LABEL,REVIEW_REPORTED_LOW_CSAT
3133,3134,3,MIDDLE_REPORTED,UNKNOWN_NO_CUSTOMER_VERBATIM_OR_SENTIMENT_LABEL,KEEP_OBSERVED_SCORE
3134,3135,,UNOBSERVED,UNKNOWN_NO_CUSTOMER_VERBATIM_OR_SENTIMENT_LABEL,FEEDBACK_NOT_OBSERVED
3135,3136,,UNOBSERVED,UNKNOWN_NO_CUSTOMER_VERBATIM_OR_SENTIMENT_LABEL,FEEDBACK_NOT_OBSERVED
3136,3137,,UNOBSERVED,UNKNOWN_NO_CUSTOMER_VERBATIM_OR_SENTIMENT_LABEL,FEEDBACK_NOT_OBSERVED
3137,3138,1,LOW_REPORTED,UNKNOWN_NO_CUSTOMER_VERBATIM_OR_SENTIMENT_LABEL,REVIEW_REPORTED_LOW_CSAT
3138,3139,2,LOW_REPORTED,UNKNOWN_NO_CUSTOMER_VERBATIM_OR_SENTIMENT_LABEL,REVIEW_REPORTED_LOW_CSAT
3139,3140,,UNOBSERVED,UNKNOWN_NO_CUSTOMER_VERBATIM_OR_SENTIMENT_LABEL,FEEDBACK_NOT_OBSERVED
3140,3141,,UNOBSERVED,UNKNOWN_NO_CUSTOMER_VERBATIM_OR_SENTIMENT_LABEL,FEEDBACK_NOT_OBSERVED
3141,3142,4,HIGH_REPORTED,UNKNOWN_NO_CUSTOMER_VERBATIM_OR_SENTIMENT_LABEL,KEEP_OBSERVED_SCORE
3142,3143,,UNOBSERVED,UNKNOWN_NO_CUSTOMER_VERBATIM_OR_SENTIMENT_LABEL,FEEDBACK_NOT_OBSERVED
3143,3144,2,LOW_REPORTED,UNKNOWN_NO_CUSTOMER_VERBATIM_OR_SENTIMENT_LABEL,REVIEW_REPORTED_LOW_CSAT
3144,3145,,UNOBSERVED,UNKNOWN_NO_CUSTOMER_VERBATIM_OR_SENTIMENT_LABEL,FEEDBACK_NOT_OBSERVED
3145,3146,4,HIGH_REPORTED,UNKNOWN_NO_CUSTOMER_VERBATIM_OR_SENTIMENT_LABEL,KEEP_OBSERVED_SCORE
3146,3147,,UNOBSERVED,UNKNOWN_NO_CUSTOMER_VERBATIM_OR_SENTIMENT_LABEL,FEEDBACK_NOT_OBSERVED
3147,3148,1,LOW_REPORTED,UNKNOWN_NO_CUSTOMER_VERBATIM_OR_SENTIMENT_LABEL,REVIEW_REPORTED_LOW_CSAT
3148,3149,,UNOBSERVED,UNKNOWN_NO_CUSTOMER_VERBATIM_OR_SENTIMENT_LABEL,FEEDBACK_NOT_OBSERVED
3149,3150,,UNOBSERVED,UNKNOWN_NO_CUSTOMER_VERBATIM_OR_SENTIMENT_LABEL,FEEDBACK_NOT_OBSERVED
3150,3151,,UNOBSERVED,UNKNOWN_NO_CUSTOMER_VERBATIM_OR_SENTIMENT_LABEL,FEEDBACK_NOT_OBSERVED
3151,3152,,UNOBSERVED,UNKNOWN_NO_CUSTOMER_VERBATIM_OR_SENTIMENT_LABEL,FEEDBACK_NOT_OBSERVED
3152,3153,5,HIGH_REPORTED,UNKNOWN_NO_CUSTOMER_VERBATIM_OR_SENTIMENT_LABEL,KEEP_OBSERVED_SCORE
3153,3154,,UNOBSERVED,UNKNOWN_NO_CUSTOMER_VERBATIM_OR_SENTIMENT_LABEL,FEEDBACK_NOT_OBSERVED
3154,3155,,UNOBSERVED,UNKNOWN_NO_CUSTOMER_VERBATIM_OR_SENTIMENT_LABEL,FEEDBACK_NOT_OBSERVED
3155,3156,2,LOW_REPORTED,UNKNOWN_NO_CUSTOMER_VERBATIM_OR_SENTIMENT_LABEL,REVIEW_REPORTED_LOW_CSAT
3156,3157,,UNOBSERVED,UNKNOWN_NO_CUSTOMER_VERBATIM_OR_SENTIMENT_LABEL,FEEDBACK_NOT_OBSERVED
3157,3158,2,LOW_REPORTED,UNKNOWN_NO_CUSTOMER_VERBATIM_OR_SENTIMENT_LABEL,REVIEW_REPORTED_LOW_CSAT
3158,3159,5,HIGH_REPORTED,UNKNOWN_NO_CUSTOMER_VERBATIM_OR_SENTIMENT_LABEL,KEEP_OBSERVED_SCORE
3159,3160,,UNOBSERVED,UNKNOWN_NO_CUSTOMER_VERBATIM_OR_SENTIMENT_LABEL,FEEDBACK_NOT_OBSERVED
3160,3161,,UNOBSERVED,UNKNOWN_NO_CUSTOMER_VERBATIM_OR_SENTIMENT_LABEL,FEEDBACK_NOT_OBSERVED
3161,3162,,UNOBSERVED,UNKNOWN_NO_CUSTOMER_VERBATIM_OR_SENTIMENT_LABEL,FEEDBACK_NOT_OBSERVED
3162,3163,,UNOBSERVED,UNKNOWN_NO_CUSTOMER_VERBATIM_OR_SENTIMENT_LABEL,FEEDBACK_NOT_OBSERVED
3163,3164,,UNOBSERVED,UNKNOWN_NO_CUSTOMER_VERBATIM_OR_SENTIMENT_LABEL,FEEDBACK_NOT_OBSERVED
3164,3165,,UNOBSERVED,UNKNOWN_NO_CUSTOMER_VERBATIM_OR_SENTIMENT_LABEL,FEEDBACK_NOT_OBSERVED
3165,3166,,UNOBSERVED,UNKNOWN_NO_CUSTOMER_VERBATIM_OR_SENTIMENT_LABEL,FEEDBACK_NOT_OBSERVED
3166,3167,,UNOBSERVED,UNKNOWN_NO_CUSTOMER_VERBATIM_OR_SENTIMENT_LABEL,FEEDBACK_NOT_OBSERVED
3167,3168,,UNOBSERVED,UNKNOWN_NO_CUSTOMER_VERBATIM_OR_SENTIMENT_LABEL,FEEDBACK_NOT_OBSERVED
3168,3169,,UNOBSERVED,UNKNOWN_NO_CUSTOMER_VERBATIM_OR_SENTIMENT_LABEL,FEEDBACK_NOT_OBSERVED
3169,3170,,UNOBSERVED,UNKNOWN_NO_CUSTOMER_VERBATIM_OR_SENTIMENT_LABEL,FEEDBACK_NOT_OBSERVED
3170,3171,,UNOBSERVED,UNKNOWN_NO_CUSTOMER_VERBATIM_OR_SENTIMENT_LABEL,FEEDBACK_NOT_OBSERVED
3171,3172,5,HIGH_REPORTED,UNKNOWN_NO_CUSTOMER_VERBATIM_OR_SENTIMENT_LABEL,KEEP_OBSERVED_SCORE
3172,3173,,UNOBSERVED,UNKNOWN_NO_CUSTOMER_VERBATIM_OR_SENTIMENT_LABEL,FEEDBACK_NOT_OBSERVED
3173,3174,1,LOW_REPORTED,UNKNOWN_NO_CUSTOMER_VERBATIM_OR_SENTIMENT_LABEL,REVIEW_REPORTED_LOW_CSAT
3174,3175,,UNOBSERVED,UNKNOWN_NO_CUSTOMER_VERBATIM_OR_SENTIMENT_LABEL,FEEDBACK_NOT_OBSERVED
3175,3176,,UNOBSERVED,UNKNOWN_NO_CUSTOMER_VERBATIM_OR_SENTIMENT_LABEL,FEEDBACK_NOT_OBSERVED
3176,3177,,UNOBSERVED,UNKNOWN_NO_CUSTOMER_VERBATIM_OR_SENTIMENT_LABEL,FEEDBACK_NOT_OBSERVED
3177,3178,,UNOBSERVED,UNKNOWN_NO_CUSTOMER_VERBATIM_OR_SENTIMENT_LABEL,FEEDBACK_NOT_OBSERVED
3178,3179,,UNOBSERVED,UNKNOWN_NO_CUSTOMER_VERBATIM_OR_SENTIMENT_LABEL,FEEDBACK_NOT_OBSERVED
3179,3180,1,LOW_REPORTED,UNKNOWN_NO_CUSTOMER_VERBATIM_OR_SENTIMENT_LABEL,REVIEW_REPORTED_LOW_CSAT
3180,3181,2,LOW_REPORTED,UNKNOWN_NO_CUSTOMER_VERBATIM_OR_SENTIMENT_LABEL,REVIEW_REPORTED_LOW_CSAT
3181,3182,,UNOBSERVED,UNKNOWN_NO_CUSTOMER_VERBATIM_OR_SENTIMENT_LABEL,FEEDBACK_NOT_OBSERVED
3182,3183,2,LOW_REPORTED,UNKNOWN_NO_CUSTOMER_VERBATIM_OR_SENTIMENT_LABEL,REVIEW_REPORTED_LOW_CSAT
3183,3184,5,HIGH_REPORTED,UNKNOWN_NO_CUSTOMER_VERBATIM_OR_SENTIMENT_LABEL,KEEP_OBSERVED_SCORE
3184,3185,,UNOBSERVED,UNKNOWN_NO_CUSTOMER_VERBATIM_OR_SENTIMENT_LABEL,FEEDBACK_NOT_OBSERVED
3185,3186,,UNOBSERVED,UNKNOWN_NO_CUSTOMER_VERBATIM_OR_SENTIMENT_LABEL,FEEDBACK_NOT_OBSERVED
3186,3187,2,LOW_REPORTED,UNKNOWN_NO_CUSTOMER_VERBATIM_OR_SENTIMENT_LABEL,REVIEW_REPORTED_LOW_CSAT
3187,3188,,UNOBSERVED,UNKNOWN_NO_CUSTOMER_VERBATIM_OR_SENTIMENT_LABEL,FEEDBACK_NOT_OBSERVED
3188,3189,1,LOW_REPORTED,UNKNOWN_NO_CUSTOMER_VERBATIM_OR_SENTIMENT_LABEL,REVIEW_REPORTED_LOW_CSAT
3189,3190,1,LOW_REPORTED,UNKNOWN_NO_CUSTOMER_VERBATIM_OR_SENTIMENT_LABEL,REVIEW_REPORTED_LOW_CSAT
3190,3191,,UNOBSERVED,UNKNOWN_NO_CUSTOMER_VERBATIM_OR_SENTIMENT_LABEL,FEEDBACK_NOT_OBSERVED
3191,3192,,UNOBSERVED,UNKNOWN_NO_CUSTOMER_VERBATIM_OR_SENTIMENT_LABEL,FEEDBACK_NOT_OBSERVED
3192,3193,2,LOW_REPORTED,UNKNOWN_NO_CUSTOMER_VERBATIM_OR_SENTIMENT_LABEL,REVIEW_REPORTED_LOW_CSAT
3193,3194,,UNOBSERVED,UNKNOWN_NO_CUSTOMER_VERBATIM_OR_SENTIMENT_LABEL,FEEDBACK_NOT_OBSERVED
3194,3195,,UNOBSERVED,UNKNOWN_NO_CUSTOMER_VERBATIM_OR_SENTIMENT_LABEL,FEEDBACK_NOT_OBSERVED
3195,3196,1,LOW_REPORTED,UNKNOWN_NO_CUSTOMER_VERBATIM_OR_SENTIMENT_LABEL,REVIEW_REPORTED_LOW_CSAT
3196,3197,,UNOBSERVED,UNKNOWN_NO_CUSTOMER_VERBATIM_OR_SENTIMENT_LABEL,FEEDBACK_NOT_OBSERVED
3197,3198,3,MIDDLE_REPORTED,UNKNOWN_NO_CUSTOMER_VERBATIM_OR_SENTIMENT_LABEL,KEEP_OBSERVED_SCORE
3198,3199,2,LOW_REPORTED,UNKNOWN_NO_CUSTOMER_VERBATIM_OR_SENTIMENT_LABEL,REVIEW_REPORTED_LOW_CSAT
3199,3200,,UNOBSERVED,UNKNOWN_NO_CUSTOMER_VERBATIM_OR_SENTIMENT_LABEL,FEEDBACK_NOT_OBSERVED
3200,3201,,UNOBSERVED,UNKNOWN_NO_CUSTOMER_VERBATIM_OR_SENTIMENT_LABEL,FEEDBACK_NOT_OBSERVED
3201,3202,,UNOBSERVED,UNKNOWN_NO_CUSTOMER_VERBATIM_OR_SENTIMENT_LABEL,FEEDBACK_NOT_OBSERVED
3202,3203,,UNOBSERVED,UNKNOWN_NO_CUSTOMER_VERBATIM_OR_SENTIMENT_LABEL,FEEDBACK_NOT_OBSERVED
3203,3204,,UNOBSERVED,UNKNOWN_NO_CUSTOMER_VERBATIM_OR_SENTIMENT_LABEL,FEEDBACK_NOT_OBSERVED
3204,3205,,UNOBSERVED,UNKNOWN_NO_CUSTOMER_VERBATIM_OR_SENTIMENT_LABEL,FEEDBACK_NOT_OBSERVED
3205,3206,,UNOBSERVED,UNKNOWN_NO_CUSTOMER_VERBATIM_OR_SENTIMENT_LABEL,FEEDBACK_NOT_OBSERVED
3206,3207,,UNOBSERVED,UNKNOWN_NO_CUSTOMER_VERBATIM_OR_SENTIMENT_LABEL,FEEDBACK_NOT_OBSERVED
3207,3208,,UNOBSERVED,UNKNOWN_NO_CUSTOMER_VERBATIM_OR_SENTIMENT_LABEL,FEEDBACK_NOT_OBSERVED
3208,3209,,UNOBSERVED,UNKNOWN_NO_CUSTOMER_VERBATIM_OR_SENTIMENT_LABEL,FEEDBACK_NOT_OBSERVED
3209,3210,2,LOW_REPORTED,UNKNOWN_NO_CUSTOMER_VERBATIM_OR_SENTIMENT_LABEL,REVIEW_REPORTED_LOW_CSAT
3210,3211,4,HIGH_REPORTED,UNKNOWN_NO_CUSTOMER_VERBATIM_OR_SENTIMENT_LABEL,KEEP_OBSERVED_SCORE
3211,3212,1,LOW_REPORTED,UNKNOWN_NO_CUSTOMER_VERBATIM_OR_SENTIMENT_LABEL,REVIEW_REPORTED_LOW_CSAT
3212,3213,,UNOBSERVED,UNKNOWN_NO_CUSTOMER_VERBATIM_OR_SENTIMENT_LABEL,FEEDBACK_NOT_OBSERVED
3213,3214,1,LOW_REPORTED,UNKNOWN_NO_CUSTOMER_VERBATIM_OR_SENTIMENT_LABEL,REVIEW_REPORTED_LOW_CSAT
3214,3215,,UNOBSERVED,UNKNOWN_NO_CUSTOMER_VERBATIM_OR_SENTIMENT_LABEL,FEEDBACK_NOT_OBSERVED
3215,3216,,UNOBSERVED,UNKNOWN_NO_CUSTOMER_VERBATIM_OR_SENTIMENT_LABEL,FEEDBACK_NOT_OBSERVED
3216,3217,2,LOW_REPORTED,UNKNOWN_NO_CUSTOMER_VERBATIM_OR_SENTIMENT_LABEL,REVIEW_REPORTED_LOW_CSAT
3217,3218,,UNOBSERVED,UNKNOWN_NO_CUSTOMER_VERBATIM_OR_SENTIMENT_LABEL,FEEDBACK_NOT_OBSERVED
3218,3219,,UNOBSERVED,UNKNOWN_NO_CUSTOMER_VERBATIM_OR_SENTIMENT_LABEL,FEEDBACK_NOT_OBSERVED
3219,3220,,UNOBSERVED,UNKNOWN_NO_CUSTOMER_VERBATIM_OR_SENTIMENT_LABEL,FEEDBACK_NOT_OBSERVED
3220,3221,,UNOBSERVED,UNKNOWN_NO_CUSTOMER_VERBATIM_OR_SENTIMENT_LABEL,FEEDBACK_NOT_OBSERVED
3221,3222,,UNOBSERVED,UNKNOWN_NO_CUSTOMER_VERBATIM_OR_SENTIMENT_LABEL,FEEDBACK_NOT_OBSERVED
3222,3223,,UNOBSERVED,UNKNOWN_NO_CUSTOMER_VERBATIM_OR_SENTIMENT_LABEL,FEEDBACK_NOT_OBSERVED
3223,3224,4,HIGH_REPORTED,UNKNOWN_NO_CUSTOMER_VERBATIM_OR_SENTIMENT_LABEL,KEEP_OBSERVED_SCORE
3224,3225,,UNOBSERVED,UNKNOWN_NO_CUSTOMER_VERBATIM_OR_SENTIMENT_LABEL,FEEDBACK_NOT_OBSERVED
3225,3226,,UNOBSERVED,UNKNOWN_NO_CUSTOMER_VERBATIM_OR_SENTIMENT_LABEL,FEEDBACK_NOT_OBSERVED
3226,3227,4,HIGH_REPORTED,UNKNOWN_NO_CUSTOMER_VERBATIM_OR_SENTIMENT_LABEL,KEEP_OBSERVED_SCORE
3227,3228,,UNOBSERVED,UNKNOWN_NO_CUSTOMER_VERBATIM_OR_SENTIMENT_LABEL,FEEDBACK_NOT_OBSERVED
3228,3229,,UNOBSERVED,UNKNOWN_NO_CUSTOMER_VERBATIM_OR_SENTIMENT_LABEL,FEEDBACK_NOT_OBSERVED
3229,3230,,UNOBSERVED,UNKNOWN_NO_CUSTOMER_VERBATIM_OR_SENTIMENT_LABEL,FEEDBACK_NOT_OBSERVED
3230,3231,2,LOW_REPORTED,UNKNOWN_NO_CUSTOMER_VERBATIM_OR_SENTIMENT_LABEL,REVIEW_REPORTED_LOW_CSAT
3231,3232,,UNOBSERVED,UNKNOWN_NO_CUSTOMER_VERBATIM_OR_SENTIMENT_LABEL,FEEDBACK_NOT_OBSERVED
3232,3233,,UNOBSERVED,UNKNOWN_NO_CUSTOMER_VERBATIM_OR_SENTIMENT_LABEL,FEEDBACK_NOT_OBSERVED
3233,3234,,UNOBSERVED,UNKNOWN_NO_CUSTOMER_VERBATIM_OR_SENTIMENT_LABEL,FEEDBACK_NOT_OBSERVED
3234,3235,,UNOBSERVED,UNKNOWN_NO_CUSTOMER_VERBATIM_OR_SENTIMENT_LABEL,FEEDBACK_NOT_OBSERVED
3235,3236,5,HIGH_REPORTED,UNKNOWN_NO_CUSTOMER_VERBATIM_OR_SENTIMENT_LABEL,KEEP_OBSERVED_SCORE
3236,3237,,UNOBSERVED,UNKNOWN_NO_CUSTOMER_VERBATIM_OR_SENTIMENT_LABEL,FEEDBACK_NOT_OBSERVED
3237,3238,,UNOBSERVED,UNKNOWN_NO_CUSTOMER_VERBATIM_OR_SENTIMENT_LABEL,FEEDBACK_NOT_OBSERVED
3238,3239,,UNOBSERVED,UNKNOWN_NO_CUSTOMER_VERBATIM_OR_SENTIMENT_LABEL,FEEDBACK_NOT_OBSERVED
3239,3240,,UNOBSERVED,UNKNOWN_NO_CUSTOMER_VERBATIM_OR_SENTIMENT_LABEL,FEEDBACK_NOT_OBSERVED
3240,3241,,UNOBSERVED,UNKNOWN_NO_CUSTOMER_VERBATIM_OR_SENTIMENT_LABEL,FEEDBACK_NOT_OBSERVED
3241,3242,,UNOBSERVED,UNKNOWN_NO_CUSTOMER_VERBATIM_OR_SENTIMENT_LABEL,FEEDBACK_NOT_OBSERVED
3242,3243,,UNOBSERVED,UNKNOWN_NO_CUSTOMER_VERBATIM_OR_SENTIMENT_LABEL,FEEDBACK_NOT_OBSERVED
3243,3244,4,HIGH_REPORTED,UNKNOWN_NO_CUSTOMER_VERBATIM_OR_SENTIMENT_LABEL,KEEP_OBSERVED_SCORE
3244,3245,1,LOW_REPORTED,UNKNOWN_NO_CUSTOMER_VERBATIM_OR_SENTIMENT_LABEL,REVIEW_REPORTED_LOW_CSAT
3245,3246,4,HIGH_REPORTED,UNKNOWN_NO_CUSTOMER_VERBATIM_OR_SENTIMENT_LABEL,KEEP_OBSERVED_SCORE
3246,3247,2,LOW_REPORTED,UNKNOWN_NO_CUSTOMER_VERBATIM_OR_SENTIMENT_LABEL,REVIEW_REPORTED_LOW_CSAT
3247,3248,,UNOBSERVED,UNKNOWN_NO_CUSTOMER_VERBATIM_OR_SENTIMENT_LABEL,FEEDBACK_NOT_OBSERVED
3248,3249,,UNOBSERVED,UNKNOWN_NO_CUSTOMER_VERBATIM_OR_SENTIMENT_LABEL,FEEDBACK_NOT_OBSERVED
3249,3250,,UNOBSERVED,UNKNOWN_NO_CUSTOMER_VERBATIM_OR_SENTIMENT_LABEL,FEEDBACK_NOT_OBSERVED
3250,3251,,UNOBSERVED,UNKNOWN_NO_CUSTOMER_VERBATIM_OR_SENTIMENT_LABEL,FEEDBACK_NOT_OBSERVED
3251,3252,5,HIGH_REPORTED,UNKNOWN_NO_CUSTOMER_VERBATIM_OR_SENTIMENT_LABEL,KEEP_OBSERVED_SCORE
3252,3253,3,MIDDLE_REPORTED,UNKNOWN_NO_CUSTOMER_VERBATIM_OR_SENTIMENT_LABEL,KEEP_OBSERVED_SCORE
3253,3254,,UNOBSERVED,UNKNOWN_NO_CUSTOMER_VERBATIM_OR_SENTIMENT_LABEL,FEEDBACK_NOT_OBSERVED
3254,3255,,UNOBSERVED,UNKNOWN_NO_CUSTOMER_VERBATIM_OR_SENTIMENT_LABEL,FEEDBACK_NOT_OBSERVED
3255,3256,,UNOBSERVED,UNKNOWN_NO_CUSTOMER_VERBATIM_OR_SENTIMENT_LABEL,FEEDBACK_NOT_OBSERVED
3256,3257,2,LOW_REPORTED,UNKNOWN_NO_CUSTOMER_VERBATIM_OR_SENTIMENT_LABEL,REVIEW_REPORTED_LOW_CSAT
3257,3258,,UNOBSERVED,UNKNOWN_NO_CUSTOMER_VERBATIM_OR_SENTIMENT_LABEL,FEEDBACK_NOT_OBSERVED
3258,3259,,UNOBSERVED,UNKNOWN_NO_CUSTOMER_VERBATIM_OR_SENTIMENT_LABEL,FEEDBACK_NOT_OBSERVED
3259,3260,2,LOW_REPORTED,UNKNOWN_NO_CUSTOMER_VERBATIM_OR_SENTIMENT_LABEL,REVIEW_REPORTED_LOW_CSAT
3260,3261,,UNOBSERVED,UNKNOWN_NO_CUSTOMER_VERBATIM_OR_SENTIMENT_LABEL,FEEDBACK_NOT_OBSERVED
3261,3262,,UNOBSERVED,UNKNOWN_NO_CUSTOMER_VERBATIM_OR_SENTIMENT_LABEL,FEEDBACK_NOT_OBSERVED
3262,3263,4,HIGH_REPORTED,UNKNOWN_NO_CUSTOMER_VERBATIM_OR_SENTIMENT_LABEL,KEEP_OBSERVED_SCORE
3263,3264,,UNOBSERVED,UNKNOWN_NO_CUSTOMER_VERBATIM_OR_SENTIMENT_LABEL,FEEDBACK_NOT_OBSERVED
3264,3265,2,LOW_REPORTED,UNKNOWN_NO_CUSTOMER_VERBATIM_OR_SENTIMENT_LABEL,REVIEW_REPORTED_LOW_CSAT
3265,3266,,UNOBSERVED,UNKNOWN_NO_CUSTOMER_VERBATIM_OR_SENTIMENT_LABEL,FEEDBACK_NOT_OBSERVED
3266,3267,,UNOBSERVED,UNKNOWN_NO_CUSTOMER_VERBATIM_OR_SENTIMENT_LABEL,FEEDBACK_NOT_OBSERVED
3267,3268,,UNOBSERVED,UNKNOWN_NO_CUSTOMER_VERBATIM_OR_SENTIMENT_LABEL,FEEDBACK_NOT_OBSERVED
3268,3269,2,LOW_REPORTED,UNKNOWN_NO_CUSTOMER_VERBATIM_OR_SENTIMENT_LABEL,REVIEW_REPORTED_LOW_CSAT
3269,3270,,UNOBSERVED,UNKNOWN_NO_CUSTOMER_VERBATIM_OR_SENTIMENT_LABEL,FEEDBACK_NOT_OBSERVED
3270,3271,,UNOBSERVED,UNKNOWN_NO_CUSTOMER_VERBATIM_OR_SENTIMENT_LABEL,FEEDBACK_NOT_OBSERVED
3271,3272,,UNOBSERVED,UNKNOWN_NO_CUSTOMER_VERBATIM_OR_SENTIMENT_LABEL,FEEDBACK_NOT_OBSERVED
3272,3273,3,MIDDLE_REPORTED,UNKNOWN_NO_CUSTOMER_VERBATIM_OR_SENTIMENT_LABEL,KEEP_OBSERVED_SCORE
3273,3274,,UNOBSERVED,UNKNOWN_NO_CUSTOMER_VERBATIM_OR_SENTIMENT_LABEL,FEEDBACK_NOT_OBSERVED
3274,3275,2,LOW_REPORTED,UNKNOWN_NO_CUSTOMER_VERBATIM_OR_SENTIMENT_LABEL,REVIEW_REPORTED_LOW_CSAT
3275,3276,,UNOBSERVED,UNKNOWN_NO_CUSTOMER_VERBATIM_OR_SENTIMENT_LABEL,FEEDBACK_NOT_OBSERVED
3276,3277,4,HIGH_REPORTED,UNKNOWN_NO_CUSTOMER_VERBATIM_OR_SENTIMENT_LABEL,KEEP_OBSERVED_SCORE
3277,3278,,UNOBSERVED,UNKNOWN_NO_CUSTOMER_VERBATIM_OR_SENTIMENT_LABEL,FEEDBACK_NOT_OBSERVED
3278,3279,,UNOBSERVED,UNKNOWN_NO_CUSTOMER_VERBATIM_OR_SENTIMENT_LABEL,FEEDBACK_NOT_OBSERVED
3279,3280,,UNOBSERVED,UNKNOWN_NO_CUSTOMER_VERBATIM_OR_SENTIMENT_LABEL,FEEDBACK_NOT_OBSERVED
3280,3281,,UNOBSERVED,UNKNOWN_NO_CUSTOMER_VERBATIM_OR_SENTIMENT_LABEL,FEEDBACK_NOT_OBSERVED
3281,3282,3,MIDDLE_REPORTED,UNKNOWN_NO_CUSTOMER_VERBATIM_OR_SENTIMENT_LABEL,KEEP_OBSERVED_SCORE
3282,3283,,UNOBSERVED,UNKNOWN_NO_CUSTOMER_VERBATIM_OR_SENTIMENT_LABEL,FEEDBACK_NOT_OBSERVED
3283,3284,,UNOBSERVED,UNKNOWN_NO_CUSTOMER_VERBATIM_OR_SENTIMENT_LABEL,FEEDBACK_NOT_OBSERVED
3284,3285,,UNOBSERVED,UNKNOWN_NO_CUSTOMER_VERBATIM_OR_SENTIMENT_LABEL,FEEDBACK_NOT_OBSERVED
3285,3286,1,LOW_REPORTED,UNKNOWN_NO_CUSTOMER_VERBATIM_OR_SENTIMENT_LABEL,REVIEW_REPORTED_LOW_CSAT
3286,3287,1,LOW_REPORTED,UNKNOWN_NO_CUSTOMER_VERBATIM_OR_SENTIMENT_LABEL,REVIEW_REPORTED_LOW_CSAT
3287,3288,,UNOBSERVED,UNKNOWN_NO_CUSTOMER_VERBATIM_OR_SENTIMENT_LABEL,FEEDBACK_NOT_OBSERVED
3288,3289,,UNOBSERVED,UNKNOWN_NO_CUSTOMER_VERBATIM_OR_SENTIMENT_LABEL,FEEDBACK_NOT_OBSERVED
3289,3290,,UNOBSERVED,UNKNOWN_NO_CUSTOMER_VERBATIM_OR_SENTIMENT_LABEL,FEEDBACK_NOT_OBSERVED
3290,3291,1,LOW_REPORTED,UNKNOWN_NO_CUSTOMER_VERBATIM_OR_SENTIMENT_LABEL,REVIEW_REPORTED_LOW_CSAT
3291,3292,,UNOBSERVED,UNKNOWN_NO_CUSTOMER_VERBATIM_OR_SENTIMENT_LABEL,FEEDBACK_NOT_OBSERVED
3292,3293,4,HIGH_REPORTED,UNKNOWN_NO_CUSTOMER_VERBATIM_OR_SENTIMENT_LABEL,KEEP_OBSERVED_SCORE
3293,3294,5,HIGH_REPORTED,UNKNOWN_NO_CUSTOMER_VERBATIM_OR_SENTIMENT_LABEL,KEEP_OBSERVED_SCORE
3294,3295,5,HIGH_REPORTED,UNKNOWN_NO_CUSTOMER_VERBATIM_OR_SENTIMENT_LABEL,KEEP_OBSERVED_SCORE
3295,3296,,UNOBSERVED,UNKNOWN_NO_CUSTOMER_VERBATIM_OR_SENTIMENT_LABEL,FEEDBACK_NOT_OBSERVED
3296,3297,,UNOBSERVED,UNKNOWN_NO_CUSTOMER_VERBATIM_OR_SENTIMENT_LABEL,FEEDBACK_NOT_OBSERVED
3297,3298,,UNOBSERVED,UNKNOWN_NO_CUSTOMER_VERBATIM_OR_SENTIMENT_LABEL,FEEDBACK_NOT_OBSERVED
3298,3299,4,HIGH_REPORTED,UNKNOWN_NO_CUSTOMER_VERBATIM_OR_SENTIMENT_LABEL,KEEP_OBSERVED_SCORE
3299,3300,4,HIGH_REPORTED,UNKNOWN_NO_CUSTOMER_VERBATIM_OR_SENTIMENT_LABEL,KEEP_OBSERVED_SCORE
3300,3301,,UNOBSERVED,UNKNOWN_NO_CUSTOMER_VERBATIM_OR_SENTIMENT_LABEL,FEEDBACK_NOT_OBSERVED
3301,3302,,UNOBSERVED,UNKNOWN_NO_CUSTOMER_VERBATIM_OR_SENTIMENT_LABEL,FEEDBACK_NOT_OBSERVED
3302,3303,,UNOBSERVED,UNKNOWN_NO_CUSTOMER_VERBATIM_OR_SENTIMENT_LABEL,FEEDBACK_NOT_OBSERVED
3303,3304,4,HIGH_REPORTED,UNKNOWN_NO_CUSTOMER_VERBATIM_OR_SENTIMENT_LABEL,KEEP_OBSERVED_SCORE
3304,3305,3,MIDDLE_REPORTED,UNKNOWN_NO_CUSTOMER_VERBATIM_OR_SENTIMENT_LABEL,KEEP_OBSERVED_SCORE
3305,3306,,UNOBSERVED,UNKNOWN_NO_CUSTOMER_VERBATIM_OR_SENTIMENT_LABEL,FEEDBACK_NOT_OBSERVED
3306,3307,,UNOBSERVED,UNKNOWN_NO_CUSTOMER_VERBATIM_OR_SENTIMENT_LABEL,FEEDBACK_NOT_OBSERVED
3307,3308,,UNOBSERVED,UNKNOWN_NO_CUSTOMER_VERBATIM_OR_SENTIMENT_LABEL,FEEDBACK_NOT_OBSERVED
3308,3309,,UNOBSERVED,UNKNOWN_NO_CUSTOMER_VERBATIM_OR_SENTIMENT_LABEL,FEEDBACK_NOT_OBSERVED
3309,3310,,UNOBSERVED,UNKNOWN_NO_CUSTOMER_VERBATIM_OR_SENTIMENT_LABEL,FEEDBACK_NOT_OBSERVED
3310,3311,,UNOBSERVED,UNKNOWN_NO_CUSTOMER_VERBATIM_OR_SENTIMENT_LABEL,FEEDBACK_NOT_OBSERVED
3311,3312,,UNOBSERVED,UNKNOWN_NO_CUSTOMER_VERBATIM_OR_SENTIMENT_LABEL,FEEDBACK_NOT_OBSERVED
3312,3313,1,LOW_REPORTED,UNKNOWN_NO_CUSTOMER_VERBATIM_OR_SENTIMENT_LABEL,REVIEW_REPORTED_LOW_CSAT
3313,3314,,UNOBSERVED,UNKNOWN_NO_CUSTOMER_VERBATIM_OR_SENTIMENT_LABEL,FEEDBACK_NOT_OBSERVED
3314,3315,3,MIDDLE_REPORTED,UNKNOWN_NO_CUSTOMER_VERBATIM_OR_SENTIMENT_LABEL,KEEP_OBSERVED_SCORE
3315,3316,,UNOBSERVED,UNKNOWN_NO_CUSTOMER_VERBATIM_OR_SENTIMENT_LABEL,FEEDBACK_NOT_OBSERVED
3316,3317,3,MIDDLE_REPORTED,UNKNOWN_NO_CUSTOMER_VERBATIM_OR_SENTIMENT_LABEL,KEEP_OBSERVED_SCORE
3317,3318,,UNOBSERVED,UNKNOWN_NO_CUSTOMER_VERBATIM_OR_SENTIMENT_LABEL,FEEDBACK_NOT_OBSERVED
3318,3319,2,LOW_REPORTED,UNKNOWN_NO_CUSTOMER_VERBATIM_OR_SENTIMENT_LABEL,REVIEW_REPORTED_LOW_CSAT
3319,3320,,UNOBSERVED,UNKNOWN_NO_CUSTOMER_VERBATIM_OR_SENTIMENT_LABEL,FEEDBACK_NOT_OBSERVED
3320,3321,,UNOBSERVED,UNKNOWN_NO_CUSTOMER_VERBATIM_OR_SENTIMENT_LABEL,FEEDBACK_NOT_OBSERVED
3321,3322,,UNOBSERVED,UNKNOWN_NO_CUSTOMER_VERBATIM_OR_SENTIMENT_LABEL,FEEDBACK_NOT_OBSERVED
3322,3323,3,MIDDLE_REPORTED,UNKNOWN_NO_CUSTOMER_VERBATIM_OR_SENTIMENT_LABEL,KEEP_OBSERVED_SCORE
3323,3324,,UNOBSERVED,UNKNOWN_NO_CUSTOMER_VERBATIM_OR_SENTIMENT_LABEL,FEEDBACK_NOT_OBSERVED
3324,3325,,UNOBSERVED,UNKNOWN_NO_CUSTOMER_VERBATIM_OR_SENTIMENT_LABEL,FEEDBACK_NOT_OBSERVED
3325,3326,,UNOBSERVED,UNKNOWN_NO_CUSTOMER_VERBATIM_OR_SENTIMENT_LABEL,FEEDBACK_NOT_OBSERVED
3326,3327,,UNOBSERVED,UNKNOWN_NO_CUSTOMER_VERBATIM_OR_SENTIMENT_LABEL,FEEDBACK_NOT_OBSERVED
3327,3328,,UNOBSERVED,UNKNOWN_NO_CUSTOMER_VERBATIM_OR_SENTIMENT_LABEL,FEEDBACK_NOT_OBSERVED
3328,3329,5,HIGH_REPORTED,UNKNOWN_NO_CUSTOMER_VERBATIM_OR_SENTIMENT_LABEL,KEEP_OBSERVED_SCORE
3329,3330,,UNOBSERVED,UNKNOWN_NO_CUSTOMER_VERBATIM_OR_SENTIMENT_LABEL,FEEDBACK_NOT_OBSERVED
3330,3331,3,MIDDLE_REPORTED,UNKNOWN_NO_CUSTOMER_VERBATIM_OR_SENTIMENT_LABEL,KEEP_OBSERVED_SCORE
3331,3332,,UNOBSERVED,UNKNOWN_NO_CUSTOMER_VERBATIM_OR_SENTIMENT_LABEL,FEEDBACK_NOT_OBSERVED
3332,3333,,UNOBSERVED,UNKNOWN_NO_CUSTOMER_VERBATIM_OR_SENTIMENT_LABEL,FEEDBACK_NOT_OBSERVED
3333,3334,,UNOBSERVED,UNKNOWN_NO_CUSTOMER_VERBATIM_OR_SENTIMENT_LABEL,FEEDBACK_NOT_OBSERVED
3334,3335,,UNOBSERVED,UNKNOWN_NO_CUSTOMER_VERBATIM_OR_SENTIMENT_LABEL,FEEDBACK_NOT_OBSERVED
3335,3336,4,HIGH_REPORTED,UNKNOWN_NO_CUSTOMER_VERBATIM_OR_SENTIMENT_LABEL,KEEP_OBSERVED_SCORE
3336,3337,1,LOW_REPORTED,UNKNOWN_NO_CUSTOMER_VERBATIM_OR_SENTIMENT_LABEL,REVIEW_REPORTED_LOW_CSAT
3337,3338,4,HIGH_REPORTED,UNKNOWN_NO_CUSTOMER_VERBATIM_OR_SENTIMENT_LABEL,KEEP_OBSERVED_SCORE
3338,3339,,UNOBSERVED,UNKNOWN_NO_CUSTOMER_VERBATIM_OR_SENTIMENT_LABEL,FEEDBACK_NOT_OBSERVED
3339,3340,4,HIGH_REPORTED,UNKNOWN_NO_CUSTOMER_VERBATIM_OR_SENTIMENT_LABEL,KEEP_OBSERVED_SCORE
3340,3341,,UNOBSERVED,UNKNOWN_NO_CUSTOMER_VERBATIM_OR_SENTIMENT_LABEL,FEEDBACK_NOT_OBSERVED
3341,3342,3,MIDDLE_REPORTED,UNKNOWN_NO_CUSTOMER_VERBATIM_OR_SENTIMENT_LABEL,KEEP_OBSERVED_SCORE
3342,3343,,UNOBSERVED,UNKNOWN_NO_CUSTOMER_VERBATIM_OR_SENTIMENT_LABEL,FEEDBACK_NOT_OBSERVED
3343,3344,,UNOBSERVED,UNKNOWN_NO_CUSTOMER_VERBATIM_OR_SENTIMENT_LABEL,FEEDBACK_NOT_OBSERVED
3344,3345,,UNOBSERVED,UNKNOWN_NO_CUSTOMER_VERBATIM_OR_SENTIMENT_LABEL,FEEDBACK_NOT_OBSERVED
3345,3346,,UNOBSERVED,UNKNOWN_NO_CUSTOMER_VERBATIM_OR_SENTIMENT_LABEL,FEEDBACK_NOT_OBSERVED
3346,3347,,UNOBSERVED,UNKNOWN_NO_CUSTOMER_VERBATIM_OR_SENTIMENT_LABEL,FEEDBACK_NOT_OBSERVED
3347,3348,3,MIDDLE_REPORTED,UNKNOWN_NO_CUSTOMER_VERBATIM_OR_SENTIMENT_LABEL,KEEP_OBSERVED_SCORE
3348,3349,,UNOBSERVED,UNKNOWN_NO_CUSTOMER_VERBATIM_OR_SENTIMENT_LABEL,FEEDBACK_NOT_OBSERVED
3349,3350,3,MIDDLE_REPORTED,UNKNOWN_NO_CUSTOMER_VERBATIM_OR_SENTIMENT_LABEL,KEEP_OBSERVED_SCORE
3350,3351,,UNOBSERVED,UNKNOWN_NO_CUSTOMER_VERBATIM_OR_SENTIMENT_LABEL,FEEDBACK_NOT_OBSERVED
3351,3352,5,HIGH_REPORTED,UNKNOWN_NO_CUSTOMER_VERBATIM_OR_SENTIMENT_LABEL,KEEP_OBSERVED_SCORE
3352,3353,,UNOBSERVED,UNKNOWN_NO_CUSTOMER_VERBATIM_OR_SENTIMENT_LABEL,FEEDBACK_NOT_OBSERVED
3353,3354,4,HIGH_REPORTED,UNKNOWN_NO_CUSTOMER_VERBATIM_OR_SENTIMENT_LABEL,KEEP_OBSERVED_SCORE
3354,3355,,UNOBSERVED,UNKNOWN_NO_CUSTOMER_VERBATIM_OR_SENTIMENT_LABEL,FEEDBACK_NOT_OBSERVED
3355,3356,,UNOBSERVED,UNKNOWN_NO_CUSTOMER_VERBATIM_OR_SENTIMENT_LABEL,FEEDBACK_NOT_OBSERVED
3356,3357,1,LOW_REPORTED,UNKNOWN_NO_CUSTOMER_VERBATIM_OR_SENTIMENT_LABEL,REVIEW_REPORTED_LOW_CSAT
3357,3358,,UNOBSERVED,UNKNOWN_NO_CUSTOMER_VERBATIM_OR_SENTIMENT_LABEL,FEEDBACK_NOT_OBSERVED
3358,3359,,UNOBSERVED,UNKNOWN_NO_CUSTOMER_VERBATIM_OR_SENTIMENT_LABEL,FEEDBACK_NOT_OBSERVED
3359,3360,,UNOBSERVED,UNKNOWN_NO_CUSTOMER_VERBATIM_OR_SENTIMENT_LABEL,FEEDBACK_NOT_OBSERVED
3360,3361,3,MIDDLE_REPORTED,UNKNOWN_NO_CUSTOMER_VERBATIM_OR_SENTIMENT_LABEL,KEEP_OBSERVED_SCORE
3361,3362,,UNOBSERVED,UNKNOWN_NO_CUSTOMER_VERBATIM_OR_SENTIMENT_LABEL,FEEDBACK_NOT_OBSERVED
3362,3363,5,HIGH_REPORTED,UNKNOWN_NO_CUSTOMER_VERBATIM_OR_SENTIMENT_LABEL,KEEP_OBSERVED_SCORE
3363,3364,1,LOW_REPORTED,UNKNOWN_NO_CUSTOMER_VERBATIM_OR_SENTIMENT_LABEL,REVIEW_REPORTED_LOW_CSAT
3364,3365,,UNOBSERVED,UNKNOWN_NO_CUSTOMER_VERBATIM_OR_SENTIMENT_LABEL,FEEDBACK_NOT_OBSERVED
3365,3366,,UNOBSERVED,UNKNOWN_NO_CUSTOMER_VERBATIM_OR_SENTIMENT_LABEL,FEEDBACK_NOT_OBSERVED
3366,3367,1,LOW_REPORTED,UNKNOWN_NO_CUSTOMER_VERBATIM_OR_SENTIMENT_LABEL,REVIEW_REPORTED_LOW_CSAT
3367,3368,,UNOBSERVED,UNKNOWN_NO_CUSTOMER_VERBATIM_OR_SENTIMENT_LABEL,FEEDBACK_NOT_OBSERVED
3368,3369,,UNOBSERVED,UNKNOWN_NO_CUSTOMER_VERBATIM_OR_SENTIMENT_LABEL,FEEDBACK_NOT_OBSERVED
3369,3370,,UNOBSERVED,UNKNOWN_NO_CUSTOMER_VERBATIM_OR_SENTIMENT_LABEL,FEEDBACK_NOT_OBSERVED
3370,3371,2,LOW_REPORTED,UNKNOWN_NO_CUSTOMER_VERBATIM_OR_SENTIMENT_LABEL,REVIEW_REPORTED_LOW_CSAT
3371,3372,2,LOW_REPORTED,UNKNOWN_NO_CUSTOMER_VERBATIM_OR_SENTIMENT_LABEL,REVIEW_REPORTED_LOW_CSAT
3372,3373,,UNOBSERVED,UNKNOWN_NO_CUSTOMER_VERBATIM_OR_SENTIMENT_LABEL,FEEDBACK_NOT_OBSERVED
3373,3374,,UNOBSERVED,UNKNOWN_NO_CUSTOMER_VERBATIM_OR_SENTIMENT_LABEL,FEEDBACK_NOT_OBSERVED
3374,3375,,UNOBSERVED,UNKNOWN_NO_CUSTOMER_VERBATIM_OR_SENTIMENT_LABEL,FEEDBACK_NOT_OBSERVED
3375,3376,1,LOW_REPORTED,UNKNOWN_NO_CUSTOMER_VERBATIM_OR_SENTIMENT_LABEL,REVIEW_REPORTED_LOW_CSAT
3376,3377,,UNOBSERVED,UNKNOWN_NO_CUSTOMER_VERBATIM_OR_SENTIMENT_LABEL,FEEDBACK_NOT_OBSERVED
3377,3378,1,LOW_REPORTED,UNKNOWN_NO_CUSTOMER_VERBATIM_OR_SENTIMENT_LABEL,REVIEW_REPORTED_LOW_CSAT
3378,3379,,UNOBSERVED,UNKNOWN_NO_CUSTOMER_VERBATIM_OR_SENTIMENT_LABEL,FEEDBACK_NOT_OBSERVED
3379,3380,3,MIDDLE_REPORTED,UNKNOWN_NO_CUSTOMER_VERBATIM_OR_SENTIMENT_LABEL,KEEP_OBSERVED_SCORE
3380,3381,4,HIGH_REPORTED,UNKNOWN_NO_CUSTOMER_VERBATIM_OR_SENTIMENT_LABEL,KEEP_OBSERVED_SCORE
3381,3382,,UNOBSERVED,UNKNOWN_NO_CUSTOMER_VERBATIM_OR_SENTIMENT_LABEL,FEEDBACK_NOT_OBSERVED
3382,3383,1,LOW_REPORTED,UNKNOWN_NO_CUSTOMER_VERBATIM_OR_SENTIMENT_LABEL,REVIEW_REPORTED_LOW_CSAT
3383,3384,1,LOW_REPORTED,UNKNOWN_NO_CUSTOMER_VERBATIM_OR_SENTIMENT_LABEL,REVIEW_REPORTED_LOW_CSAT
3384,3385,,UNOBSERVED,UNKNOWN_NO_CUSTOMER_VERBATIM_OR_SENTIMENT_LABEL,FEEDBACK_NOT_OBSERVED
3385,3386,4,HIGH_REPORTED,UNKNOWN_NO_CUSTOMER_VERBATIM_OR_SENTIMENT_LABEL,KEEP_OBSERVED_SCORE
3386,3387,,UNOBSERVED,UNKNOWN_NO_CUSTOMER_VERBATIM_OR_SENTIMENT_LABEL,FEEDBACK_NOT_OBSERVED
3387,3388,,UNOBSERVED,UNKNOWN_NO_CUSTOMER_VERBATIM_OR_SENTIMENT_LABEL,FEEDBACK_NOT_OBSERVED
3388,3389,4,HIGH_REPORTED,UNKNOWN_NO_CUSTOMER_VERBATIM_OR_SENTIMENT_LABEL,KEEP_OBSERVED_SCORE
3389,3390,,UNOBSERVED,UNKNOWN_NO_CUSTOMER_VERBATIM_OR_SENTIMENT_LABEL,FEEDBACK_NOT_OBSERVED
3390,3391,4,HIGH_REPORTED,UNKNOWN_NO_CUSTOMER_VERBATIM_OR_SENTIMENT_LABEL,KEEP_OBSERVED_SCORE
3391,3392,2,LOW_REPORTED,UNKNOWN_NO_CUSTOMER_VERBATIM_OR_SENTIMENT_LABEL,REVIEW_REPORTED_LOW_CSAT
3392,3393,,UNOBSERVED,UNKNOWN_NO_CUSTOMER_VERBATIM_OR_SENTIMENT_LABEL,FEEDBACK_NOT_OBSERVED
3393,3394,4,HIGH_REPORTED,UNKNOWN_NO_CUSTOMER_VERBATIM_OR_SENTIMENT_LABEL,KEEP_OBSERVED_SCORE
3394,3395,,UNOBSERVED,UNKNOWN_NO_CUSTOMER_VERBATIM_OR_SENTIMENT_LABEL,FEEDBACK_NOT_OBSERVED
3395,3396,,UNOBSERVED,UNKNOWN_NO_CUSTOMER_VERBATIM_OR_SENTIMENT_LABEL,FEEDBACK_NOT_OBSERVED
3396,3397,1,LOW_REPORTED,UNKNOWN_NO_CUSTOMER_VERBATIM_OR_SENTIMENT_LABEL,REVIEW_REPORTED_LOW_CSAT
3397,3398,,UNOBSERVED,UNKNOWN_NO_CUSTOMER_VERBATIM_OR_SENTIMENT_LABEL,FEEDBACK_NOT_OBSERVED
3398,3399,2,LOW_REPORTED,UNKNOWN_NO_CUSTOMER_VERBATIM_OR_SENTIMENT_LABEL,REVIEW_REPORTED_LOW_CSAT
3399,3400,3,MIDDLE_REPORTED,UNKNOWN_NO_CUSTOMER_VERBATIM_OR_SENTIMENT_LABEL,KEEP_OBSERVED_SCORE
3400,3401,1,LOW_REPORTED,UNKNOWN_NO_CUSTOMER_VERBATIM_OR_SENTIMENT_LABEL,REVIEW_REPORTED_LOW_CSAT
3401,3402,,UNOBSERVED,UNKNOWN_NO_CUSTOMER_VERBATIM_OR_SENTIMENT_LABEL,FEEDBACK_NOT_OBSERVED
3402,3403,,UNOBSERVED,UNKNOWN_NO_CUSTOMER_VERBATIM_OR_SENTIMENT_LABEL,FEEDBACK_NOT_OBSERVED
3403,3404,,UNOBSERVED,UNKNOWN_NO_CUSTOMER_VERBATIM_OR_SENTIMENT_LABEL,FEEDBACK_NOT_OBSERVED
3404,3405,,UNOBSERVED,UNKNOWN_NO_CUSTOMER_VERBATIM_OR_SENTIMENT_LABEL,FEEDBACK_NOT_OBSERVED
3405,3406,1,LOW_REPORTED,UNKNOWN_NO_CUSTOMER_VERBATIM_OR_SENTIMENT_LABEL,REVIEW_REPORTED_LOW_CSAT
3406,3407,,UNOBSERVED,UNKNOWN_NO_CUSTOMER_VERBATIM_OR_SENTIMENT_LABEL,FEEDBACK_NOT_OBSERVED
3407,3408,,UNOBSERVED,UNKNOWN_NO_CUSTOMER_VERBATIM_OR_SENTIMENT_LABEL,FEEDBACK_NOT_OBSERVED
3408,3409,2,LOW_REPORTED,UNKNOWN_NO_CUSTOMER_VERBATIM_OR_SENTIMENT_LABEL,REVIEW_REPORTED_LOW_CSAT
3409,3410,,UNOBSERVED,UNKNOWN_NO_CUSTOMER_VERBATIM_OR_SENTIMENT_LABEL,FEEDBACK_NOT_OBSERVED
3410,3411,,UNOBSERVED,UNKNOWN_NO_CUSTOMER_VERBATIM_OR_SENTIMENT_LABEL,FEEDBACK_NOT_OBSERVED
3411,3412,,UNOBSERVED,UNKNOWN_NO_CUSTOMER_VERBATIM_OR_SENTIMENT_LABEL,FEEDBACK_NOT_OBSERVED
3412,3413,,UNOBSERVED,UNKNOWN_NO_CUSTOMER_VERBATIM_OR_SENTIMENT_LABEL,FEEDBACK_NOT_OBSERVED
3413,3414,3,MIDDLE_REPORTED,UNKNOWN_NO_CUSTOMER_VERBATIM_OR_SENTIMENT_LABEL,KEEP_OBSERVED_SCORE
3414,3415,,UNOBSERVED,UNKNOWN_NO_CUSTOMER_VERBATIM_OR_SENTIMENT_LABEL,FEEDBACK_NOT_OBSERVED
3415,3416,,UNOBSERVED,UNKNOWN_NO_CUSTOMER_VERBATIM_OR_SENTIMENT_LABEL,FEEDBACK_NOT_OBSERVED
3416,3417,,UNOBSERVED,UNKNOWN_NO_CUSTOMER_VERBATIM_OR_SENTIMENT_LABEL,FEEDBACK_NOT_OBSERVED
3417,3418,,UNOBSERVED,UNKNOWN_NO_CUSTOMER_VERBATIM_OR_SENTIMENT_LABEL,FEEDBACK_NOT_OBSERVED
3418,3419,5,HIGH_REPORTED,UNKNOWN_NO_CUSTOMER_VERBATIM_OR_SENTIMENT_LABEL,KEEP_OBSERVED_SCORE
3419,3420,,UNOBSERVED,UNKNOWN_NO_CUSTOMER_VERBATIM_OR_SENTIMENT_LABEL,FEEDBACK_NOT_OBSERVED
3420,3421,,UNOBSERVED,UNKNOWN_NO_CUSTOMER_VERBATIM_OR_SENTIMENT_LABEL,FEEDBACK_NOT_OBSERVED
3421,3422,4,HIGH_REPORTED,UNKNOWN_NO_CUSTOMER_VERBATIM_OR_SENTIMENT_LABEL,KEEP_OBSERVED_SCORE
3422,3423,,UNOBSERVED,UNKNOWN_NO_CUSTOMER_VERBATIM_OR_SENTIMENT_LABEL,FEEDBACK_NOT_OBSERVED
3423,3424,,UNOBSERVED,UNKNOWN_NO_CUSTOMER_VERBATIM_OR_SENTIMENT_LABEL,FEEDBACK_NOT_OBSERVED
3424,3425,5,HIGH_REPORTED,UNKNOWN_NO_CUSTOMER_VERBATIM_OR_SENTIMENT_LABEL,KEEP_OBSERVED_SCORE
3425,3426,,UNOBSERVED,UNKNOWN_NO_CUSTOMER_VERBATIM_OR_SENTIMENT_LABEL,FEEDBACK_NOT_OBSERVED
3426,3427,5,HIGH_REPORTED,UNKNOWN_NO_CUSTOMER_VERBATIM_OR_SENTIMENT_LABEL,KEEP_OBSERVED_SCORE
3427,3428,3,MIDDLE_REPORTED,UNKNOWN_NO_CUSTOMER_VERBATIM_OR_SENTIMENT_LABEL,KEEP_OBSERVED_SCORE
3428,3429,,UNOBSERVED,UNKNOWN_NO_CUSTOMER_VERBATIM_OR_SENTIMENT_LABEL,FEEDBACK_NOT_OBSERVED
3429,3430,,UNOBSERVED,UNKNOWN_NO_CUSTOMER_VERBATIM_OR_SENTIMENT_LABEL,FEEDBACK_NOT_OBSERVED
3430,3431,,UNOBSERVED,UNKNOWN_NO_CUSTOMER_VERBATIM_OR_SENTIMENT_LABEL,FEEDBACK_NOT_OBSERVED
3431,3432,,UNOBSERVED,UNKNOWN_NO_CUSTOMER_VERBATIM_OR_SENTIMENT_LABEL,FEEDBACK_NOT_OBSERVED
3432,3433,,UNOBSERVED,UNKNOWN_NO_CUSTOMER_VERBATIM_OR_SENTIMENT_LABEL,FEEDBACK_NOT_OBSERVED
3433,3434,4,HIGH_REPORTED,UNKNOWN_NO_CUSTOMER_VERBATIM_OR_SENTIMENT_LABEL,KEEP_OBSERVED_SCORE
3434,3435,,UNOBSERVED,UNKNOWN_NO_CUSTOMER_VERBATIM_OR_SENTIMENT_LABEL,FEEDBACK_NOT_OBSERVED
3435,3436,,UNOBSERVED,UNKNOWN_NO_CUSTOMER_VERBATIM_OR_SENTIMENT_LABEL,FEEDBACK_NOT_OBSERVED
3436,3437,,UNOBSERVED,UNKNOWN_NO_CUSTOMER_VERBATIM_OR_SENTIMENT_LABEL,FEEDBACK_NOT_OBSERVED
3437,3438,,UNOBSERVED,UNKNOWN_NO_CUSTOMER_VERBATIM_OR_SENTIMENT_LABEL,FEEDBACK_NOT_OBSERVED
3438,3439,,UNOBSERVED,UNKNOWN_NO_CUSTOMER_VERBATIM_OR_SENTIMENT_LABEL,FEEDBACK_NOT_OBSERVED
3439,3440,,UNOBSERVED,UNKNOWN_NO_CUSTOMER_VERBATIM_OR_SENTIMENT_LABEL,FEEDBACK_NOT_OBSERVED
3440,3441,1,LOW_REPORTED,UNKNOWN_NO_CUSTOMER_VERBATIM_OR_SENTIMENT_LABEL,REVIEW_REPORTED_LOW_CSAT
3441,3442,,UNOBSERVED,UNKNOWN_NO_CUSTOMER_VERBATIM_OR_SENTIMENT_LABEL,FEEDBACK_NOT_OBSERVED
3442,3443,,UNOBSERVED,UNKNOWN_NO_CUSTOMER_VERBATIM_OR_SENTIMENT_LABEL,FEEDBACK_NOT_OBSERVED
3443,3444,,UNOBSERVED,UNKNOWN_NO_CUSTOMER_VERBATIM_OR_SENTIMENT_LABEL,FEEDBACK_NOT_OBSERVED
3444,3445,5,HIGH_REPORTED,UNKNOWN_NO_CUSTOMER_VERBATIM_OR_SENTIMENT_LABEL,KEEP_OBSERVED_SCORE
3445,3446,,UNOBSERVED,UNKNOWN_NO_CUSTOMER_VERBATIM_OR_SENTIMENT_LABEL,FEEDBACK_NOT_OBSERVED
3446,3447,,UNOBSERVED,UNKNOWN_NO_CUSTOMER_VERBATIM_OR_SENTIMENT_LABEL,FEEDBACK_NOT_OBSERVED
3447,3448,3,MIDDLE_REPORTED,UNKNOWN_NO_CUSTOMER_VERBATIM_OR_SENTIMENT_LABEL,KEEP_OBSERVED_SCORE
3448,3449,,UNOBSERVED,UNKNOWN_NO_CUSTOMER_VERBATIM_OR_SENTIMENT_LABEL,FEEDBACK_NOT_OBSERVED
3449,3450,,UNOBSERVED,UNKNOWN_NO_CUSTOMER_VERBATIM_OR_SENTIMENT_LABEL,FEEDBACK_NOT_OBSERVED
3450,3451,,UNOBSERVED,UNKNOWN_NO_CUSTOMER_VERBATIM_OR_SENTIMENT_LABEL,FEEDBACK_NOT_OBSERVED
3451,3452,,UNOBSERVED,UNKNOWN_NO_CUSTOMER_VERBATIM_OR_SENTIMENT_LABEL,FEEDBACK_NOT_OBSERVED
3452,3453,,UNOBSERVED,UNKNOWN_NO_CUSTOMER_VERBATIM_OR_SENTIMENT_LABEL,FEEDBACK_NOT_OBSERVED
3453,3454,,UNOBSERVED,UNKNOWN_NO_CUSTOMER_VERBATIM_OR_SENTIMENT_LABEL,FEEDBACK_NOT_OBSERVED
3454,3455,,UNOBSERVED,UNKNOWN_NO_CUSTOMER_VERBATIM_OR_SENTIMENT_LABEL,FEEDBACK_NOT_OBSERVED
3455,3456,,UNOBSERVED,UNKNOWN_NO_CUSTOMER_VERBATIM_OR_SENTIMENT_LABEL,FEEDBACK_NOT_OBSERVED
3456,3457,,UNOBSERVED,UNKNOWN_NO_CUSTOMER_VERBATIM_OR_SENTIMENT_LABEL,FEEDBACK_NOT_OBSERVED
3457,3458,,UNOBSERVED,UNKNOWN_NO_CUSTOMER_VERBATIM_OR_SENTIMENT_LABEL,FEEDBACK_NOT_OBSERVED
3458,3459,,UNOBSERVED,UNKNOWN_NO_CUSTOMER_VERBATIM_OR_SENTIMENT_LABEL,FEEDBACK_NOT_OBSERVED
3459,3460,,UNOBSERVED,UNKNOWN_NO_CUSTOMER_VERBATIM_OR_SENTIMENT_LABEL,FEEDBACK_NOT_OBSERVED
3460,3461,4,HIGH_REPORTED,UNKNOWN_NO_CUSTOMER_VERBATIM_OR_SENTIMENT_LABEL,KEEP_OBSERVED_SCORE
3461,3462,5,HIGH_REPORTED,UNKNOWN_NO_CUSTOMER_VERBATIM_OR_SENTIMENT_LABEL,KEEP_OBSERVED_SCORE
3462,3463,,UNOBSERVED,UNKNOWN_NO_CUSTOMER_VERBATIM_OR_SENTIMENT_LABEL,FEEDBACK_NOT_OBSERVED
3463,3464,,UNOBSERVED,UNKNOWN_NO_CUSTOMER_VERBATIM_OR_SENTIMENT_LABEL,FEEDBACK_NOT_OBSERVED
3464,3465,,UNOBSERVED,UNKNOWN_NO_CUSTOMER_VERBATIM_OR_SENTIMENT_LABEL,FEEDBACK_NOT_OBSERVED
3465,3466,,UNOBSERVED,UNKNOWN_NO_CUSTOMER_VERBATIM_OR_SENTIMENT_LABEL,FEEDBACK_NOT_OBSERVED
3466,3467,,UNOBSERVED,UNKNOWN_NO_CUSTOMER_VERBATIM_OR_SENTIMENT_LABEL,FEEDBACK_NOT_OBSERVED
3467,3468,4,HIGH_REPORTED,UNKNOWN_NO_CUSTOMER_VERBATIM_OR_SENTIMENT_LABEL,KEEP_OBSERVED_SCORE
3468,3469,,UNOBSERVED,UNKNOWN_NO_CUSTOMER_VERBATIM_OR_SENTIMENT_LABEL,FEEDBACK_NOT_OBSERVED
3469,3470,,UNOBSERVED,UNKNOWN_NO_CUSTOMER_VERBATIM_OR_SENTIMENT_LABEL,FEEDBACK_NOT_OBSERVED
3470,3471,,UNOBSERVED,UNKNOWN_NO_CUSTOMER_VERBATIM_OR_SENTIMENT_LABEL,FEEDBACK_NOT_OBSERVED
3471,3472,3,MIDDLE_REPORTED,UNKNOWN_NO_CUSTOMER_VERBATIM_OR_SENTIMENT_LABEL,KEEP_OBSERVED_SCORE
3472,3473,,UNOBSERVED,UNKNOWN_NO_CUSTOMER_VERBATIM_OR_SENTIMENT_LABEL,FEEDBACK_NOT_OBSERVED
3473,3474,,UNOBSERVED,UNKNOWN_NO_CUSTOMER_VERBATIM_OR_SENTIMENT_LABEL,FEEDBACK_NOT_OBSERVED
3474,3475,5,HIGH_REPORTED,UNKNOWN_NO_CUSTOMER_VERBATIM_OR_SENTIMENT_LABEL,KEEP_OBSERVED_SCORE
3475,3476,,UNOBSERVED,UNKNOWN_NO_CUSTOMER_VERBATIM_OR_SENTIMENT_LABEL,FEEDBACK_NOT_OBSERVED
3476,3477,,UNOBSERVED,UNKNOWN_NO_CUSTOMER_VERBATIM_OR_SENTIMENT_LABEL,FEEDBACK_NOT_OBSERVED
3477,3478,3,MIDDLE_REPORTED,UNKNOWN_NO_CUSTOMER_VERBATIM_OR_SENTIMENT_LABEL,KEEP_OBSERVED_SCORE
3478,3479,5,HIGH_REPORTED,UNKNOWN_NO_CUSTOMER_VERBATIM_OR_SENTIMENT_LABEL,KEEP_OBSERVED_SCORE
3479,3480,5,HIGH_REPORTED,UNKNOWN_NO_CUSTOMER_VERBATIM_OR_SENTIMENT_LABEL,KEEP_OBSERVED_SCORE
3480,3481,1,LOW_REPORTED,UNKNOWN_NO_CUSTOMER_VERBATIM_OR_SENTIMENT_LABEL,REVIEW_REPORTED_LOW_CSAT
3481,3482,,UNOBSERVED,UNKNOWN_NO_CUSTOMER_VERBATIM_OR_SENTIMENT_LABEL,FEEDBACK_NOT_OBSERVED
3482,3483,,UNOBSERVED,UNKNOWN_NO_CUSTOMER_VERBATIM_OR_SENTIMENT_LABEL,FEEDBACK_NOT_OBSERVED
3483,3484,,UNOBSERVED,UNKNOWN_NO_CUSTOMER_VERBATIM_OR_SENTIMENT_LABEL,FEEDBACK_NOT_OBSERVED
3484,3485,5,HIGH_REPORTED,UNKNOWN_NO_CUSTOMER_VERBATIM_OR_SENTIMENT_LABEL,KEEP_OBSERVED_SCORE
3485,3486,,UNOBSERVED,UNKNOWN_NO_CUSTOMER_VERBATIM_OR_SENTIMENT_LABEL,FEEDBACK_NOT_OBSERVED
3486,3487,,UNOBSERVED,UNKNOWN_NO_CUSTOMER_VERBATIM_OR_SENTIMENT_LABEL,FEEDBACK_NOT_OBSERVED
3487,3488,,UNOBSERVED,UNKNOWN_NO_CUSTOMER_VERBATIM_OR_SENTIMENT_LABEL,FEEDBACK_NOT_OBSERVED
3488,3489,,UNOBSERVED,UNKNOWN_NO_CUSTOMER_VERBATIM_OR_SENTIMENT_LABEL,FEEDBACK_NOT_OBSERVED
3489,3490,,UNOBSERVED,UNKNOWN_NO_CUSTOMER_VERBATIM_OR_SENTIMENT_LABEL,FEEDBACK_NOT_OBSERVED
3490,3491,2,LOW_REPORTED,UNKNOWN_NO_CUSTOMER_VERBATIM_OR_SENTIMENT_LABEL,REVIEW_REPORTED_LOW_CSAT
3491,3492,,UNOBSERVED,UNKNOWN_NO_CUSTOMER_VERBATIM_OR_SENTIMENT_LABEL,FEEDBACK_NOT_OBSERVED
3492,3493,,UNOBSERVED,UNKNOWN_NO_CUSTOMER_VERBATIM_OR_SENTIMENT_LABEL,FEEDBACK_NOT_OBSERVED
3493,3494,,UNOBSERVED,UNKNOWN_NO_CUSTOMER_VERBATIM_OR_SENTIMENT_LABEL,FEEDBACK_NOT_OBSERVED
3494,3495,,UNOBSERVED,UNKNOWN_NO_CUSTOMER_VERBATIM_OR_SENTIMENT_LABEL,FEEDBACK_NOT_OBSERVED
3495,3496,,UNOBSERVED,UNKNOWN_NO_CUSTOMER_VERBATIM_OR_SENTIMENT_LABEL,FEEDBACK_NOT_OBSERVED
3496,3497,,UNOBSERVED,UNKNOWN_NO_CUSTOMER_VERBATIM_OR_SENTIMENT_LABEL,FEEDBACK_NOT_OBSERVED
3497,3498,,UNOBSERVED,UNKNOWN_NO_CUSTOMER_VERBATIM_OR_SENTIMENT_LABEL,FEEDBACK_NOT_OBSERVED
3498,3499,,UNOBSERVED,UNKNOWN_NO_CUSTOMER_VERBATIM_OR_SENTIMENT_LABEL,FEEDBACK_NOT_OBSERVED
3499,3500,,UNOBSERVED,UNKNOWN_NO_CUSTOMER_VERBATIM_OR_SENTIMENT_LABEL,FEEDBACK_NOT_OBSERVED
3500,3501,,UNOBSERVED,UNKNOWN_NO_CUSTOMER_VERBATIM_OR_SENTIMENT_LABEL,FEEDBACK_NOT_OBSERVED
3501,3502,,UNOBSERVED,UNKNOWN_NO_CUSTOMER_VERBATIM_OR_SENTIMENT_LABEL,FEEDBACK_NOT_OBSERVED
3502,3503,,UNOBSERVED,UNKNOWN_NO_CUSTOMER_VERBATIM_OR_SENTIMENT_LABEL,FEEDBACK_NOT_OBSERVED
3503,3504,,UNOBSERVED,UNKNOWN_NO_CUSTOMER_VERBATIM_OR_SENTIMENT_LABEL,FEEDBACK_NOT_OBSERVED
3504,3505,,UNOBSERVED,UNKNOWN_NO_CUSTOMER_VERBATIM_OR_SENTIMENT_LABEL,FEEDBACK_NOT_OBSERVED
3505,3506,,UNOBSERVED,UNKNOWN_NO_CUSTOMER_VERBATIM_OR_SENTIMENT_LABEL,FEEDBACK_NOT_OBSERVED
3506,3507,2,LOW_REPORTED,UNKNOWN_NO_CUSTOMER_VERBATIM_OR_SENTIMENT_LABEL,REVIEW_REPORTED_LOW_CSAT
3507,3508,,UNOBSERVED,UNKNOWN_NO_CUSTOMER_VERBATIM_OR_SENTIMENT_LABEL,FEEDBACK_NOT_OBSERVED
3508,3509,,UNOBSERVED,UNKNOWN_NO_CUSTOMER_VERBATIM_OR_SENTIMENT_LABEL,FEEDBACK_NOT_OBSERVED
3509,3510,,UNOBSERVED,UNKNOWN_NO_CUSTOMER_VERBATIM_OR_SENTIMENT_LABEL,FEEDBACK_NOT_OBSERVED
3510,3511,,UNOBSERVED,UNKNOWN_NO_CUSTOMER_VERBATIM_OR_SENTIMENT_LABEL,FEEDBACK_NOT_OBSERVED
3511,3512,5,HIGH_REPORTED,UNKNOWN_NO_CUSTOMER_VERBATIM_OR_SENTIMENT_LABEL,KEEP_OBSERVED_SCORE
3512,3513,,UNOBSERVED,UNKNOWN_NO_CUSTOMER_VERBATIM_OR_SENTIMENT_LABEL,FEEDBACK_NOT_OBSERVED
3513,3514,1,LOW_REPORTED,UNKNOWN_NO_CUSTOMER_VERBATIM_OR_SENTIMENT_LABEL,REVIEW_REPORTED_LOW_CSAT
3514,3515,1,LOW_REPORTED,UNKNOWN_NO_CUSTOMER_VERBATIM_OR_SENTIMENT_LABEL,REVIEW_REPORTED_LOW_CSAT
3515,3516,,UNOBSERVED,UNKNOWN_NO_CUSTOMER_VERBATIM_OR_SENTIMENT_LABEL,FEEDBACK_NOT_OBSERVED
3516,3517,,UNOBSERVED,UNKNOWN_NO_CUSTOMER_VERBATIM_OR_SENTIMENT_LABEL,FEEDBACK_NOT_OBSERVED
3517,3518,,UNOBSERVED,UNKNOWN_NO_CUSTOMER_VERBATIM_OR_SENTIMENT_LABEL,FEEDBACK_NOT_OBSERVED
3518,3519,,UNOBSERVED,UNKNOWN_NO_CUSTOMER_VERBATIM_OR_SENTIMENT_LABEL,FEEDBACK_NOT_OBSERVED
3519,3520,2,LOW_REPORTED,UNKNOWN_NO_CUSTOMER_VERBATIM_OR_SENTIMENT_LABEL,REVIEW_REPORTED_LOW_CSAT
3520,3521,5,HIGH_REPORTED,UNKNOWN_NO_CUSTOMER_VERBATIM_OR_SENTIMENT_LABEL,KEEP_OBSERVED_SCORE
3521,3522,,UNOBSERVED,UNKNOWN_NO_CUSTOMER_VERBATIM_OR_SENTIMENT_LABEL,FEEDBACK_NOT_OBSERVED
3522,3523,,UNOBSERVED,UNKNOWN_NO_CUSTOMER_VERBATIM_OR_SENTIMENT_LABEL,FEEDBACK_NOT_OBSERVED
3523,3524,2,LOW_REPORTED,UNKNOWN_NO_CUSTOMER_VERBATIM_OR_SENTIMENT_LABEL,REVIEW_REPORTED_LOW_CSAT
3524,3525,5,HIGH_REPORTED,UNKNOWN_NO_CUSTOMER_VERBATIM_OR_SENTIMENT_LABEL,KEEP_OBSERVED_SCORE
3525,3526,4,HIGH_REPORTED,UNKNOWN_NO_CUSTOMER_VERBATIM_OR_SENTIMENT_LABEL,KEEP_OBSERVED_SCORE
3526,3527,,UNOBSERVED,UNKNOWN_NO_CUSTOMER_VERBATIM_OR_SENTIMENT_LABEL,FEEDBACK_NOT_OBSERVED
3527,3528,5,HIGH_REPORTED,UNKNOWN_NO_CUSTOMER_VERBATIM_OR_SENTIMENT_LABEL,KEEP_OBSERVED_SCORE
3528,3529,2,LOW_REPORTED,UNKNOWN_NO_CUSTOMER_VERBATIM_OR_SENTIMENT_LABEL,REVIEW_REPORTED_LOW_CSAT
3529,3530,,UNOBSERVED,UNKNOWN_NO_CUSTOMER_VERBATIM_OR_SENTIMENT_LABEL,FEEDBACK_NOT_OBSERVED
3530,3531,,UNOBSERVED,UNKNOWN_NO_CUSTOMER_VERBATIM_OR_SENTIMENT_LABEL,FEEDBACK_NOT_OBSERVED
3531,3532,,UNOBSERVED,UNKNOWN_NO_CUSTOMER_VERBATIM_OR_SENTIMENT_LABEL,FEEDBACK_NOT_OBSERVED
3532,3533,1,LOW_REPORTED,UNKNOWN_NO_CUSTOMER_VERBATIM_OR_SENTIMENT_LABEL,REVIEW_REPORTED_LOW_CSAT
3533,3534,,UNOBSERVED,UNKNOWN_NO_CUSTOMER_VERBATIM_OR_SENTIMENT_LABEL,FEEDBACK_NOT_OBSERVED
3534,3535,1,LOW_REPORTED,UNKNOWN_NO_CUSTOMER_VERBATIM_OR_SENTIMENT_LABEL,REVIEW_REPORTED_LOW_CSAT
3535,3536,,UNOBSERVED,UNKNOWN_NO_CUSTOMER_VERBATIM_OR_SENTIMENT_LABEL,FEEDBACK_NOT_OBSERVED
3536,3537,,UNOBSERVED,UNKNOWN_NO_CUSTOMER_VERBATIM_OR_SENTIMENT_LABEL,FEEDBACK_NOT_OBSERVED
3537,3538,,UNOBSERVED,UNKNOWN_NO_CUSTOMER_VERBATIM_OR_SENTIMENT_LABEL,FEEDBACK_NOT_OBSERVED
3538,3539,,UNOBSERVED,UNKNOWN_NO_CUSTOMER_VERBATIM_OR_SENTIMENT_LABEL,FEEDBACK_NOT_OBSERVED
3539,3540,3,MIDDLE_REPORTED,UNKNOWN_NO_CUSTOMER_VERBATIM_OR_SENTIMENT_LABEL,KEEP_OBSERVED_SCORE
3540,3541,,UNOBSERVED,UNKNOWN_NO_CUSTOMER_VERBATIM_OR_SENTIMENT_LABEL,FEEDBACK_NOT_OBSERVED
3541,3542,5,HIGH_REPORTED,UNKNOWN_NO_CUSTOMER_VERBATIM_OR_SENTIMENT_LABEL,KEEP_OBSERVED_SCORE
3542,3543,3,MIDDLE_REPORTED,UNKNOWN_NO_CUSTOMER_VERBATIM_OR_SENTIMENT_LABEL,KEEP_OBSERVED_SCORE
3543,3544,,UNOBSERVED,UNKNOWN_NO_CUSTOMER_VERBATIM_OR_SENTIMENT_LABEL,FEEDBACK_NOT_OBSERVED
3544,3545,,UNOBSERVED,UNKNOWN_NO_CUSTOMER_VERBATIM_OR_SENTIMENT_LABEL,FEEDBACK_NOT_OBSERVED
3545,3546,4,HIGH_REPORTED,UNKNOWN_NO_CUSTOMER_VERBATIM_OR_SENTIMENT_LABEL,KEEP_OBSERVED_SCORE
3546,3547,3,MIDDLE_REPORTED,UNKNOWN_NO_CUSTOMER_VERBATIM_OR_SENTIMENT_LABEL,KEEP_OBSERVED_SCORE
3547,3548,,UNOBSERVED,UNKNOWN_NO_CUSTOMER_VERBATIM_OR_SENTIMENT_LABEL,FEEDBACK_NOT_OBSERVED
3548,3549,,UNOBSERVED,UNKNOWN_NO_CUSTOMER_VERBATIM_OR_SENTIMENT_LABEL,FEEDBACK_NOT_OBSERVED
3549,3550,4,HIGH_REPORTED,UNKNOWN_NO_CUSTOMER_VERBATIM_OR_SENTIMENT_LABEL,KEEP_OBSERVED_SCORE
3550,3551,,UNOBSERVED,UNKNOWN_NO_CUSTOMER_VERBATIM_OR_SENTIMENT_LABEL,FEEDBACK_NOT_OBSERVED
3551,3552,,UNOBSERVED,UNKNOWN_NO_CUSTOMER_VERBATIM_OR_SENTIMENT_LABEL,FEEDBACK_NOT_OBSERVED
3552,3553,1,LOW_REPORTED,UNKNOWN_NO_CUSTOMER_VERBATIM_OR_SENTIMENT_LABEL,REVIEW_REPORTED_LOW_CSAT
3553,3554,,UNOBSERVED,UNKNOWN_NO_CUSTOMER_VERBATIM_OR_SENTIMENT_LABEL,FEEDBACK_NOT_OBSERVED
3554,3555,5,HIGH_REPORTED,UNKNOWN_NO_CUSTOMER_VERBATIM_OR_SENTIMENT_LABEL,KEEP_OBSERVED_SCORE
3555,3556,,UNOBSERVED,UNKNOWN_NO_CUSTOMER_VERBATIM_OR_SENTIMENT_LABEL,FEEDBACK_NOT_OBSERVED
3556,3557,,UNOBSERVED,UNKNOWN_NO_CUSTOMER_VERBATIM_OR_SENTIMENT_LABEL,FEEDBACK_NOT_OBSERVED
3557,3558,,UNOBSERVED,UNKNOWN_NO_CUSTOMER_VERBATIM_OR_SENTIMENT_LABEL,FEEDBACK_NOT_OBSERVED
3558,3559,,UNOBSERVED,UNKNOWN_NO_CUSTOMER_VERBATIM_OR_SENTIMENT_LABEL,FEEDBACK_NOT_OBSERVED
3559,3560,1,LOW_REPORTED,UNKNOWN_NO_CUSTOMER_VERBATIM_OR_SENTIMENT_LABEL,REVIEW_REPORTED_LOW_CSAT
3560,3561,,UNOBSERVED,UNKNOWN_NO_CUSTOMER_VERBATIM_OR_SENTIMENT_LABEL,FEEDBACK_NOT_OBSERVED
3561,3562,5,HIGH_REPORTED,UNKNOWN_NO_CUSTOMER_VERBATIM_OR_SENTIMENT_LABEL,KEEP_OBSERVED_SCORE
3562,3563,,UNOBSERVED,UNKNOWN_NO_CUSTOMER_VERBATIM_OR_SENTIMENT_LABEL,FEEDBACK_NOT_OBSERVED
3563,3564,,UNOBSERVED,UNKNOWN_NO_CUSTOMER_VERBATIM_OR_SENTIMENT_LABEL,FEEDBACK_NOT_OBSERVED
3564,3565,1,LOW_REPORTED,UNKNOWN_NO_CUSTOMER_VERBATIM_OR_SENTIMENT_LABEL,REVIEW_REPORTED_LOW_CSAT
3565,3566,,UNOBSERVED,UNKNOWN_NO_CUSTOMER_VERBATIM_OR_SENTIMENT_LABEL,FEEDBACK_NOT_OBSERVED
3566,3567,,UNOBSERVED,UNKNOWN_NO_CUSTOMER_VERBATIM_OR_SENTIMENT_LABEL,FEEDBACK_NOT_OBSERVED
3567,3568,,UNOBSERVED,UNKNOWN_NO_CUSTOMER_VERBATIM_OR_SENTIMENT_LABEL,FEEDBACK_NOT_OBSERVED
3568,3569,,UNOBSERVED,UNKNOWN_NO_CUSTOMER_VERBATIM_OR_SENTIMENT_LABEL,FEEDBACK_NOT_OBSERVED
3569,3570,3,MIDDLE_REPORTED,UNKNOWN_NO_CUSTOMER_VERBATIM_OR_SENTIMENT_LABEL,KEEP_OBSERVED_SCORE
3570,3571,,UNOBSERVED,UNKNOWN_NO_CUSTOMER_VERBATIM_OR_SENTIMENT_LABEL,FEEDBACK_NOT_OBSERVED
3571,3572,,UNOBSERVED,UNKNOWN_NO_CUSTOMER_VERBATIM_OR_SENTIMENT_LABEL,FEEDBACK_NOT_OBSERVED
3572,3573,2,LOW_REPORTED,UNKNOWN_NO_CUSTOMER_VERBATIM_OR_SENTIMENT_LABEL,REVIEW_REPORTED_LOW_CSAT
3573,3574,,UNOBSERVED,UNKNOWN_NO_CUSTOMER_VERBATIM_OR_SENTIMENT_LABEL,FEEDBACK_NOT_OBSERVED
3574,3575,,UNOBSERVED,UNKNOWN_NO_CUSTOMER_VERBATIM_OR_SENTIMENT_LABEL,FEEDBACK_NOT_OBSERVED
3575,3576,,UNOBSERVED,UNKNOWN_NO_CUSTOMER_VERBATIM_OR_SENTIMENT_LABEL,FEEDBACK_NOT_OBSERVED
3576,3577,5,HIGH_REPORTED,UNKNOWN_NO_CUSTOMER_VERBATIM_OR_SENTIMENT_LABEL,KEEP_OBSERVED_SCORE
3577,3578,4,HIGH_REPORTED,UNKNOWN_NO_CUSTOMER_VERBATIM_OR_SENTIMENT_LABEL,KEEP_OBSERVED_SCORE
3578,3579,,UNOBSERVED,UNKNOWN_NO_CUSTOMER_VERBATIM_OR_SENTIMENT_LABEL,FEEDBACK_NOT_OBSERVED
3579,3580,4,HIGH_REPORTED,UNKNOWN_NO_CUSTOMER_VERBATIM_OR_SENTIMENT_LABEL,KEEP_OBSERVED_SCORE
3580,3581,3,MIDDLE_REPORTED,UNKNOWN_NO_CUSTOMER_VERBATIM_OR_SENTIMENT_LABEL,KEEP_OBSERVED_SCORE
3581,3582,,UNOBSERVED,UNKNOWN_NO_CUSTOMER_VERBATIM_OR_SENTIMENT_LABEL,FEEDBACK_NOT_OBSERVED
3582,3583,5,HIGH_REPORTED,UNKNOWN_NO_CUSTOMER_VERBATIM_OR_SENTIMENT_LABEL,KEEP_OBSERVED_SCORE
3583,3584,4,HIGH_REPORTED,UNKNOWN_NO_CUSTOMER_VERBATIM_OR_SENTIMENT_LABEL,KEEP_OBSERVED_SCORE
3584,3585,,UNOBSERVED,UNKNOWN_NO_CUSTOMER_VERBATIM_OR_SENTIMENT_LABEL,FEEDBACK_NOT_OBSERVED
3585,3586,2,LOW_REPORTED,UNKNOWN_NO_CUSTOMER_VERBATIM_OR_SENTIMENT_LABEL,REVIEW_REPORTED_LOW_CSAT
3586,3587,,UNOBSERVED,UNKNOWN_NO_CUSTOMER_VERBATIM_OR_SENTIMENT_LABEL,FEEDBACK_NOT_OBSERVED
3587,3588,5,HIGH_REPORTED,UNKNOWN_NO_CUSTOMER_VERBATIM_OR_SENTIMENT_LABEL,KEEP_OBSERVED_SCORE
3588,3589,,UNOBSERVED,UNKNOWN_NO_CUSTOMER_VERBATIM_OR_SENTIMENT_LABEL,FEEDBACK_NOT_OBSERVED
3589,3590,,UNOBSERVED,UNKNOWN_NO_CUSTOMER_VERBATIM_OR_SENTIMENT_LABEL,FEEDBACK_NOT_OBSERVED
3590,3591,2,LOW_REPORTED,UNKNOWN_NO_CUSTOMER_VERBATIM_OR_SENTIMENT_LABEL,REVIEW_REPORTED_LOW_CSAT
3591,3592,,UNOBSERVED,UNKNOWN_NO_CUSTOMER_VERBATIM_OR_SENTIMENT_LABEL,FEEDBACK_NOT_OBSERVED
3592,3593,2,LOW_REPORTED,UNKNOWN_NO_CUSTOMER_VERBATIM_OR_SENTIMENT_LABEL,REVIEW_REPORTED_LOW_CSAT
3593,3594,,UNOBSERVED,UNKNOWN_NO_CUSTOMER_VERBATIM_OR_SENTIMENT_LABEL,FEEDBACK_NOT_OBSERVED
3594,3595,,UNOBSERVED,UNKNOWN_NO_CUSTOMER_VERBATIM_OR_SENTIMENT_LABEL,FEEDBACK_NOT_OBSERVED
3595,3596,5,HIGH_REPORTED,UNKNOWN_NO_CUSTOMER_VERBATIM_OR_SENTIMENT_LABEL,KEEP_OBSERVED_SCORE
3596,3597,,UNOBSERVED,UNKNOWN_NO_CUSTOMER_VERBATIM_OR_SENTIMENT_LABEL,FEEDBACK_NOT_OBSERVED
3597,3598,,UNOBSERVED,UNKNOWN_NO_CUSTOMER_VERBATIM_OR_SENTIMENT_LABEL,FEEDBACK_NOT_OBSERVED
3598,3599,,UNOBSERVED,UNKNOWN_NO_CUSTOMER_VERBATIM_OR_SENTIMENT_LABEL,FEEDBACK_NOT_OBSERVED
3599,3600,5,HIGH_REPORTED,UNKNOWN_NO_CUSTOMER_VERBATIM_OR_SENTIMENT_LABEL,KEEP_OBSERVED_SCORE
3600,3601,,UNOBSERVED,UNKNOWN_NO_CUSTOMER_VERBATIM_OR_SENTIMENT_LABEL,FEEDBACK_NOT_OBSERVED
3601,3602,5,HIGH_REPORTED,UNKNOWN_NO_CUSTOMER_VERBATIM_OR_SENTIMENT_LABEL,KEEP_OBSERVED_SCORE
3602,3603,,UNOBSERVED,UNKNOWN_NO_CUSTOMER_VERBATIM_OR_SENTIMENT_LABEL,FEEDBACK_NOT_OBSERVED
3603,3604,,UNOBSERVED,UNKNOWN_NO_CUSTOMER_VERBATIM_OR_SENTIMENT_LABEL,FEEDBACK_NOT_OBSERVED
3604,3605,,UNOBSERVED,UNKNOWN_NO_CUSTOMER_VERBATIM_OR_SENTIMENT_LABEL,FEEDBACK_NOT_OBSERVED
3605,3606,3,MIDDLE_REPORTED,UNKNOWN_NO_CUSTOMER_VERBATIM_OR_SENTIMENT_LABEL,KEEP_OBSERVED_SCORE
3606,3607,,UNOBSERVED,UNKNOWN_NO_CUSTOMER_VERBATIM_OR_SENTIMENT_LABEL,FEEDBACK_NOT_OBSERVED
3607,3608,,UNOBSERVED,UNKNOWN_NO_CUSTOMER_VERBATIM_OR_SENTIMENT_LABEL,FEEDBACK_NOT_OBSERVED
3608,3609,,UNOBSERVED,UNKNOWN_NO_CUSTOMER_VERBATIM_OR_SENTIMENT_LABEL,FEEDBACK_NOT_OBSERVED
3609,3610,,UNOBSERVED,UNKNOWN_NO_CUSTOMER_VERBATIM_OR_SENTIMENT_LABEL,FEEDBACK_NOT_OBSERVED
3610,3611,2,LOW_REPORTED,UNKNOWN_NO_CUSTOMER_VERBATIM_OR_SENTIMENT_LABEL,REVIEW_REPORTED_LOW_CSAT
3611,3612,,UNOBSERVED,UNKNOWN_NO_CUSTOMER_VERBATIM_OR_SENTIMENT_LABEL,FEEDBACK_NOT_OBSERVED
3612,3613,,UNOBSERVED,UNKNOWN_NO_CUSTOMER_VERBATIM_OR_SENTIMENT_LABEL,FEEDBACK_NOT_OBSERVED
3613,3614,,UNOBSERVED,UNKNOWN_NO_CUSTOMER_VERBATIM_OR_SENTIMENT_LABEL,FEEDBACK_NOT_OBSERVED
3614,3615,,UNOBSERVED,UNKNOWN_NO_CUSTOMER_VERBATIM_OR_SENTIMENT_LABEL,FEEDBACK_NOT_OBSERVED
3615,3616,,UNOBSERVED,UNKNOWN_NO_CUSTOMER_VERBATIM_OR_SENTIMENT_LABEL,FEEDBACK_NOT_OBSERVED
3616,3617,,UNOBSERVED,UNKNOWN_NO_CUSTOMER_VERBATIM_OR_SENTIMENT_LABEL,FEEDBACK_NOT_OBSERVED
3617,3618,,UNOBSERVED,UNKNOWN_NO_CUSTOMER_VERBATIM_OR_SENTIMENT_LABEL,FEEDBACK_NOT_OBSERVED
3618,3619,1,LOW_REPORTED,UNKNOWN_NO_CUSTOMER_VERBATIM_OR_SENTIMENT_LABEL,REVIEW_REPORTED_LOW_CSAT
3619,3620,,UNOBSERVED,UNKNOWN_NO_CUSTOMER_VERBATIM_OR_SENTIMENT_LABEL,FEEDBACK_NOT_OBSERVED
3620,3621,,UNOBSERVED,UNKNOWN_NO_CUSTOMER_VERBATIM_OR_SENTIMENT_LABEL,FEEDBACK_NOT_OBSERVED
3621,3622,,UNOBSERVED,UNKNOWN_NO_CUSTOMER_VERBATIM_OR_SENTIMENT_LABEL,FEEDBACK_NOT_OBSERVED
3622,3623,3,MIDDLE_REPORTED,UNKNOWN_NO_CUSTOMER_VERBATIM_OR_SENTIMENT_LABEL,KEEP_OBSERVED_SCORE
3623,3624,,UNOBSERVED,UNKNOWN_NO_CUSTOMER_VERBATIM_OR_SENTIMENT_LABEL,FEEDBACK_NOT_OBSERVED
3624,3625,3,MIDDLE_REPORTED,UNKNOWN_NO_CUSTOMER_VERBATIM_OR_SENTIMENT_LABEL,KEEP_OBSERVED_SCORE
3625,3626,,UNOBSERVED,UNKNOWN_NO_CUSTOMER_VERBATIM_OR_SENTIMENT_LABEL,FEEDBACK_NOT_OBSERVED
3626,3627,,UNOBSERVED,UNKNOWN_NO_CUSTOMER_VERBATIM_OR_SENTIMENT_LABEL,FEEDBACK_NOT_OBSERVED
3627,3628,,UNOBSERVED,UNKNOWN_NO_CUSTOMER_VERBATIM_OR_SENTIMENT_LABEL,FEEDBACK_NOT_OBSERVED
3628,3629,5,HIGH_REPORTED,UNKNOWN_NO_CUSTOMER_VERBATIM_OR_SENTIMENT_LABEL,KEEP_OBSERVED_SCORE
3629,3630,,UNOBSERVED,UNKNOWN_NO_CUSTOMER_VERBATIM_OR_SENTIMENT_LABEL,FEEDBACK_NOT_OBSERVED
3630,3631,,UNOBSERVED,UNKNOWN_NO_CUSTOMER_VERBATIM_OR_SENTIMENT_LABEL,FEEDBACK_NOT_OBSERVED
3631,3632,,UNOBSERVED,UNKNOWN_NO_CUSTOMER_VERBATIM_OR_SENTIMENT_LABEL,FEEDBACK_NOT_OBSERVED
3632,3633,,UNOBSERVED,UNKNOWN_NO_CUSTOMER_VERBATIM_OR_SENTIMENT_LABEL,FEEDBACK_NOT_OBSERVED
3633,3634,,UNOBSERVED,UNKNOWN_NO_CUSTOMER_VERBATIM_OR_SENTIMENT_LABEL,FEEDBACK_NOT_OBSERVED
3634,3635,,UNOBSERVED,UNKNOWN_NO_CUSTOMER_VERBATIM_OR_SENTIMENT_LABEL,FEEDBACK_NOT_OBSERVED
3635,3636,3,MIDDLE_REPORTED,UNKNOWN_NO_CUSTOMER_VERBATIM_OR_SENTIMENT_LABEL,KEEP_OBSERVED_SCORE
3636,3637,,UNOBSERVED,UNKNOWN_NO_CUSTOMER_VERBATIM_OR_SENTIMENT_LABEL,FEEDBACK_NOT_OBSERVED
3637,3638,1,LOW_REPORTED,UNKNOWN_NO_CUSTOMER_VERBATIM_OR_SENTIMENT_LABEL,REVIEW_REPORTED_LOW_CSAT
3638,3639,,UNOBSERVED,UNKNOWN_NO_CUSTOMER_VERBATIM_OR_SENTIMENT_LABEL,FEEDBACK_NOT_OBSERVED
3639,3640,,UNOBSERVED,UNKNOWN_NO_CUSTOMER_VERBATIM_OR_SENTIMENT_LABEL,FEEDBACK_NOT_OBSERVED
3640,3641,,UNOBSERVED,UNKNOWN_NO_CUSTOMER_VERBATIM_OR_SENTIMENT_LABEL,FEEDBACK_NOT_OBSERVED
3641,3642,,UNOBSERVED,UNKNOWN_NO_CUSTOMER_VERBATIM_OR_SENTIMENT_LABEL,FEEDBACK_NOT_OBSERVED
3642,3643,,UNOBSERVED,UNKNOWN_NO_CUSTOMER_VERBATIM_OR_SENTIMENT_LABEL,FEEDBACK_NOT_OBSERVED
3643,3644,,UNOBSERVED,UNKNOWN_NO_CUSTOMER_VERBATIM_OR_SENTIMENT_LABEL,FEEDBACK_NOT_OBSERVED
3644,3645,,UNOBSERVED,UNKNOWN_NO_CUSTOMER_VERBATIM_OR_SENTIMENT_LABEL,FEEDBACK_NOT_OBSERVED
3645,3646,,UNOBSERVED,UNKNOWN_NO_CUSTOMER_VERBATIM_OR_SENTIMENT_LABEL,FEEDBACK_NOT_OBSERVED
3646,3647,3,MIDDLE_REPORTED,UNKNOWN_NO_CUSTOMER_VERBATIM_OR_SENTIMENT_LABEL,KEEP_OBSERVED_SCORE
3647,3648,,UNOBSERVED,UNKNOWN_NO_CUSTOMER_VERBATIM_OR_SENTIMENT_LABEL,FEEDBACK_NOT_OBSERVED
3648,3649,,UNOBSERVED,UNKNOWN_NO_CUSTOMER_VERBATIM_OR_SENTIMENT_LABEL,FEEDBACK_NOT_OBSERVED
3649,3650,3,MIDDLE_REPORTED,UNKNOWN_NO_CUSTOMER_VERBATIM_OR_SENTIMENT_LABEL,KEEP_OBSERVED_SCORE
3650,3651,5,HIGH_REPORTED,UNKNOWN_NO_CUSTOMER_VERBATIM_OR_SENTIMENT_LABEL,KEEP_OBSERVED_SCORE
3651,3652,,UNOBSERVED,UNKNOWN_NO_CUSTOMER_VERBATIM_OR_SENTIMENT_LABEL,FEEDBACK_NOT_OBSERVED
3652,3653,2,LOW_REPORTED,UNKNOWN_NO_CUSTOMER_VERBATIM_OR_SENTIMENT_LABEL,REVIEW_REPORTED_LOW_CSAT
3653,3654,5,HIGH_REPORTED,UNKNOWN_NO_CUSTOMER_VERBATIM_OR_SENTIMENT_LABEL,KEEP_OBSERVED_SCORE
3654,3655,,UNOBSERVED,UNKNOWN_NO_CUSTOMER_VERBATIM_OR_SENTIMENT_LABEL,FEEDBACK_NOT_OBSERVED
3655,3656,3,MIDDLE_REPORTED,UNKNOWN_NO_CUSTOMER_VERBATIM_OR_SENTIMENT_LABEL,KEEP_OBSERVED_SCORE
3656,3657,,UNOBSERVED,UNKNOWN_NO_CUSTOMER_VERBATIM_OR_SENTIMENT_LABEL,FEEDBACK_NOT_OBSERVED
3657,3658,3,MIDDLE_REPORTED,UNKNOWN_NO_CUSTOMER_VERBATIM_OR_SENTIMENT_LABEL,KEEP_OBSERVED_SCORE
3658,3659,1,LOW_REPORTED,UNKNOWN_NO_CUSTOMER_VERBATIM_OR_SENTIMENT_LABEL,REVIEW_REPORTED_LOW_CSAT
3659,3660,,UNOBSERVED,UNKNOWN_NO_CUSTOMER_VERBATIM_OR_SENTIMENT_LABEL,FEEDBACK_NOT_OBSERVED
3660,3661,,UNOBSERVED,UNKNOWN_NO_CUSTOMER_VERBATIM_OR_SENTIMENT_LABEL,FEEDBACK_NOT_OBSERVED
3661,3662,,UNOBSERVED,UNKNOWN_NO_CUSTOMER_VERBATIM_OR_SENTIMENT_LABEL,FEEDBACK_NOT_OBSERVED
3662,3663,,UNOBSERVED,UNKNOWN_NO_CUSTOMER_VERBATIM_OR_SENTIMENT_LABEL,FEEDBACK_NOT_OBSERVED
3663,3664,,UNOBSERVED,UNKNOWN_NO_CUSTOMER_VERBATIM_OR_SENTIMENT_LABEL,FEEDBACK_NOT_OBSERVED
3664,3665,,UNOBSERVED,UNKNOWN_NO_CUSTOMER_VERBATIM_OR_SENTIMENT_LABEL,FEEDBACK_NOT_OBSERVED
3665,3666,,UNOBSERVED,UNKNOWN_NO_CUSTOMER_VERBATIM_OR_SENTIMENT_LABEL,FEEDBACK_NOT_OBSERVED
3666,3667,,UNOBSERVED,UNKNOWN_NO_CUSTOMER_VERBATIM_OR_SENTIMENT_LABEL,FEEDBACK_NOT_OBSERVED
3667,3668,,UNOBSERVED,UNKNOWN_NO_CUSTOMER_VERBATIM_OR_SENTIMENT_LABEL,FEEDBACK_NOT_OBSERVED
3668,3669,3,MIDDLE_REPORTED,UNKNOWN_NO_CUSTOMER_VERBATIM_OR_SENTIMENT_LABEL,KEEP_OBSERVED_SCORE
3669,3670,2,LOW_REPORTED,UNKNOWN_NO_CUSTOMER_VERBATIM_OR_SENTIMENT_LABEL,REVIEW_REPORTED_LOW_CSAT
3670,3671,,UNOBSERVED,UNKNOWN_NO_CUSTOMER_VERBATIM_OR_SENTIMENT_LABEL,FEEDBACK_NOT_OBSERVED
3671,3672,,UNOBSERVED,UNKNOWN_NO_CUSTOMER_VERBATIM_OR_SENTIMENT_LABEL,FEEDBACK_NOT_OBSERVED
3672,3673,,UNOBSERVED,UNKNOWN_NO_CUSTOMER_VERBATIM_OR_SENTIMENT_LABEL,FEEDBACK_NOT_OBSERVED
3673,3674,5,HIGH_REPORTED,UNKNOWN_NO_CUSTOMER_VERBATIM_OR_SENTIMENT_LABEL,KEEP_OBSERVED_SCORE
3674,3675,4,HIGH_REPORTED,UNKNOWN_NO_CUSTOMER_VERBATIM_OR_SENTIMENT_LABEL,KEEP_OBSERVED_SCORE
3675,3676,3,MIDDLE_REPORTED,UNKNOWN_NO_CUSTOMER_VERBATIM_OR_SENTIMENT_LABEL,KEEP_OBSERVED_SCORE
3676,3677,4,HIGH_REPORTED,UNKNOWN_NO_CUSTOMER_VERBATIM_OR_SENTIMENT_LABEL,KEEP_OBSERVED_SCORE
3677,3678,,UNOBSERVED,UNKNOWN_NO_CUSTOMER_VERBATIM_OR_SENTIMENT_LABEL,FEEDBACK_NOT_OBSERVED
3678,3679,,UNOBSERVED,UNKNOWN_NO_CUSTOMER_VERBATIM_OR_SENTIMENT_LABEL,FEEDBACK_NOT_OBSERVED
3679,3680,,UNOBSERVED,UNKNOWN_NO_CUSTOMER_VERBATIM_OR_SENTIMENT_LABEL,FEEDBACK_NOT_OBSERVED
3680,3681,,UNOBSERVED,UNKNOWN_NO_CUSTOMER_VERBATIM_OR_SENTIMENT_LABEL,FEEDBACK_NOT_OBSERVED
3681,3682,1,LOW_REPORTED,UNKNOWN_NO_CUSTOMER_VERBATIM_OR_SENTIMENT_LABEL,REVIEW_REPORTED_LOW_CSAT
3682,3683,4,HIGH_REPORTED,UNKNOWN_NO_CUSTOMER_VERBATIM_OR_SENTIMENT_LABEL,KEEP_OBSERVED_SCORE
3683,3684,,UNOBSERVED,UNKNOWN_NO_CUSTOMER_VERBATIM_OR_SENTIMENT_LABEL,FEEDBACK_NOT_OBSERVED
3684,3685,,UNOBSERVED,UNKNOWN_NO_CUSTOMER_VERBATIM_OR_SENTIMENT_LABEL,FEEDBACK_NOT_OBSERVED
3685,3686,,UNOBSERVED,UNKNOWN_NO_CUSTOMER_VERBATIM_OR_SENTIMENT_LABEL,FEEDBACK_NOT_OBSERVED
3686,3687,,UNOBSERVED,UNKNOWN_NO_CUSTOMER_VERBATIM_OR_SENTIMENT_LABEL,FEEDBACK_NOT_OBSERVED
3687,3688,,UNOBSERVED,UNKNOWN_NO_CUSTOMER_VERBATIM_OR_SENTIMENT_LABEL,FEEDBACK_NOT_OBSERVED
3688,3689,,UNOBSERVED,UNKNOWN_NO_CUSTOMER_VERBATIM_OR_SENTIMENT_LABEL,FEEDBACK_NOT_OBSERVED
3689,3690,,UNOBSERVED,UNKNOWN_NO_CUSTOMER_VERBATIM_OR_SENTIMENT_LABEL,FEEDBACK_NOT_OBSERVED
3690,3691,,UNOBSERVED,UNKNOWN_NO_CUSTOMER_VERBATIM_OR_SENTIMENT_LABEL,FEEDBACK_NOT_OBSERVED
3691,3692,,UNOBSERVED,UNKNOWN_NO_CUSTOMER_VERBATIM_OR_SENTIMENT_LABEL,FEEDBACK_NOT_OBSERVED
3692,3693,,UNOBSERVED,UNKNOWN_NO_CUSTOMER_VERBATIM_OR_SENTIMENT_LABEL,FEEDBACK_NOT_OBSERVED
3693,3694,3,MIDDLE_REPORTED,UNKNOWN_NO_CUSTOMER_VERBATIM_OR_SENTIMENT_LABEL,KEEP_OBSERVED_SCORE
3694,3695,,UNOBSERVED,UNKNOWN_NO_CUSTOMER_VERBATIM_OR_SENTIMENT_LABEL,FEEDBACK_NOT_OBSERVED
3695,3696,5,HIGH_REPORTED,UNKNOWN_NO_CUSTOMER_VERBATIM_OR_SENTIMENT_LABEL,KEEP_OBSERVED_SCORE
3696,3697,,UNOBSERVED,UNKNOWN_NO_CUSTOMER_VERBATIM_OR_SENTIMENT_LABEL,FEEDBACK_NOT_OBSERVED
3697,3698,,UNOBSERVED,UNKNOWN_NO_CUSTOMER_VERBATIM_OR_SENTIMENT_LABEL,FEEDBACK_NOT_OBSERVED
3698,3699,2,LOW_REPORTED,UNKNOWN_NO_CUSTOMER_VERBATIM_OR_SENTIMENT_LABEL,REVIEW_REPORTED_LOW_CSAT
3699,3700,,UNOBSERVED,UNKNOWN_NO_CUSTOMER_VERBATIM_OR_SENTIMENT_LABEL,FEEDBACK_NOT_OBSERVED
3700,3701,,UNOBSERVED,UNKNOWN_NO_CUSTOMER_VERBATIM_OR_SENTIMENT_LABEL,FEEDBACK_NOT_OBSERVED
3701,3702,5,HIGH_REPORTED,UNKNOWN_NO_CUSTOMER_VERBATIM_OR_SENTIMENT_LABEL,KEEP_OBSERVED_SCORE
3702,3703,5,HIGH_REPORTED,UNKNOWN_NO_CUSTOMER_VERBATIM_OR_SENTIMENT_LABEL,KEEP_OBSERVED_SCORE
3703,3704,,UNOBSERVED,UNKNOWN_NO_CUSTOMER_VERBATIM_OR_SENTIMENT_LABEL,FEEDBACK_NOT_OBSERVED
3704,3705,,UNOBSERVED,UNKNOWN_NO_CUSTOMER_VERBATIM_OR_SENTIMENT_LABEL,FEEDBACK_NOT_OBSERVED
3705,3706,,UNOBSERVED,UNKNOWN_NO_CUSTOMER_VERBATIM_OR_SENTIMENT_LABEL,FEEDBACK_NOT_OBSERVED
3706,3707,,UNOBSERVED,UNKNOWN_NO_CUSTOMER_VERBATIM_OR_SENTIMENT_LABEL,FEEDBACK_NOT_OBSERVED
3707,3708,,UNOBSERVED,UNKNOWN_NO_CUSTOMER_VERBATIM_OR_SENTIMENT_LABEL,FEEDBACK_NOT_OBSERVED
3708,3709,3,MIDDLE_REPORTED,UNKNOWN_NO_CUSTOMER_VERBATIM_OR_SENTIMENT_LABEL,KEEP_OBSERVED_SCORE
3709,3710,,UNOBSERVED,UNKNOWN_NO_CUSTOMER_VERBATIM_OR_SENTIMENT_LABEL,FEEDBACK_NOT_OBSERVED
3710,3711,3,MIDDLE_REPORTED,UNKNOWN_NO_CUSTOMER_VERBATIM_OR_SENTIMENT_LABEL,KEEP_OBSERVED_SCORE
3711,3712,,UNOBSERVED,UNKNOWN_NO_CUSTOMER_VERBATIM_OR_SENTIMENT_LABEL,FEEDBACK_NOT_OBSERVED
3712,3713,,UNOBSERVED,UNKNOWN_NO_CUSTOMER_VERBATIM_OR_SENTIMENT_LABEL,FEEDBACK_NOT_OBSERVED
3713,3714,,UNOBSERVED,UNKNOWN_NO_CUSTOMER_VERBATIM_OR_SENTIMENT_LABEL,FEEDBACK_NOT_OBSERVED
3714,3715,,UNOBSERVED,UNKNOWN_NO_CUSTOMER_VERBATIM_OR_SENTIMENT_LABEL,FEEDBACK_NOT_OBSERVED
3715,3716,,UNOBSERVED,UNKNOWN_NO_CUSTOMER_VERBATIM_OR_SENTIMENT_LABEL,FEEDBACK_NOT_OBSERVED
3716,3717,,UNOBSERVED,UNKNOWN_NO_CUSTOMER_VERBATIM_OR_SENTIMENT_LABEL,FEEDBACK_NOT_OBSERVED
3717,3718,,UNOBSERVED,UNKNOWN_NO_CUSTOMER_VERBATIM_OR_SENTIMENT_LABEL,FEEDBACK_NOT_OBSERVED
3718,3719,,UNOBSERVED,UNKNOWN_NO_CUSTOMER_VERBATIM_OR_SENTIMENT_LABEL,FEEDBACK_NOT_OBSERVED
3719,3720,,UNOBSERVED,UNKNOWN_NO_CUSTOMER_VERBATIM_OR_SENTIMENT_LABEL,FEEDBACK_NOT_OBSERVED
3720,3721,3,MIDDLE_REPORTED,UNKNOWN_NO_CUSTOMER_VERBATIM_OR_SENTIMENT_LABEL,KEEP_OBSERVED_SCORE
3721,3722,,UNOBSERVED,UNKNOWN_NO_CUSTOMER_VERBATIM_OR_SENTIMENT_LABEL,FEEDBACK_NOT_OBSERVED
3722,3723,4,HIGH_REPORTED,UNKNOWN_NO_CUSTOMER_VERBATIM_OR_SENTIMENT_LABEL,KEEP_OBSERVED_SCORE
3723,3724,,UNOBSERVED,UNKNOWN_NO_CUSTOMER_VERBATIM_OR_SENTIMENT_LABEL,FEEDBACK_NOT_OBSERVED
3724,3725,,UNOBSERVED,UNKNOWN_NO_CUSTOMER_VERBATIM_OR_SENTIMENT_LABEL,FEEDBACK_NOT_OBSERVED
3725,3726,,UNOBSERVED,UNKNOWN_NO_CUSTOMER_VERBATIM_OR_SENTIMENT_LABEL,FEEDBACK_NOT_OBSERVED
3726,3727,,UNOBSERVED,UNKNOWN_NO_CUSTOMER_VERBATIM_OR_SENTIMENT_LABEL,FEEDBACK_NOT_OBSERVED
3727,3728,3,MIDDLE_REPORTED,UNKNOWN_NO_CUSTOMER_VERBATIM_OR_SENTIMENT_LABEL,KEEP_OBSERVED_SCORE
3728,3729,3,MIDDLE_REPORTED,UNKNOWN_NO_CUSTOMER_VERBATIM_OR_SENTIMENT_LABEL,KEEP_OBSERVED_SCORE
3729,3730,,UNOBSERVED,UNKNOWN_NO_CUSTOMER_VERBATIM_OR_SENTIMENT_LABEL,FEEDBACK_NOT_OBSERVED
3730,3731,,UNOBSERVED,UNKNOWN_NO_CUSTOMER_VERBATIM_OR_SENTIMENT_LABEL,FEEDBACK_NOT_OBSERVED
3731,3732,,UNOBSERVED,UNKNOWN_NO_CUSTOMER_VERBATIM_OR_SENTIMENT_LABEL,FEEDBACK_NOT_OBSERVED
3732,3733,3,MIDDLE_REPORTED,UNKNOWN_NO_CUSTOMER_VERBATIM_OR_SENTIMENT_LABEL,KEEP_OBSERVED_SCORE
3733,3734,,UNOBSERVED,UNKNOWN_NO_CUSTOMER_VERBATIM_OR_SENTIMENT_LABEL,FEEDBACK_NOT_OBSERVED
3734,3735,,UNOBSERVED,UNKNOWN_NO_CUSTOMER_VERBATIM_OR_SENTIMENT_LABEL,FEEDBACK_NOT_OBSERVED
3735,3736,,UNOBSERVED,UNKNOWN_NO_CUSTOMER_VERBATIM_OR_SENTIMENT_LABEL,FEEDBACK_NOT_OBSERVED
3736,3737,,UNOBSERVED,UNKNOWN_NO_CUSTOMER_VERBATIM_OR_SENTIMENT_LABEL,FEEDBACK_NOT_OBSERVED
3737,3738,,UNOBSERVED,UNKNOWN_NO_CUSTOMER_VERBATIM_OR_SENTIMENT_LABEL,FEEDBACK_NOT_OBSERVED
3738,3739,,UNOBSERVED,UNKNOWN_NO_CUSTOMER_VERBATIM_OR_SENTIMENT_LABEL,FEEDBACK_NOT_OBSERVED
3739,3740,1,LOW_REPORTED,UNKNOWN_NO_CUSTOMER_VERBATIM_OR_SENTIMENT_LABEL,REVIEW_REPORTED_LOW_CSAT
3740,3741,,UNOBSERVED,UNKNOWN_NO_CUSTOMER_VERBATIM_OR_SENTIMENT_LABEL,FEEDBACK_NOT_OBSERVED
3741,3742,,UNOBSERVED,UNKNOWN_NO_CUSTOMER_VERBATIM_OR_SENTIMENT_LABEL,FEEDBACK_NOT_OBSERVED
3742,3743,,UNOBSERVED,UNKNOWN_NO_CUSTOMER_VERBATIM_OR_SENTIMENT_LABEL,FEEDBACK_NOT_OBSERVED
3743,3744,,UNOBSERVED,UNKNOWN_NO_CUSTOMER_VERBATIM_OR_SENTIMENT_LABEL,FEEDBACK_NOT_OBSERVED
3744,3745,3,MIDDLE_REPORTED,UNKNOWN_NO_CUSTOMER_VERBATIM_OR_SENTIMENT_LABEL,KEEP_OBSERVED_SCORE
3745,3746,3,MIDDLE_REPORTED,UNKNOWN_NO_CUSTOMER_VERBATIM_OR_SENTIMENT_LABEL,KEEP_OBSERVED_SCORE
3746,3747,,UNOBSERVED,UNKNOWN_NO_CUSTOMER_VERBATIM_OR_SENTIMENT_LABEL,FEEDBACK_NOT_OBSERVED
3747,3748,,UNOBSERVED,UNKNOWN_NO_CUSTOMER_VERBATIM_OR_SENTIMENT_LABEL,FEEDBACK_NOT_OBSERVED
3748,3749,2,LOW_REPORTED,UNKNOWN_NO_CUSTOMER_VERBATIM_OR_SENTIMENT_LABEL,REVIEW_REPORTED_LOW_CSAT
3749,3750,,UNOBSERVED,UNKNOWN_NO_CUSTOMER_VERBATIM_OR_SENTIMENT_LABEL,FEEDBACK_NOT_OBSERVED
3750,3751,5,HIGH_REPORTED,UNKNOWN_NO_CUSTOMER_VERBATIM_OR_SENTIMENT_LABEL,KEEP_OBSERVED_SCORE
3751,3752,1,LOW_REPORTED,UNKNOWN_NO_CUSTOMER_VERBATIM_OR_SENTIMENT_LABEL,REVIEW_REPORTED_LOW_CSAT
3752,3753,,UNOBSERVED,UNKNOWN_NO_CUSTOMER_VERBATIM_OR_SENTIMENT_LABEL,FEEDBACK_NOT_OBSERVED
3753,3754,,UNOBSERVED,UNKNOWN_NO_CUSTOMER_VERBATIM_OR_SENTIMENT_LABEL,FEEDBACK_NOT_OBSERVED
3754,3755,,UNOBSERVED,UNKNOWN_NO_CUSTOMER_VERBATIM_OR_SENTIMENT_LABEL,FEEDBACK_NOT_OBSERVED
3755,3756,,UNOBSERVED,UNKNOWN_NO_CUSTOMER_VERBATIM_OR_SENTIMENT_LABEL,FEEDBACK_NOT_OBSERVED
3756,3757,,UNOBSERVED,UNKNOWN_NO_CUSTOMER_VERBATIM_OR_SENTIMENT_LABEL,FEEDBACK_NOT_OBSERVED
3757,3758,,UNOBSERVED,UNKNOWN_NO_CUSTOMER_VERBATIM_OR_SENTIMENT_LABEL,FEEDBACK_NOT_OBSERVED
3758,3759,,UNOBSERVED,UNKNOWN_NO_CUSTOMER_VERBATIM_OR_SENTIMENT_LABEL,FEEDBACK_NOT_OBSERVED
3759,3760,,UNOBSERVED,UNKNOWN_NO_CUSTOMER_VERBATIM_OR_SENTIMENT_LABEL,FEEDBACK_NOT_OBSERVED
3760,3761,4,HIGH_REPORTED,UNKNOWN_NO_CUSTOMER_VERBATIM_OR_SENTIMENT_LABEL,KEEP_OBSERVED_SCORE
3761,3762,,UNOBSERVED,UNKNOWN_NO_CUSTOMER_VERBATIM_OR_SENTIMENT_LABEL,FEEDBACK_NOT_OBSERVED
3762,3763,,UNOBSERVED,UNKNOWN_NO_CUSTOMER_VERBATIM_OR_SENTIMENT_LABEL,FEEDBACK_NOT_OBSERVED
3763,3764,1,LOW_REPORTED,UNKNOWN_NO_CUSTOMER_VERBATIM_OR_SENTIMENT_LABEL,REVIEW_REPORTED_LOW_CSAT
3764,3765,,UNOBSERVED,UNKNOWN_NO_CUSTOMER_VERBATIM_OR_SENTIMENT_LABEL,FEEDBACK_NOT_OBSERVED
3765,3766,,UNOBSERVED,UNKNOWN_NO_CUSTOMER_VERBATIM_OR_SENTIMENT_LABEL,FEEDBACK_NOT_OBSERVED
3766,3767,2,LOW_REPORTED,UNKNOWN_NO_CUSTOMER_VERBATIM_OR_SENTIMENT_LABEL,REVIEW_REPORTED_LOW_CSAT
3767,3768,,UNOBSERVED,UNKNOWN_NO_CUSTOMER_VERBATIM_OR_SENTIMENT_LABEL,FEEDBACK_NOT_OBSERVED
3768,3769,,UNOBSERVED,UNKNOWN_NO_CUSTOMER_VERBATIM_OR_SENTIMENT_LABEL,FEEDBACK_NOT_OBSERVED
3769,3770,,UNOBSERVED,UNKNOWN_NO_CUSTOMER_VERBATIM_OR_SENTIMENT_LABEL,FEEDBACK_NOT_OBSERVED
3770,3771,3,MIDDLE_REPORTED,UNKNOWN_NO_CUSTOMER_VERBATIM_OR_SENTIMENT_LABEL,KEEP_OBSERVED_SCORE
3771,3772,2,LOW_REPORTED,UNKNOWN_NO_CUSTOMER_VERBATIM_OR_SENTIMENT_LABEL,REVIEW_REPORTED_LOW_CSAT
3772,3773,,UNOBSERVED,UNKNOWN_NO_CUSTOMER_VERBATIM_OR_SENTIMENT_LABEL,FEEDBACK_NOT_OBSERVED
3773,3774,5,HIGH_REPORTED,UNKNOWN_NO_CUSTOMER_VERBATIM_OR_SENTIMENT_LABEL,KEEP_OBSERVED_SCORE
3774,3775,2,LOW_REPORTED,UNKNOWN_NO_CUSTOMER_VERBATIM_OR_SENTIMENT_LABEL,REVIEW_REPORTED_LOW_CSAT
3775,3776,,UNOBSERVED,UNKNOWN_NO_CUSTOMER_VERBATIM_OR_SENTIMENT_LABEL,FEEDBACK_NOT_OBSERVED
3776,3777,,UNOBSERVED,UNKNOWN_NO_CUSTOMER_VERBATIM_OR_SENTIMENT_LABEL,FEEDBACK_NOT_OBSERVED
3777,3778,,UNOBSERVED,UNKNOWN_NO_CUSTOMER_VERBATIM_OR_SENTIMENT_LABEL,FEEDBACK_NOT_OBSERVED
3778,3779,,UNOBSERVED,UNKNOWN_NO_CUSTOMER_VERBATIM_OR_SENTIMENT_LABEL,FEEDBACK_NOT_OBSERVED
3779,3780,,UNOBSERVED,UNKNOWN_NO_CUSTOMER_VERBATIM_OR_SENTIMENT_LABEL,FEEDBACK_NOT_OBSERVED
3780,3781,,UNOBSERVED,UNKNOWN_NO_CUSTOMER_VERBATIM_OR_SENTIMENT_LABEL,FEEDBACK_NOT_OBSERVED
3781,3782,,UNOBSERVED,UNKNOWN_NO_CUSTOMER_VERBATIM_OR_SENTIMENT_LABEL,FEEDBACK_NOT_OBSERVED
3782,3783,3,MIDDLE_REPORTED,UNKNOWN_NO_CUSTOMER_VERBATIM_OR_SENTIMENT_LABEL,KEEP_OBSERVED_SCORE
3783,3784,,UNOBSERVED,UNKNOWN_NO_CUSTOMER_VERBATIM_OR_SENTIMENT_LABEL,FEEDBACK_NOT_OBSERVED
3784,3785,,UNOBSERVED,UNKNOWN_NO_CUSTOMER_VERBATIM_OR_SENTIMENT_LABEL,FEEDBACK_NOT_OBSERVED
3785,3786,,UNOBSERVED,UNKNOWN_NO_CUSTOMER_VERBATIM_OR_SENTIMENT_LABEL,FEEDBACK_NOT_OBSERVED
3786,3787,,UNOBSERVED,UNKNOWN_NO_CUSTOMER_VERBATIM_OR_SENTIMENT_LABEL,FEEDBACK_NOT_OBSERVED
3787,3788,2,LOW_REPORTED,UNKNOWN_NO_CUSTOMER_VERBATIM_OR_SENTIMENT_LABEL,REVIEW_REPORTED_LOW_CSAT
3788,3789,,UNOBSERVED,UNKNOWN_NO_CUSTOMER_VERBATIM_OR_SENTIMENT_LABEL,FEEDBACK_NOT_OBSERVED
3789,3790,4,HIGH_REPORTED,UNKNOWN_NO_CUSTOMER_VERBATIM_OR_SENTIMENT_LABEL,KEEP_OBSERVED_SCORE
3790,3791,2,LOW_REPORTED,UNKNOWN_NO_CUSTOMER_VERBATIM_OR_SENTIMENT_LABEL,REVIEW_REPORTED_LOW_CSAT
3791,3792,4,HIGH_REPORTED,UNKNOWN_NO_CUSTOMER_VERBATIM_OR_SENTIMENT_LABEL,KEEP_OBSERVED_SCORE
3792,3793,,UNOBSERVED,UNKNOWN_NO_CUSTOMER_VERBATIM_OR_SENTIMENT_LABEL,FEEDBACK_NOT_OBSERVED
3793,3794,3,MIDDLE_REPORTED,UNKNOWN_NO_CUSTOMER_VERBATIM_OR_SENTIMENT_LABEL,KEEP_OBSERVED_SCORE
3794,3795,,UNOBSERVED,UNKNOWN_NO_CUSTOMER_VERBATIM_OR_SENTIMENT_LABEL,FEEDBACK_NOT_OBSERVED
3795,3796,1,LOW_REPORTED,UNKNOWN_NO_CUSTOMER_VERBATIM_OR_SENTIMENT_LABEL,REVIEW_REPORTED_LOW_CSAT
3796,3797,1,LOW_REPORTED,UNKNOWN_NO_CUSTOMER_VERBATIM_OR_SENTIMENT_LABEL,REVIEW_REPORTED_LOW_CSAT
3797,3798,,UNOBSERVED,UNKNOWN_NO_CUSTOMER_VERBATIM_OR_SENTIMENT_LABEL,FEEDBACK_NOT_OBSERVED
3798,3799,,UNOBSERVED,UNKNOWN_NO_CUSTOMER_VERBATIM_OR_SENTIMENT_LABEL,FEEDBACK_NOT_OBSERVED
3799,3800,2,LOW_REPORTED,UNKNOWN_NO_CUSTOMER_VERBATIM_OR_SENTIMENT_LABEL,REVIEW_REPORTED_LOW_CSAT
3800,3801,4,HIGH_REPORTED,UNKNOWN_NO_CUSTOMER_VERBATIM_OR_SENTIMENT_LABEL,KEEP_OBSERVED_SCORE
3801,3802,,UNOBSERVED,UNKNOWN_NO_CUSTOMER_VERBATIM_OR_SENTIMENT_LABEL,FEEDBACK_NOT_OBSERVED
3802,3803,,UNOBSERVED,UNKNOWN_NO_CUSTOMER_VERBATIM_OR_SENTIMENT_LABEL,FEEDBACK_NOT_OBSERVED
3803,3804,,UNOBSERVED,UNKNOWN_NO_CUSTOMER_VERBATIM_OR_SENTIMENT_LABEL,FEEDBACK_NOT_OBSERVED
3804,3805,,UNOBSERVED,UNKNOWN_NO_CUSTOMER_VERBATIM_OR_SENTIMENT_LABEL,FEEDBACK_NOT_OBSERVED
3805,3806,,UNOBSERVED,UNKNOWN_NO_CUSTOMER_VERBATIM_OR_SENTIMENT_LABEL,FEEDBACK_NOT_OBSERVED
3806,3807,1,LOW_REPORTED,UNKNOWN_NO_CUSTOMER_VERBATIM_OR_SENTIMENT_LABEL,REVIEW_REPORTED_LOW_CSAT
3807,3808,,UNOBSERVED,UNKNOWN_NO_CUSTOMER_VERBATIM_OR_SENTIMENT_LABEL,FEEDBACK_NOT_OBSERVED
3808,3809,,UNOBSERVED,UNKNOWN_NO_CUSTOMER_VERBATIM_OR_SENTIMENT_LABEL,FEEDBACK_NOT_OBSERVED
3809,3810,,UNOBSERVED,UNKNOWN_NO_CUSTOMER_VERBATIM_OR_SENTIMENT_LABEL,FEEDBACK_NOT_OBSERVED
3810,3811,,UNOBSERVED,UNKNOWN_NO_CUSTOMER_VERBATIM_OR_SENTIMENT_LABEL,FEEDBACK_NOT_OBSERVED
3811,3812,1,LOW_REPORTED,UNKNOWN_NO_CUSTOMER_VERBATIM_OR_SENTIMENT_LABEL,REVIEW_REPORTED_LOW_CSAT
3812,3813,,UNOBSERVED,UNKNOWN_NO_CUSTOMER_VERBATIM_OR_SENTIMENT_LABEL,FEEDBACK_NOT_OBSERVED
3813,3814,,UNOBSERVED,UNKNOWN_NO_CUSTOMER_VERBATIM_OR_SENTIMENT_LABEL,FEEDBACK_NOT_OBSERVED
3814,3815,,UNOBSERVED,UNKNOWN_NO_CUSTOMER_VERBATIM_OR_SENTIMENT_LABEL,FEEDBACK_NOT_OBSERVED
3815,3816,,UNOBSERVED,UNKNOWN_NO_CUSTOMER_VERBATIM_OR_SENTIMENT_LABEL,FEEDBACK_NOT_OBSERVED
3816,3817,1,LOW_REPORTED,UNKNOWN_NO_CUSTOMER_VERBATIM_OR_SENTIMENT_LABEL,REVIEW_REPORTED_LOW_CSAT
3817,3818,,UNOBSERVED,UNKNOWN_NO_CUSTOMER_VERBATIM_OR_SENTIMENT_LABEL,FEEDBACK_NOT_OBSERVED
3818,3819,,UNOBSERVED,UNKNOWN_NO_CUSTOMER_VERBATIM_OR_SENTIMENT_LABEL,FEEDBACK_NOT_OBSERVED
3819,3820,,UNOBSERVED,UNKNOWN_NO_CUSTOMER_VERBATIM_OR_SENTIMENT_LABEL,FEEDBACK_NOT_OBSERVED
3820,3821,2,LOW_REPORTED,UNKNOWN_NO_CUSTOMER_VERBATIM_OR_SENTIMENT_LABEL,REVIEW_REPORTED_LOW_CSAT
3821,3822,,UNOBSERVED,UNKNOWN_NO_CUSTOMER_VERBATIM_OR_SENTIMENT_LABEL,FEEDBACK_NOT_OBSERVED
3822,3823,3,MIDDLE_REPORTED,UNKNOWN_NO_CUSTOMER_VERBATIM_OR_SENTIMENT_LABEL,KEEP_OBSERVED_SCORE
3823,3824,,UNOBSERVED,UNKNOWN_NO_CUSTOMER_VERBATIM_OR_SENTIMENT_LABEL,FEEDBACK_NOT_OBSERVED
3824,3825,,UNOBSERVED,UNKNOWN_NO_CUSTOMER_VERBATIM_OR_SENTIMENT_LABEL,FEEDBACK_NOT_OBSERVED
3825,3826,2,LOW_REPORTED,UNKNOWN_NO_CUSTOMER_VERBATIM_OR_SENTIMENT_LABEL,REVIEW_REPORTED_LOW_CSAT
3826,3827,,UNOBSERVED,UNKNOWN_NO_CUSTOMER_VERBATIM_OR_SENTIMENT_LABEL,FEEDBACK_NOT_OBSERVED
3827,3828,3,MIDDLE_REPORTED,UNKNOWN_NO_CUSTOMER_VERBATIM_OR_SENTIMENT_LABEL,KEEP_OBSERVED_SCORE
3828,3829,3,MIDDLE_REPORTED,UNKNOWN_NO_CUSTOMER_VERBATIM_OR_SENTIMENT_LABEL,KEEP_OBSERVED_SCORE
3829,3830,,UNOBSERVED,UNKNOWN_NO_CUSTOMER_VERBATIM_OR_SENTIMENT_LABEL,FEEDBACK_NOT_OBSERVED
3830,3831,5,HIGH_REPORTED,UNKNOWN_NO_CUSTOMER_VERBATIM_OR_SENTIMENT_LABEL,KEEP_OBSERVED_SCORE
3831,3832,5,HIGH_REPORTED,UNKNOWN_NO_CUSTOMER_VERBATIM_OR_SENTIMENT_LABEL,KEEP_OBSERVED_SCORE
3832,3833,,UNOBSERVED,UNKNOWN_NO_CUSTOMER_VERBATIM_OR_SENTIMENT_LABEL,FEEDBACK_NOT_OBSERVED
3833,3834,2,LOW_REPORTED,UNKNOWN_NO_CUSTOMER_VERBATIM_OR_SENTIMENT_LABEL,REVIEW_REPORTED_LOW_CSAT
3834,3835,1,LOW_REPORTED,UNKNOWN_NO_CUSTOMER_VERBATIM_OR_SENTIMENT_LABEL,REVIEW_REPORTED_LOW_CSAT
3835,3836,3,MIDDLE_REPORTED,UNKNOWN_NO_CUSTOMER_VERBATIM_OR_SENTIMENT_LABEL,KEEP_OBSERVED_SCORE
3836,3837,,UNOBSERVED,UNKNOWN_NO_CUSTOMER_VERBATIM_OR_SENTIMENT_LABEL,FEEDBACK_NOT_OBSERVED
3837,3838,2,LOW_REPORTED,UNKNOWN_NO_CUSTOMER_VERBATIM_OR_SENTIMENT_LABEL,REVIEW_REPORTED_LOW_CSAT
3838,3839,,UNOBSERVED,UNKNOWN_NO_CUSTOMER_VERBATIM_OR_SENTIMENT_LABEL,FEEDBACK_NOT_OBSERVED
3839,3840,,UNOBSERVED,UNKNOWN_NO_CUSTOMER_VERBATIM_OR_SENTIMENT_LABEL,FEEDBACK_NOT_OBSERVED
3840,3841,,UNOBSERVED,UNKNOWN_NO_CUSTOMER_VERBATIM_OR_SENTIMENT_LABEL,FEEDBACK_NOT_OBSERVED
3841,3842,,UNOBSERVED,UNKNOWN_NO_CUSTOMER_VERBATIM_OR_SENTIMENT_LABEL,FEEDBACK_NOT_OBSERVED
3842,3843,,UNOBSERVED,UNKNOWN_NO_CUSTOMER_VERBATIM_OR_SENTIMENT_LABEL,FEEDBACK_NOT_OBSERVED
3843,3844,,UNOBSERVED,UNKNOWN_NO_CUSTOMER_VERBATIM_OR_SENTIMENT_LABEL,FEEDBACK_NOT_OBSERVED
3844,3845,3,MIDDLE_REPORTED,UNKNOWN_NO_CUSTOMER_VERBATIM_OR_SENTIMENT_LABEL,KEEP_OBSERVED_SCORE
3845,3846,3,MIDDLE_REPORTED,UNKNOWN_NO_CUSTOMER_VERBATIM_OR_SENTIMENT_LABEL,KEEP_OBSERVED_SCORE
3846,3847,,UNOBSERVED,UNKNOWN_NO_CUSTOMER_VERBATIM_OR_SENTIMENT_LABEL,FEEDBACK_NOT_OBSERVED
3847,3848,,UNOBSERVED,UNKNOWN_NO_CUSTOMER_VERBATIM_OR_SENTIMENT_LABEL,FEEDBACK_NOT_OBSERVED
3848,3849,3,MIDDLE_REPORTED,UNKNOWN_NO_CUSTOMER_VERBATIM_OR_SENTIMENT_LABEL,KEEP_OBSERVED_SCORE
3849,3850,,UNOBSERVED,UNKNOWN_NO_CUSTOMER_VERBATIM_OR_SENTIMENT_LABEL,FEEDBACK_NOT_OBSERVED
3850,3851,,UNOBSERVED,UNKNOWN_NO_CUSTOMER_VERBATIM_OR_SENTIMENT_LABEL,FEEDBACK_NOT_OBSERVED
3851,3852,,UNOBSERVED,UNKNOWN_NO_CUSTOMER_VERBATIM_OR_SENTIMENT_LABEL,FEEDBACK_NOT_OBSERVED
3852,3853,4,HIGH_REPORTED,UNKNOWN_NO_CUSTOMER_VERBATIM_OR_SENTIMENT_LABEL,KEEP_OBSERVED_SCORE
3853,3854,,UNOBSERVED,UNKNOWN_NO_CUSTOMER_VERBATIM_OR_SENTIMENT_LABEL,FEEDBACK_NOT_OBSERVED
3854,3855,2,LOW_REPORTED,UNKNOWN_NO_CUSTOMER_VERBATIM_OR_SENTIMENT_LABEL,REVIEW_REPORTED_LOW_CSAT
3855,3856,,UNOBSERVED,UNKNOWN_NO_CUSTOMER_VERBATIM_OR_SENTIMENT_LABEL,FEEDBACK_NOT_OBSERVED
3856,3857,,UNOBSERVED,UNKNOWN_NO_CUSTOMER_VERBATIM_OR_SENTIMENT_LABEL,FEEDBACK_NOT_OBSERVED
3857,3858,,UNOBSERVED,UNKNOWN_NO_CUSTOMER_VERBATIM_OR_SENTIMENT_LABEL,FEEDBACK_NOT_OBSERVED
3858,3859,,UNOBSERVED,UNKNOWN_NO_CUSTOMER_VERBATIM_OR_SENTIMENT_LABEL,FEEDBACK_NOT_OBSERVED
3859,3860,3,MIDDLE_REPORTED,UNKNOWN_NO_CUSTOMER_VERBATIM_OR_SENTIMENT_LABEL,KEEP_OBSERVED_SCORE
3860,3861,2,LOW_REPORTED,UNKNOWN_NO_CUSTOMER_VERBATIM_OR_SENTIMENT_LABEL,REVIEW_REPORTED_LOW_CSAT
3861,3862,2,LOW_REPORTED,UNKNOWN_NO_CUSTOMER_VERBATIM_OR_SENTIMENT_LABEL,REVIEW_REPORTED_LOW_CSAT
3862,3863,,UNOBSERVED,UNKNOWN_NO_CUSTOMER_VERBATIM_OR_SENTIMENT_LABEL,FEEDBACK_NOT_OBSERVED
3863,3864,2,LOW_REPORTED,UNKNOWN_NO_CUSTOMER_VERBATIM_OR_SENTIMENT_LABEL,REVIEW_REPORTED_LOW_CSAT
3864,3865,2,LOW_REPORTED,UNKNOWN_NO_CUSTOMER_VERBATIM_OR_SENTIMENT_LABEL,REVIEW_REPORTED_LOW_CSAT
3865,3866,,UNOBSERVED,UNKNOWN_NO_CUSTOMER_VERBATIM_OR_SENTIMENT_LABEL,FEEDBACK_NOT_OBSERVED
3866,3867,,UNOBSERVED,UNKNOWN_NO_CUSTOMER_VERBATIM_OR_SENTIMENT_LABEL,FEEDBACK_NOT_OBSERVED
3867,3868,2,LOW_REPORTED,UNKNOWN_NO_CUSTOMER_VERBATIM_OR_SENTIMENT_LABEL,REVIEW_REPORTED_LOW_CSAT
3868,3869,4,HIGH_REPORTED,UNKNOWN_NO_CUSTOMER_VERBATIM_OR_SENTIMENT_LABEL,KEEP_OBSERVED_SCORE
3869,3870,,UNOBSERVED,UNKNOWN_NO_CUSTOMER_VERBATIM_OR_SENTIMENT_LABEL,FEEDBACK_NOT_OBSERVED
3870,3871,,UNOBSERVED,UNKNOWN_NO_CUSTOMER_VERBATIM_OR_SENTIMENT_LABEL,FEEDBACK_NOT_OBSERVED
3871,3872,5,HIGH_REPORTED,UNKNOWN_NO_CUSTOMER_VERBATIM_OR_SENTIMENT_LABEL,KEEP_OBSERVED_SCORE
3872,3873,,UNOBSERVED,UNKNOWN_NO_CUSTOMER_VERBATIM_OR_SENTIMENT_LABEL,FEEDBACK_NOT_OBSERVED
3873,3874,2,LOW_REPORTED,UNKNOWN_NO_CUSTOMER_VERBATIM_OR_SENTIMENT_LABEL,REVIEW_REPORTED_LOW_CSAT
3874,3875,,UNOBSERVED,UNKNOWN_NO_CUSTOMER_VERBATIM_OR_SENTIMENT_LABEL,FEEDBACK_NOT_OBSERVED
3875,3876,4,HIGH_REPORTED,UNKNOWN_NO_CUSTOMER_VERBATIM_OR_SENTIMENT_LABEL,KEEP_OBSERVED_SCORE
3876,3877,,UNOBSERVED,UNKNOWN_NO_CUSTOMER_VERBATIM_OR_SENTIMENT_LABEL,FEEDBACK_NOT_OBSERVED
3877,3878,1,LOW_REPORTED,UNKNOWN_NO_CUSTOMER_VERBATIM_OR_SENTIMENT_LABEL,REVIEW_REPORTED_LOW_CSAT
3878,3879,,UNOBSERVED,UNKNOWN_NO_CUSTOMER_VERBATIM_OR_SENTIMENT_LABEL,FEEDBACK_NOT_OBSERVED
3879,3880,,UNOBSERVED,UNKNOWN_NO_CUSTOMER_VERBATIM_OR_SENTIMENT_LABEL,FEEDBACK_NOT_OBSERVED
3880,3881,,UNOBSERVED,UNKNOWN_NO_CUSTOMER_VERBATIM_OR_SENTIMENT_LABEL,FEEDBACK_NOT_OBSERVED
3881,3882,,UNOBSERVED,UNKNOWN_NO_CUSTOMER_VERBATIM_OR_SENTIMENT_LABEL,FEEDBACK_NOT_OBSERVED
3882,3883,5,HIGH_REPORTED,UNKNOWN_NO_CUSTOMER_VERBATIM_OR_SENTIMENT_LABEL,KEEP_OBSERVED_SCORE
3883,3884,,UNOBSERVED,UNKNOWN_NO_CUSTOMER_VERBATIM_OR_SENTIMENT_LABEL,FEEDBACK_NOT_OBSERVED
3884,3885,,UNOBSERVED,UNKNOWN_NO_CUSTOMER_VERBATIM_OR_SENTIMENT_LABEL,FEEDBACK_NOT_OBSERVED
3885,3886,,UNOBSERVED,UNKNOWN_NO_CUSTOMER_VERBATIM_OR_SENTIMENT_LABEL,FEEDBACK_NOT_OBSERVED
3886,3887,,UNOBSERVED,UNKNOWN_NO_CUSTOMER_VERBATIM_OR_SENTIMENT_LABEL,FEEDBACK_NOT_OBSERVED
3887,3888,,UNOBSERVED,UNKNOWN_NO_CUSTOMER_VERBATIM_OR_SENTIMENT_LABEL,FEEDBACK_NOT_OBSERVED
3888,3889,2,LOW_REPORTED,UNKNOWN_NO_CUSTOMER_VERBATIM_OR_SENTIMENT_LABEL,REVIEW_REPORTED_LOW_CSAT
3889,3890,4,HIGH_REPORTED,UNKNOWN_NO_CUSTOMER_VERBATIM_OR_SENTIMENT_LABEL,KEEP_OBSERVED_SCORE
3890,3891,1,LOW_REPORTED,UNKNOWN_NO_CUSTOMER_VERBATIM_OR_SENTIMENT_LABEL,REVIEW_REPORTED_LOW_CSAT
3891,3892,,UNOBSERVED,UNKNOWN_NO_CUSTOMER_VERBATIM_OR_SENTIMENT_LABEL,FEEDBACK_NOT_OBSERVED
3892,3893,1,LOW_REPORTED,UNKNOWN_NO_CUSTOMER_VERBATIM_OR_SENTIMENT_LABEL,REVIEW_REPORTED_LOW_CSAT
3893,3894,,UNOBSERVED,UNKNOWN_NO_CUSTOMER_VERBATIM_OR_SENTIMENT_LABEL,FEEDBACK_NOT_OBSERVED
3894,3895,4,HIGH_REPORTED,UNKNOWN_NO_CUSTOMER_VERBATIM_OR_SENTIMENT_LABEL,KEEP_OBSERVED_SCORE
3895,3896,,UNOBSERVED,UNKNOWN_NO_CUSTOMER_VERBATIM_OR_SENTIMENT_LABEL,FEEDBACK_NOT_OBSERVED
3896,3897,4,HIGH_REPORTED,UNKNOWN_NO_CUSTOMER_VERBATIM_OR_SENTIMENT_LABEL,KEEP_OBSERVED_SCORE
3897,3898,,UNOBSERVED,UNKNOWN_NO_CUSTOMER_VERBATIM_OR_SENTIMENT_LABEL,FEEDBACK_NOT_OBSERVED
3898,3899,1,LOW_REPORTED,UNKNOWN_NO_CUSTOMER_VERBATIM_OR_SENTIMENT_LABEL,REVIEW_REPORTED_LOW_CSAT
3899,3900,,UNOBSERVED,UNKNOWN_NO_CUSTOMER_VERBATIM_OR_SENTIMENT_LABEL,FEEDBACK_NOT_OBSERVED
3900,3901,,UNOBSERVED,UNKNOWN_NO_CUSTOMER_VERBATIM_OR_SENTIMENT_LABEL,FEEDBACK_NOT_OBSERVED
3901,3902,,UNOBSERVED,UNKNOWN_NO_CUSTOMER_VERBATIM_OR_SENTIMENT_LABEL,FEEDBACK_NOT_OBSERVED
3902,3903,,UNOBSERVED,UNKNOWN_NO_CUSTOMER_VERBATIM_OR_SENTIMENT_LABEL,FEEDBACK_NOT_OBSERVED
3903,3904,,UNOBSERVED,UNKNOWN_NO_CUSTOMER_VERBATIM_OR_SENTIMENT_LABEL,FEEDBACK_NOT_OBSERVED
3904,3905,1,LOW_REPORTED,UNKNOWN_NO_CUSTOMER_VERBATIM_OR_SENTIMENT_LABEL,REVIEW_REPORTED_LOW_CSAT
3905,3906,,UNOBSERVED,UNKNOWN_NO_CUSTOMER_VERBATIM_OR_SENTIMENT_LABEL,FEEDBACK_NOT_OBSERVED
3906,3907,4,HIGH_REPORTED,UNKNOWN_NO_CUSTOMER_VERBATIM_OR_SENTIMENT_LABEL,KEEP_OBSERVED_SCORE
3907,3908,5,HIGH_REPORTED,UNKNOWN_NO_CUSTOMER_VERBATIM_OR_SENTIMENT_LABEL,KEEP_OBSERVED_SCORE
3908,3909,,UNOBSERVED,UNKNOWN_NO_CUSTOMER_VERBATIM_OR_SENTIMENT_LABEL,FEEDBACK_NOT_OBSERVED
3909,3910,1,LOW_REPORTED,UNKNOWN_NO_CUSTOMER_VERBATIM_OR_SENTIMENT_LABEL,REVIEW_REPORTED_LOW_CSAT
3910,3911,1,LOW_REPORTED,UNKNOWN_NO_CUSTOMER_VERBATIM_OR_SENTIMENT_LABEL,REVIEW_REPORTED_LOW_CSAT
3911,3912,5,HIGH_REPORTED,UNKNOWN_NO_CUSTOMER_VERBATIM_OR_SENTIMENT_LABEL,KEEP_OBSERVED_SCORE
3912,3913,,UNOBSERVED,UNKNOWN_NO_CUSTOMER_VERBATIM_OR_SENTIMENT_LABEL,FEEDBACK_NOT_OBSERVED
3913,3914,5,HIGH_REPORTED,UNKNOWN_NO_CUSTOMER_VERBATIM_OR_SENTIMENT_LABEL,KEEP_OBSERVED_SCORE
3914,3915,3,MIDDLE_REPORTED,UNKNOWN_NO_CUSTOMER_VERBATIM_OR_SENTIMENT_LABEL,KEEP_OBSERVED_SCORE
3915,3916,,UNOBSERVED,UNKNOWN_NO_CUSTOMER_VERBATIM_OR_SENTIMENT_LABEL,FEEDBACK_NOT_OBSERVED
3916,3917,,UNOBSERVED,UNKNOWN_NO_CUSTOMER_VERBATIM_OR_SENTIMENT_LABEL,FEEDBACK_NOT_OBSERVED
3917,3918,4,HIGH_REPORTED,UNKNOWN_NO_CUSTOMER_VERBATIM_OR_SENTIMENT_LABEL,KEEP_OBSERVED_SCORE
3918,3919,1,LOW_REPORTED,UNKNOWN_NO_CUSTOMER_VERBATIM_OR_SENTIMENT_LABEL,REVIEW_REPORTED_LOW_CSAT
3919,3920,,UNOBSERVED,UNKNOWN_NO_CUSTOMER_VERBATIM_OR_SENTIMENT_LABEL,FEEDBACK_NOT_OBSERVED
3920,3921,3,MIDDLE_REPORTED,UNKNOWN_NO_CUSTOMER_VERBATIM_OR_SENTIMENT_LABEL,KEEP_OBSERVED_SCORE
3921,3922,,UNOBSERVED,UNKNOWN_NO_CUSTOMER_VERBATIM_OR_SENTIMENT_LABEL,FEEDBACK_NOT_OBSERVED
3922,3923,,UNOBSERVED,UNKNOWN_NO_CUSTOMER_VERBATIM_OR_SENTIMENT_LABEL,FEEDBACK_NOT_OBSERVED
3923,3924,,UNOBSERVED,UNKNOWN_NO_CUSTOMER_VERBATIM_OR_SENTIMENT_LABEL,FEEDBACK_NOT_OBSERVED
3924,3925,,UNOBSERVED,UNKNOWN_NO_CUSTOMER_VERBATIM_OR_SENTIMENT_LABEL,FEEDBACK_NOT_OBSERVED
3925,3926,,UNOBSERVED,UNKNOWN_NO_CUSTOMER_VERBATIM_OR_SENTIMENT_LABEL,FEEDBACK_NOT_OBSERVED
3926,3927,,UNOBSERVED,UNKNOWN_NO_CUSTOMER_VERBATIM_OR_SENTIMENT_LABEL,FEEDBACK_NOT_OBSERVED
3927,3928,3,MIDDLE_REPORTED,UNKNOWN_NO_CUSTOMER_VERBATIM_OR_SENTIMENT_LABEL,KEEP_OBSERVED_SCORE
3928,3929,,UNOBSERVED,UNKNOWN_NO_CUSTOMER_VERBATIM_OR_SENTIMENT_LABEL,FEEDBACK_NOT_OBSERVED
3929,3930,,UNOBSERVED,UNKNOWN_NO_CUSTOMER_VERBATIM_OR_SENTIMENT_LABEL,FEEDBACK_NOT_OBSERVED
3930,3931,,UNOBSERVED,UNKNOWN_NO_CUSTOMER_VERBATIM_OR_SENTIMENT_LABEL,FEEDBACK_NOT_OBSERVED
3931,3932,,UNOBSERVED,UNKNOWN_NO_CUSTOMER_VERBATIM_OR_SENTIMENT_LABEL,FEEDBACK_NOT_OBSERVED
3932,3933,5,HIGH_REPORTED,UNKNOWN_NO_CUSTOMER_VERBATIM_OR_SENTIMENT_LABEL,KEEP_OBSERVED_SCORE
3933,3934,,UNOBSERVED,UNKNOWN_NO_CUSTOMER_VERBATIM_OR_SENTIMENT_LABEL,FEEDBACK_NOT_OBSERVED
3934,3935,,UNOBSERVED,UNKNOWN_NO_CUSTOMER_VERBATIM_OR_SENTIMENT_LABEL,FEEDBACK_NOT_OBSERVED
3935,3936,,UNOBSERVED,UNKNOWN_NO_CUSTOMER_VERBATIM_OR_SENTIMENT_LABEL,FEEDBACK_NOT_OBSERVED
3936,3937,,UNOBSERVED,UNKNOWN_NO_CUSTOMER_VERBATIM_OR_SENTIMENT_LABEL,FEEDBACK_NOT_OBSERVED
3937,3938,,UNOBSERVED,UNKNOWN_NO_CUSTOMER_VERBATIM_OR_SENTIMENT_LABEL,FEEDBACK_NOT_OBSERVED
3938,3939,2,LOW_REPORTED,UNKNOWN_NO_CUSTOMER_VERBATIM_OR_SENTIMENT_LABEL,REVIEW_REPORTED_LOW_CSAT
3939,3940,,UNOBSERVED,UNKNOWN_NO_CUSTOMER_VERBATIM_OR_SENTIMENT_LABEL,FEEDBACK_NOT_OBSERVED
3940,3941,4,HIGH_REPORTED,UNKNOWN_NO_CUSTOMER_VERBATIM_OR_SENTIMENT_LABEL,KEEP_OBSERVED_SCORE
3941,3942,,UNOBSERVED,UNKNOWN_NO_CUSTOMER_VERBATIM_OR_SENTIMENT_LABEL,FEEDBACK_NOT_OBSERVED
3942,3943,4,HIGH_REPORTED,UNKNOWN_NO_CUSTOMER_VERBATIM_OR_SENTIMENT_LABEL,KEEP_OBSERVED_SCORE
3943,3944,,UNOBSERVED,UNKNOWN_NO_CUSTOMER_VERBATIM_OR_SENTIMENT_LABEL,FEEDBACK_NOT_OBSERVED
3944,3945,4,HIGH_REPORTED,UNKNOWN_NO_CUSTOMER_VERBATIM_OR_SENTIMENT_LABEL,KEEP_OBSERVED_SCORE
3945,3946,5,HIGH_REPORTED,UNKNOWN_NO_CUSTOMER_VERBATIM_OR_SENTIMENT_LABEL,KEEP_OBSERVED_SCORE
3946,3947,3,MIDDLE_REPORTED,UNKNOWN_NO_CUSTOMER_VERBATIM_OR_SENTIMENT_LABEL,KEEP_OBSERVED_SCORE
3947,3948,5,HIGH_REPORTED,UNKNOWN_NO_CUSTOMER_VERBATIM_OR_SENTIMENT_LABEL,KEEP_OBSERVED_SCORE
3948,3949,,UNOBSERVED,UNKNOWN_NO_CUSTOMER_VERBATIM_OR_SENTIMENT_LABEL,FEEDBACK_NOT_OBSERVED
3949,3950,4,HIGH_REPORTED,UNKNOWN_NO_CUSTOMER_VERBATIM_OR_SENTIMENT_LABEL,KEEP_OBSERVED_SCORE
3950,3951,,UNOBSERVED,UNKNOWN_NO_CUSTOMER_VERBATIM_OR_SENTIMENT_LABEL,FEEDBACK_NOT_OBSERVED
3951,3952,4,HIGH_REPORTED,UNKNOWN_NO_CUSTOMER_VERBATIM_OR_SENTIMENT_LABEL,KEEP_OBSERVED_SCORE
3952,3953,,UNOBSERVED,UNKNOWN_NO_CUSTOMER_VERBATIM_OR_SENTIMENT_LABEL,FEEDBACK_NOT_OBSERVED
3953,3954,,UNOBSERVED,UNKNOWN_NO_CUSTOMER_VERBATIM_OR_SENTIMENT_LABEL,FEEDBACK_NOT_OBSERVED
3954,3955,,UNOBSERVED,UNKNOWN_NO_CUSTOMER_VERBATIM_OR_SENTIMENT_LABEL,FEEDBACK_NOT_OBSERVED
3955,3956,2,LOW_REPORTED,UNKNOWN_NO_CUSTOMER_VERBATIM_OR_SENTIMENT_LABEL,REVIEW_REPORTED_LOW_CSAT
3956,3957,,UNOBSERVED,UNKNOWN_NO_CUSTOMER_VERBATIM_OR_SENTIMENT_LABEL,FEEDBACK_NOT_OBSERVED
3957,3958,,UNOBSERVED,UNKNOWN_NO_CUSTOMER_VERBATIM_OR_SENTIMENT_LABEL,FEEDBACK_NOT_OBSERVED
3958,3959,1,LOW_REPORTED,UNKNOWN_NO_CUSTOMER_VERBATIM_OR_SENTIMENT_LABEL,REVIEW_REPORTED_LOW_CSAT
3959,3960,,UNOBSERVED,UNKNOWN_NO_CUSTOMER_VERBATIM_OR_SENTIMENT_LABEL,FEEDBACK_NOT_OBSERVED
3960,3961,,UNOBSERVED,UNKNOWN_NO_CUSTOMER_VERBATIM_OR_SENTIMENT_LABEL,FEEDBACK_NOT_OBSERVED
3961,3962,2,LOW_REPORTED,UNKNOWN_NO_CUSTOMER_VERBATIM_OR_SENTIMENT_LABEL,REVIEW_REPORTED_LOW_CSAT
3962,3963,,UNOBSERVED,UNKNOWN_NO_CUSTOMER_VERBATIM_OR_SENTIMENT_LABEL,FEEDBACK_NOT_OBSERVED
3963,3964,,UNOBSERVED,UNKNOWN_NO_CUSTOMER_VERBATIM_OR_SENTIMENT_LABEL,FEEDBACK_NOT_OBSERVED
3964,3965,,UNOBSERVED,UNKNOWN_NO_CUSTOMER_VERBATIM_OR_SENTIMENT_LABEL,FEEDBACK_NOT_OBSERVED
3965,3966,,UNOBSERVED,UNKNOWN_NO_CUSTOMER_VERBATIM_OR_SENTIMENT_LABEL,FEEDBACK_NOT_OBSERVED
3966,3967,5,HIGH_REPORTED,UNKNOWN_NO_CUSTOMER_VERBATIM_OR_SENTIMENT_LABEL,KEEP_OBSERVED_SCORE
3967,3968,2,LOW_REPORTED,UNKNOWN_NO_CUSTOMER_VERBATIM_OR_SENTIMENT_LABEL,REVIEW_REPORTED_LOW_CSAT
3968,3969,3,MIDDLE_REPORTED,UNKNOWN_NO_CUSTOMER_VERBATIM_OR_SENTIMENT_LABEL,KEEP_OBSERVED_SCORE
3969,3970,2,LOW_REPORTED,UNKNOWN_NO_CUSTOMER_VERBATIM_OR_SENTIMENT_LABEL,REVIEW_REPORTED_LOW_CSAT
3970,3971,1,LOW_REPORTED,UNKNOWN_NO_CUSTOMER_VERBATIM_OR_SENTIMENT_LABEL,REVIEW_REPORTED_LOW_CSAT
3971,3972,,UNOBSERVED,UNKNOWN_NO_CUSTOMER_VERBATIM_OR_SENTIMENT_LABEL,FEEDBACK_NOT_OBSERVED
3972,3973,,UNOBSERVED,UNKNOWN_NO_CUSTOMER_VERBATIM_OR_SENTIMENT_LABEL,FEEDBACK_NOT_OBSERVED
3973,3974,,UNOBSERVED,UNKNOWN_NO_CUSTOMER_VERBATIM_OR_SENTIMENT_LABEL,FEEDBACK_NOT_OBSERVED
3974,3975,,UNOBSERVED,UNKNOWN_NO_CUSTOMER_VERBATIM_OR_SENTIMENT_LABEL,FEEDBACK_NOT_OBSERVED
3975,3976,,UNOBSERVED,UNKNOWN_NO_CUSTOMER_VERBATIM_OR_SENTIMENT_LABEL,FEEDBACK_NOT_OBSERVED
3976,3977,2,LOW_REPORTED,UNKNOWN_NO_CUSTOMER_VERBATIM_OR_SENTIMENT_LABEL,REVIEW_REPORTED_LOW_CSAT
3977,3978,2,LOW_REPORTED,UNKNOWN_NO_CUSTOMER_VERBATIM_OR_SENTIMENT_LABEL,REVIEW_REPORTED_LOW_CSAT
3978,3979,,UNOBSERVED,UNKNOWN_NO_CUSTOMER_VERBATIM_OR_SENTIMENT_LABEL,FEEDBACK_NOT_OBSERVED
3979,3980,,UNOBSERVED,UNKNOWN_NO_CUSTOMER_VERBATIM_OR_SENTIMENT_LABEL,FEEDBACK_NOT_OBSERVED
3980,3981,3,MIDDLE_REPORTED,UNKNOWN_NO_CUSTOMER_VERBATIM_OR_SENTIMENT_LABEL,KEEP_OBSERVED_SCORE
3981,3982,3,MIDDLE_REPORTED,UNKNOWN_NO_CUSTOMER_VERBATIM_OR_SENTIMENT_LABEL,KEEP_OBSERVED_SCORE
3982,3983,,UNOBSERVED,UNKNOWN_NO_CUSTOMER_VERBATIM_OR_SENTIMENT_LABEL,FEEDBACK_NOT_OBSERVED
3983,3984,,UNOBSERVED,UNKNOWN_NO_CUSTOMER_VERBATIM_OR_SENTIMENT_LABEL,FEEDBACK_NOT_OBSERVED
3984,3985,,UNOBSERVED,UNKNOWN_NO_CUSTOMER_VERBATIM_OR_SENTIMENT_LABEL,FEEDBACK_NOT_OBSERVED
3985,3986,4,HIGH_REPORTED,UNKNOWN_NO_CUSTOMER_VERBATIM_OR_SENTIMENT_LABEL,KEEP_OBSERVED_SCORE
3986,3987,,UNOBSERVED,UNKNOWN_NO_CUSTOMER_VERBATIM_OR_SENTIMENT_LABEL,FEEDBACK_NOT_OBSERVED
3987,3988,,UNOBSERVED,UNKNOWN_NO_CUSTOMER_VERBATIM_OR_SENTIMENT_LABEL,FEEDBACK_NOT_OBSERVED
3988,3989,5,HIGH_REPORTED,UNKNOWN_NO_CUSTOMER_VERBATIM_OR_SENTIMENT_LABEL,KEEP_OBSERVED_SCORE
3989,3990,,UNOBSERVED,UNKNOWN_NO_CUSTOMER_VERBATIM_OR_SENTIMENT_LABEL,FEEDBACK_NOT_OBSERVED
3990,3991,,UNOBSERVED,UNKNOWN_NO_CUSTOMER_VERBATIM_OR_SENTIMENT_LABEL,FEEDBACK_NOT_OBSERVED
3991,3992,,UNOBSERVED,UNKNOWN_NO_CUSTOMER_VERBATIM_OR_SENTIMENT_LABEL,FEEDBACK_NOT_OBSERVED
3992,3993,1,LOW_REPORTED,UNKNOWN_NO_CUSTOMER_VERBATIM_OR_SENTIMENT_LABEL,REVIEW_REPORTED_LOW_CSAT
3993,3994,1,LOW_REPORTED,UNKNOWN_NO_CUSTOMER_VERBATIM_OR_SENTIMENT_LABEL,REVIEW_REPORTED_LOW_CSAT
3994,3995,,UNOBSERVED,UNKNOWN_NO_CUSTOMER_VERBATIM_OR_SENTIMENT_LABEL,FEEDBACK_NOT_OBSERVED
3995,3996,,UNOBSERVED,UNKNOWN_NO_CUSTOMER_VERBATIM_OR_SENTIMENT_LABEL,FEEDBACK_NOT_OBSERVED
3996,3997,4,HIGH_REPORTED,UNKNOWN_NO_CUSTOMER_VERBATIM_OR_SENTIMENT_LABEL,KEEP_OBSERVED_SCORE
3997,3998,5,HIGH_REPORTED,UNKNOWN_NO_CUSTOMER_VERBATIM_OR_SENTIMENT_LABEL,KEEP_OBSERVED_SCORE
3998,3999,,UNOBSERVED,UNKNOWN_NO_CUSTOMER_VERBATIM_OR_SENTIMENT_LABEL,FEEDBACK_NOT_OBSERVED
3999,4000,5,HIGH_REPORTED,UNKNOWN_NO_CUSTOMER_VERBATIM_OR_SENTIMENT_LABEL,KEEP_OBSERVED_SCORE
4000,4001,,UNOBSERVED,UNKNOWN_NO_CUSTOMER_VERBATIM_OR_SENTIMENT_LABEL,FEEDBACK_NOT_OBSERVED
4001,4002,4,HIGH_REPORTED,UNKNOWN_NO_CUSTOMER_VERBATIM_OR_SENTIMENT_LABEL,KEEP_OBSERVED_SCORE
4002,4003,,UNOBSERVED,UNKNOWN_NO_CUSTOMER_VERBATIM_OR_SENTIMENT_LABEL,FEEDBACK_NOT_OBSERVED
4003,4004,5,HIGH_REPORTED,UNKNOWN_NO_CUSTOMER_VERBATIM_OR_SENTIMENT_LABEL,KEEP_OBSERVED_SCORE
4004,4005,,UNOBSERVED,UNKNOWN_NO_CUSTOMER_VERBATIM_OR_SENTIMENT_LABEL,FEEDBACK_NOT_OBSERVED
4005,4006,2,LOW_REPORTED,UNKNOWN_NO_CUSTOMER_VERBATIM_OR_SENTIMENT_LABEL,REVIEW_REPORTED_LOW_CSAT
4006,4007,3,MIDDLE_REPORTED,UNKNOWN_NO_CUSTOMER_VERBATIM_OR_SENTIMENT_LABEL,KEEP_OBSERVED_SCORE
4007,4008,,UNOBSERVED,UNKNOWN_NO_CUSTOMER_VERBATIM_OR_SENTIMENT_LABEL,FEEDBACK_NOT_OBSERVED
4008,4009,,UNOBSERVED,UNKNOWN_NO_CUSTOMER_VERBATIM_OR_SENTIMENT_LABEL,FEEDBACK_NOT_OBSERVED
4009,4010,,UNOBSERVED,UNKNOWN_NO_CUSTOMER_VERBATIM_OR_SENTIMENT_LABEL,FEEDBACK_NOT_OBSERVED
4010,4011,,UNOBSERVED,UNKNOWN_NO_CUSTOMER_VERBATIM_OR_SENTIMENT_LABEL,FEEDBACK_NOT_OBSERVED
4011,4012,,UNOBSERVED,UNKNOWN_NO_CUSTOMER_VERBATIM_OR_SENTIMENT_LABEL,FEEDBACK_NOT_OBSERVED
4012,4013,1,LOW_REPORTED,UNKNOWN_NO_CUSTOMER_VERBATIM_OR_SENTIMENT_LABEL,REVIEW_REPORTED_LOW_CSAT
4013,4014,,UNOBSERVED,UNKNOWN_NO_CUSTOMER_VERBATIM_OR_SENTIMENT_LABEL,FEEDBACK_NOT_OBSERVED
4014,4015,2,LOW_REPORTED,UNKNOWN_NO_CUSTOMER_VERBATIM_OR_SENTIMENT_LABEL,REVIEW_REPORTED_LOW_CSAT
4015,4016,5,HIGH_REPORTED,UNKNOWN_NO_CUSTOMER_VERBATIM_OR_SENTIMENT_LABEL,KEEP_OBSERVED_SCORE
4016,4017,,UNOBSERVED,UNKNOWN_NO_CUSTOMER_VERBATIM_OR_SENTIMENT_LABEL,FEEDBACK_NOT_OBSERVED
4017,4018,3,MIDDLE_REPORTED,UNKNOWN_NO_CUSTOMER_VERBATIM_OR_SENTIMENT_LABEL,KEEP_OBSERVED_SCORE
4018,4019,,UNOBSERVED,UNKNOWN_NO_CUSTOMER_VERBATIM_OR_SENTIMENT_LABEL,FEEDBACK_NOT_OBSERVED
4019,4020,,UNOBSERVED,UNKNOWN_NO_CUSTOMER_VERBATIM_OR_SENTIMENT_LABEL,FEEDBACK_NOT_OBSERVED
4020,4021,3,MIDDLE_REPORTED,UNKNOWN_NO_CUSTOMER_VERBATIM_OR_SENTIMENT_LABEL,KEEP_OBSERVED_SCORE
4021,4022,,UNOBSERVED,UNKNOWN_NO_CUSTOMER_VERBATIM_OR_SENTIMENT_LABEL,FEEDBACK_NOT_OBSERVED
4022,4023,,UNOBSERVED,UNKNOWN_NO_CUSTOMER_VERBATIM_OR_SENTIMENT_LABEL,FEEDBACK_NOT_OBSERVED
4023,4024,4,HIGH_REPORTED,UNKNOWN_NO_CUSTOMER_VERBATIM_OR_SENTIMENT_LABEL,KEEP_OBSERVED_SCORE
4024,4025,,UNOBSERVED,UNKNOWN_NO_CUSTOMER_VERBATIM_OR_SENTIMENT_LABEL,FEEDBACK_NOT_OBSERVED
4025,4026,5,HIGH_REPORTED,UNKNOWN_NO_CUSTOMER_VERBATIM_OR_SENTIMENT_LABEL,KEEP_OBSERVED_SCORE
4026,4027,,UNOBSERVED,UNKNOWN_NO_CUSTOMER_VERBATIM_OR_SENTIMENT_LABEL,FEEDBACK_NOT_OBSERVED
4027,4028,,UNOBSERVED,UNKNOWN_NO_CUSTOMER_VERBATIM_OR_SENTIMENT_LABEL,FEEDBACK_NOT_OBSERVED
4028,4029,,UNOBSERVED,UNKNOWN_NO_CUSTOMER_VERBATIM_OR_SENTIMENT_LABEL,FEEDBACK_NOT_OBSERVED
4029,4030,,UNOBSERVED,UNKNOWN_NO_CUSTOMER_VERBATIM_OR_SENTIMENT_LABEL,FEEDBACK_NOT_OBSERVED
4030,4031,,UNOBSERVED,UNKNOWN_NO_CUSTOMER_VERBATIM_OR_SENTIMENT_LABEL,FEEDBACK_NOT_OBSERVED
4031,4032,,UNOBSERVED,UNKNOWN_NO_CUSTOMER_VERBATIM_OR_SENTIMENT_LABEL,FEEDBACK_NOT_OBSERVED
4032,4033,,UNOBSERVED,UNKNOWN_NO_CUSTOMER_VERBATIM_OR_SENTIMENT_LABEL,FEEDBACK_NOT_OBSERVED
4033,4034,2,LOW_REPORTED,UNKNOWN_NO_CUSTOMER_VERBATIM_OR_SENTIMENT_LABEL,REVIEW_REPORTED_LOW_CSAT
4034,4035,,UNOBSERVED,UNKNOWN_NO_CUSTOMER_VERBATIM_OR_SENTIMENT_LABEL,FEEDBACK_NOT_OBSERVED
4035,4036,,UNOBSERVED,UNKNOWN_NO_CUSTOMER_VERBATIM_OR_SENTIMENT_LABEL,FEEDBACK_NOT_OBSERVED
4036,4037,5,HIGH_REPORTED,UNKNOWN_NO_CUSTOMER_VERBATIM_OR_SENTIMENT_LABEL,KEEP_OBSERVED_SCORE
4037,4038,,UNOBSERVED,UNKNOWN_NO_CUSTOMER_VERBATIM_OR_SENTIMENT_LABEL,FEEDBACK_NOT_OBSERVED
4038,4039,,UNOBSERVED,UNKNOWN_NO_CUSTOMER_VERBATIM_OR_SENTIMENT_LABEL,FEEDBACK_NOT_OBSERVED
4039,4040,3,MIDDLE_REPORTED,UNKNOWN_NO_CUSTOMER_VERBATIM_OR_SENTIMENT_LABEL,KEEP_OBSERVED_SCORE
4040,4041,1,LOW_REPORTED,UNKNOWN_NO_CUSTOMER_VERBATIM_OR_SENTIMENT_LABEL,REVIEW_REPORTED_LOW_CSAT
4041,4042,,UNOBSERVED,UNKNOWN_NO_CUSTOMER_VERBATIM_OR_SENTIMENT_LABEL,FEEDBACK_NOT_OBSERVED
4042,4043,5,HIGH_REPORTED,UNKNOWN_NO_CUSTOMER_VERBATIM_OR_SENTIMENT_LABEL,KEEP_OBSERVED_SCORE
4043,4044,2,LOW_REPORTED,UNKNOWN_NO_CUSTOMER_VERBATIM_OR_SENTIMENT_LABEL,REVIEW_REPORTED_LOW_CSAT
4044,4045,5,HIGH_REPORTED,UNKNOWN_NO_CUSTOMER_VERBATIM_OR_SENTIMENT_LABEL,KEEP_OBSERVED_SCORE
4045,4046,,UNOBSERVED,UNKNOWN_NO_CUSTOMER_VERBATIM_OR_SENTIMENT_LABEL,FEEDBACK_NOT_OBSERVED
4046,4047,,UNOBSERVED,UNKNOWN_NO_CUSTOMER_VERBATIM_OR_SENTIMENT_LABEL,FEEDBACK_NOT_OBSERVED
4047,4048,,UNOBSERVED,UNKNOWN_NO_CUSTOMER_VERBATIM_OR_SENTIMENT_LABEL,FEEDBACK_NOT_OBSERVED
4048,4049,4,HIGH_REPORTED,UNKNOWN_NO_CUSTOMER_VERBATIM_OR_SENTIMENT_LABEL,KEEP_OBSERVED_SCORE
4049,4050,1,LOW_REPORTED,UNKNOWN_NO_CUSTOMER_VERBATIM_OR_SENTIMENT_LABEL,REVIEW_REPORTED_LOW_CSAT
4050,4051,,UNOBSERVED,UNKNOWN_NO_CUSTOMER_VERBATIM_OR_SENTIMENT_LABEL,FEEDBACK_NOT_OBSERVED
4051,4052,,UNOBSERVED,UNKNOWN_NO_CUSTOMER_VERBATIM_OR_SENTIMENT_LABEL,FEEDBACK_NOT_OBSERVED
4052,4053,,UNOBSERVED,UNKNOWN_NO_CUSTOMER_VERBATIM_OR_SENTIMENT_LABEL,FEEDBACK_NOT_OBSERVED
4053,4054,,UNOBSERVED,UNKNOWN_NO_CUSTOMER_VERBATIM_OR_SENTIMENT_LABEL,FEEDBACK_NOT_OBSERVED
4054,4055,,UNOBSERVED,UNKNOWN_NO_CUSTOMER_VERBATIM_OR_SENTIMENT_LABEL,FEEDBACK_NOT_OBSERVED
4055,4056,,UNOBSERVED,UNKNOWN_NO_CUSTOMER_VERBATIM_OR_SENTIMENT_LABEL,FEEDBACK_NOT_OBSERVED
4056,4057,,UNOBSERVED,UNKNOWN_NO_CUSTOMER_VERBATIM_OR_SENTIMENT_LABEL,FEEDBACK_NOT_OBSERVED
4057,4058,,UNOBSERVED,UNKNOWN_NO_CUSTOMER_VERBATIM_OR_SENTIMENT_LABEL,FEEDBACK_NOT_OBSERVED
4058,4059,,UNOBSERVED,UNKNOWN_NO_CUSTOMER_VERBATIM_OR_SENTIMENT_LABEL,FEEDBACK_NOT_OBSERVED
4059,4060,4,HIGH_REPORTED,UNKNOWN_NO_CUSTOMER_VERBATIM_OR_SENTIMENT_LABEL,KEEP_OBSERVED_SCORE
4060,4061,,UNOBSERVED,UNKNOWN_NO_CUSTOMER_VERBATIM_OR_SENTIMENT_LABEL,FEEDBACK_NOT_OBSERVED
4061,4062,2,LOW_REPORTED,UNKNOWN_NO_CUSTOMER_VERBATIM_OR_SENTIMENT_LABEL,REVIEW_REPORTED_LOW_CSAT
4062,4063,5,HIGH_REPORTED,UNKNOWN_NO_CUSTOMER_VERBATIM_OR_SENTIMENT_LABEL,KEEP_OBSERVED_SCORE
4063,4064,,UNOBSERVED,UNKNOWN_NO_CUSTOMER_VERBATIM_OR_SENTIMENT_LABEL,FEEDBACK_NOT_OBSERVED
4064,4065,2,LOW_REPORTED,UNKNOWN_NO_CUSTOMER_VERBATIM_OR_SENTIMENT_LABEL,REVIEW_REPORTED_LOW_CSAT
4065,4066,2,LOW_REPORTED,UNKNOWN_NO_CUSTOMER_VERBATIM_OR_SENTIMENT_LABEL,REVIEW_REPORTED_LOW_CSAT
4066,4067,,UNOBSERVED,UNKNOWN_NO_CUSTOMER_VERBATIM_OR_SENTIMENT_LABEL,FEEDBACK_NOT_OBSERVED
4067,4068,5,HIGH_REPORTED,UNKNOWN_NO_CUSTOMER_VERBATIM_OR_SENTIMENT_LABEL,KEEP_OBSERVED_SCORE
4068,4069,,UNOBSERVED,UNKNOWN_NO_CUSTOMER_VERBATIM_OR_SENTIMENT_LABEL,FEEDBACK_NOT_OBSERVED
4069,4070,5,HIGH_REPORTED,UNKNOWN_NO_CUSTOMER_VERBATIM_OR_SENTIMENT_LABEL,KEEP_OBSERVED_SCORE
4070,4071,1,LOW_REPORTED,UNKNOWN_NO_CUSTOMER_VERBATIM_OR_SENTIMENT_LABEL,REVIEW_REPORTED_LOW_CSAT
4071,4072,,UNOBSERVED,UNKNOWN_NO_CUSTOMER_VERBATIM_OR_SENTIMENT_LABEL,FEEDBACK_NOT_OBSERVED
4072,4073,,UNOBSERVED,UNKNOWN_NO_CUSTOMER_VERBATIM_OR_SENTIMENT_LABEL,FEEDBACK_NOT_OBSERVED
4073,4074,,UNOBSERVED,UNKNOWN_NO_CUSTOMER_VERBATIM_OR_SENTIMENT_LABEL,FEEDBACK_NOT_OBSERVED
4074,4075,,UNOBSERVED,UNKNOWN_NO_CUSTOMER_VERBATIM_OR_SENTIMENT_LABEL,FEEDBACK_NOT_OBSERVED
4075,4076,4,HIGH_REPORTED,UNKNOWN_NO_CUSTOMER_VERBATIM_OR_SENTIMENT_LABEL,KEEP_OBSERVED_SCORE
4076,4077,,UNOBSERVED,UNKNOWN_NO_CUSTOMER_VERBATIM_OR_SENTIMENT_LABEL,FEEDBACK_NOT_OBSERVED
4077,4078,,UNOBSERVED,UNKNOWN_NO_CUSTOMER_VERBATIM_OR_SENTIMENT_LABEL,FEEDBACK_NOT_OBSERVED
4078,4079,2,LOW_REPORTED,UNKNOWN_NO_CUSTOMER_VERBATIM_OR_SENTIMENT_LABEL,REVIEW_REPORTED_LOW_CSAT
4079,4080,,UNOBSERVED,UNKNOWN_NO_CUSTOMER_VERBATIM_OR_SENTIMENT_LABEL,FEEDBACK_NOT_OBSERVED
4080,4081,2,LOW_REPORTED,UNKNOWN_NO_CUSTOMER_VERBATIM_OR_SENTIMENT_LABEL,REVIEW_REPORTED_LOW_CSAT
4081,4082,3,MIDDLE_REPORTED,UNKNOWN_NO_CUSTOMER_VERBATIM_OR_SENTIMENT_LABEL,KEEP_OBSERVED_SCORE
4082,4083,,UNOBSERVED,UNKNOWN_NO_CUSTOMER_VERBATIM_OR_SENTIMENT_LABEL,FEEDBACK_NOT_OBSERVED
4083,4084,,UNOBSERVED,UNKNOWN_NO_CUSTOMER_VERBATIM_OR_SENTIMENT_LABEL,FEEDBACK_NOT_OBSERVED
4084,4085,,UNOBSERVED,UNKNOWN_NO_CUSTOMER_VERBATIM_OR_SENTIMENT_LABEL,FEEDBACK_NOT_OBSERVED
4085,4086,,UNOBSERVED,UNKNOWN_NO_CUSTOMER_VERBATIM_OR_SENTIMENT_LABEL,FEEDBACK_NOT_OBSERVED
4086,4087,,UNOBSERVED,UNKNOWN_NO_CUSTOMER_VERBATIM_OR_SENTIMENT_LABEL,FEEDBACK_NOT_OBSERVED
4087,4088,,UNOBSERVED,UNKNOWN_NO_CUSTOMER_VERBATIM_OR_SENTIMENT_LABEL,FEEDBACK_NOT_OBSERVED
4088,4089,,UNOBSERVED,UNKNOWN_NO_CUSTOMER_VERBATIM_OR_SENTIMENT_LABEL,FEEDBACK_NOT_OBSERVED
4089,4090,,UNOBSERVED,UNKNOWN_NO_CUSTOMER_VERBATIM_OR_SENTIMENT_LABEL,FEEDBACK_NOT_OBSERVED
4090,4091,2,LOW_REPORTED,UNKNOWN_NO_CUSTOMER_VERBATIM_OR_SENTIMENT_LABEL,REVIEW_REPORTED_LOW_CSAT
4091,4092,,UNOBSERVED,UNKNOWN_NO_CUSTOMER_VERBATIM_OR_SENTIMENT_LABEL,FEEDBACK_NOT_OBSERVED
4092,4093,5,HIGH_REPORTED,UNKNOWN_NO_CUSTOMER_VERBATIM_OR_SENTIMENT_LABEL,KEEP_OBSERVED_SCORE
4093,4094,,UNOBSERVED,UNKNOWN_NO_CUSTOMER_VERBATIM_OR_SENTIMENT_LABEL,FEEDBACK_NOT_OBSERVED
4094,4095,,UNOBSERVED,UNKNOWN_NO_CUSTOMER_VERBATIM_OR_SENTIMENT_LABEL,FEEDBACK_NOT_OBSERVED
4095,4096,,UNOBSERVED,UNKNOWN_NO_CUSTOMER_VERBATIM_OR_SENTIMENT_LABEL,FEEDBACK_NOT_OBSERVED
4096,4097,,UNOBSERVED,UNKNOWN_NO_CUSTOMER_VERBATIM_OR_SENTIMENT_LABEL,FEEDBACK_NOT_OBSERVED
4097,4098,,UNOBSERVED,UNKNOWN_NO_CUSTOMER_VERBATIM_OR_SENTIMENT_LABEL,FEEDBACK_NOT_OBSERVED
4098,4099,,UNOBSERVED,UNKNOWN_NO_CUSTOMER_VERBATIM_OR_SENTIMENT_LABEL,FEEDBACK_NOT_OBSERVED
4099,4100,,UNOBSERVED,UNKNOWN_NO_CUSTOMER_VERBATIM_OR_SENTIMENT_LABEL,FEEDBACK_NOT_OBSERVED
4100,4101,,UNOBSERVED,UNKNOWN_NO_CUSTOMER_VERBATIM_OR_SENTIMENT_LABEL,FEEDBACK_NOT_OBSERVED
4101,4102,,UNOBSERVED,UNKNOWN_NO_CUSTOMER_VERBATIM_OR_SENTIMENT_LABEL,FEEDBACK_NOT_OBSERVED
4102,4103,,UNOBSERVED,UNKNOWN_NO_CUSTOMER_VERBATIM_OR_SENTIMENT_LABEL,FEEDBACK_NOT_OBSERVED
4103,4104,5,HIGH_REPORTED,UNKNOWN_NO_CUSTOMER_VERBATIM_OR_SENTIMENT_LABEL,KEEP_OBSERVED_SCORE
4104,4105,,UNOBSERVED,UNKNOWN_NO_CUSTOMER_VERBATIM_OR_SENTIMENT_LABEL,FEEDBACK_NOT_OBSERVED
4105,4106,,UNOBSERVED,UNKNOWN_NO_CUSTOMER_VERBATIM_OR_SENTIMENT_LABEL,FEEDBACK_NOT_OBSERVED
4106,4107,,UNOBSERVED,UNKNOWN_NO_CUSTOMER_VERBATIM_OR_SENTIMENT_LABEL,FEEDBACK_NOT_OBSERVED
4107,4108,,UNOBSERVED,UNKNOWN_NO_CUSTOMER_VERBATIM_OR_SENTIMENT_LABEL,FEEDBACK_NOT_OBSERVED
4108,4109,,UNOBSERVED,UNKNOWN_NO_CUSTOMER_VERBATIM_OR_SENTIMENT_LABEL,FEEDBACK_NOT_OBSERVED
4109,4110,,UNOBSERVED,UNKNOWN_NO_CUSTOMER_VERBATIM_OR_SENTIMENT_LABEL,FEEDBACK_NOT_OBSERVED
4110,4111,,UNOBSERVED,UNKNOWN_NO_CUSTOMER_VERBATIM_OR_SENTIMENT_LABEL,FEEDBACK_NOT_OBSERVED
4111,4112,4,HIGH_REPORTED,UNKNOWN_NO_CUSTOMER_VERBATIM_OR_SENTIMENT_LABEL,KEEP_OBSERVED_SCORE
4112,4113,1,LOW_REPORTED,UNKNOWN_NO_CUSTOMER_VERBATIM_OR_SENTIMENT_LABEL,REVIEW_REPORTED_LOW_CSAT
4113,4114,,UNOBSERVED,UNKNOWN_NO_CUSTOMER_VERBATIM_OR_SENTIMENT_LABEL,FEEDBACK_NOT_OBSERVED
4114,4115,,UNOBSERVED,UNKNOWN_NO_CUSTOMER_VERBATIM_OR_SENTIMENT_LABEL,FEEDBACK_NOT_OBSERVED
4115,4116,,UNOBSERVED,UNKNOWN_NO_CUSTOMER_VERBATIM_OR_SENTIMENT_LABEL,FEEDBACK_NOT_OBSERVED
4116,4117,,UNOBSERVED,UNKNOWN_NO_CUSTOMER_VERBATIM_OR_SENTIMENT_LABEL,FEEDBACK_NOT_OBSERVED
4117,4118,,UNOBSERVED,UNKNOWN_NO_CUSTOMER_VERBATIM_OR_SENTIMENT_LABEL,FEEDBACK_NOT_OBSERVED
4118,4119,,UNOBSERVED,UNKNOWN_NO_CUSTOMER_VERBATIM_OR_SENTIMENT_LABEL,FEEDBACK_NOT_OBSERVED
4119,4120,,UNOBSERVED,UNKNOWN_NO_CUSTOMER_VERBATIM_OR_SENTIMENT_LABEL,FEEDBACK_NOT_OBSERVED
4120,4121,5,HIGH_REPORTED,UNKNOWN_NO_CUSTOMER_VERBATIM_OR_SENTIMENT_LABEL,KEEP_OBSERVED_SCORE
4121,4122,4,HIGH_REPORTED,UNKNOWN_NO_CUSTOMER_VERBATIM_OR_SENTIMENT_LABEL,KEEP_OBSERVED_SCORE
4122,4123,,UNOBSERVED,UNKNOWN_NO_CUSTOMER_VERBATIM_OR_SENTIMENT_LABEL,FEEDBACK_NOT_OBSERVED
4123,4124,2,LOW_REPORTED,UNKNOWN_NO_CUSTOMER_VERBATIM_OR_SENTIMENT_LABEL,REVIEW_REPORTED_LOW_CSAT
4124,4125,4,HIGH_REPORTED,UNKNOWN_NO_CUSTOMER_VERBATIM_OR_SENTIMENT_LABEL,KEEP_OBSERVED_SCORE
4125,4126,,UNOBSERVED,UNKNOWN_NO_CUSTOMER_VERBATIM_OR_SENTIMENT_LABEL,FEEDBACK_NOT_OBSERVED
4126,4127,,UNOBSERVED,UNKNOWN_NO_CUSTOMER_VERBATIM_OR_SENTIMENT_LABEL,FEEDBACK_NOT_OBSERVED
4127,4128,3,MIDDLE_REPORTED,UNKNOWN_NO_CUSTOMER_VERBATIM_OR_SENTIMENT_LABEL,KEEP_OBSERVED_SCORE
4128,4129,,UNOBSERVED,UNKNOWN_NO_CUSTOMER_VERBATIM_OR_SENTIMENT_LABEL,FEEDBACK_NOT_OBSERVED
4129,4130,2,LOW_REPORTED,UNKNOWN_NO_CUSTOMER_VERBATIM_OR_SENTIMENT_LABEL,REVIEW_REPORTED_LOW_CSAT
4130,4131,,UNOBSERVED,UNKNOWN_NO_CUSTOMER_VERBATIM_OR_SENTIMENT_LABEL,FEEDBACK_NOT_OBSERVED
4131,4132,3,MIDDLE_REPORTED,UNKNOWN_NO_CUSTOMER_VERBATIM_OR_SENTIMENT_LABEL,KEEP_OBSERVED_SCORE
4132,4133,4,HIGH_REPORTED,UNKNOWN_NO_CUSTOMER_VERBATIM_OR_SENTIMENT_LABEL,KEEP_OBSERVED_SCORE
4133,4134,,UNOBSERVED,UNKNOWN_NO_CUSTOMER_VERBATIM_OR_SENTIMENT_LABEL,FEEDBACK_NOT_OBSERVED
4134,4135,4,HIGH_REPORTED,UNKNOWN_NO_CUSTOMER_VERBATIM_OR_SENTIMENT_LABEL,KEEP_OBSERVED_SCORE
4135,4136,4,HIGH_REPORTED,UNKNOWN_NO_CUSTOMER_VERBATIM_OR_SENTIMENT_LABEL,KEEP_OBSERVED_SCORE
4136,4137,,UNOBSERVED,UNKNOWN_NO_CUSTOMER_VERBATIM_OR_SENTIMENT_LABEL,FEEDBACK_NOT_OBSERVED
4137,4138,5,HIGH_REPORTED,UNKNOWN_NO_CUSTOMER_VERBATIM_OR_SENTIMENT_LABEL,KEEP_OBSERVED_SCORE
4138,4139,,UNOBSERVED,UNKNOWN_NO_CUSTOMER_VERBATIM_OR_SENTIMENT_LABEL,FEEDBACK_NOT_OBSERVED
4139,4140,,UNOBSERVED,UNKNOWN_NO_CUSTOMER_VERBATIM_OR_SENTIMENT_LABEL,FEEDBACK_NOT_OBSERVED
4140,4141,,UNOBSERVED,UNKNOWN_NO_CUSTOMER_VERBATIM_OR_SENTIMENT_LABEL,FEEDBACK_NOT_OBSERVED
4141,4142,,UNOBSERVED,UNKNOWN_NO_CUSTOMER_VERBATIM_OR_SENTIMENT_LABEL,FEEDBACK_NOT_OBSERVED
4142,4143,,UNOBSERVED,UNKNOWN_NO_CUSTOMER_VERBATIM_OR_SENTIMENT_LABEL,FEEDBACK_NOT_OBSERVED
4143,4144,,UNOBSERVED,UNKNOWN_NO_CUSTOMER_VERBATIM_OR_SENTIMENT_LABEL,FEEDBACK_NOT_OBSERVED
4144,4145,,UNOBSERVED,UNKNOWN_NO_CUSTOMER_VERBATIM_OR_SENTIMENT_LABEL,FEEDBACK_NOT_OBSERVED
4145,4146,,UNOBSERVED,UNKNOWN_NO_CUSTOMER_VERBATIM_OR_SENTIMENT_LABEL,FEEDBACK_NOT_OBSERVED
4146,4147,1,LOW_REPORTED,UNKNOWN_NO_CUSTOMER_VERBATIM_OR_SENTIMENT_LABEL,REVIEW_REPORTED_LOW_CSAT
4147,4148,,UNOBSERVED,UNKNOWN_NO_CUSTOMER_VERBATIM_OR_SENTIMENT_LABEL,FEEDBACK_NOT_OBSERVED
4148,4149,1,LOW_REPORTED,UNKNOWN_NO_CUSTOMER_VERBATIM_OR_SENTIMENT_LABEL,REVIEW_REPORTED_LOW_CSAT
4149,4150,2,LOW_REPORTED,UNKNOWN_NO_CUSTOMER_VERBATIM_OR_SENTIMENT_LABEL,REVIEW_REPORTED_LOW_CSAT
4150,4151,,UNOBSERVED,UNKNOWN_NO_CUSTOMER_VERBATIM_OR_SENTIMENT_LABEL,FEEDBACK_NOT_OBSERVED
4151,4152,2,LOW_REPORTED,UNKNOWN_NO_CUSTOMER_VERBATIM_OR_SENTIMENT_LABEL,REVIEW_REPORTED_LOW_CSAT
4152,4153,4,HIGH_REPORTED,UNKNOWN_NO_CUSTOMER_VERBATIM_OR_SENTIMENT_LABEL,KEEP_OBSERVED_SCORE
4153,4154,1,LOW_REPORTED,UNKNOWN_NO_CUSTOMER_VERBATIM_OR_SENTIMENT_LABEL,REVIEW_REPORTED_LOW_CSAT
4154,4155,,UNOBSERVED,UNKNOWN_NO_CUSTOMER_VERBATIM_OR_SENTIMENT_LABEL,FEEDBACK_NOT_OBSERVED
4155,4156,,UNOBSERVED,UNKNOWN_NO_CUSTOMER_VERBATIM_OR_SENTIMENT_LABEL,FEEDBACK_NOT_OBSERVED
4156,4157,,UNOBSERVED,UNKNOWN_NO_CUSTOMER_VERBATIM_OR_SENTIMENT_LABEL,FEEDBACK_NOT_OBSERVED
4157,4158,,UNOBSERVED,UNKNOWN_NO_CUSTOMER_VERBATIM_OR_SENTIMENT_LABEL,FEEDBACK_NOT_OBSERVED
4158,4159,,UNOBSERVED,UNKNOWN_NO_CUSTOMER_VERBATIM_OR_SENTIMENT_LABEL,FEEDBACK_NOT_OBSERVED
4159,4160,,UNOBSERVED,UNKNOWN_NO_CUSTOMER_VERBATIM_OR_SENTIMENT_LABEL,FEEDBACK_NOT_OBSERVED
4160,4161,,UNOBSERVED,UNKNOWN_NO_CUSTOMER_VERBATIM_OR_SENTIMENT_LABEL,FEEDBACK_NOT_OBSERVED
4161,4162,,UNOBSERVED,UNKNOWN_NO_CUSTOMER_VERBATIM_OR_SENTIMENT_LABEL,FEEDBACK_NOT_OBSERVED
4162,4163,,UNOBSERVED,UNKNOWN_NO_CUSTOMER_VERBATIM_OR_SENTIMENT_LABEL,FEEDBACK_NOT_OBSERVED
4163,4164,1,LOW_REPORTED,UNKNOWN_NO_CUSTOMER_VERBATIM_OR_SENTIMENT_LABEL,REVIEW_REPORTED_LOW_CSAT
4164,4165,,UNOBSERVED,UNKNOWN_NO_CUSTOMER_VERBATIM_OR_SENTIMENT_LABEL,FEEDBACK_NOT_OBSERVED
4165,4166,,UNOBSERVED,UNKNOWN_NO_CUSTOMER_VERBATIM_OR_SENTIMENT_LABEL,FEEDBACK_NOT_OBSERVED
4166,4167,,UNOBSERVED,UNKNOWN_NO_CUSTOMER_VERBATIM_OR_SENTIMENT_LABEL,FEEDBACK_NOT_OBSERVED
4167,4168,,UNOBSERVED,UNKNOWN_NO_CUSTOMER_VERBATIM_OR_SENTIMENT_LABEL,FEEDBACK_NOT_OBSERVED
4168,4169,2,LOW_REPORTED,UNKNOWN_NO_CUSTOMER_VERBATIM_OR_SENTIMENT_LABEL,REVIEW_REPORTED_LOW_CSAT
4169,4170,,UNOBSERVED,UNKNOWN_NO_CUSTOMER_VERBATIM_OR_SENTIMENT_LABEL,FEEDBACK_NOT_OBSERVED
4170,4171,5,HIGH_REPORTED,UNKNOWN_NO_CUSTOMER_VERBATIM_OR_SENTIMENT_LABEL,KEEP_OBSERVED_SCORE
4171,4172,,UNOBSERVED,UNKNOWN_NO_CUSTOMER_VERBATIM_OR_SENTIMENT_LABEL,FEEDBACK_NOT_OBSERVED
4172,4173,,UNOBSERVED,UNKNOWN_NO_CUSTOMER_VERBATIM_OR_SENTIMENT_LABEL,FEEDBACK_NOT_OBSERVED
4173,4174,,UNOBSERVED,UNKNOWN_NO_CUSTOMER_VERBATIM_OR_SENTIMENT_LABEL,FEEDBACK_NOT_OBSERVED
4174,4175,,UNOBSERVED,UNKNOWN_NO_CUSTOMER_VERBATIM_OR_SENTIMENT_LABEL,FEEDBACK_NOT_OBSERVED
4175,4176,,UNOBSERVED,UNKNOWN_NO_CUSTOMER_VERBATIM_OR_SENTIMENT_LABEL,FEEDBACK_NOT_OBSERVED
4176,4177,,UNOBSERVED,UNKNOWN_NO_CUSTOMER_VERBATIM_OR_SENTIMENT_LABEL,FEEDBACK_NOT_OBSERVED
4177,4178,,UNOBSERVED,UNKNOWN_NO_CUSTOMER_VERBATIM_OR_SENTIMENT_LABEL,FEEDBACK_NOT_OBSERVED
4178,4179,,UNOBSERVED,UNKNOWN_NO_CUSTOMER_VERBATIM_OR_SENTIMENT_LABEL,FEEDBACK_NOT_OBSERVED
4179,4180,4,HIGH_REPORTED,UNKNOWN_NO_CUSTOMER_VERBATIM_OR_SENTIMENT_LABEL,KEEP_OBSERVED_SCORE
4180,4181,,UNOBSERVED,UNKNOWN_NO_CUSTOMER_VERBATIM_OR_SENTIMENT_LABEL,FEEDBACK_NOT_OBSERVED
4181,4182,,UNOBSERVED,UNKNOWN_NO_CUSTOMER_VERBATIM_OR_SENTIMENT_LABEL,FEEDBACK_NOT_OBSERVED
4182,4183,,UNOBSERVED,UNKNOWN_NO_CUSTOMER_VERBATIM_OR_SENTIMENT_LABEL,FEEDBACK_NOT_OBSERVED
4183,4184,,UNOBSERVED,UNKNOWN_NO_CUSTOMER_VERBATIM_OR_SENTIMENT_LABEL,FEEDBACK_NOT_OBSERVED
4184,4185,,UNOBSERVED,UNKNOWN_NO_CUSTOMER_VERBATIM_OR_SENTIMENT_LABEL,FEEDBACK_NOT_OBSERVED
4185,4186,,UNOBSERVED,UNKNOWN_NO_CUSTOMER_VERBATIM_OR_SENTIMENT_LABEL,FEEDBACK_NOT_OBSERVED
4186,4187,,UNOBSERVED,UNKNOWN_NO_CUSTOMER_VERBATIM_OR_SENTIMENT_LABEL,FEEDBACK_NOT_OBSERVED
4187,4188,,UNOBSERVED,UNKNOWN_NO_CUSTOMER_VERBATIM_OR_SENTIMENT_LABEL,FEEDBACK_NOT_OBSERVED
4188,4189,,UNOBSERVED,UNKNOWN_NO_CUSTOMER_VERBATIM_OR_SENTIMENT_LABEL,FEEDBACK_NOT_OBSERVED
4189,4190,,UNOBSERVED,UNKNOWN_NO_CUSTOMER_VERBATIM_OR_SENTIMENT_LABEL,FEEDBACK_NOT_OBSERVED
4190,4191,,UNOBSERVED,UNKNOWN_NO_CUSTOMER_VERBATIM_OR_SENTIMENT_LABEL,FEEDBACK_NOT_OBSERVED
4191,4192,,UNOBSERVED,UNKNOWN_NO_CUSTOMER_VERBATIM_OR_SENTIMENT_LABEL,FEEDBACK_NOT_OBSERVED
4192,4193,,UNOBSERVED,UNKNOWN_NO_CUSTOMER_VERBATIM_OR_SENTIMENT_LABEL,FEEDBACK_NOT_OBSERVED
4193,4194,3,MIDDLE_REPORTED,UNKNOWN_NO_CUSTOMER_VERBATIM_OR_SENTIMENT_LABEL,KEEP_OBSERVED_SCORE
4194,4195,,UNOBSERVED,UNKNOWN_NO_CUSTOMER_VERBATIM_OR_SENTIMENT_LABEL,FEEDBACK_NOT_OBSERVED
4195,4196,,UNOBSERVED,UNKNOWN_NO_CUSTOMER_VERBATIM_OR_SENTIMENT_LABEL,FEEDBACK_NOT_OBSERVED
4196,4197,,UNOBSERVED,UNKNOWN_NO_CUSTOMER_VERBATIM_OR_SENTIMENT_LABEL,FEEDBACK_NOT_OBSERVED
4197,4198,,UNOBSERVED,UNKNOWN_NO_CUSTOMER_VERBATIM_OR_SENTIMENT_LABEL,FEEDBACK_NOT_OBSERVED
4198,4199,,UNOBSERVED,UNKNOWN_NO_CUSTOMER_VERBATIM_OR_SENTIMENT_LABEL,FEEDBACK_NOT_OBSERVED
4199,4200,,UNOBSERVED,UNKNOWN_NO_CUSTOMER_VERBATIM_OR_SENTIMENT_LABEL,FEEDBACK_NOT_OBSERVED
4200,4201,,UNOBSERVED,UNKNOWN_NO_CUSTOMER_VERBATIM_OR_SENTIMENT_LABEL,FEEDBACK_NOT_OBSERVED
4201,4202,4,HIGH_REPORTED,UNKNOWN_NO_CUSTOMER_VERBATIM_OR_SENTIMENT_LABEL,KEEP_OBSERVED_SCORE
4202,4203,,UNOBSERVED,UNKNOWN_NO_CUSTOMER_VERBATIM_OR_SENTIMENT_LABEL,FEEDBACK_NOT_OBSERVED
4203,4204,,UNOBSERVED,UNKNOWN_NO_CUSTOMER_VERBATIM_OR_SENTIMENT_LABEL,FEEDBACK_NOT_OBSERVED
4204,4205,,UNOBSERVED,UNKNOWN_NO_CUSTOMER_VERBATIM_OR_SENTIMENT_LABEL,FEEDBACK_NOT_OBSERVED
4205,4206,,UNOBSERVED,UNKNOWN_NO_CUSTOMER_VERBATIM_OR_SENTIMENT_LABEL,FEEDBACK_NOT_OBSERVED
4206,4207,,UNOBSERVED,UNKNOWN_NO_CUSTOMER_VERBATIM_OR_SENTIMENT_LABEL,FEEDBACK_NOT_OBSERVED
4207,4208,,UNOBSERVED,UNKNOWN_NO_CUSTOMER_VERBATIM_OR_SENTIMENT_LABEL,FEEDBACK_NOT_OBSERVED
4208,4209,,UNOBSERVED,UNKNOWN_NO_CUSTOMER_VERBATIM_OR_SENTIMENT_LABEL,FEEDBACK_NOT_OBSERVED
4209,4210,,UNOBSERVED,UNKNOWN_NO_CUSTOMER_VERBATIM_OR_SENTIMENT_LABEL,FEEDBACK_NOT_OBSERVED
4210,4211,,UNOBSERVED,UNKNOWN_NO_CUSTOMER_VERBATIM_OR_SENTIMENT_LABEL,FEEDBACK_NOT_OBSERVED
4211,4212,1,LOW_REPORTED,UNKNOWN_NO_CUSTOMER_VERBATIM_OR_SENTIMENT_LABEL,REVIEW_REPORTED_LOW_CSAT
4212,4213,1,LOW_REPORTED,UNKNOWN_NO_CUSTOMER_VERBATIM_OR_SENTIMENT_LABEL,REVIEW_REPORTED_LOW_CSAT
4213,4214,,UNOBSERVED,UNKNOWN_NO_CUSTOMER_VERBATIM_OR_SENTIMENT_LABEL,FEEDBACK_NOT_OBSERVED
4214,4215,4,HIGH_REPORTED,UNKNOWN_NO_CUSTOMER_VERBATIM_OR_SENTIMENT_LABEL,KEEP_OBSERVED_SCORE
4215,4216,,UNOBSERVED,UNKNOWN_NO_CUSTOMER_VERBATIM_OR_SENTIMENT_LABEL,FEEDBACK_NOT_OBSERVED
4216,4217,,UNOBSERVED,UNKNOWN_NO_CUSTOMER_VERBATIM_OR_SENTIMENT_LABEL,FEEDBACK_NOT_OBSERVED
4217,4218,,UNOBSERVED,UNKNOWN_NO_CUSTOMER_VERBATIM_OR_SENTIMENT_LABEL,FEEDBACK_NOT_OBSERVED
4218,4219,4,HIGH_REPORTED,UNKNOWN_NO_CUSTOMER_VERBATIM_OR_SENTIMENT_LABEL,KEEP_OBSERVED_SCORE
4219,4220,,UNOBSERVED,UNKNOWN_NO_CUSTOMER_VERBATIM_OR_SENTIMENT_LABEL,FEEDBACK_NOT_OBSERVED
4220,4221,,UNOBSERVED,UNKNOWN_NO_CUSTOMER_VERBATIM_OR_SENTIMENT_LABEL,FEEDBACK_NOT_OBSERVED
4221,4222,,UNOBSERVED,UNKNOWN_NO_CUSTOMER_VERBATIM_OR_SENTIMENT_LABEL,FEEDBACK_NOT_OBSERVED
4222,4223,,UNOBSERVED,UNKNOWN_NO_CUSTOMER_VERBATIM_OR_SENTIMENT_LABEL,FEEDBACK_NOT_OBSERVED
4223,4224,,UNOBSERVED,UNKNOWN_NO_CUSTOMER_VERBATIM_OR_SENTIMENT_LABEL,FEEDBACK_NOT_OBSERVED
4224,4225,,UNOBSERVED,UNKNOWN_NO_CUSTOMER_VERBATIM_OR_SENTIMENT_LABEL,FEEDBACK_NOT_OBSERVED
4225,4226,,UNOBSERVED,UNKNOWN_NO_CUSTOMER_VERBATIM_OR_SENTIMENT_LABEL,FEEDBACK_NOT_OBSERVED
4226,4227,,UNOBSERVED,UNKNOWN_NO_CUSTOMER_VERBATIM_OR_SENTIMENT_LABEL,FEEDBACK_NOT_OBSERVED
4227,4228,,UNOBSERVED,UNKNOWN_NO_CUSTOMER_VERBATIM_OR_SENTIMENT_LABEL,FEEDBACK_NOT_OBSERVED
4228,4229,,UNOBSERVED,UNKNOWN_NO_CUSTOMER_VERBATIM_OR_SENTIMENT_LABEL,FEEDBACK_NOT_OBSERVED
4229,4230,,UNOBSERVED,UNKNOWN_NO_CUSTOMER_VERBATIM_OR_SENTIMENT_LABEL,FEEDBACK_NOT_OBSERVED
4230,4231,4,HIGH_REPORTED,UNKNOWN_NO_CUSTOMER_VERBATIM_OR_SENTIMENT_LABEL,KEEP_OBSERVED_SCORE
4231,4232,,UNOBSERVED,UNKNOWN_NO_CUSTOMER_VERBATIM_OR_SENTIMENT_LABEL,FEEDBACK_NOT_OBSERVED
4232,4233,3,MIDDLE_REPORTED,UNKNOWN_NO_CUSTOMER_VERBATIM_OR_SENTIMENT_LABEL,KEEP_OBSERVED_SCORE
4233,4234,,UNOBSERVED,UNKNOWN_NO_CUSTOMER_VERBATIM_OR_SENTIMENT_LABEL,FEEDBACK_NOT_OBSERVED
4234,4235,1,LOW_REPORTED,UNKNOWN_NO_CUSTOMER_VERBATIM_OR_SENTIMENT_LABEL,REVIEW_REPORTED_LOW_CSAT
4235,4236,1,LOW_REPORTED,UNKNOWN_NO_CUSTOMER_VERBATIM_OR_SENTIMENT_LABEL,REVIEW_REPORTED_LOW_CSAT
4236,4237,1,LOW_REPORTED,UNKNOWN_NO_CUSTOMER_VERBATIM_OR_SENTIMENT_LABEL,REVIEW_REPORTED_LOW_CSAT
4237,4238,,UNOBSERVED,UNKNOWN_NO_CUSTOMER_VERBATIM_OR_SENTIMENT_LABEL,FEEDBACK_NOT_OBSERVED
4238,4239,1,LOW_REPORTED,UNKNOWN_NO_CUSTOMER_VERBATIM_OR_SENTIMENT_LABEL,REVIEW_REPORTED_LOW_CSAT
4239,4240,,UNOBSERVED,UNKNOWN_NO_CUSTOMER_VERBATIM_OR_SENTIMENT_LABEL,FEEDBACK_NOT_OBSERVED
4240,4241,4,HIGH_REPORTED,UNKNOWN_NO_CUSTOMER_VERBATIM_OR_SENTIMENT_LABEL,KEEP_OBSERVED_SCORE
4241,4242,,UNOBSERVED,UNKNOWN_NO_CUSTOMER_VERBATIM_OR_SENTIMENT_LABEL,FEEDBACK_NOT_OBSERVED
4242,4243,5,HIGH_REPORTED,UNKNOWN_NO_CUSTOMER_VERBATIM_OR_SENTIMENT_LABEL,KEEP_OBSERVED_SCORE
4243,4244,4,HIGH_REPORTED,UNKNOWN_NO_CUSTOMER_VERBATIM_OR_SENTIMENT_LABEL,KEEP_OBSERVED_SCORE
4244,4245,1,LOW_REPORTED,UNKNOWN_NO_CUSTOMER_VERBATIM_OR_SENTIMENT_LABEL,REVIEW_REPORTED_LOW_CSAT
4245,4246,,UNOBSERVED,UNKNOWN_NO_CUSTOMER_VERBATIM_OR_SENTIMENT_LABEL,FEEDBACK_NOT_OBSERVED
4246,4247,,UNOBSERVED,UNKNOWN_NO_CUSTOMER_VERBATIM_OR_SENTIMENT_LABEL,FEEDBACK_NOT_OBSERVED
4247,4248,2,LOW_REPORTED,UNKNOWN_NO_CUSTOMER_VERBATIM_OR_SENTIMENT_LABEL,REVIEW_REPORTED_LOW_CSAT
4248,4249,,UNOBSERVED,UNKNOWN_NO_CUSTOMER_VERBATIM_OR_SENTIMENT_LABEL,FEEDBACK_NOT_OBSERVED
4249,4250,,UNOBSERVED,UNKNOWN_NO_CUSTOMER_VERBATIM_OR_SENTIMENT_LABEL,FEEDBACK_NOT_OBSERVED
4250,4251,,UNOBSERVED,UNKNOWN_NO_CUSTOMER_VERBATIM_OR_SENTIMENT_LABEL,FEEDBACK_NOT_OBSERVED
4251,4252,,UNOBSERVED,UNKNOWN_NO_CUSTOMER_VERBATIM_OR_SENTIMENT_LABEL,FEEDBACK_NOT_OBSERVED
4252,4253,,UNOBSERVED,UNKNOWN_NO_CUSTOMER_VERBATIM_OR_SENTIMENT_LABEL,FEEDBACK_NOT_OBSERVED
4253,4254,,UNOBSERVED,UNKNOWN_NO_CUSTOMER_VERBATIM_OR_SENTIMENT_LABEL,FEEDBACK_NOT_OBSERVED
4254,4255,5,HIGH_REPORTED,UNKNOWN_NO_CUSTOMER_VERBATIM_OR_SENTIMENT_LABEL,KEEP_OBSERVED_SCORE
4255,4256,,UNOBSERVED,UNKNOWN_NO_CUSTOMER_VERBATIM_OR_SENTIMENT_LABEL,FEEDBACK_NOT_OBSERVED
4256,4257,,UNOBSERVED,UNKNOWN_NO_CUSTOMER_VERBATIM_OR_SENTIMENT_LABEL,FEEDBACK_NOT_OBSERVED
4257,4258,3,MIDDLE_REPORTED,UNKNOWN_NO_CUSTOMER_VERBATIM_OR_SENTIMENT_LABEL,KEEP_OBSERVED_SCORE
4258,4259,,UNOBSERVED,UNKNOWN_NO_CUSTOMER_VERBATIM_OR_SENTIMENT_LABEL,FEEDBACK_NOT_OBSERVED
4259,4260,2,LOW_REPORTED,UNKNOWN_NO_CUSTOMER_VERBATIM_OR_SENTIMENT_LABEL,REVIEW_REPORTED_LOW_CSAT
4260,4261,,UNOBSERVED,UNKNOWN_NO_CUSTOMER_VERBATIM_OR_SENTIMENT_LABEL,FEEDBACK_NOT_OBSERVED
4261,4262,,UNOBSERVED,UNKNOWN_NO_CUSTOMER_VERBATIM_OR_SENTIMENT_LABEL,FEEDBACK_NOT_OBSERVED
4262,4263,,UNOBSERVED,UNKNOWN_NO_CUSTOMER_VERBATIM_OR_SENTIMENT_LABEL,FEEDBACK_NOT_OBSERVED
4263,4264,,UNOBSERVED,UNKNOWN_NO_CUSTOMER_VERBATIM_OR_SENTIMENT_LABEL,FEEDBACK_NOT_OBSERVED
4264,4265,,UNOBSERVED,UNKNOWN_NO_CUSTOMER_VERBATIM_OR_SENTIMENT_LABEL,FEEDBACK_NOT_OBSERVED
4265,4266,4,HIGH_REPORTED,UNKNOWN_NO_CUSTOMER_VERBATIM_OR_SENTIMENT_LABEL,KEEP_OBSERVED_SCORE
4266,4267,,UNOBSERVED,UNKNOWN_NO_CUSTOMER_VERBATIM_OR_SENTIMENT_LABEL,FEEDBACK_NOT_OBSERVED
4267,4268,4,HIGH_REPORTED,UNKNOWN_NO_CUSTOMER_VERBATIM_OR_SENTIMENT_LABEL,KEEP_OBSERVED_SCORE
4268,4269,2,LOW_REPORTED,UNKNOWN_NO_CUSTOMER_VERBATIM_OR_SENTIMENT_LABEL,REVIEW_REPORTED_LOW_CSAT
4269,4270,4,HIGH_REPORTED,UNKNOWN_NO_CUSTOMER_VERBATIM_OR_SENTIMENT_LABEL,KEEP_OBSERVED_SCORE
4270,4271,,UNOBSERVED,UNKNOWN_NO_CUSTOMER_VERBATIM_OR_SENTIMENT_LABEL,FEEDBACK_NOT_OBSERVED
4271,4272,,UNOBSERVED,UNKNOWN_NO_CUSTOMER_VERBATIM_OR_SENTIMENT_LABEL,FEEDBACK_NOT_OBSERVED
4272,4273,,UNOBSERVED,UNKNOWN_NO_CUSTOMER_VERBATIM_OR_SENTIMENT_LABEL,FEEDBACK_NOT_OBSERVED
4273,4274,,UNOBSERVED,UNKNOWN_NO_CUSTOMER_VERBATIM_OR_SENTIMENT_LABEL,FEEDBACK_NOT_OBSERVED
4274,4275,,UNOBSERVED,UNKNOWN_NO_CUSTOMER_VERBATIM_OR_SENTIMENT_LABEL,FEEDBACK_NOT_OBSERVED
4275,4276,2,LOW_REPORTED,UNKNOWN_NO_CUSTOMER_VERBATIM_OR_SENTIMENT_LABEL,REVIEW_REPORTED_LOW_CSAT
4276,4277,,UNOBSERVED,UNKNOWN_NO_CUSTOMER_VERBATIM_OR_SENTIMENT_LABEL,FEEDBACK_NOT_OBSERVED
4277,4278,,UNOBSERVED,UNKNOWN_NO_CUSTOMER_VERBATIM_OR_SENTIMENT_LABEL,FEEDBACK_NOT_OBSERVED
4278,4279,,UNOBSERVED,UNKNOWN_NO_CUSTOMER_VERBATIM_OR_SENTIMENT_LABEL,FEEDBACK_NOT_OBSERVED
4279,4280,,UNOBSERVED,UNKNOWN_NO_CUSTOMER_VERBATIM_OR_SENTIMENT_LABEL,FEEDBACK_NOT_OBSERVED
4280,4281,,UNOBSERVED,UNKNOWN_NO_CUSTOMER_VERBATIM_OR_SENTIMENT_LABEL,FEEDBACK_NOT_OBSERVED
4281,4282,,UNOBSERVED,UNKNOWN_NO_CUSTOMER_VERBATIM_OR_SENTIMENT_LABEL,FEEDBACK_NOT_OBSERVED
4282,4283,2,LOW_REPORTED,UNKNOWN_NO_CUSTOMER_VERBATIM_OR_SENTIMENT_LABEL,REVIEW_REPORTED_LOW_CSAT
4283,4284,,UNOBSERVED,UNKNOWN_NO_CUSTOMER_VERBATIM_OR_SENTIMENT_LABEL,FEEDBACK_NOT_OBSERVED
4284,4285,,UNOBSERVED,UNKNOWN_NO_CUSTOMER_VERBATIM_OR_SENTIMENT_LABEL,FEEDBACK_NOT_OBSERVED
4285,4286,3,MIDDLE_REPORTED,UNKNOWN_NO_CUSTOMER_VERBATIM_OR_SENTIMENT_LABEL,KEEP_OBSERVED_SCORE
4286,4287,,UNOBSERVED,UNKNOWN_NO_CUSTOMER_VERBATIM_OR_SENTIMENT_LABEL,FEEDBACK_NOT_OBSERVED
4287,4288,,UNOBSERVED,UNKNOWN_NO_CUSTOMER_VERBATIM_OR_SENTIMENT_LABEL,FEEDBACK_NOT_OBSERVED
4288,4289,4,HIGH_REPORTED,UNKNOWN_NO_CUSTOMER_VERBATIM_OR_SENTIMENT_LABEL,KEEP_OBSERVED_SCORE
4289,4290,,UNOBSERVED,UNKNOWN_NO_CUSTOMER_VERBATIM_OR_SENTIMENT_LABEL,FEEDBACK_NOT_OBSERVED
4290,4291,,UNOBSERVED,UNKNOWN_NO_CUSTOMER_VERBATIM_OR_SENTIMENT_LABEL,FEEDBACK_NOT_OBSERVED
4291,4292,,UNOBSERVED,UNKNOWN_NO_CUSTOMER_VERBATIM_OR_SENTIMENT_LABEL,FEEDBACK_NOT_OBSERVED
4292,4293,3,MIDDLE_REPORTED,UNKNOWN_NO_CUSTOMER_VERBATIM_OR_SENTIMENT_LABEL,KEEP_OBSERVED_SCORE
4293,4294,,UNOBSERVED,UNKNOWN_NO_CUSTOMER_VERBATIM_OR_SENTIMENT_LABEL,FEEDBACK_NOT_OBSERVED
4294,4295,,UNOBSERVED,UNKNOWN_NO_CUSTOMER_VERBATIM_OR_SENTIMENT_LABEL,FEEDBACK_NOT_OBSERVED
4295,4296,,UNOBSERVED,UNKNOWN_NO_CUSTOMER_VERBATIM_OR_SENTIMENT_LABEL,FEEDBACK_NOT_OBSERVED
4296,4297,,UNOBSERVED,UNKNOWN_NO_CUSTOMER_VERBATIM_OR_SENTIMENT_LABEL,FEEDBACK_NOT_OBSERVED
4297,4298,,UNOBSERVED,UNKNOWN_NO_CUSTOMER_VERBATIM_OR_SENTIMENT_LABEL,FEEDBACK_NOT_OBSERVED
4298,4299,,UNOBSERVED,UNKNOWN_NO_CUSTOMER_VERBATIM_OR_SENTIMENT_LABEL,FEEDBACK_NOT_OBSERVED
4299,4300,,UNOBSERVED,UNKNOWN_NO_CUSTOMER_VERBATIM_OR_SENTIMENT_LABEL,FEEDBACK_NOT_OBSERVED
4300,4301,,UNOBSERVED,UNKNOWN_NO_CUSTOMER_VERBATIM_OR_SENTIMENT_LABEL,FEEDBACK_NOT_OBSERVED
4301,4302,,UNOBSERVED,UNKNOWN_NO_CUSTOMER_VERBATIM_OR_SENTIMENT_LABEL,FEEDBACK_NOT_OBSERVED
4302,4303,3,MIDDLE_REPORTED,UNKNOWN_NO_CUSTOMER_VERBATIM_OR_SENTIMENT_LABEL,KEEP_OBSERVED_SCORE
4303,4304,,UNOBSERVED,UNKNOWN_NO_CUSTOMER_VERBATIM_OR_SENTIMENT_LABEL,FEEDBACK_NOT_OBSERVED
4304,4305,,UNOBSERVED,UNKNOWN_NO_CUSTOMER_VERBATIM_OR_SENTIMENT_LABEL,FEEDBACK_NOT_OBSERVED
4305,4306,1,LOW_REPORTED,UNKNOWN_NO_CUSTOMER_VERBATIM_OR_SENTIMENT_LABEL,REVIEW_REPORTED_LOW_CSAT
4306,4307,,UNOBSERVED,UNKNOWN_NO_CUSTOMER_VERBATIM_OR_SENTIMENT_LABEL,FEEDBACK_NOT_OBSERVED
4307,4308,,UNOBSERVED,UNKNOWN_NO_CUSTOMER_VERBATIM_OR_SENTIMENT_LABEL,FEEDBACK_NOT_OBSERVED
4308,4309,,UNOBSERVED,UNKNOWN_NO_CUSTOMER_VERBATIM_OR_SENTIMENT_LABEL,FEEDBACK_NOT_OBSERVED
4309,4310,,UNOBSERVED,UNKNOWN_NO_CUSTOMER_VERBATIM_OR_SENTIMENT_LABEL,FEEDBACK_NOT_OBSERVED
4310,4311,,UNOBSERVED,UNKNOWN_NO_CUSTOMER_VERBATIM_OR_SENTIMENT_LABEL,FEEDBACK_NOT_OBSERVED
4311,4312,4,HIGH_REPORTED,UNKNOWN_NO_CUSTOMER_VERBATIM_OR_SENTIMENT_LABEL,KEEP_OBSERVED_SCORE
4312,4313,,UNOBSERVED,UNKNOWN_NO_CUSTOMER_VERBATIM_OR_SENTIMENT_LABEL,FEEDBACK_NOT_OBSERVED
4313,4314,,UNOBSERVED,UNKNOWN_NO_CUSTOMER_VERBATIM_OR_SENTIMENT_LABEL,FEEDBACK_NOT_OBSERVED
4314,4315,,UNOBSERVED,UNKNOWN_NO_CUSTOMER_VERBATIM_OR_SENTIMENT_LABEL,FEEDBACK_NOT_OBSERVED
4315,4316,2,LOW_REPORTED,UNKNOWN_NO_CUSTOMER_VERBATIM_OR_SENTIMENT_LABEL,REVIEW_REPORTED_LOW_CSAT
4316,4317,,UNOBSERVED,UNKNOWN_NO_CUSTOMER_VERBATIM_OR_SENTIMENT_LABEL,FEEDBACK_NOT_OBSERVED
4317,4318,,UNOBSERVED,UNKNOWN_NO_CUSTOMER_VERBATIM_OR_SENTIMENT_LABEL,FEEDBACK_NOT_OBSERVED
4318,4319,,UNOBSERVED,UNKNOWN_NO_CUSTOMER_VERBATIM_OR_SENTIMENT_LABEL,FEEDBACK_NOT_OBSERVED
4319,4320,,UNOBSERVED,UNKNOWN_NO_CUSTOMER_VERBATIM_OR_SENTIMENT_LABEL,FEEDBACK_NOT_OBSERVED
4320,4321,,UNOBSERVED,UNKNOWN_NO_CUSTOMER_VERBATIM_OR_SENTIMENT_LABEL,FEEDBACK_NOT_OBSERVED
4321,4322,,UNOBSERVED,UNKNOWN_NO_CUSTOMER_VERBATIM_OR_SENTIMENT_LABEL,FEEDBACK_NOT_OBSERVED
4322,4323,,UNOBSERVED,UNKNOWN_NO_CUSTOMER_VERBATIM_OR_SENTIMENT_LABEL,FEEDBACK_NOT_OBSERVED
4323,4324,,UNOBSERVED,UNKNOWN_NO_CUSTOMER_VERBATIM_OR_SENTIMENT_LABEL,FEEDBACK_NOT_OBSERVED
4324,4325,3,MIDDLE_REPORTED,UNKNOWN_NO_CUSTOMER_VERBATIM_OR_SENTIMENT_LABEL,KEEP_OBSERVED_SCORE
4325,4326,,UNOBSERVED,UNKNOWN_NO_CUSTOMER_VERBATIM_OR_SENTIMENT_LABEL,FEEDBACK_NOT_OBSERVED
4326,4327,,UNOBSERVED,UNKNOWN_NO_CUSTOMER_VERBATIM_OR_SENTIMENT_LABEL,FEEDBACK_NOT_OBSERVED
4327,4328,,UNOBSERVED,UNKNOWN_NO_CUSTOMER_VERBATIM_OR_SENTIMENT_LABEL,FEEDBACK_NOT_OBSERVED
4328,4329,,UNOBSERVED,UNKNOWN_NO_CUSTOMER_VERBATIM_OR_SENTIMENT_LABEL,FEEDBACK_NOT_OBSERVED
4329,4330,,UNOBSERVED,UNKNOWN_NO_CUSTOMER_VERBATIM_OR_SENTIMENT_LABEL,FEEDBACK_NOT_OBSERVED
4330,4331,,UNOBSERVED,UNKNOWN_NO_CUSTOMER_VERBATIM_OR_SENTIMENT_LABEL,FEEDBACK_NOT_OBSERVED
4331,4332,,UNOBSERVED,UNKNOWN_NO_CUSTOMER_VERBATIM_OR_SENTIMENT_LABEL,FEEDBACK_NOT_OBSERVED
4332,4333,,UNOBSERVED,UNKNOWN_NO_CUSTOMER_VERBATIM_OR_SENTIMENT_LABEL,FEEDBACK_NOT_OBSERVED
4333,4334,,UNOBSERVED,UNKNOWN_NO_CUSTOMER_VERBATIM_OR_SENTIMENT_LABEL,FEEDBACK_NOT_OBSERVED
4334,4335,5,HIGH_REPORTED,UNKNOWN_NO_CUSTOMER_VERBATIM_OR_SENTIMENT_LABEL,KEEP_OBSERVED_SCORE
4335,4336,,UNOBSERVED,UNKNOWN_NO_CUSTOMER_VERBATIM_OR_SENTIMENT_LABEL,FEEDBACK_NOT_OBSERVED
4336,4337,2,LOW_REPORTED,UNKNOWN_NO_CUSTOMER_VERBATIM_OR_SENTIMENT_LABEL,REVIEW_REPORTED_LOW_CSAT
4337,4338,3,MIDDLE_REPORTED,UNKNOWN_NO_CUSTOMER_VERBATIM_OR_SENTIMENT_LABEL,KEEP_OBSERVED_SCORE
4338,4339,,UNOBSERVED,UNKNOWN_NO_CUSTOMER_VERBATIM_OR_SENTIMENT_LABEL,FEEDBACK_NOT_OBSERVED
4339,4340,,UNOBSERVED,UNKNOWN_NO_CUSTOMER_VERBATIM_OR_SENTIMENT_LABEL,FEEDBACK_NOT_OBSERVED
4340,4341,4,HIGH_REPORTED,UNKNOWN_NO_CUSTOMER_VERBATIM_OR_SENTIMENT_LABEL,KEEP_OBSERVED_SCORE
4341,4342,,UNOBSERVED,UNKNOWN_NO_CUSTOMER_VERBATIM_OR_SENTIMENT_LABEL,FEEDBACK_NOT_OBSERVED
4342,4343,,UNOBSERVED,UNKNOWN_NO_CUSTOMER_VERBATIM_OR_SENTIMENT_LABEL,FEEDBACK_NOT_OBSERVED
4343,4344,5,HIGH_REPORTED,UNKNOWN_NO_CUSTOMER_VERBATIM_OR_SENTIMENT_LABEL,KEEP_OBSERVED_SCORE
4344,4345,,UNOBSERVED,UNKNOWN_NO_CUSTOMER_VERBATIM_OR_SENTIMENT_LABEL,FEEDBACK_NOT_OBSERVED
4345,4346,,UNOBSERVED,UNKNOWN_NO_CUSTOMER_VERBATIM_OR_SENTIMENT_LABEL,FEEDBACK_NOT_OBSERVED
4346,4347,,UNOBSERVED,UNKNOWN_NO_CUSTOMER_VERBATIM_OR_SENTIMENT_LABEL,FEEDBACK_NOT_OBSERVED
4347,4348,,UNOBSERVED,UNKNOWN_NO_CUSTOMER_VERBATIM_OR_SENTIMENT_LABEL,FEEDBACK_NOT_OBSERVED
4348,4349,,UNOBSERVED,UNKNOWN_NO_CUSTOMER_VERBATIM_OR_SENTIMENT_LABEL,FEEDBACK_NOT_OBSERVED
4349,4350,,UNOBSERVED,UNKNOWN_NO_CUSTOMER_VERBATIM_OR_SENTIMENT_LABEL,FEEDBACK_NOT_OBSERVED
4350,4351,,UNOBSERVED,UNKNOWN_NO_CUSTOMER_VERBATIM_OR_SENTIMENT_LABEL,FEEDBACK_NOT_OBSERVED
4351,4352,,UNOBSERVED,UNKNOWN_NO_CUSTOMER_VERBATIM_OR_SENTIMENT_LABEL,FEEDBACK_NOT_OBSERVED
4352,4353,5,HIGH_REPORTED,UNKNOWN_NO_CUSTOMER_VERBATIM_OR_SENTIMENT_LABEL,KEEP_OBSERVED_SCORE
4353,4354,,UNOBSERVED,UNKNOWN_NO_CUSTOMER_VERBATIM_OR_SENTIMENT_LABEL,FEEDBACK_NOT_OBSERVED
4354,4355,,UNOBSERVED,UNKNOWN_NO_CUSTOMER_VERBATIM_OR_SENTIMENT_LABEL,FEEDBACK_NOT_OBSERVED
4355,4356,3,MIDDLE_REPORTED,UNKNOWN_NO_CUSTOMER_VERBATIM_OR_SENTIMENT_LABEL,KEEP_OBSERVED_SCORE
4356,4357,,UNOBSERVED,UNKNOWN_NO_CUSTOMER_VERBATIM_OR_SENTIMENT_LABEL,FEEDBACK_NOT_OBSERVED
4357,4358,3,MIDDLE_REPORTED,UNKNOWN_NO_CUSTOMER_VERBATIM_OR_SENTIMENT_LABEL,KEEP_OBSERVED_SCORE
4358,4359,,UNOBSERVED,UNKNOWN_NO_CUSTOMER_VERBATIM_OR_SENTIMENT_LABEL,FEEDBACK_NOT_OBSERVED
4359,4360,,UNOBSERVED,UNKNOWN_NO_CUSTOMER_VERBATIM_OR_SENTIMENT_LABEL,FEEDBACK_NOT_OBSERVED
4360,4361,,UNOBSERVED,UNKNOWN_NO_CUSTOMER_VERBATIM_OR_SENTIMENT_LABEL,FEEDBACK_NOT_OBSERVED
4361,4362,1,LOW_REPORTED,UNKNOWN_NO_CUSTOMER_VERBATIM_OR_SENTIMENT_LABEL,REVIEW_REPORTED_LOW_CSAT
4362,4363,,UNOBSERVED,UNKNOWN_NO_CUSTOMER_VERBATIM_OR_SENTIMENT_LABEL,FEEDBACK_NOT_OBSERVED
4363,4364,,UNOBSERVED,UNKNOWN_NO_CUSTOMER_VERBATIM_OR_SENTIMENT_LABEL,FEEDBACK_NOT_OBSERVED
4364,4365,,UNOBSERVED,UNKNOWN_NO_CUSTOMER_VERBATIM_OR_SENTIMENT_LABEL,FEEDBACK_NOT_OBSERVED
4365,4366,,UNOBSERVED,UNKNOWN_NO_CUSTOMER_VERBATIM_OR_SENTIMENT_LABEL,FEEDBACK_NOT_OBSERVED
4366,4367,,UNOBSERVED,UNKNOWN_NO_CUSTOMER_VERBATIM_OR_SENTIMENT_LABEL,FEEDBACK_NOT_OBSERVED
4367,4368,,UNOBSERVED,UNKNOWN_NO_CUSTOMER_VERBATIM_OR_SENTIMENT_LABEL,FEEDBACK_NOT_OBSERVED
4368,4369,4,HIGH_REPORTED,UNKNOWN_NO_CUSTOMER_VERBATIM_OR_SENTIMENT_LABEL,KEEP_OBSERVED_SCORE
4369,4370,,UNOBSERVED,UNKNOWN_NO_CUSTOMER_VERBATIM_OR_SENTIMENT_LABEL,FEEDBACK_NOT_OBSERVED
4370,4371,,UNOBSERVED,UNKNOWN_NO_CUSTOMER_VERBATIM_OR_SENTIMENT_LABEL,FEEDBACK_NOT_OBSERVED
4371,4372,,UNOBSERVED,UNKNOWN_NO_CUSTOMER_VERBATIM_OR_SENTIMENT_LABEL,FEEDBACK_NOT_OBSERVED
4372,4373,,UNOBSERVED,UNKNOWN_NO_CUSTOMER_VERBATIM_OR_SENTIMENT_LABEL,FEEDBACK_NOT_OBSERVED
4373,4374,,UNOBSERVED,UNKNOWN_NO_CUSTOMER_VERBATIM_OR_SENTIMENT_LABEL,FEEDBACK_NOT_OBSERVED
4374,4375,,UNOBSERVED,UNKNOWN_NO_CUSTOMER_VERBATIM_OR_SENTIMENT_LABEL,FEEDBACK_NOT_OBSERVED
4375,4376,5,HIGH_REPORTED,UNKNOWN_NO_CUSTOMER_VERBATIM_OR_SENTIMENT_LABEL,KEEP_OBSERVED_SCORE
4376,4377,,UNOBSERVED,UNKNOWN_NO_CUSTOMER_VERBATIM_OR_SENTIMENT_LABEL,FEEDBACK_NOT_OBSERVED
4377,4378,,UNOBSERVED,UNKNOWN_NO_CUSTOMER_VERBATIM_OR_SENTIMENT_LABEL,FEEDBACK_NOT_OBSERVED
4378,4379,3,MIDDLE_REPORTED,UNKNOWN_NO_CUSTOMER_VERBATIM_OR_SENTIMENT_LABEL,KEEP_OBSERVED_SCORE
4379,4380,4,HIGH_REPORTED,UNKNOWN_NO_CUSTOMER_VERBATIM_OR_SENTIMENT_LABEL,KEEP_OBSERVED_SCORE
4380,4381,4,HIGH_REPORTED,UNKNOWN_NO_CUSTOMER_VERBATIM_OR_SENTIMENT_LABEL,KEEP_OBSERVED_SCORE
4381,4382,,UNOBSERVED,UNKNOWN_NO_CUSTOMER_VERBATIM_OR_SENTIMENT_LABEL,FEEDBACK_NOT_OBSERVED
4382,4383,,UNOBSERVED,UNKNOWN_NO_CUSTOMER_VERBATIM_OR_SENTIMENT_LABEL,FEEDBACK_NOT_OBSERVED
4383,4384,2,LOW_REPORTED,UNKNOWN_NO_CUSTOMER_VERBATIM_OR_SENTIMENT_LABEL,REVIEW_REPORTED_LOW_CSAT
4384,4385,5,HIGH_REPORTED,UNKNOWN_NO_CUSTOMER_VERBATIM_OR_SENTIMENT_LABEL,KEEP_OBSERVED_SCORE
4385,4386,,UNOBSERVED,UNKNOWN_NO_CUSTOMER_VERBATIM_OR_SENTIMENT_LABEL,FEEDBACK_NOT_OBSERVED
4386,4387,4,HIGH_REPORTED,UNKNOWN_NO_CUSTOMER_VERBATIM_OR_SENTIMENT_LABEL,KEEP_OBSERVED_SCORE
4387,4388,,UNOBSERVED,UNKNOWN_NO_CUSTOMER_VERBATIM_OR_SENTIMENT_LABEL,FEEDBACK_NOT_OBSERVED
4388,4389,,UNOBSERVED,UNKNOWN_NO_CUSTOMER_VERBATIM_OR_SENTIMENT_LABEL,FEEDBACK_NOT_OBSERVED
4389,4390,4,HIGH_REPORTED,UNKNOWN_NO_CUSTOMER_VERBATIM_OR_SENTIMENT_LABEL,KEEP_OBSERVED_SCORE
4390,4391,,UNOBSERVED,UNKNOWN_NO_CUSTOMER_VERBATIM_OR_SENTIMENT_LABEL,FEEDBACK_NOT_OBSERVED
4391,4392,3,MIDDLE_REPORTED,UNKNOWN_NO_CUSTOMER_VERBATIM_OR_SENTIMENT_LABEL,KEEP_OBSERVED_SCORE
4392,4393,,UNOBSERVED,UNKNOWN_NO_CUSTOMER_VERBATIM_OR_SENTIMENT_LABEL,FEEDBACK_NOT_OBSERVED
4393,4394,,UNOBSERVED,UNKNOWN_NO_CUSTOMER_VERBATIM_OR_SENTIMENT_LABEL,FEEDBACK_NOT_OBSERVED
4394,4395,,UNOBSERVED,UNKNOWN_NO_CUSTOMER_VERBATIM_OR_SENTIMENT_LABEL,FEEDBACK_NOT_OBSERVED
4395,4396,,UNOBSERVED,UNKNOWN_NO_CUSTOMER_VERBATIM_OR_SENTIMENT_LABEL,FEEDBACK_NOT_OBSERVED
4396,4397,,UNOBSERVED,UNKNOWN_NO_CUSTOMER_VERBATIM_OR_SENTIMENT_LABEL,FEEDBACK_NOT_OBSERVED
4397,4398,,UNOBSERVED,UNKNOWN_NO_CUSTOMER_VERBATIM_OR_SENTIMENT_LABEL,FEEDBACK_NOT_OBSERVED
4398,4399,,UNOBSERVED,UNKNOWN_NO_CUSTOMER_VERBATIM_OR_SENTIMENT_LABEL,FEEDBACK_NOT_OBSERVED
4399,4400,5,HIGH_REPORTED,UNKNOWN_NO_CUSTOMER_VERBATIM_OR_SENTIMENT_LABEL,KEEP_OBSERVED_SCORE
4400,4401,4,HIGH_REPORTED,UNKNOWN_NO_CUSTOMER_VERBATIM_OR_SENTIMENT_LABEL,KEEP_OBSERVED_SCORE
4401,4402,1,LOW_REPORTED,UNKNOWN_NO_CUSTOMER_VERBATIM_OR_SENTIMENT_LABEL,REVIEW_REPORTED_LOW_CSAT
4402,4403,,UNOBSERVED,UNKNOWN_NO_CUSTOMER_VERBATIM_OR_SENTIMENT_LABEL,FEEDBACK_NOT_OBSERVED
4403,4404,,UNOBSERVED,UNKNOWN_NO_CUSTOMER_VERBATIM_OR_SENTIMENT_LABEL,FEEDBACK_NOT_OBSERVED
4404,4405,,UNOBSERVED,UNKNOWN_NO_CUSTOMER_VERBATIM_OR_SENTIMENT_LABEL,FEEDBACK_NOT_OBSERVED
4405,4406,2,LOW_REPORTED,UNKNOWN_NO_CUSTOMER_VERBATIM_OR_SENTIMENT_LABEL,REVIEW_REPORTED_LOW_CSAT
4406,4407,,UNOBSERVED,UNKNOWN_NO_CUSTOMER_VERBATIM_OR_SENTIMENT_LABEL,FEEDBACK_NOT_OBSERVED
4407,4408,,UNOBSERVED,UNKNOWN_NO_CUSTOMER_VERBATIM_OR_SENTIMENT_LABEL,FEEDBACK_NOT_OBSERVED
4408,4409,,UNOBSERVED,UNKNOWN_NO_CUSTOMER_VERBATIM_OR_SENTIMENT_LABEL,FEEDBACK_NOT_OBSERVED
4409,4410,3,MIDDLE_REPORTED,UNKNOWN_NO_CUSTOMER_VERBATIM_OR_SENTIMENT_LABEL,KEEP_OBSERVED_SCORE
4410,4411,,UNOBSERVED,UNKNOWN_NO_CUSTOMER_VERBATIM_OR_SENTIMENT_LABEL,FEEDBACK_NOT_OBSERVED
4411,4412,3,MIDDLE_REPORTED,UNKNOWN_NO_CUSTOMER_VERBATIM_OR_SENTIMENT_LABEL,KEEP_OBSERVED_SCORE
4412,4413,,UNOBSERVED,UNKNOWN_NO_CUSTOMER_VERBATIM_OR_SENTIMENT_LABEL,FEEDBACK_NOT_OBSERVED
4413,4414,2,LOW_REPORTED,UNKNOWN_NO_CUSTOMER_VERBATIM_OR_SENTIMENT_LABEL,REVIEW_REPORTED_LOW_CSAT
4414,4415,,UNOBSERVED,UNKNOWN_NO_CUSTOMER_VERBATIM_OR_SENTIMENT_LABEL,FEEDBACK_NOT_OBSERVED
4415,4416,,UNOBSERVED,UNKNOWN_NO_CUSTOMER_VERBATIM_OR_SENTIMENT_LABEL,FEEDBACK_NOT_OBSERVED
4416,4417,3,MIDDLE_REPORTED,UNKNOWN_NO_CUSTOMER_VERBATIM_OR_SENTIMENT_LABEL,KEEP_OBSERVED_SCORE
4417,4418,,UNOBSERVED,UNKNOWN_NO_CUSTOMER_VERBATIM_OR_SENTIMENT_LABEL,FEEDBACK_NOT_OBSERVED
4418,4419,5,HIGH_REPORTED,UNKNOWN_NO_CUSTOMER_VERBATIM_OR_SENTIMENT_LABEL,KEEP_OBSERVED_SCORE
4419,4420,,UNOBSERVED,UNKNOWN_NO_CUSTOMER_VERBATIM_OR_SENTIMENT_LABEL,FEEDBACK_NOT_OBSERVED
4420,4421,,UNOBSERVED,UNKNOWN_NO_CUSTOMER_VERBATIM_OR_SENTIMENT_LABEL,FEEDBACK_NOT_OBSERVED
4421,4422,2,LOW_REPORTED,UNKNOWN_NO_CUSTOMER_VERBATIM_OR_SENTIMENT_LABEL,REVIEW_REPORTED_LOW_CSAT
4422,4423,,UNOBSERVED,UNKNOWN_NO_CUSTOMER_VERBATIM_OR_SENTIMENT_LABEL,FEEDBACK_NOT_OBSERVED
4423,4424,,UNOBSERVED,UNKNOWN_NO_CUSTOMER_VERBATIM_OR_SENTIMENT_LABEL,FEEDBACK_NOT_OBSERVED
4424,4425,2,LOW_REPORTED,UNKNOWN_NO_CUSTOMER_VERBATIM_OR_SENTIMENT_LABEL,REVIEW_REPORTED_LOW_CSAT
4425,4426,3,MIDDLE_REPORTED,UNKNOWN_NO_CUSTOMER_VERBATIM_OR_SENTIMENT_LABEL,KEEP_OBSERVED_SCORE
4426,4427,2,LOW_REPORTED,UNKNOWN_NO_CUSTOMER_VERBATIM_OR_SENTIMENT_LABEL,REVIEW_REPORTED_LOW_CSAT
4427,4428,5,HIGH_REPORTED,UNKNOWN_NO_CUSTOMER_VERBATIM_OR_SENTIMENT_LABEL,KEEP_OBSERVED_SCORE
4428,4429,,UNOBSERVED,UNKNOWN_NO_CUSTOMER_VERBATIM_OR_SENTIMENT_LABEL,FEEDBACK_NOT_OBSERVED
4429,4430,,UNOBSERVED,UNKNOWN_NO_CUSTOMER_VERBATIM_OR_SENTIMENT_LABEL,FEEDBACK_NOT_OBSERVED
4430,4431,,UNOBSERVED,UNKNOWN_NO_CUSTOMER_VERBATIM_OR_SENTIMENT_LABEL,FEEDBACK_NOT_OBSERVED
4431,4432,,UNOBSERVED,UNKNOWN_NO_CUSTOMER_VERBATIM_OR_SENTIMENT_LABEL,FEEDBACK_NOT_OBSERVED
4432,4433,,UNOBSERVED,UNKNOWN_NO_CUSTOMER_VERBATIM_OR_SENTIMENT_LABEL,FEEDBACK_NOT_OBSERVED
4433,4434,1,LOW_REPORTED,UNKNOWN_NO_CUSTOMER_VERBATIM_OR_SENTIMENT_LABEL,REVIEW_REPORTED_LOW_CSAT
4434,4435,4,HIGH_REPORTED,UNKNOWN_NO_CUSTOMER_VERBATIM_OR_SENTIMENT_LABEL,KEEP_OBSERVED_SCORE
4435,4436,,UNOBSERVED,UNKNOWN_NO_CUSTOMER_VERBATIM_OR_SENTIMENT_LABEL,FEEDBACK_NOT_OBSERVED
4436,4437,,UNOBSERVED,UNKNOWN_NO_CUSTOMER_VERBATIM_OR_SENTIMENT_LABEL,FEEDBACK_NOT_OBSERVED
4437,4438,,UNOBSERVED,UNKNOWN_NO_CUSTOMER_VERBATIM_OR_SENTIMENT_LABEL,FEEDBACK_NOT_OBSERVED
4438,4439,1,LOW_REPORTED,UNKNOWN_NO_CUSTOMER_VERBATIM_OR_SENTIMENT_LABEL,REVIEW_REPORTED_LOW_CSAT
4439,4440,,UNOBSERVED,UNKNOWN_NO_CUSTOMER_VERBATIM_OR_SENTIMENT_LABEL,FEEDBACK_NOT_OBSERVED
4440,4441,4,HIGH_REPORTED,UNKNOWN_NO_CUSTOMER_VERBATIM_OR_SENTIMENT_LABEL,KEEP_OBSERVED_SCORE
4441,4442,,UNOBSERVED,UNKNOWN_NO_CUSTOMER_VERBATIM_OR_SENTIMENT_LABEL,FEEDBACK_NOT_OBSERVED
4442,4443,,UNOBSERVED,UNKNOWN_NO_CUSTOMER_VERBATIM_OR_SENTIMENT_LABEL,FEEDBACK_NOT_OBSERVED
4443,4444,2,LOW_REPORTED,UNKNOWN_NO_CUSTOMER_VERBATIM_OR_SENTIMENT_LABEL,REVIEW_REPORTED_LOW_CSAT
4444,4445,,UNOBSERVED,UNKNOWN_NO_CUSTOMER_VERBATIM_OR_SENTIMENT_LABEL,FEEDBACK_NOT_OBSERVED
4445,4446,,UNOBSERVED,UNKNOWN_NO_CUSTOMER_VERBATIM_OR_SENTIMENT_LABEL,FEEDBACK_NOT_OBSERVED
4446,4447,,UNOBSERVED,UNKNOWN_NO_CUSTOMER_VERBATIM_OR_SENTIMENT_LABEL,FEEDBACK_NOT_OBSERVED
4447,4448,,UNOBSERVED,UNKNOWN_NO_CUSTOMER_VERBATIM_OR_SENTIMENT_LABEL,FEEDBACK_NOT_OBSERVED
4448,4449,,UNOBSERVED,UNKNOWN_NO_CUSTOMER_VERBATIM_OR_SENTIMENT_LABEL,FEEDBACK_NOT_OBSERVED
4449,4450,,UNOBSERVED,UNKNOWN_NO_CUSTOMER_VERBATIM_OR_SENTIMENT_LABEL,FEEDBACK_NOT_OBSERVED
4450,4451,,UNOBSERVED,UNKNOWN_NO_CUSTOMER_VERBATIM_OR_SENTIMENT_LABEL,FEEDBACK_NOT_OBSERVED
4451,4452,,UNOBSERVED,UNKNOWN_NO_CUSTOMER_VERBATIM_OR_SENTIMENT_LABEL,FEEDBACK_NOT_OBSERVED
4452,4453,,UNOBSERVED,UNKNOWN_NO_CUSTOMER_VERBATIM_OR_SENTIMENT_LABEL,FEEDBACK_NOT_OBSERVED
4453,4454,5,HIGH_REPORTED,UNKNOWN_NO_CUSTOMER_VERBATIM_OR_SENTIMENT_LABEL,KEEP_OBSERVED_SCORE
4454,4455,1,LOW_REPORTED,UNKNOWN_NO_CUSTOMER_VERBATIM_OR_SENTIMENT_LABEL,REVIEW_REPORTED_LOW_CSAT
4455,4456,,UNOBSERVED,UNKNOWN_NO_CUSTOMER_VERBATIM_OR_SENTIMENT_LABEL,FEEDBACK_NOT_OBSERVED
4456,4457,,UNOBSERVED,UNKNOWN_NO_CUSTOMER_VERBATIM_OR_SENTIMENT_LABEL,FEEDBACK_NOT_OBSERVED
4457,4458,,UNOBSERVED,UNKNOWN_NO_CUSTOMER_VERBATIM_OR_SENTIMENT_LABEL,FEEDBACK_NOT_OBSERVED
4458,4459,1,LOW_REPORTED,UNKNOWN_NO_CUSTOMER_VERBATIM_OR_SENTIMENT_LABEL,REVIEW_REPORTED_LOW_CSAT
4459,4460,,UNOBSERVED,UNKNOWN_NO_CUSTOMER_VERBATIM_OR_SENTIMENT_LABEL,FEEDBACK_NOT_OBSERVED
4460,4461,5,HIGH_REPORTED,UNKNOWN_NO_CUSTOMER_VERBATIM_OR_SENTIMENT_LABEL,KEEP_OBSERVED_SCORE
4461,4462,,UNOBSERVED,UNKNOWN_NO_CUSTOMER_VERBATIM_OR_SENTIMENT_LABEL,FEEDBACK_NOT_OBSERVED
4462,4463,,UNOBSERVED,UNKNOWN_NO_CUSTOMER_VERBATIM_OR_SENTIMENT_LABEL,FEEDBACK_NOT_OBSERVED
4463,4464,3,MIDDLE_REPORTED,UNKNOWN_NO_CUSTOMER_VERBATIM_OR_SENTIMENT_LABEL,KEEP_OBSERVED_SCORE
4464,4465,,UNOBSERVED,UNKNOWN_NO_CUSTOMER_VERBATIM_OR_SENTIMENT_LABEL,FEEDBACK_NOT_OBSERVED
4465,4466,4,HIGH_REPORTED,UNKNOWN_NO_CUSTOMER_VERBATIM_OR_SENTIMENT_LABEL,KEEP_OBSERVED_SCORE
4466,4467,,UNOBSERVED,UNKNOWN_NO_CUSTOMER_VERBATIM_OR_SENTIMENT_LABEL,FEEDBACK_NOT_OBSERVED
4467,4468,,UNOBSERVED,UNKNOWN_NO_CUSTOMER_VERBATIM_OR_SENTIMENT_LABEL,FEEDBACK_NOT_OBSERVED
4468,4469,,UNOBSERVED,UNKNOWN_NO_CUSTOMER_VERBATIM_OR_SENTIMENT_LABEL,FEEDBACK_NOT_OBSERVED
4469,4470,,UNOBSERVED,UNKNOWN_NO_CUSTOMER_VERBATIM_OR_SENTIMENT_LABEL,FEEDBACK_NOT_OBSERVED
4470,4471,,UNOBSERVED,UNKNOWN_NO_CUSTOMER_VERBATIM_OR_SENTIMENT_LABEL,FEEDBACK_NOT_OBSERVED
4471,4472,,UNOBSERVED,UNKNOWN_NO_CUSTOMER_VERBATIM_OR_SENTIMENT_LABEL,FEEDBACK_NOT_OBSERVED
4472,4473,,UNOBSERVED,UNKNOWN_NO_CUSTOMER_VERBATIM_OR_SENTIMENT_LABEL,FEEDBACK_NOT_OBSERVED
4473,4474,,UNOBSERVED,UNKNOWN_NO_CUSTOMER_VERBATIM_OR_SENTIMENT_LABEL,FEEDBACK_NOT_OBSERVED
4474,4475,1,LOW_REPORTED,UNKNOWN_NO_CUSTOMER_VERBATIM_OR_SENTIMENT_LABEL,REVIEW_REPORTED_LOW_CSAT
4475,4476,,UNOBSERVED,UNKNOWN_NO_CUSTOMER_VERBATIM_OR_SENTIMENT_LABEL,FEEDBACK_NOT_OBSERVED
4476,4477,1,LOW_REPORTED,UNKNOWN_NO_CUSTOMER_VERBATIM_OR_SENTIMENT_LABEL,REVIEW_REPORTED_LOW_CSAT
4477,4478,,UNOBSERVED,UNKNOWN_NO_CUSTOMER_VERBATIM_OR_SENTIMENT_LABEL,FEEDBACK_NOT_OBSERVED
4478,4479,2,LOW_REPORTED,UNKNOWN_NO_CUSTOMER_VERBATIM_OR_SENTIMENT_LABEL,REVIEW_REPORTED_LOW_CSAT
4479,4480,,UNOBSERVED,UNKNOWN_NO_CUSTOMER_VERBATIM_OR_SENTIMENT_LABEL,FEEDBACK_NOT_OBSERVED
4480,4481,,UNOBSERVED,UNKNOWN_NO_CUSTOMER_VERBATIM_OR_SENTIMENT_LABEL,FEEDBACK_NOT_OBSERVED
4481,4482,5,HIGH_REPORTED,UNKNOWN_NO_CUSTOMER_VERBATIM_OR_SENTIMENT_LABEL,KEEP_OBSERVED_SCORE
4482,4483,5,HIGH_REPORTED,UNKNOWN_NO_CUSTOMER_VERBATIM_OR_SENTIMENT_LABEL,KEEP_OBSERVED_SCORE
4483,4484,,UNOBSERVED,UNKNOWN_NO_CUSTOMER_VERBATIM_OR_SENTIMENT_LABEL,FEEDBACK_NOT_OBSERVED
4484,4485,,UNOBSERVED,UNKNOWN_NO_CUSTOMER_VERBATIM_OR_SENTIMENT_LABEL,FEEDBACK_NOT_OBSERVED
4485,4486,1,LOW_REPORTED,UNKNOWN_NO_CUSTOMER_VERBATIM_OR_SENTIMENT_LABEL,REVIEW_REPORTED_LOW_CSAT
4486,4487,,UNOBSERVED,UNKNOWN_NO_CUSTOMER_VERBATIM_OR_SENTIMENT_LABEL,FEEDBACK_NOT_OBSERVED
4487,4488,,UNOBSERVED,UNKNOWN_NO_CUSTOMER_VERBATIM_OR_SENTIMENT_LABEL,FEEDBACK_NOT_OBSERVED
4488,4489,,UNOBSERVED,UNKNOWN_NO_CUSTOMER_VERBATIM_OR_SENTIMENT_LABEL,FEEDBACK_NOT_OBSERVED
4489,4490,,UNOBSERVED,UNKNOWN_NO_CUSTOMER_VERBATIM_OR_SENTIMENT_LABEL,FEEDBACK_NOT_OBSERVED
4490,4491,,UNOBSERVED,UNKNOWN_NO_CUSTOMER_VERBATIM_OR_SENTIMENT_LABEL,FEEDBACK_NOT_OBSERVED
4491,4492,2,LOW_REPORTED,UNKNOWN_NO_CUSTOMER_VERBATIM_OR_SENTIMENT_LABEL,REVIEW_REPORTED_LOW_CSAT
4492,4493,,UNOBSERVED,UNKNOWN_NO_CUSTOMER_VERBATIM_OR_SENTIMENT_LABEL,FEEDBACK_NOT_OBSERVED
4493,4494,1,LOW_REPORTED,UNKNOWN_NO_CUSTOMER_VERBATIM_OR_SENTIMENT_LABEL,REVIEW_REPORTED_LOW_CSAT
4494,4495,,UNOBSERVED,UNKNOWN_NO_CUSTOMER_VERBATIM_OR_SENTIMENT_LABEL,FEEDBACK_NOT_OBSERVED
4495,4496,,UNOBSERVED,UNKNOWN_NO_CUSTOMER_VERBATIM_OR_SENTIMENT_LABEL,FEEDBACK_NOT_OBSERVED
4496,4497,4,HIGH_REPORTED,UNKNOWN_NO_CUSTOMER_VERBATIM_OR_SENTIMENT_LABEL,KEEP_OBSERVED_SCORE
4497,4498,3,MIDDLE_REPORTED,UNKNOWN_NO_CUSTOMER_VERBATIM_OR_SENTIMENT_LABEL,KEEP_OBSERVED_SCORE
4498,4499,5,HIGH_REPORTED,UNKNOWN_NO_CUSTOMER_VERBATIM_OR_SENTIMENT_LABEL,KEEP_OBSERVED_SCORE
4499,4500,,UNOBSERVED,UNKNOWN_NO_CUSTOMER_VERBATIM_OR_SENTIMENT_LABEL,FEEDBACK_NOT_OBSERVED
4500,4501,,UNOBSERVED,UNKNOWN_NO_CUSTOMER_VERBATIM_OR_SENTIMENT_LABEL,FEEDBACK_NOT_OBSERVED
4501,4502,4,HIGH_REPORTED,UNKNOWN_NO_CUSTOMER_VERBATIM_OR_SENTIMENT_LABEL,KEEP_OBSERVED_SCORE
4502,4503,,UNOBSERVED,UNKNOWN_NO_CUSTOMER_VERBATIM_OR_SENTIMENT_LABEL,FEEDBACK_NOT_OBSERVED
4503,4504,,UNOBSERVED,UNKNOWN_NO_CUSTOMER_VERBATIM_OR_SENTIMENT_LABEL,FEEDBACK_NOT_OBSERVED
4504,4505,4,HIGH_REPORTED,UNKNOWN_NO_CUSTOMER_VERBATIM_OR_SENTIMENT_LABEL,KEEP_OBSERVED_SCORE
4505,4506,3,MIDDLE_REPORTED,UNKNOWN_NO_CUSTOMER_VERBATIM_OR_SENTIMENT_LABEL,KEEP_OBSERVED_SCORE
4506,4507,1,LOW_REPORTED,UNKNOWN_NO_CUSTOMER_VERBATIM_OR_SENTIMENT_LABEL,REVIEW_REPORTED_LOW_CSAT
4507,4508,2,LOW_REPORTED,UNKNOWN_NO_CUSTOMER_VERBATIM_OR_SENTIMENT_LABEL,REVIEW_REPORTED_LOW_CSAT
4508,4509,,UNOBSERVED,UNKNOWN_NO_CUSTOMER_VERBATIM_OR_SENTIMENT_LABEL,FEEDBACK_NOT_OBSERVED
4509,4510,,UNOBSERVED,UNKNOWN_NO_CUSTOMER_VERBATIM_OR_SENTIMENT_LABEL,FEEDBACK_NOT_OBSERVED
4510,4511,,UNOBSERVED,UNKNOWN_NO_CUSTOMER_VERBATIM_OR_SENTIMENT_LABEL,FEEDBACK_NOT_OBSERVED
4511,4512,,UNOBSERVED,UNKNOWN_NO_CUSTOMER_VERBATIM_OR_SENTIMENT_LABEL,FEEDBACK_NOT_OBSERVED
4512,4513,5,HIGH_REPORTED,UNKNOWN_NO_CUSTOMER_VERBATIM_OR_SENTIMENT_LABEL,KEEP_OBSERVED_SCORE
4513,4514,2,LOW_REPORTED,UNKNOWN_NO_CUSTOMER_VERBATIM_OR_SENTIMENT_LABEL,REVIEW_REPORTED_LOW_CSAT
4514,4515,5,HIGH_REPORTED,UNKNOWN_NO_CUSTOMER_VERBATIM_OR_SENTIMENT_LABEL,KEEP_OBSERVED_SCORE
4515,4516,,UNOBSERVED,UNKNOWN_NO_CUSTOMER_VERBATIM_OR_SENTIMENT_LABEL,FEEDBACK_NOT_OBSERVED
4516,4517,,UNOBSERVED,UNKNOWN_NO_CUSTOMER_VERBATIM_OR_SENTIMENT_LABEL,FEEDBACK_NOT_OBSERVED
4517,4518,1,LOW_REPORTED,UNKNOWN_NO_CUSTOMER_VERBATIM_OR_SENTIMENT_LABEL,REVIEW_REPORTED_LOW_CSAT
4518,4519,3,MIDDLE_REPORTED,UNKNOWN_NO_CUSTOMER_VERBATIM_OR_SENTIMENT_LABEL,KEEP_OBSERVED_SCORE
4519,4520,1,LOW_REPORTED,UNKNOWN_NO_CUSTOMER_VERBATIM_OR_SENTIMENT_LABEL,REVIEW_REPORTED_LOW_CSAT
4520,4521,,UNOBSERVED,UNKNOWN_NO_CUSTOMER_VERBATIM_OR_SENTIMENT_LABEL,FEEDBACK_NOT_OBSERVED
4521,4522,,UNOBSERVED,UNKNOWN_NO_CUSTOMER_VERBATIM_OR_SENTIMENT_LABEL,FEEDBACK_NOT_OBSERVED
4522,4523,,UNOBSERVED,UNKNOWN_NO_CUSTOMER_VERBATIM_OR_SENTIMENT_LABEL,FEEDBACK_NOT_OBSERVED
4523,4524,,UNOBSERVED,UNKNOWN_NO_CUSTOMER_VERBATIM_OR_SENTIMENT_LABEL,FEEDBACK_NOT_OBSERVED
4524,4525,,UNOBSERVED,UNKNOWN_NO_CUSTOMER_VERBATIM_OR_SENTIMENT_LABEL,FEEDBACK_NOT_OBSERVED
4525,4526,4,HIGH_REPORTED,UNKNOWN_NO_CUSTOMER_VERBATIM_OR_SENTIMENT_LABEL,KEEP_OBSERVED_SCORE
4526,4527,4,HIGH_REPORTED,UNKNOWN_NO_CUSTOMER_VERBATIM_OR_SENTIMENT_LABEL,KEEP_OBSERVED_SCORE
4527,4528,,UNOBSERVED,UNKNOWN_NO_CUSTOMER_VERBATIM_OR_SENTIMENT_LABEL,FEEDBACK_NOT_OBSERVED
4528,4529,,UNOBSERVED,UNKNOWN_NO_CUSTOMER_VERBATIM_OR_SENTIMENT_LABEL,FEEDBACK_NOT_OBSERVED
4529,4530,5,HIGH_REPORTED,UNKNOWN_NO_CUSTOMER_VERBATIM_OR_SENTIMENT_LABEL,KEEP_OBSERVED_SCORE
4530,4531,3,MIDDLE_REPORTED,UNKNOWN_NO_CUSTOMER_VERBATIM_OR_SENTIMENT_LABEL,KEEP_OBSERVED_SCORE
4531,4532,4,HIGH_REPORTED,UNKNOWN_NO_CUSTOMER_VERBATIM_OR_SENTIMENT_LABEL,KEEP_OBSERVED_SCORE
4532,4533,,UNOBSERVED,UNKNOWN_NO_CUSTOMER_VERBATIM_OR_SENTIMENT_LABEL,FEEDBACK_NOT_OBSERVED
4533,4534,4,HIGH_REPORTED,UNKNOWN_NO_CUSTOMER_VERBATIM_OR_SENTIMENT_LABEL,KEEP_OBSERVED_SCORE
4534,4535,,UNOBSERVED,UNKNOWN_NO_CUSTOMER_VERBATIM_OR_SENTIMENT_LABEL,FEEDBACK_NOT_OBSERVED
4535,4536,,UNOBSERVED,UNKNOWN_NO_CUSTOMER_VERBATIM_OR_SENTIMENT_LABEL,FEEDBACK_NOT_OBSERVED
4536,4537,,UNOBSERVED,UNKNOWN_NO_CUSTOMER_VERBATIM_OR_SENTIMENT_LABEL,FEEDBACK_NOT_OBSERVED
4537,4538,,UNOBSERVED,UNKNOWN_NO_CUSTOMER_VERBATIM_OR_SENTIMENT_LABEL,FEEDBACK_NOT_OBSERVED
4538,4539,,UNOBSERVED,UNKNOWN_NO_CUSTOMER_VERBATIM_OR_SENTIMENT_LABEL,FEEDBACK_NOT_OBSERVED
4539,4540,,UNOBSERVED,UNKNOWN_NO_CUSTOMER_VERBATIM_OR_SENTIMENT_LABEL,FEEDBACK_NOT_OBSERVED
4540,4541,,UNOBSERVED,UNKNOWN_NO_CUSTOMER_VERBATIM_OR_SENTIMENT_LABEL,FEEDBACK_NOT_OBSERVED
4541,4542,1,LOW_REPORTED,UNKNOWN_NO_CUSTOMER_VERBATIM_OR_SENTIMENT_LABEL,REVIEW_REPORTED_LOW_CSAT
4542,4543,,UNOBSERVED,UNKNOWN_NO_CUSTOMER_VERBATIM_OR_SENTIMENT_LABEL,FEEDBACK_NOT_OBSERVED
4543,4544,,UNOBSERVED,UNKNOWN_NO_CUSTOMER_VERBATIM_OR_SENTIMENT_LABEL,FEEDBACK_NOT_OBSERVED
4544,4545,,UNOBSERVED,UNKNOWN_NO_CUSTOMER_VERBATIM_OR_SENTIMENT_LABEL,FEEDBACK_NOT_OBSERVED
4545,4546,3,MIDDLE_REPORTED,UNKNOWN_NO_CUSTOMER_VERBATIM_OR_SENTIMENT_LABEL,KEEP_OBSERVED_SCORE
4546,4547,,UNOBSERVED,UNKNOWN_NO_CUSTOMER_VERBATIM_OR_SENTIMENT_LABEL,FEEDBACK_NOT_OBSERVED
4547,4548,,UNOBSERVED,UNKNOWN_NO_CUSTOMER_VERBATIM_OR_SENTIMENT_LABEL,FEEDBACK_NOT_OBSERVED
4548,4549,,UNOBSERVED,UNKNOWN_NO_CUSTOMER_VERBATIM_OR_SENTIMENT_LABEL,FEEDBACK_NOT_OBSERVED
4549,4550,,UNOBSERVED,UNKNOWN_NO_CUSTOMER_VERBATIM_OR_SENTIMENT_LABEL,FEEDBACK_NOT_OBSERVED
4550,4551,5,HIGH_REPORTED,UNKNOWN_NO_CUSTOMER_VERBATIM_OR_SENTIMENT_LABEL,KEEP_OBSERVED_SCORE
4551,4552,1,LOW_REPORTED,UNKNOWN_NO_CUSTOMER_VERBATIM_OR_SENTIMENT_LABEL,REVIEW_REPORTED_LOW_CSAT
4552,4553,,UNOBSERVED,UNKNOWN_NO_CUSTOMER_VERBATIM_OR_SENTIMENT_LABEL,FEEDBACK_NOT_OBSERVED
4553,4554,,UNOBSERVED,UNKNOWN_NO_CUSTOMER_VERBATIM_OR_SENTIMENT_LABEL,FEEDBACK_NOT_OBSERVED
4554,4555,,UNOBSERVED,UNKNOWN_NO_CUSTOMER_VERBATIM_OR_SENTIMENT_LABEL,FEEDBACK_NOT_OBSERVED
4555,4556,,UNOBSERVED,UNKNOWN_NO_CUSTOMER_VERBATIM_OR_SENTIMENT_LABEL,FEEDBACK_NOT_OBSERVED
4556,4557,,UNOBSERVED,UNKNOWN_NO_CUSTOMER_VERBATIM_OR_SENTIMENT_LABEL,FEEDBACK_NOT_OBSERVED
4557,4558,,UNOBSERVED,UNKNOWN_NO_CUSTOMER_VERBATIM_OR_SENTIMENT_LABEL,FEEDBACK_NOT_OBSERVED
4558,4559,,UNOBSERVED,UNKNOWN_NO_CUSTOMER_VERBATIM_OR_SENTIMENT_LABEL,FEEDBACK_NOT_OBSERVED
4559,4560,4,HIGH_REPORTED,UNKNOWN_NO_CUSTOMER_VERBATIM_OR_SENTIMENT_LABEL,KEEP_OBSERVED_SCORE
4560,4561,,UNOBSERVED,UNKNOWN_NO_CUSTOMER_VERBATIM_OR_SENTIMENT_LABEL,FEEDBACK_NOT_OBSERVED
4561,4562,,UNOBSERVED,UNKNOWN_NO_CUSTOMER_VERBATIM_OR_SENTIMENT_LABEL,FEEDBACK_NOT_OBSERVED
4562,4563,4,HIGH_REPORTED,UNKNOWN_NO_CUSTOMER_VERBATIM_OR_SENTIMENT_LABEL,KEEP_OBSERVED_SCORE
4563,4564,,UNOBSERVED,UNKNOWN_NO_CUSTOMER_VERBATIM_OR_SENTIMENT_LABEL,FEEDBACK_NOT_OBSERVED
4564,4565,,UNOBSERVED,UNKNOWN_NO_CUSTOMER_VERBATIM_OR_SENTIMENT_LABEL,FEEDBACK_NOT_OBSERVED
4565,4566,5,HIGH_REPORTED,UNKNOWN_NO_CUSTOMER_VERBATIM_OR_SENTIMENT_LABEL,KEEP_OBSERVED_SCORE
4566,4567,,UNOBSERVED,UNKNOWN_NO_CUSTOMER_VERBATIM_OR_SENTIMENT_LABEL,FEEDBACK_NOT_OBSERVED
4567,4568,,UNOBSERVED,UNKNOWN_NO_CUSTOMER_VERBATIM_OR_SENTIMENT_LABEL,FEEDBACK_NOT_OBSERVED
4568,4569,,UNOBSERVED,UNKNOWN_NO_CUSTOMER_VERBATIM_OR_SENTIMENT_LABEL,FEEDBACK_NOT_OBSERVED
4569,4570,,UNOBSERVED,UNKNOWN_NO_CUSTOMER_VERBATIM_OR_SENTIMENT_LABEL,FEEDBACK_NOT_OBSERVED
4570,4571,,UNOBSERVED,UNKNOWN_NO_CUSTOMER_VERBATIM_OR_SENTIMENT_LABEL,FEEDBACK_NOT_OBSERVED
4571,4572,,UNOBSERVED,UNKNOWN_NO_CUSTOMER_VERBATIM_OR_SENTIMENT_LABEL,FEEDBACK_NOT_OBSERVED
4572,4573,5,HIGH_REPORTED,UNKNOWN_NO_CUSTOMER_VERBATIM_OR_SENTIMENT_LABEL,KEEP_OBSERVED_SCORE
4573,4574,1,LOW_REPORTED,UNKNOWN_NO_CUSTOMER_VERBATIM_OR_SENTIMENT_LABEL,REVIEW_REPORTED_LOW_CSAT
4574,4575,3,MIDDLE_REPORTED,UNKNOWN_NO_CUSTOMER_VERBATIM_OR_SENTIMENT_LABEL,KEEP_OBSERVED_SCORE
4575,4576,,UNOBSERVED,UNKNOWN_NO_CUSTOMER_VERBATIM_OR_SENTIMENT_LABEL,FEEDBACK_NOT_OBSERVED
4576,4577,,UNOBSERVED,UNKNOWN_NO_CUSTOMER_VERBATIM_OR_SENTIMENT_LABEL,FEEDBACK_NOT_OBSERVED
4577,4578,3,MIDDLE_REPORTED,UNKNOWN_NO_CUSTOMER_VERBATIM_OR_SENTIMENT_LABEL,KEEP_OBSERVED_SCORE
4578,4579,3,MIDDLE_REPORTED,UNKNOWN_NO_CUSTOMER_VERBATIM_OR_SENTIMENT_LABEL,KEEP_OBSERVED_SCORE
4579,4580,,UNOBSERVED,UNKNOWN_NO_CUSTOMER_VERBATIM_OR_SENTIMENT_LABEL,FEEDBACK_NOT_OBSERVED
4580,4581,,UNOBSERVED,UNKNOWN_NO_CUSTOMER_VERBATIM_OR_SENTIMENT_LABEL,FEEDBACK_NOT_OBSERVED
4581,4582,5,HIGH_REPORTED,UNKNOWN_NO_CUSTOMER_VERBATIM_OR_SENTIMENT_LABEL,KEEP_OBSERVED_SCORE
4582,4583,,UNOBSERVED,UNKNOWN_NO_CUSTOMER_VERBATIM_OR_SENTIMENT_LABEL,FEEDBACK_NOT_OBSERVED
4583,4584,5,HIGH_REPORTED,UNKNOWN_NO_CUSTOMER_VERBATIM_OR_SENTIMENT_LABEL,KEEP_OBSERVED_SCORE
4584,4585,,UNOBSERVED,UNKNOWN_NO_CUSTOMER_VERBATIM_OR_SENTIMENT_LABEL,FEEDBACK_NOT_OBSERVED
4585,4586,4,HIGH_REPORTED,UNKNOWN_NO_CUSTOMER_VERBATIM_OR_SENTIMENT_LABEL,KEEP_OBSERVED_SCORE
4586,4587,,UNOBSERVED,UNKNOWN_NO_CUSTOMER_VERBATIM_OR_SENTIMENT_LABEL,FEEDBACK_NOT_OBSERVED
4587,4588,,UNOBSERVED,UNKNOWN_NO_CUSTOMER_VERBATIM_OR_SENTIMENT_LABEL,FEEDBACK_NOT_OBSERVED
4588,4589,,UNOBSERVED,UNKNOWN_NO_CUSTOMER_VERBATIM_OR_SENTIMENT_LABEL,FEEDBACK_NOT_OBSERVED
4589,4590,,UNOBSERVED,UNKNOWN_NO_CUSTOMER_VERBATIM_OR_SENTIMENT_LABEL,FEEDBACK_NOT_OBSERVED
4590,4591,4,HIGH_REPORTED,UNKNOWN_NO_CUSTOMER_VERBATIM_OR_SENTIMENT_LABEL,KEEP_OBSERVED_SCORE
4591,4592,4,HIGH_REPORTED,UNKNOWN_NO_CUSTOMER_VERBATIM_OR_SENTIMENT_LABEL,KEEP_OBSERVED_SCORE
4592,4593,5,HIGH_REPORTED,UNKNOWN_NO_CUSTOMER_VERBATIM_OR_SENTIMENT_LABEL,KEEP_OBSERVED_SCORE
4593,4594,5,HIGH_REPORTED,UNKNOWN_NO_CUSTOMER_VERBATIM_OR_SENTIMENT_LABEL,KEEP_OBSERVED_SCORE
4594,4595,5,HIGH_REPORTED,UNKNOWN_NO_CUSTOMER_VERBATIM_OR_SENTIMENT_LABEL,KEEP_OBSERVED_SCORE
4595,4596,,UNOBSERVED,UNKNOWN_NO_CUSTOMER_VERBATIM_OR_SENTIMENT_LABEL,FEEDBACK_NOT_OBSERVED
4596,4597,5,HIGH_REPORTED,UNKNOWN_NO_CUSTOMER_VERBATIM_OR_SENTIMENT_LABEL,KEEP_OBSERVED_SCORE
4597,4598,,UNOBSERVED,UNKNOWN_NO_CUSTOMER_VERBATIM_OR_SENTIMENT_LABEL,FEEDBACK_NOT_OBSERVED
4598,4599,,UNOBSERVED,UNKNOWN_NO_CUSTOMER_VERBATIM_OR_SENTIMENT_LABEL,FEEDBACK_NOT_OBSERVED
4599,4600,,UNOBSERVED,UNKNOWN_NO_CUSTOMER_VERBATIM_OR_SENTIMENT_LABEL,FEEDBACK_NOT_OBSERVED
4600,4601,,UNOBSERVED,UNKNOWN_NO_CUSTOMER_VERBATIM_OR_SENTIMENT_LABEL,FEEDBACK_NOT_OBSERVED
4601,4602,5,HIGH_REPORTED,UNKNOWN_NO_CUSTOMER_VERBATIM_OR_SENTIMENT_LABEL,KEEP_OBSERVED_SCORE
4602,4603,3,MIDDLE_REPORTED,UNKNOWN_NO_CUSTOMER_VERBATIM_OR_SENTIMENT_LABEL,KEEP_OBSERVED_SCORE
4603,4604,5,HIGH_REPORTED,UNKNOWN_NO_CUSTOMER_VERBATIM_OR_SENTIMENT_LABEL,KEEP_OBSERVED_SCORE
4604,4605,,UNOBSERVED,UNKNOWN_NO_CUSTOMER_VERBATIM_OR_SENTIMENT_LABEL,FEEDBACK_NOT_OBSERVED
4605,4606,,UNOBSERVED,UNKNOWN_NO_CUSTOMER_VERBATIM_OR_SENTIMENT_LABEL,FEEDBACK_NOT_OBSERVED
4606,4607,,UNOBSERVED,UNKNOWN_NO_CUSTOMER_VERBATIM_OR_SENTIMENT_LABEL,FEEDBACK_NOT_OBSERVED
4607,4608,1,LOW_REPORTED,UNKNOWN_NO_CUSTOMER_VERBATIM_OR_SENTIMENT_LABEL,REVIEW_REPORTED_LOW_CSAT
4608,4609,,UNOBSERVED,UNKNOWN_NO_CUSTOMER_VERBATIM_OR_SENTIMENT_LABEL,FEEDBACK_NOT_OBSERVED
4609,4610,,UNOBSERVED,UNKNOWN_NO_CUSTOMER_VERBATIM_OR_SENTIMENT_LABEL,FEEDBACK_NOT_OBSERVED
4610,4611,,UNOBSERVED,UNKNOWN_NO_CUSTOMER_VERBATIM_OR_SENTIMENT_LABEL,FEEDBACK_NOT_OBSERVED
4611,4612,,UNOBSERVED,UNKNOWN_NO_CUSTOMER_VERBATIM_OR_SENTIMENT_LABEL,FEEDBACK_NOT_OBSERVED
4612,4613,4,HIGH_REPORTED,UNKNOWN_NO_CUSTOMER_VERBATIM_OR_SENTIMENT_LABEL,KEEP_OBSERVED_SCORE
4613,4614,,UNOBSERVED,UNKNOWN_NO_CUSTOMER_VERBATIM_OR_SENTIMENT_LABEL,FEEDBACK_NOT_OBSERVED
4614,4615,,UNOBSERVED,UNKNOWN_NO_CUSTOMER_VERBATIM_OR_SENTIMENT_LABEL,FEEDBACK_NOT_OBSERVED
4615,4616,1,LOW_REPORTED,UNKNOWN_NO_CUSTOMER_VERBATIM_OR_SENTIMENT_LABEL,REVIEW_REPORTED_LOW_CSAT
4616,4617,3,MIDDLE_REPORTED,UNKNOWN_NO_CUSTOMER_VERBATIM_OR_SENTIMENT_LABEL,KEEP_OBSERVED_SCORE
4617,4618,3,MIDDLE_REPORTED,UNKNOWN_NO_CUSTOMER_VERBATIM_OR_SENTIMENT_LABEL,KEEP_OBSERVED_SCORE
4618,4619,,UNOBSERVED,UNKNOWN_NO_CUSTOMER_VERBATIM_OR_SENTIMENT_LABEL,FEEDBACK_NOT_OBSERVED
4619,4620,,UNOBSERVED,UNKNOWN_NO_CUSTOMER_VERBATIM_OR_SENTIMENT_LABEL,FEEDBACK_NOT_OBSERVED
4620,4621,5,HIGH_REPORTED,UNKNOWN_NO_CUSTOMER_VERBATIM_OR_SENTIMENT_LABEL,KEEP_OBSERVED_SCORE
4621,4622,2,LOW_REPORTED,UNKNOWN_NO_CUSTOMER_VERBATIM_OR_SENTIMENT_LABEL,REVIEW_REPORTED_LOW_CSAT
4622,4623,3,MIDDLE_REPORTED,UNKNOWN_NO_CUSTOMER_VERBATIM_OR_SENTIMENT_LABEL,KEEP_OBSERVED_SCORE
4623,4624,,UNOBSERVED,UNKNOWN_NO_CUSTOMER_VERBATIM_OR_SENTIMENT_LABEL,FEEDBACK_NOT_OBSERVED
4624,4625,,UNOBSERVED,UNKNOWN_NO_CUSTOMER_VERBATIM_OR_SENTIMENT_LABEL,FEEDBACK_NOT_OBSERVED
4625,4626,,UNOBSERVED,UNKNOWN_NO_CUSTOMER_VERBATIM_OR_SENTIMENT_LABEL,FEEDBACK_NOT_OBSERVED
4626,4627,,UNOBSERVED,UNKNOWN_NO_CUSTOMER_VERBATIM_OR_SENTIMENT_LABEL,FEEDBACK_NOT_OBSERVED
4627,4628,,UNOBSERVED,UNKNOWN_NO_CUSTOMER_VERBATIM_OR_SENTIMENT_LABEL,FEEDBACK_NOT_OBSERVED
4628,4629,4,HIGH_REPORTED,UNKNOWN_NO_CUSTOMER_VERBATIM_OR_SENTIMENT_LABEL,KEEP_OBSERVED_SCORE
4629,4630,,UNOBSERVED,UNKNOWN_NO_CUSTOMER_VERBATIM_OR_SENTIMENT_LABEL,FEEDBACK_NOT_OBSERVED
4630,4631,,UNOBSERVED,UNKNOWN_NO_CUSTOMER_VERBATIM_OR_SENTIMENT_LABEL,FEEDBACK_NOT_OBSERVED
4631,4632,,UNOBSERVED,UNKNOWN_NO_CUSTOMER_VERBATIM_OR_SENTIMENT_LABEL,FEEDBACK_NOT_OBSERVED
4632,4633,,UNOBSERVED,UNKNOWN_NO_CUSTOMER_VERBATIM_OR_SENTIMENT_LABEL,FEEDBACK_NOT_OBSERVED
4633,4634,4,HIGH_REPORTED,UNKNOWN_NO_CUSTOMER_VERBATIM_OR_SENTIMENT_LABEL,KEEP_OBSERVED_SCORE
4634,4635,,UNOBSERVED,UNKNOWN_NO_CUSTOMER_VERBATIM_OR_SENTIMENT_LABEL,FEEDBACK_NOT_OBSERVED
4635,4636,5,HIGH_REPORTED,UNKNOWN_NO_CUSTOMER_VERBATIM_OR_SENTIMENT_LABEL,KEEP_OBSERVED_SCORE
4636,4637,,UNOBSERVED,UNKNOWN_NO_CUSTOMER_VERBATIM_OR_SENTIMENT_LABEL,FEEDBACK_NOT_OBSERVED
4637,4638,,UNOBSERVED,UNKNOWN_NO_CUSTOMER_VERBATIM_OR_SENTIMENT_LABEL,FEEDBACK_NOT_OBSERVED
4638,4639,,UNOBSERVED,UNKNOWN_NO_CUSTOMER_VERBATIM_OR_SENTIMENT_LABEL,FEEDBACK_NOT_OBSERVED
4639,4640,,UNOBSERVED,UNKNOWN_NO_CUSTOMER_VERBATIM_OR_SENTIMENT_LABEL,FEEDBACK_NOT_OBSERVED
4640,4641,,UNOBSERVED,UNKNOWN_NO_CUSTOMER_VERBATIM_OR_SENTIMENT_LABEL,FEEDBACK_NOT_OBSERVED
4641,4642,,UNOBSERVED,UNKNOWN_NO_CUSTOMER_VERBATIM_OR_SENTIMENT_LABEL,FEEDBACK_NOT_OBSERVED
4642,4643,,UNOBSERVED,UNKNOWN_NO_CUSTOMER_VERBATIM_OR_SENTIMENT_LABEL,FEEDBACK_NOT_OBSERVED
4643,4644,3,MIDDLE_REPORTED,UNKNOWN_NO_CUSTOMER_VERBATIM_OR_SENTIMENT_LABEL,KEEP_OBSERVED_SCORE
4644,4645,,UNOBSERVED,UNKNOWN_NO_CUSTOMER_VERBATIM_OR_SENTIMENT_LABEL,FEEDBACK_NOT_OBSERVED
4645,4646,,UNOBSERVED,UNKNOWN_NO_CUSTOMER_VERBATIM_OR_SENTIMENT_LABEL,FEEDBACK_NOT_OBSERVED
4646,4647,,UNOBSERVED,UNKNOWN_NO_CUSTOMER_VERBATIM_OR_SENTIMENT_LABEL,FEEDBACK_NOT_OBSERVED
4647,4648,,UNOBSERVED,UNKNOWN_NO_CUSTOMER_VERBATIM_OR_SENTIMENT_LABEL,FEEDBACK_NOT_OBSERVED
4648,4649,,UNOBSERVED,UNKNOWN_NO_CUSTOMER_VERBATIM_OR_SENTIMENT_LABEL,FEEDBACK_NOT_OBSERVED
4649,4650,,UNOBSERVED,UNKNOWN_NO_CUSTOMER_VERBATIM_OR_SENTIMENT_LABEL,FEEDBACK_NOT_OBSERVED
4650,4651,5,HIGH_REPORTED,UNKNOWN_NO_CUSTOMER_VERBATIM_OR_SENTIMENT_LABEL,KEEP_OBSERVED_SCORE
4651,4652,,UNOBSERVED,UNKNOWN_NO_CUSTOMER_VERBATIM_OR_SENTIMENT_LABEL,FEEDBACK_NOT_OBSERVED
4652,4653,,UNOBSERVED,UNKNOWN_NO_CUSTOMER_VERBATIM_OR_SENTIMENT_LABEL,FEEDBACK_NOT_OBSERVED
4653,4654,2,LOW_REPORTED,UNKNOWN_NO_CUSTOMER_VERBATIM_OR_SENTIMENT_LABEL,REVIEW_REPORTED_LOW_CSAT
4654,4655,,UNOBSERVED,UNKNOWN_NO_CUSTOMER_VERBATIM_OR_SENTIMENT_LABEL,FEEDBACK_NOT_OBSERVED
4655,4656,,UNOBSERVED,UNKNOWN_NO_CUSTOMER_VERBATIM_OR_SENTIMENT_LABEL,FEEDBACK_NOT_OBSERVED
4656,4657,3,MIDDLE_REPORTED,UNKNOWN_NO_CUSTOMER_VERBATIM_OR_SENTIMENT_LABEL,KEEP_OBSERVED_SCORE
4657,4658,,UNOBSERVED,UNKNOWN_NO_CUSTOMER_VERBATIM_OR_SENTIMENT_LABEL,FEEDBACK_NOT_OBSERVED
4658,4659,,UNOBSERVED,UNKNOWN_NO_CUSTOMER_VERBATIM_OR_SENTIMENT_LABEL,FEEDBACK_NOT_OBSERVED
4659,4660,,UNOBSERVED,UNKNOWN_NO_CUSTOMER_VERBATIM_OR_SENTIMENT_LABEL,FEEDBACK_NOT_OBSERVED
4660,4661,,UNOBSERVED,UNKNOWN_NO_CUSTOMER_VERBATIM_OR_SENTIMENT_LABEL,FEEDBACK_NOT_OBSERVED
4661,4662,,UNOBSERVED,UNKNOWN_NO_CUSTOMER_VERBATIM_OR_SENTIMENT_LABEL,FEEDBACK_NOT_OBSERVED
4662,4663,,UNOBSERVED,UNKNOWN_NO_CUSTOMER_VERBATIM_OR_SENTIMENT_LABEL,FEEDBACK_NOT_OBSERVED
4663,4664,,UNOBSERVED,UNKNOWN_NO_CUSTOMER_VERBATIM_OR_SENTIMENT_LABEL,FEEDBACK_NOT_OBSERVED
4664,4665,5,HIGH_REPORTED,UNKNOWN_NO_CUSTOMER_VERBATIM_OR_SENTIMENT_LABEL,KEEP_OBSERVED_SCORE
4665,4666,1,LOW_REPORTED,UNKNOWN_NO_CUSTOMER_VERBATIM_OR_SENTIMENT_LABEL,REVIEW_REPORTED_LOW_CSAT
4666,4667,5,HIGH_REPORTED,UNKNOWN_NO_CUSTOMER_VERBATIM_OR_SENTIMENT_LABEL,KEEP_OBSERVED_SCORE
4667,4668,,UNOBSERVED,UNKNOWN_NO_CUSTOMER_VERBATIM_OR_SENTIMENT_LABEL,FEEDBACK_NOT_OBSERVED
4668,4669,,UNOBSERVED,UNKNOWN_NO_CUSTOMER_VERBATIM_OR_SENTIMENT_LABEL,FEEDBACK_NOT_OBSERVED
4669,4670,,UNOBSERVED,UNKNOWN_NO_CUSTOMER_VERBATIM_OR_SENTIMENT_LABEL,FEEDBACK_NOT_OBSERVED
4670,4671,4,HIGH_REPORTED,UNKNOWN_NO_CUSTOMER_VERBATIM_OR_SENTIMENT_LABEL,KEEP_OBSERVED_SCORE
4671,4672,,UNOBSERVED,UNKNOWN_NO_CUSTOMER_VERBATIM_OR_SENTIMENT_LABEL,FEEDBACK_NOT_OBSERVED
4672,4673,,UNOBSERVED,UNKNOWN_NO_CUSTOMER_VERBATIM_OR_SENTIMENT_LABEL,FEEDBACK_NOT_OBSERVED
4673,4674,,UNOBSERVED,UNKNOWN_NO_CUSTOMER_VERBATIM_OR_SENTIMENT_LABEL,FEEDBACK_NOT_OBSERVED
4674,4675,,UNOBSERVED,UNKNOWN_NO_CUSTOMER_VERBATIM_OR_SENTIMENT_LABEL,FEEDBACK_NOT_OBSERVED
4675,4676,2,LOW_REPORTED,UNKNOWN_NO_CUSTOMER_VERBATIM_OR_SENTIMENT_LABEL,REVIEW_REPORTED_LOW_CSAT
4676,4677,4,HIGH_REPORTED,UNKNOWN_NO_CUSTOMER_VERBATIM_OR_SENTIMENT_LABEL,KEEP_OBSERVED_SCORE
4677,4678,5,HIGH_REPORTED,UNKNOWN_NO_CUSTOMER_VERBATIM_OR_SENTIMENT_LABEL,KEEP_OBSERVED_SCORE
4678,4679,,UNOBSERVED,UNKNOWN_NO_CUSTOMER_VERBATIM_OR_SENTIMENT_LABEL,FEEDBACK_NOT_OBSERVED
4679,4680,,UNOBSERVED,UNKNOWN_NO_CUSTOMER_VERBATIM_OR_SENTIMENT_LABEL,FEEDBACK_NOT_OBSERVED
4680,4681,,UNOBSERVED,UNKNOWN_NO_CUSTOMER_VERBATIM_OR_SENTIMENT_LABEL,FEEDBACK_NOT_OBSERVED
4681,4682,,UNOBSERVED,UNKNOWN_NO_CUSTOMER_VERBATIM_OR_SENTIMENT_LABEL,FEEDBACK_NOT_OBSERVED
4682,4683,,UNOBSERVED,UNKNOWN_NO_CUSTOMER_VERBATIM_OR_SENTIMENT_LABEL,FEEDBACK_NOT_OBSERVED
4683,4684,,UNOBSERVED,UNKNOWN_NO_CUSTOMER_VERBATIM_OR_SENTIMENT_LABEL,FEEDBACK_NOT_OBSERVED
4684,4685,,UNOBSERVED,UNKNOWN_NO_CUSTOMER_VERBATIM_OR_SENTIMENT_LABEL,FEEDBACK_NOT_OBSERVED
4685,4686,,UNOBSERVED,UNKNOWN_NO_CUSTOMER_VERBATIM_OR_SENTIMENT_LABEL,FEEDBACK_NOT_OBSERVED
4686,4687,3,MIDDLE_REPORTED,UNKNOWN_NO_CUSTOMER_VERBATIM_OR_SENTIMENT_LABEL,KEEP_OBSERVED_SCORE
4687,4688,,UNOBSERVED,UNKNOWN_NO_CUSTOMER_VERBATIM_OR_SENTIMENT_LABEL,FEEDBACK_NOT_OBSERVED
4688,4689,,UNOBSERVED,UNKNOWN_NO_CUSTOMER_VERBATIM_OR_SENTIMENT_LABEL,FEEDBACK_NOT_OBSERVED
4689,4690,1,LOW_REPORTED,UNKNOWN_NO_CUSTOMER_VERBATIM_OR_SENTIMENT_LABEL,REVIEW_REPORTED_LOW_CSAT
4690,4691,1,LOW_REPORTED,UNKNOWN_NO_CUSTOMER_VERBATIM_OR_SENTIMENT_LABEL,REVIEW_REPORTED_LOW_CSAT
4691,4692,,UNOBSERVED,UNKNOWN_NO_CUSTOMER_VERBATIM_OR_SENTIMENT_LABEL,FEEDBACK_NOT_OBSERVED
4692,4693,,UNOBSERVED,UNKNOWN_NO_CUSTOMER_VERBATIM_OR_SENTIMENT_LABEL,FEEDBACK_NOT_OBSERVED
4693,4694,3,MIDDLE_REPORTED,UNKNOWN_NO_CUSTOMER_VERBATIM_OR_SENTIMENT_LABEL,KEEP_OBSERVED_SCORE
4694,4695,,UNOBSERVED,UNKNOWN_NO_CUSTOMER_VERBATIM_OR_SENTIMENT_LABEL,FEEDBACK_NOT_OBSERVED
4695,4696,,UNOBSERVED,UNKNOWN_NO_CUSTOMER_VERBATIM_OR_SENTIMENT_LABEL,FEEDBACK_NOT_OBSERVED
4696,4697,3,MIDDLE_REPORTED,UNKNOWN_NO_CUSTOMER_VERBATIM_OR_SENTIMENT_LABEL,KEEP_OBSERVED_SCORE
4697,4698,5,HIGH_REPORTED,UNKNOWN_NO_CUSTOMER_VERBATIM_OR_SENTIMENT_LABEL,KEEP_OBSERVED_SCORE
4698,4699,,UNOBSERVED,UNKNOWN_NO_CUSTOMER_VERBATIM_OR_SENTIMENT_LABEL,FEEDBACK_NOT_OBSERVED
4699,4700,,UNOBSERVED,UNKNOWN_NO_CUSTOMER_VERBATIM_OR_SENTIMENT_LABEL,FEEDBACK_NOT_OBSERVED
4700,4701,,UNOBSERVED,UNKNOWN_NO_CUSTOMER_VERBATIM_OR_SENTIMENT_LABEL,FEEDBACK_NOT_OBSERVED
4701,4702,3,MIDDLE_REPORTED,UNKNOWN_NO_CUSTOMER_VERBATIM_OR_SENTIMENT_LABEL,KEEP_OBSERVED_SCORE
4702,4703,3,MIDDLE_REPORTED,UNKNOWN_NO_CUSTOMER_VERBATIM_OR_SENTIMENT_LABEL,KEEP_OBSERVED_SCORE
4703,4704,,UNOBSERVED,UNKNOWN_NO_CUSTOMER_VERBATIM_OR_SENTIMENT_LABEL,FEEDBACK_NOT_OBSERVED
4704,4705,1,LOW_REPORTED,UNKNOWN_NO_CUSTOMER_VERBATIM_OR_SENTIMENT_LABEL,REVIEW_REPORTED_LOW_CSAT
4705,4706,3,MIDDLE_REPORTED,UNKNOWN_NO_CUSTOMER_VERBATIM_OR_SENTIMENT_LABEL,KEEP_OBSERVED_SCORE
4706,4707,5,HIGH_REPORTED,UNKNOWN_NO_CUSTOMER_VERBATIM_OR_SENTIMENT_LABEL,KEEP_OBSERVED_SCORE
4707,4708,,UNOBSERVED,UNKNOWN_NO_CUSTOMER_VERBATIM_OR_SENTIMENT_LABEL,FEEDBACK_NOT_OBSERVED
4708,4709,,UNOBSERVED,UNKNOWN_NO_CUSTOMER_VERBATIM_OR_SENTIMENT_LABEL,FEEDBACK_NOT_OBSERVED
4709,4710,1,LOW_REPORTED,UNKNOWN_NO_CUSTOMER_VERBATIM_OR_SENTIMENT_LABEL,REVIEW_REPORTED_LOW_CSAT
4710,4711,,UNOBSERVED,UNKNOWN_NO_CUSTOMER_VERBATIM_OR_SENTIMENT_LABEL,FEEDBACK_NOT_OBSERVED
4711,4712,3,MIDDLE_REPORTED,UNKNOWN_NO_CUSTOMER_VERBATIM_OR_SENTIMENT_LABEL,KEEP_OBSERVED_SCORE
4712,4713,1,LOW_REPORTED,UNKNOWN_NO_CUSTOMER_VERBATIM_OR_SENTIMENT_LABEL,REVIEW_REPORTED_LOW_CSAT
4713,4714,,UNOBSERVED,UNKNOWN_NO_CUSTOMER_VERBATIM_OR_SENTIMENT_LABEL,FEEDBACK_NOT_OBSERVED
4714,4715,,UNOBSERVED,UNKNOWN_NO_CUSTOMER_VERBATIM_OR_SENTIMENT_LABEL,FEEDBACK_NOT_OBSERVED
4715,4716,5,HIGH_REPORTED,UNKNOWN_NO_CUSTOMER_VERBATIM_OR_SENTIMENT_LABEL,KEEP_OBSERVED_SCORE
4716,4717,,UNOBSERVED,UNKNOWN_NO_CUSTOMER_VERBATIM_OR_SENTIMENT_LABEL,FEEDBACK_NOT_OBSERVED
4717,4718,,UNOBSERVED,UNKNOWN_NO_CUSTOMER_VERBATIM_OR_SENTIMENT_LABEL,FEEDBACK_NOT_OBSERVED
4718,4719,5,HIGH_REPORTED,UNKNOWN_NO_CUSTOMER_VERBATIM_OR_SENTIMENT_LABEL,KEEP_OBSERVED_SCORE
4719,4720,,UNOBSERVED,UNKNOWN_NO_CUSTOMER_VERBATIM_OR_SENTIMENT_LABEL,FEEDBACK_NOT_OBSERVED
4720,4721,,UNOBSERVED,UNKNOWN_NO_CUSTOMER_VERBATIM_OR_SENTIMENT_LABEL,FEEDBACK_NOT_OBSERVED
4721,4722,,UNOBSERVED,UNKNOWN_NO_CUSTOMER_VERBATIM_OR_SENTIMENT_LABEL,FEEDBACK_NOT_OBSERVED
4722,4723,2,LOW_REPORTED,UNKNOWN_NO_CUSTOMER_VERBATIM_OR_SENTIMENT_LABEL,REVIEW_REPORTED_LOW_CSAT
4723,4724,,UNOBSERVED,UNKNOWN_NO_CUSTOMER_VERBATIM_OR_SENTIMENT_LABEL,FEEDBACK_NOT_OBSERVED
4724,4725,,UNOBSERVED,UNKNOWN_NO_CUSTOMER_VERBATIM_OR_SENTIMENT_LABEL,FEEDBACK_NOT_OBSERVED
4725,4726,1,LOW_REPORTED,UNKNOWN_NO_CUSTOMER_VERBATIM_OR_SENTIMENT_LABEL,REVIEW_REPORTED_LOW_CSAT
4726,4727,,UNOBSERVED,UNKNOWN_NO_CUSTOMER_VERBATIM_OR_SENTIMENT_LABEL,FEEDBACK_NOT_OBSERVED
4727,4728,,UNOBSERVED,UNKNOWN_NO_CUSTOMER_VERBATIM_OR_SENTIMENT_LABEL,FEEDBACK_NOT_OBSERVED
4728,4729,,UNOBSERVED,UNKNOWN_NO_CUSTOMER_VERBATIM_OR_SENTIMENT_LABEL,FEEDBACK_NOT_OBSERVED
4729,4730,,UNOBSERVED,UNKNOWN_NO_CUSTOMER_VERBATIM_OR_SENTIMENT_LABEL,FEEDBACK_NOT_OBSERVED
4730,4731,4,HIGH_REPORTED,UNKNOWN_NO_CUSTOMER_VERBATIM_OR_SENTIMENT_LABEL,KEEP_OBSERVED_SCORE
4731,4732,,UNOBSERVED,UNKNOWN_NO_CUSTOMER_VERBATIM_OR_SENTIMENT_LABEL,FEEDBACK_NOT_OBSERVED
4732,4733,,UNOBSERVED,UNKNOWN_NO_CUSTOMER_VERBATIM_OR_SENTIMENT_LABEL,FEEDBACK_NOT_OBSERVED
4733,4734,,UNOBSERVED,UNKNOWN_NO_CUSTOMER_VERBATIM_OR_SENTIMENT_LABEL,FEEDBACK_NOT_OBSERVED
4734,4735,5,HIGH_REPORTED,UNKNOWN_NO_CUSTOMER_VERBATIM_OR_SENTIMENT_LABEL,KEEP_OBSERVED_SCORE
4735,4736,,UNOBSERVED,UNKNOWN_NO_CUSTOMER_VERBATIM_OR_SENTIMENT_LABEL,FEEDBACK_NOT_OBSERVED
4736,4737,3,MIDDLE_REPORTED,UNKNOWN_NO_CUSTOMER_VERBATIM_OR_SENTIMENT_LABEL,KEEP_OBSERVED_SCORE
4737,4738,,UNOBSERVED,UNKNOWN_NO_CUSTOMER_VERBATIM_OR_SENTIMENT_LABEL,FEEDBACK_NOT_OBSERVED
4738,4739,2,LOW_REPORTED,UNKNOWN_NO_CUSTOMER_VERBATIM_OR_SENTIMENT_LABEL,REVIEW_REPORTED_LOW_CSAT
4739,4740,,UNOBSERVED,UNKNOWN_NO_CUSTOMER_VERBATIM_OR_SENTIMENT_LABEL,FEEDBACK_NOT_OBSERVED
4740,4741,,UNOBSERVED,UNKNOWN_NO_CUSTOMER_VERBATIM_OR_SENTIMENT_LABEL,FEEDBACK_NOT_OBSERVED
4741,4742,,UNOBSERVED,UNKNOWN_NO_CUSTOMER_VERBATIM_OR_SENTIMENT_LABEL,FEEDBACK_NOT_OBSERVED
4742,4743,,UNOBSERVED,UNKNOWN_NO_CUSTOMER_VERBATIM_OR_SENTIMENT_LABEL,FEEDBACK_NOT_OBSERVED
4743,4744,,UNOBSERVED,UNKNOWN_NO_CUSTOMER_VERBATIM_OR_SENTIMENT_LABEL,FEEDBACK_NOT_OBSERVED
4744,4745,2,LOW_REPORTED,UNKNOWN_NO_CUSTOMER_VERBATIM_OR_SENTIMENT_LABEL,REVIEW_REPORTED_LOW_CSAT
4745,4746,,UNOBSERVED,UNKNOWN_NO_CUSTOMER_VERBATIM_OR_SENTIMENT_LABEL,FEEDBACK_NOT_OBSERVED
4746,4747,1,LOW_REPORTED,UNKNOWN_NO_CUSTOMER_VERBATIM_OR_SENTIMENT_LABEL,REVIEW_REPORTED_LOW_CSAT
4747,4748,2,LOW_REPORTED,UNKNOWN_NO_CUSTOMER_VERBATIM_OR_SENTIMENT_LABEL,REVIEW_REPORTED_LOW_CSAT
4748,4749,,UNOBSERVED,UNKNOWN_NO_CUSTOMER_VERBATIM_OR_SENTIMENT_LABEL,FEEDBACK_NOT_OBSERVED
4749,4750,1,LOW_REPORTED,UNKNOWN_NO_CUSTOMER_VERBATIM_OR_SENTIMENT_LABEL,REVIEW_REPORTED_LOW_CSAT
4750,4751,,UNOBSERVED,UNKNOWN_NO_CUSTOMER_VERBATIM_OR_SENTIMENT_LABEL,FEEDBACK_NOT_OBSERVED
4751,4752,,UNOBSERVED,UNKNOWN_NO_CUSTOMER_VERBATIM_OR_SENTIMENT_LABEL,FEEDBACK_NOT_OBSERVED
4752,4753,,UNOBSERVED,UNKNOWN_NO_CUSTOMER_VERBATIM_OR_SENTIMENT_LABEL,FEEDBACK_NOT_OBSERVED
4753,4754,4,HIGH_REPORTED,UNKNOWN_NO_CUSTOMER_VERBATIM_OR_SENTIMENT_LABEL,KEEP_OBSERVED_SCORE
4754,4755,,UNOBSERVED,UNKNOWN_NO_CUSTOMER_VERBATIM_OR_SENTIMENT_LABEL,FEEDBACK_NOT_OBSERVED
4755,4756,,UNOBSERVED,UNKNOWN_NO_CUSTOMER_VERBATIM_OR_SENTIMENT_LABEL,FEEDBACK_NOT_OBSERVED
4756,4757,,UNOBSERVED,UNKNOWN_NO_CUSTOMER_VERBATIM_OR_SENTIMENT_LABEL,FEEDBACK_NOT_OBSERVED
4757,4758,,UNOBSERVED,UNKNOWN_NO_CUSTOMER_VERBATIM_OR_SENTIMENT_LABEL,FEEDBACK_NOT_OBSERVED
4758,4759,,UNOBSERVED,UNKNOWN_NO_CUSTOMER_VERBATIM_OR_SENTIMENT_LABEL,FEEDBACK_NOT_OBSERVED
4759,4760,,UNOBSERVED,UNKNOWN_NO_CUSTOMER_VERBATIM_OR_SENTIMENT_LABEL,FEEDBACK_NOT_OBSERVED
4760,4761,,UNOBSERVED,UNKNOWN_NO_CUSTOMER_VERBATIM_OR_SENTIMENT_LABEL,FEEDBACK_NOT_OBSERVED
4761,4762,,UNOBSERVED,UNKNOWN_NO_CUSTOMER_VERBATIM_OR_SENTIMENT_LABEL,FEEDBACK_NOT_OBSERVED
4762,4763,,UNOBSERVED,UNKNOWN_NO_CUSTOMER_VERBATIM_OR_SENTIMENT_LABEL,FEEDBACK_NOT_OBSERVED
4763,4764,,UNOBSERVED,UNKNOWN_NO_CUSTOMER_VERBATIM_OR_SENTIMENT_LABEL,FEEDBACK_NOT_OBSERVED
4764,4765,,UNOBSERVED,UNKNOWN_NO_CUSTOMER_VERBATIM_OR_SENTIMENT_LABEL,FEEDBACK_NOT_OBSERVED
4765,4766,,UNOBSERVED,UNKNOWN_NO_CUSTOMER_VERBATIM_OR_SENTIMENT_LABEL,FEEDBACK_NOT_OBSERVED
4766,4767,4,HIGH_REPORTED,UNKNOWN_NO_CUSTOMER_VERBATIM_OR_SENTIMENT_LABEL,KEEP_OBSERVED_SCORE
4767,4768,3,MIDDLE_REPORTED,UNKNOWN_NO_CUSTOMER_VERBATIM_OR_SENTIMENT_LABEL,KEEP_OBSERVED_SCORE
4768,4769,3,MIDDLE_REPORTED,UNKNOWN_NO_CUSTOMER_VERBATIM_OR_SENTIMENT_LABEL,KEEP_OBSERVED_SCORE
4769,4770,,UNOBSERVED,UNKNOWN_NO_CUSTOMER_VERBATIM_OR_SENTIMENT_LABEL,FEEDBACK_NOT_OBSERVED
4770,4771,4,HIGH_REPORTED,UNKNOWN_NO_CUSTOMER_VERBATIM_OR_SENTIMENT_LABEL,KEEP_OBSERVED_SCORE
4771,4772,1,LOW_REPORTED,UNKNOWN_NO_CUSTOMER_VERBATIM_OR_SENTIMENT_LABEL,REVIEW_REPORTED_LOW_CSAT
4772,4773,,UNOBSERVED,UNKNOWN_NO_CUSTOMER_VERBATIM_OR_SENTIMENT_LABEL,FEEDBACK_NOT_OBSERVED
4773,4774,,UNOBSERVED,UNKNOWN_NO_CUSTOMER_VERBATIM_OR_SENTIMENT_LABEL,FEEDBACK_NOT_OBSERVED
4774,4775,1,LOW_REPORTED,UNKNOWN_NO_CUSTOMER_VERBATIM_OR_SENTIMENT_LABEL,REVIEW_REPORTED_LOW_CSAT
4775,4776,5,HIGH_REPORTED,UNKNOWN_NO_CUSTOMER_VERBATIM_OR_SENTIMENT_LABEL,KEEP_OBSERVED_SCORE
4776,4777,,UNOBSERVED,UNKNOWN_NO_CUSTOMER_VERBATIM_OR_SENTIMENT_LABEL,FEEDBACK_NOT_OBSERVED
4777,4778,,UNOBSERVED,UNKNOWN_NO_CUSTOMER_VERBATIM_OR_SENTIMENT_LABEL,FEEDBACK_NOT_OBSERVED
4778,4779,5,HIGH_REPORTED,UNKNOWN_NO_CUSTOMER_VERBATIM_OR_SENTIMENT_LABEL,KEEP_OBSERVED_SCORE
4779,4780,1,LOW_REPORTED,UNKNOWN_NO_CUSTOMER_VERBATIM_OR_SENTIMENT_LABEL,REVIEW_REPORTED_LOW_CSAT
4780,4781,,UNOBSERVED,UNKNOWN_NO_CUSTOMER_VERBATIM_OR_SENTIMENT_LABEL,FEEDBACK_NOT_OBSERVED
4781,4782,,UNOBSERVED,UNKNOWN_NO_CUSTOMER_VERBATIM_OR_SENTIMENT_LABEL,FEEDBACK_NOT_OBSERVED
4782,4783,,UNOBSERVED,UNKNOWN_NO_CUSTOMER_VERBATIM_OR_SENTIMENT_LABEL,FEEDBACK_NOT_OBSERVED
4783,4784,,UNOBSERVED,UNKNOWN_NO_CUSTOMER_VERBATIM_OR_SENTIMENT_LABEL,FEEDBACK_NOT_OBSERVED
4784,4785,3,MIDDLE_REPORTED,UNKNOWN_NO_CUSTOMER_VERBATIM_OR_SENTIMENT_LABEL,KEEP_OBSERVED_SCORE
4785,4786,,UNOBSERVED,UNKNOWN_NO_CUSTOMER_VERBATIM_OR_SENTIMENT_LABEL,FEEDBACK_NOT_OBSERVED
4786,4787,,UNOBSERVED,UNKNOWN_NO_CUSTOMER_VERBATIM_OR_SENTIMENT_LABEL,FEEDBACK_NOT_OBSERVED
4787,4788,,UNOBSERVED,UNKNOWN_NO_CUSTOMER_VERBATIM_OR_SENTIMENT_LABEL,FEEDBACK_NOT_OBSERVED
4788,4789,,UNOBSERVED,UNKNOWN_NO_CUSTOMER_VERBATIM_OR_SENTIMENT_LABEL,FEEDBACK_NOT_OBSERVED
4789,4790,,UNOBSERVED,UNKNOWN_NO_CUSTOMER_VERBATIM_OR_SENTIMENT_LABEL,FEEDBACK_NOT_OBSERVED
4790,4791,,UNOBSERVED,UNKNOWN_NO_CUSTOMER_VERBATIM_OR_SENTIMENT_LABEL,FEEDBACK_NOT_OBSERVED
4791,4792,,UNOBSERVED,UNKNOWN_NO_CUSTOMER_VERBATIM_OR_SENTIMENT_LABEL,FEEDBACK_NOT_OBSERVED
4792,4793,,UNOBSERVED,UNKNOWN_NO_CUSTOMER_VERBATIM_OR_SENTIMENT_LABEL,FEEDBACK_NOT_OBSERVED
4793,4794,,UNOBSERVED,UNKNOWN_NO_CUSTOMER_VERBATIM_OR_SENTIMENT_LABEL,FEEDBACK_NOT_OBSERVED
4794,4795,,UNOBSERVED,UNKNOWN_NO_CUSTOMER_VERBATIM_OR_SENTIMENT_LABEL,FEEDBACK_NOT_OBSERVED
4795,4796,,UNOBSERVED,UNKNOWN_NO_CUSTOMER_VERBATIM_OR_SENTIMENT_LABEL,FEEDBACK_NOT_OBSERVED
4796,4797,,UNOBSERVED,UNKNOWN_NO_CUSTOMER_VERBATIM_OR_SENTIMENT_LABEL,FEEDBACK_NOT_OBSERVED
4797,4798,,UNOBSERVED,UNKNOWN_NO_CUSTOMER_VERBATIM_OR_SENTIMENT_LABEL,FEEDBACK_NOT_OBSERVED
4798,4799,,UNOBSERVED,UNKNOWN_NO_CUSTOMER_VERBATIM_OR_SENTIMENT_LABEL,FEEDBACK_NOT_OBSERVED
4799,4800,,UNOBSERVED,UNKNOWN_NO_CUSTOMER_VERBATIM_OR_SENTIMENT_LABEL,FEEDBACK_NOT_OBSERVED
4800,4801,,UNOBSERVED,UNKNOWN_NO_CUSTOMER_VERBATIM_OR_SENTIMENT_LABEL,FEEDBACK_NOT_OBSERVED
4801,4802,,UNOBSERVED,UNKNOWN_NO_CUSTOMER_VERBATIM_OR_SENTIMENT_LABEL,FEEDBACK_NOT_OBSERVED
4802,4803,,UNOBSERVED,UNKNOWN_NO_CUSTOMER_VERBATIM_OR_SENTIMENT_LABEL,FEEDBACK_NOT_OBSERVED
4803,4804,4,HIGH_REPORTED,UNKNOWN_NO_CUSTOMER_VERBATIM_OR_SENTIMENT_LABEL,KEEP_OBSERVED_SCORE
4804,4805,,UNOBSERVED,UNKNOWN_NO_CUSTOMER_VERBATIM_OR_SENTIMENT_LABEL,FEEDBACK_NOT_OBSERVED
4805,4806,4,HIGH_REPORTED,UNKNOWN_NO_CUSTOMER_VERBATIM_OR_SENTIMENT_LABEL,KEEP_OBSERVED_SCORE
4806,4807,,UNOBSERVED,UNKNOWN_NO_CUSTOMER_VERBATIM_OR_SENTIMENT_LABEL,FEEDBACK_NOT_OBSERVED
4807,4808,,UNOBSERVED,UNKNOWN_NO_CUSTOMER_VERBATIM_OR_SENTIMENT_LABEL,FEEDBACK_NOT_OBSERVED
4808,4809,,UNOBSERVED,UNKNOWN_NO_CUSTOMER_VERBATIM_OR_SENTIMENT_LABEL,FEEDBACK_NOT_OBSERVED
4809,4810,,UNOBSERVED,UNKNOWN_NO_CUSTOMER_VERBATIM_OR_SENTIMENT_LABEL,FEEDBACK_NOT_OBSERVED
4810,4811,,UNOBSERVED,UNKNOWN_NO_CUSTOMER_VERBATIM_OR_SENTIMENT_LABEL,FEEDBACK_NOT_OBSERVED
4811,4812,,UNOBSERVED,UNKNOWN_NO_CUSTOMER_VERBATIM_OR_SENTIMENT_LABEL,FEEDBACK_NOT_OBSERVED
4812,4813,,UNOBSERVED,UNKNOWN_NO_CUSTOMER_VERBATIM_OR_SENTIMENT_LABEL,FEEDBACK_NOT_OBSERVED
4813,4814,,UNOBSERVED,UNKNOWN_NO_CUSTOMER_VERBATIM_OR_SENTIMENT_LABEL,FEEDBACK_NOT_OBSERVED
4814,4815,,UNOBSERVED,UNKNOWN_NO_CUSTOMER_VERBATIM_OR_SENTIMENT_LABEL,FEEDBACK_NOT_OBSERVED
4815,4816,,UNOBSERVED,UNKNOWN_NO_CUSTOMER_VERBATIM_OR_SENTIMENT_LABEL,FEEDBACK_NOT_OBSERVED
4816,4817,1,LOW_REPORTED,UNKNOWN_NO_CUSTOMER_VERBATIM_OR_SENTIMENT_LABEL,REVIEW_REPORTED_LOW_CSAT
4817,4818,2,LOW_REPORTED,UNKNOWN_NO_CUSTOMER_VERBATIM_OR_SENTIMENT_LABEL,REVIEW_REPORTED_LOW_CSAT
4818,4819,5,HIGH_REPORTED,UNKNOWN_NO_CUSTOMER_VERBATIM_OR_SENTIMENT_LABEL,KEEP_OBSERVED_SCORE
4819,4820,,UNOBSERVED,UNKNOWN_NO_CUSTOMER_VERBATIM_OR_SENTIMENT_LABEL,FEEDBACK_NOT_OBSERVED
4820,4821,,UNOBSERVED,UNKNOWN_NO_CUSTOMER_VERBATIM_OR_SENTIMENT_LABEL,FEEDBACK_NOT_OBSERVED
4821,4822,1,LOW_REPORTED,UNKNOWN_NO_CUSTOMER_VERBATIM_OR_SENTIMENT_LABEL,REVIEW_REPORTED_LOW_CSAT
4822,4823,,UNOBSERVED,UNKNOWN_NO_CUSTOMER_VERBATIM_OR_SENTIMENT_LABEL,FEEDBACK_NOT_OBSERVED
4823,4824,,UNOBSERVED,UNKNOWN_NO_CUSTOMER_VERBATIM_OR_SENTIMENT_LABEL,FEEDBACK_NOT_OBSERVED
4824,4825,,UNOBSERVED,UNKNOWN_NO_CUSTOMER_VERBATIM_OR_SENTIMENT_LABEL,FEEDBACK_NOT_OBSERVED
4825,4826,,UNOBSERVED,UNKNOWN_NO_CUSTOMER_VERBATIM_OR_SENTIMENT_LABEL,FEEDBACK_NOT_OBSERVED
4826,4827,4,HIGH_REPORTED,UNKNOWN_NO_CUSTOMER_VERBATIM_OR_SENTIMENT_LABEL,KEEP_OBSERVED_SCORE
4827,4828,,UNOBSERVED,UNKNOWN_NO_CUSTOMER_VERBATIM_OR_SENTIMENT_LABEL,FEEDBACK_NOT_OBSERVED
4828,4829,,UNOBSERVED,UNKNOWN_NO_CUSTOMER_VERBATIM_OR_SENTIMENT_LABEL,FEEDBACK_NOT_OBSERVED
4829,4830,,UNOBSERVED,UNKNOWN_NO_CUSTOMER_VERBATIM_OR_SENTIMENT_LABEL,FEEDBACK_NOT_OBSERVED
4830,4831,,UNOBSERVED,UNKNOWN_NO_CUSTOMER_VERBATIM_OR_SENTIMENT_LABEL,FEEDBACK_NOT_OBSERVED
4831,4832,,UNOBSERVED,UNKNOWN_NO_CUSTOMER_VERBATIM_OR_SENTIMENT_LABEL,FEEDBACK_NOT_OBSERVED
4832,4833,2,LOW_REPORTED,UNKNOWN_NO_CUSTOMER_VERBATIM_OR_SENTIMENT_LABEL,REVIEW_REPORTED_LOW_CSAT
4833,4834,5,HIGH_REPORTED,UNKNOWN_NO_CUSTOMER_VERBATIM_OR_SENTIMENT_LABEL,KEEP_OBSERVED_SCORE
4834,4835,,UNOBSERVED,UNKNOWN_NO_CUSTOMER_VERBATIM_OR_SENTIMENT_LABEL,FEEDBACK_NOT_OBSERVED
4835,4836,3,MIDDLE_REPORTED,UNKNOWN_NO_CUSTOMER_VERBATIM_OR_SENTIMENT_LABEL,KEEP_OBSERVED_SCORE
4836,4837,,UNOBSERVED,UNKNOWN_NO_CUSTOMER_VERBATIM_OR_SENTIMENT_LABEL,FEEDBACK_NOT_OBSERVED
4837,4838,,UNOBSERVED,UNKNOWN_NO_CUSTOMER_VERBATIM_OR_SENTIMENT_LABEL,FEEDBACK_NOT_OBSERVED
4838,4839,,UNOBSERVED,UNKNOWN_NO_CUSTOMER_VERBATIM_OR_SENTIMENT_LABEL,FEEDBACK_NOT_OBSERVED
4839,4840,,UNOBSERVED,UNKNOWN_NO_CUSTOMER_VERBATIM_OR_SENTIMENT_LABEL,FEEDBACK_NOT_OBSERVED
4840,4841,,UNOBSERVED,UNKNOWN_NO_CUSTOMER_VERBATIM_OR_SENTIMENT_LABEL,FEEDBACK_NOT_OBSERVED
4841,4842,,UNOBSERVED,UNKNOWN_NO_CUSTOMER_VERBATIM_OR_SENTIMENT_LABEL,FEEDBACK_NOT_OBSERVED
4842,4843,3,MIDDLE_REPORTED,UNKNOWN_NO_CUSTOMER_VERBATIM_OR_SENTIMENT_LABEL,KEEP_OBSERVED_SCORE
4843,4844,4,HIGH_REPORTED,UNKNOWN_NO_CUSTOMER_VERBATIM_OR_SENTIMENT_LABEL,KEEP_OBSERVED_SCORE
4844,4845,,UNOBSERVED,UNKNOWN_NO_CUSTOMER_VERBATIM_OR_SENTIMENT_LABEL,FEEDBACK_NOT_OBSERVED
4845,4846,,UNOBSERVED,UNKNOWN_NO_CUSTOMER_VERBATIM_OR_SENTIMENT_LABEL,FEEDBACK_NOT_OBSERVED
4846,4847,,UNOBSERVED,UNKNOWN_NO_CUSTOMER_VERBATIM_OR_SENTIMENT_LABEL,FEEDBACK_NOT_OBSERVED
4847,4848,,UNOBSERVED,UNKNOWN_NO_CUSTOMER_VERBATIM_OR_SENTIMENT_LABEL,FEEDBACK_NOT_OBSERVED
4848,4849,,UNOBSERVED,UNKNOWN_NO_CUSTOMER_VERBATIM_OR_SENTIMENT_LABEL,FEEDBACK_NOT_OBSERVED
4849,4850,,UNOBSERVED,UNKNOWN_NO_CUSTOMER_VERBATIM_OR_SENTIMENT_LABEL,FEEDBACK_NOT_OBSERVED
4850,4851,1,LOW_REPORTED,UNKNOWN_NO_CUSTOMER_VERBATIM_OR_SENTIMENT_LABEL,REVIEW_REPORTED_LOW_CSAT
4851,4852,,UNOBSERVED,UNKNOWN_NO_CUSTOMER_VERBATIM_OR_SENTIMENT_LABEL,FEEDBACK_NOT_OBSERVED
4852,4853,,UNOBSERVED,UNKNOWN_NO_CUSTOMER_VERBATIM_OR_SENTIMENT_LABEL,FEEDBACK_NOT_OBSERVED
4853,4854,,UNOBSERVED,UNKNOWN_NO_CUSTOMER_VERBATIM_OR_SENTIMENT_LABEL,FEEDBACK_NOT_OBSERVED
4854,4855,,UNOBSERVED,UNKNOWN_NO_CUSTOMER_VERBATIM_OR_SENTIMENT_LABEL,FEEDBACK_NOT_OBSERVED
4855,4856,,UNOBSERVED,UNKNOWN_NO_CUSTOMER_VERBATIM_OR_SENTIMENT_LABEL,FEEDBACK_NOT_OBSERVED
4856,4857,,UNOBSERVED,UNKNOWN_NO_CUSTOMER_VERBATIM_OR_SENTIMENT_LABEL,FEEDBACK_NOT_OBSERVED
4857,4858,,UNOBSERVED,UNKNOWN_NO_CUSTOMER_VERBATIM_OR_SENTIMENT_LABEL,FEEDBACK_NOT_OBSERVED
4858,4859,1,LOW_REPORTED,UNKNOWN_NO_CUSTOMER_VERBATIM_OR_SENTIMENT_LABEL,REVIEW_REPORTED_LOW_CSAT
4859,4860,,UNOBSERVED,UNKNOWN_NO_CUSTOMER_VERBATIM_OR_SENTIMENT_LABEL,FEEDBACK_NOT_OBSERVED
4860,4861,,UNOBSERVED,UNKNOWN_NO_CUSTOMER_VERBATIM_OR_SENTIMENT_LABEL,FEEDBACK_NOT_OBSERVED
4861,4862,,UNOBSERVED,UNKNOWN_NO_CUSTOMER_VERBATIM_OR_SENTIMENT_LABEL,FEEDBACK_NOT_OBSERVED
4862,4863,,UNOBSERVED,UNKNOWN_NO_CUSTOMER_VERBATIM_OR_SENTIMENT_LABEL,FEEDBACK_NOT_OBSERVED
4863,4864,,UNOBSERVED,UNKNOWN_NO_CUSTOMER_VERBATIM_OR_SENTIMENT_LABEL,FEEDBACK_NOT_OBSERVED
4864,4865,,UNOBSERVED,UNKNOWN_NO_CUSTOMER_VERBATIM_OR_SENTIMENT_LABEL,FEEDBACK_NOT_OBSERVED
4865,4866,,UNOBSERVED,UNKNOWN_NO_CUSTOMER_VERBATIM_OR_SENTIMENT_LABEL,FEEDBACK_NOT_OBSERVED
4866,4867,5,HIGH_REPORTED,UNKNOWN_NO_CUSTOMER_VERBATIM_OR_SENTIMENT_LABEL,KEEP_OBSERVED_SCORE
4867,4868,,UNOBSERVED,UNKNOWN_NO_CUSTOMER_VERBATIM_OR_SENTIMENT_LABEL,FEEDBACK_NOT_OBSERVED
4868,4869,,UNOBSERVED,UNKNOWN_NO_CUSTOMER_VERBATIM_OR_SENTIMENT_LABEL,FEEDBACK_NOT_OBSERVED
4869,4870,,UNOBSERVED,UNKNOWN_NO_CUSTOMER_VERBATIM_OR_SENTIMENT_LABEL,FEEDBACK_NOT_OBSERVED
4870,4871,2,LOW_REPORTED,UNKNOWN_NO_CUSTOMER_VERBATIM_OR_SENTIMENT_LABEL,REVIEW_REPORTED_LOW_CSAT
4871,4872,3,MIDDLE_REPORTED,UNKNOWN_NO_CUSTOMER_VERBATIM_OR_SENTIMENT_LABEL,KEEP_OBSERVED_SCORE
4872,4873,,UNOBSERVED,UNKNOWN_NO_CUSTOMER_VERBATIM_OR_SENTIMENT_LABEL,FEEDBACK_NOT_OBSERVED
4873,4874,,UNOBSERVED,UNKNOWN_NO_CUSTOMER_VERBATIM_OR_SENTIMENT_LABEL,FEEDBACK_NOT_OBSERVED
4874,4875,4,HIGH_REPORTED,UNKNOWN_NO_CUSTOMER_VERBATIM_OR_SENTIMENT_LABEL,KEEP_OBSERVED_SCORE
4875,4876,1,LOW_REPORTED,UNKNOWN_NO_CUSTOMER_VERBATIM_OR_SENTIMENT_LABEL,REVIEW_REPORTED_LOW_CSAT
4876,4877,,UNOBSERVED,UNKNOWN_NO_CUSTOMER_VERBATIM_OR_SENTIMENT_LABEL,FEEDBACK_NOT_OBSERVED
4877,4878,,UNOBSERVED,UNKNOWN_NO_CUSTOMER_VERBATIM_OR_SENTIMENT_LABEL,FEEDBACK_NOT_OBSERVED
4878,4879,1,LOW_REPORTED,UNKNOWN_NO_CUSTOMER_VERBATIM_OR_SENTIMENT_LABEL,REVIEW_REPORTED_LOW_CSAT
4879,4880,,UNOBSERVED,UNKNOWN_NO_CUSTOMER_VERBATIM_OR_SENTIMENT_LABEL,FEEDBACK_NOT_OBSERVED
4880,4881,,UNOBSERVED,UNKNOWN_NO_CUSTOMER_VERBATIM_OR_SENTIMENT_LABEL,FEEDBACK_NOT_OBSERVED
4881,4882,,UNOBSERVED,UNKNOWN_NO_CUSTOMER_VERBATIM_OR_SENTIMENT_LABEL,FEEDBACK_NOT_OBSERVED
4882,4883,,UNOBSERVED,UNKNOWN_NO_CUSTOMER_VERBATIM_OR_SENTIMENT_LABEL,FEEDBACK_NOT_OBSERVED
4883,4884,3,MIDDLE_REPORTED,UNKNOWN_NO_CUSTOMER_VERBATIM_OR_SENTIMENT_LABEL,KEEP_OBSERVED_SCORE
4884,4885,3,MIDDLE_REPORTED,UNKNOWN_NO_CUSTOMER_VERBATIM_OR_SENTIMENT_LABEL,KEEP_OBSERVED_SCORE
4885,4886,2,LOW_REPORTED,UNKNOWN_NO_CUSTOMER_VERBATIM_OR_SENTIMENT_LABEL,REVIEW_REPORTED_LOW_CSAT
4886,4887,,UNOBSERVED,UNKNOWN_NO_CUSTOMER_VERBATIM_OR_SENTIMENT_LABEL,FEEDBACK_NOT_OBSERVED
4887,4888,,UNOBSERVED,UNKNOWN_NO_CUSTOMER_VERBATIM_OR_SENTIMENT_LABEL,FEEDBACK_NOT_OBSERVED
4888,4889,,UNOBSERVED,UNKNOWN_NO_CUSTOMER_VERBATIM_OR_SENTIMENT_LABEL,FEEDBACK_NOT_OBSERVED
4889,4890,,UNOBSERVED,UNKNOWN_NO_CUSTOMER_VERBATIM_OR_SENTIMENT_LABEL,FEEDBACK_NOT_OBSERVED
4890,4891,1,LOW_REPORTED,UNKNOWN_NO_CUSTOMER_VERBATIM_OR_SENTIMENT_LABEL,REVIEW_REPORTED_LOW_CSAT
4891,4892,1,LOW_REPORTED,UNKNOWN_NO_CUSTOMER_VERBATIM_OR_SENTIMENT_LABEL,REVIEW_REPORTED_LOW_CSAT
4892,4893,4,HIGH_REPORTED,UNKNOWN_NO_CUSTOMER_VERBATIM_OR_SENTIMENT_LABEL,KEEP_OBSERVED_SCORE
4893,4894,,UNOBSERVED,UNKNOWN_NO_CUSTOMER_VERBATIM_OR_SENTIMENT_LABEL,FEEDBACK_NOT_OBSERVED
4894,4895,,UNOBSERVED,UNKNOWN_NO_CUSTOMER_VERBATIM_OR_SENTIMENT_LABEL,FEEDBACK_NOT_OBSERVED
4895,4896,3,MIDDLE_REPORTED,UNKNOWN_NO_CUSTOMER_VERBATIM_OR_SENTIMENT_LABEL,KEEP_OBSERVED_SCORE
4896,4897,,UNOBSERVED,UNKNOWN_NO_CUSTOMER_VERBATIM_OR_SENTIMENT_LABEL,FEEDBACK_NOT_OBSERVED
4897,4898,,UNOBSERVED,UNKNOWN_NO_CUSTOMER_VERBATIM_OR_SENTIMENT_LABEL,FEEDBACK_NOT_OBSERVED
4898,4899,3,MIDDLE_REPORTED,UNKNOWN_NO_CUSTOMER_VERBATIM_OR_SENTIMENT_LABEL,KEEP_OBSERVED_SCORE
4899,4900,,UNOBSERVED,UNKNOWN_NO_CUSTOMER_VERBATIM_OR_SENTIMENT_LABEL,FEEDBACK_NOT_OBSERVED
4900,4901,,UNOBSERVED,UNKNOWN_NO_CUSTOMER_VERBATIM_OR_SENTIMENT_LABEL,FEEDBACK_NOT_OBSERVED
4901,4902,,UNOBSERVED,UNKNOWN_NO_CUSTOMER_VERBATIM_OR_SENTIMENT_LABEL,FEEDBACK_NOT_OBSERVED
4902,4903,3,MIDDLE_REPORTED,UNKNOWN_NO_CUSTOMER_VERBATIM_OR_SENTIMENT_LABEL,KEEP_OBSERVED_SCORE
4903,4904,5,HIGH_REPORTED,UNKNOWN_NO_CUSTOMER_VERBATIM_OR_SENTIMENT_LABEL,KEEP_OBSERVED_SCORE
4904,4905,,UNOBSERVED,UNKNOWN_NO_CUSTOMER_VERBATIM_OR_SENTIMENT_LABEL,FEEDBACK_NOT_OBSERVED
4905,4906,,UNOBSERVED,UNKNOWN_NO_CUSTOMER_VERBATIM_OR_SENTIMENT_LABEL,FEEDBACK_NOT_OBSERVED
4906,4907,,UNOBSERVED,UNKNOWN_NO_CUSTOMER_VERBATIM_OR_SENTIMENT_LABEL,FEEDBACK_NOT_OBSERVED
4907,4908,,UNOBSERVED,UNKNOWN_NO_CUSTOMER_VERBATIM_OR_SENTIMENT_LABEL,FEEDBACK_NOT_OBSERVED
4908,4909,,UNOBSERVED,UNKNOWN_NO_CUSTOMER_VERBATIM_OR_SENTIMENT_LABEL,FEEDBACK_NOT_OBSERVED
4909,4910,2,LOW_REPORTED,UNKNOWN_NO_CUSTOMER_VERBATIM_OR_SENTIMENT_LABEL,REVIEW_REPORTED_LOW_CSAT
4910,4911,2,LOW_REPORTED,UNKNOWN_NO_CUSTOMER_VERBATIM_OR_SENTIMENT_LABEL,REVIEW_REPORTED_LOW_CSAT
4911,4912,,UNOBSERVED,UNKNOWN_NO_CUSTOMER_VERBATIM_OR_SENTIMENT_LABEL,FEEDBACK_NOT_OBSERVED
4912,4913,,UNOBSERVED,UNKNOWN_NO_CUSTOMER_VERBATIM_OR_SENTIMENT_LABEL,FEEDBACK_NOT_OBSERVED
4913,4914,,UNOBSERVED,UNKNOWN_NO_CUSTOMER_VERBATIM_OR_SENTIMENT_LABEL,FEEDBACK_NOT_OBSERVED
4914,4915,2,LOW_REPORTED,UNKNOWN_NO_CUSTOMER_VERBATIM_OR_SENTIMENT_LABEL,REVIEW_REPORTED_LOW_CSAT
4915,4916,,UNOBSERVED,UNKNOWN_NO_CUSTOMER_VERBATIM_OR_SENTIMENT_LABEL,FEEDBACK_NOT_OBSERVED
4916,4917,4,HIGH_REPORTED,UNKNOWN_NO_CUSTOMER_VERBATIM_OR_SENTIMENT_LABEL,KEEP_OBSERVED_SCORE
4917,4918,,UNOBSERVED,UNKNOWN_NO_CUSTOMER_VERBATIM_OR_SENTIMENT_LABEL,FEEDBACK_NOT_OBSERVED
4918,4919,,UNOBSERVED,UNKNOWN_NO_CUSTOMER_VERBATIM_OR_SENTIMENT_LABEL,FEEDBACK_NOT_OBSERVED
4919,4920,,UNOBSERVED,UNKNOWN_NO_CUSTOMER_VERBATIM_OR_SENTIMENT_LABEL,FEEDBACK_NOT_OBSERVED
4920,4921,2,LOW_REPORTED,UNKNOWN_NO_CUSTOMER_VERBATIM_OR_SENTIMENT_LABEL,REVIEW_REPORTED_LOW_CSAT
4921,4922,,UNOBSERVED,UNKNOWN_NO_CUSTOMER_VERBATIM_OR_SENTIMENT_LABEL,FEEDBACK_NOT_OBSERVED
4922,4923,,UNOBSERVED,UNKNOWN_NO_CUSTOMER_VERBATIM_OR_SENTIMENT_LABEL,FEEDBACK_NOT_OBSERVED
4923,4924,,UNOBSERVED,UNKNOWN_NO_CUSTOMER_VERBATIM_OR_SENTIMENT_LABEL,FEEDBACK_NOT_OBSERVED
4924,4925,4,HIGH_REPORTED,UNKNOWN_NO_CUSTOMER_VERBATIM_OR_SENTIMENT_LABEL,KEEP_OBSERVED_SCORE
4925,4926,,UNOBSERVED,UNKNOWN_NO_CUSTOMER_VERBATIM_OR_SENTIMENT_LABEL,FEEDBACK_NOT_OBSERVED
4926,4927,,UNOBSERVED,UNKNOWN_NO_CUSTOMER_VERBATIM_OR_SENTIMENT_LABEL,FEEDBACK_NOT_OBSERVED
4927,4928,,UNOBSERVED,UNKNOWN_NO_CUSTOMER_VERBATIM_OR_SENTIMENT_LABEL,FEEDBACK_NOT_OBSERVED
4928,4929,,UNOBSERVED,UNKNOWN_NO_CUSTOMER_VERBATIM_OR_SENTIMENT_LABEL,FEEDBACK_NOT_OBSERVED
4929,4930,,UNOBSERVED,UNKNOWN_NO_CUSTOMER_VERBATIM_OR_SENTIMENT_LABEL,FEEDBACK_NOT_OBSERVED
4930,4931,1,LOW_REPORTED,UNKNOWN_NO_CUSTOMER_VERBATIM_OR_SENTIMENT_LABEL,REVIEW_REPORTED_LOW_CSAT
4931,4932,4,HIGH_REPORTED,UNKNOWN_NO_CUSTOMER_VERBATIM_OR_SENTIMENT_LABEL,KEEP_OBSERVED_SCORE
4932,4933,,UNOBSERVED,UNKNOWN_NO_CUSTOMER_VERBATIM_OR_SENTIMENT_LABEL,FEEDBACK_NOT_OBSERVED
4933,4934,,UNOBSERVED,UNKNOWN_NO_CUSTOMER_VERBATIM_OR_SENTIMENT_LABEL,FEEDBACK_NOT_OBSERVED
4934,4935,4,HIGH_REPORTED,UNKNOWN_NO_CUSTOMER_VERBATIM_OR_SENTIMENT_LABEL,KEEP_OBSERVED_SCORE
4935,4936,,UNOBSERVED,UNKNOWN_NO_CUSTOMER_VERBATIM_OR_SENTIMENT_LABEL,FEEDBACK_NOT_OBSERVED
4936,4937,,UNOBSERVED,UNKNOWN_NO_CUSTOMER_VERBATIM_OR_SENTIMENT_LABEL,FEEDBACK_NOT_OBSERVED
4937,4938,,UNOBSERVED,UNKNOWN_NO_CUSTOMER_VERBATIM_OR_SENTIMENT_LABEL,FEEDBACK_NOT_OBSERVED
4938,4939,,UNOBSERVED,UNKNOWN_NO_CUSTOMER_VERBATIM_OR_SENTIMENT_LABEL,FEEDBACK_NOT_OBSERVED
4939,4940,4,HIGH_REPORTED,UNKNOWN_NO_CUSTOMER_VERBATIM_OR_SENTIMENT_LABEL,KEEP_OBSERVED_SCORE
4940,4941,1,LOW_REPORTED,UNKNOWN_NO_CUSTOMER_VERBATIM_OR_SENTIMENT_LABEL,REVIEW_REPORTED_LOW_CSAT
4941,4942,,UNOBSERVED,UNKNOWN_NO_CUSTOMER_VERBATIM_OR_SENTIMENT_LABEL,FEEDBACK_NOT_OBSERVED
4942,4943,,UNOBSERVED,UNKNOWN_NO_CUSTOMER_VERBATIM_OR_SENTIMENT_LABEL,FEEDBACK_NOT_OBSERVED
4943,4944,,UNOBSERVED,UNKNOWN_NO_CUSTOMER_VERBATIM_OR_SENTIMENT_LABEL,FEEDBACK_NOT_OBSERVED
4944,4945,,UNOBSERVED,UNKNOWN_NO_CUSTOMER_VERBATIM_OR_SENTIMENT_LABEL,FEEDBACK_NOT_OBSERVED
4945,4946,,UNOBSERVED,UNKNOWN_NO_CUSTOMER_VERBATIM_OR_SENTIMENT_LABEL,FEEDBACK_NOT_OBSERVED
4946,4947,1,LOW_REPORTED,UNKNOWN_NO_CUSTOMER_VERBATIM_OR_SENTIMENT_LABEL,REVIEW_REPORTED_LOW_CSAT
4947,4948,,UNOBSERVED,UNKNOWN_NO_CUSTOMER_VERBATIM_OR_SENTIMENT_LABEL,FEEDBACK_NOT_OBSERVED
4948,4949,1,LOW_REPORTED,UNKNOWN_NO_CUSTOMER_VERBATIM_OR_SENTIMENT_LABEL,REVIEW_REPORTED_LOW_CSAT
4949,4950,,UNOBSERVED,UNKNOWN_NO_CUSTOMER_VERBATIM_OR_SENTIMENT_LABEL,FEEDBACK_NOT_OBSERVED
4950,4951,,UNOBSERVED,UNKNOWN_NO_CUSTOMER_VERBATIM_OR_SENTIMENT_LABEL,FEEDBACK_NOT_OBSERVED
4951,4952,,UNOBSERVED,UNKNOWN_NO_CUSTOMER_VERBATIM_OR_SENTIMENT_LABEL,FEEDBACK_NOT_OBSERVED
4952,4953,,UNOBSERVED,UNKNOWN_NO_CUSTOMER_VERBATIM_OR_SENTIMENT_LABEL,FEEDBACK_NOT_OBSERVED
4953,4954,,UNOBSERVED,UNKNOWN_NO_CUSTOMER_VERBATIM_OR_SENTIMENT_LABEL,FEEDBACK_NOT_OBSERVED
4954,4955,2,LOW_REPORTED,UNKNOWN_NO_CUSTOMER_VERBATIM_OR_SENTIMENT_LABEL,REVIEW_REPORTED_LOW_CSAT
4955,4956,1,LOW_REPORTED,UNKNOWN_NO_CUSTOMER_VERBATIM_OR_SENTIMENT_LABEL,REVIEW_REPORTED_LOW_CSAT
4956,4957,3,MIDDLE_REPORTED,UNKNOWN_NO_CUSTOMER_VERBATIM_OR_SENTIMENT_LABEL,KEEP_OBSERVED_SCORE
4957,4958,2,LOW_REPORTED,UNKNOWN_NO_CUSTOMER_VERBATIM_OR_SENTIMENT_LABEL,REVIEW_REPORTED_LOW_CSAT
4958,4959,,UNOBSERVED,UNKNOWN_NO_CUSTOMER_VERBATIM_OR_SENTIMENT_LABEL,FEEDBACK_NOT_OBSERVED
4959,4960,,UNOBSERVED,UNKNOWN_NO_CUSTOMER_VERBATIM_OR_SENTIMENT_LABEL,FEEDBACK_NOT_OBSERVED
4960,4961,,UNOBSERVED,UNKNOWN_NO_CUSTOMER_VERBATIM_OR_SENTIMENT_LABEL,FEEDBACK_NOT_OBSERVED
4961,4962,,UNOBSERVED,UNKNOWN_NO_CUSTOMER_VERBATIM_OR_SENTIMENT_LABEL,FEEDBACK_NOT_OBSERVED
4962,4963,,UNOBSERVED,UNKNOWN_NO_CUSTOMER_VERBATIM_OR_SENTIMENT_LABEL,FEEDBACK_NOT_OBSERVED
4963,4964,5,HIGH_REPORTED,UNKNOWN_NO_CUSTOMER_VERBATIM_OR_SENTIMENT_LABEL,KEEP_OBSERVED_SCORE
4964,4965,,UNOBSERVED,UNKNOWN_NO_CUSTOMER_VERBATIM_OR_SENTIMENT_LABEL,FEEDBACK_NOT_OBSERVED
4965,4966,,UNOBSERVED,UNKNOWN_NO_CUSTOMER_VERBATIM_OR_SENTIMENT_LABEL,FEEDBACK_NOT_OBSERVED
4966,4967,,UNOBSERVED,UNKNOWN_NO_CUSTOMER_VERBATIM_OR_SENTIMENT_LABEL,FEEDBACK_NOT_OBSERVED
4967,4968,4,HIGH_REPORTED,UNKNOWN_NO_CUSTOMER_VERBATIM_OR_SENTIMENT_LABEL,KEEP_OBSERVED_SCORE
4968,4969,,UNOBSERVED,UNKNOWN_NO_CUSTOMER_VERBATIM_OR_SENTIMENT_LABEL,FEEDBACK_NOT_OBSERVED
4969,4970,3,MIDDLE_REPORTED,UNKNOWN_NO_CUSTOMER_VERBATIM_OR_SENTIMENT_LABEL,KEEP_OBSERVED_SCORE
4970,4971,,UNOBSERVED,UNKNOWN_NO_CUSTOMER_VERBATIM_OR_SENTIMENT_LABEL,FEEDBACK_NOT_OBSERVED
4971,4972,2,LOW_REPORTED,UNKNOWN_NO_CUSTOMER_VERBATIM_OR_SENTIMENT_LABEL,REVIEW_REPORTED_LOW_CSAT
4972,4973,,UNOBSERVED,UNKNOWN_NO_CUSTOMER_VERBATIM_OR_SENTIMENT_LABEL,FEEDBACK_NOT_OBSERVED
4973,4974,,UNOBSERVED,UNKNOWN_NO_CUSTOMER_VERBATIM_OR_SENTIMENT_LABEL,FEEDBACK_NOT_OBSERVED
4974,4975,,UNOBSERVED,UNKNOWN_NO_CUSTOMER_VERBATIM_OR_SENTIMENT_LABEL,FEEDBACK_NOT_OBSERVED
4975,4976,1,LOW_REPORTED,UNKNOWN_NO_CUSTOMER_VERBATIM_OR_SENTIMENT_LABEL,REVIEW_REPORTED_LOW_CSAT
4976,4977,1,LOW_REPORTED,UNKNOWN_NO_CUSTOMER_VERBATIM_OR_SENTIMENT_LABEL,REVIEW_REPORTED_LOW_CSAT
4977,4978,1,LOW_REPORTED,UNKNOWN_NO_CUSTOMER_VERBATIM_OR_SENTIMENT_LABEL,REVIEW_REPORTED_LOW_CSAT
4978,4979,,UNOBSERVED,UNKNOWN_NO_CUSTOMER_VERBATIM_OR_SENTIMENT_LABEL,FEEDBACK_NOT_OBSERVED
4979,4980,,UNOBSERVED,UNKNOWN_NO_CUSTOMER_VERBATIM_OR_SENTIMENT_LABEL,FEEDBACK_NOT_OBSERVED
4980,4981,,UNOBSERVED,UNKNOWN_NO_CUSTOMER_VERBATIM_OR_SENTIMENT_LABEL,FEEDBACK_NOT_OBSERVED
4981,4982,2,LOW_REPORTED,UNKNOWN_NO_CUSTOMER_VERBATIM_OR_SENTIMENT_LABEL,REVIEW_REPORTED_LOW_CSAT
4982,4983,2,LOW_REPORTED,UNKNOWN_NO_CUSTOMER_VERBATIM_OR_SENTIMENT_LABEL,REVIEW_REPORTED_LOW_CSAT
4983,4984,,UNOBSERVED,UNKNOWN_NO_CUSTOMER_VERBATIM_OR_SENTIMENT_LABEL,FEEDBACK_NOT_OBSERVED
4984,4985,,UNOBSERVED,UNKNOWN_NO_CUSTOMER_VERBATIM_OR_SENTIMENT_LABEL,FEEDBACK_NOT_OBSERVED
4985,4986,,UNOBSERVED,UNKNOWN_NO_CUSTOMER_VERBATIM_OR_SENTIMENT_LABEL,FEEDBACK_NOT_OBSERVED
4986,4987,3,MIDDLE_REPORTED,UNKNOWN_NO_CUSTOMER_VERBATIM_OR_SENTIMENT_LABEL,KEEP_OBSERVED_SCORE
4987,4988,,UNOBSERVED,UNKNOWN_NO_CUSTOMER_VERBATIM_OR_SENTIMENT_LABEL,FEEDBACK_NOT_OBSERVED
4988,4989,,UNOBSERVED,UNKNOWN_NO_CUSTOMER_VERBATIM_OR_SENTIMENT_LABEL,FEEDBACK_NOT_OBSERVED
4989,4990,,UNOBSERVED,UNKNOWN_NO_CUSTOMER_VERBATIM_OR_SENTIMENT_LABEL,FEEDBACK_NOT_OBSERVED
4990,4991,2,LOW_REPORTED,UNKNOWN_NO_CUSTOMER_VERBATIM_OR_SENTIMENT_LABEL,REVIEW_REPORTED_LOW_CSAT
4991,4992,3,MIDDLE_REPORTED,UNKNOWN_NO_CUSTOMER_VERBATIM_OR_SENTIMENT_LABEL,KEEP_OBSERVED_SCORE
4992,4993,,UNOBSERVED,UNKNOWN_NO_CUSTOMER_VERBATIM_OR_SENTIMENT_LABEL,FEEDBACK_NOT_OBSERVED
4993,4994,5,HIGH_REPORTED,UNKNOWN_NO_CUSTOMER_VERBATIM_OR_SENTIMENT_LABEL,KEEP_OBSERVED_SCORE
4994,4995,4,HIGH_REPORTED,UNKNOWN_NO_CUSTOMER_VERBATIM_OR_SENTIMENT_LABEL,KEEP_OBSERVED_SCORE
4995,4996,,UNOBSERVED,UNKNOWN_NO_CUSTOMER_VERBATIM_OR_SENTIMENT_LABEL,FEEDBACK_NOT_OBSERVED
4996,4997,,UNOBSERVED,UNKNOWN_NO_CUSTOMER_VERBATIM_OR_SENTIMENT_LABEL,FEEDBACK_NOT_OBSERVED
4997,4998,4,HIGH_REPORTED,UNKNOWN_NO_CUSTOMER_VERBATIM_OR_SENTIMENT_LABEL,KEEP_OBSERVED_SCORE
4998,4999,,UNOBSERVED,UNKNOWN_NO_CUSTOMER_VERBATIM_OR_SENTIMENT_LABEL,FEEDBACK_NOT_OBSERVED
4999,5000,,UNOBSERVED,UNKNOWN_NO_CUSTOMER_VERBATIM_OR_SENTIMENT_LABEL,FEEDBACK_NOT_OBSERVED
5000,5001,,UNOBSERVED,UNKNOWN_NO_CUSTOMER_VERBATIM_OR_SENTIMENT_LABEL,FEEDBACK_NOT_OBSERVED
5001,5002,,UNOBSERVED,UNKNOWN_NO_CUSTOMER_VERBATIM_OR_SENTIMENT_LABEL,FEEDBACK_NOT_OBSERVED
5002,5003,,UNOBSERVED,UNKNOWN_NO_CUSTOMER_VERBATIM_OR_SENTIMENT_LABEL,FEEDBACK_NOT_OBSERVED
5003,5004,3,MIDDLE_REPORTED,UNKNOWN_NO_CUSTOMER_VERBATIM_OR_SENTIMENT_LABEL,KEEP_OBSERVED_SCORE
5004,5005,5,HIGH_REPORTED,UNKNOWN_NO_CUSTOMER_VERBATIM_OR_SENTIMENT_LABEL,KEEP_OBSERVED_SCORE
5005,5006,,UNOBSERVED,UNKNOWN_NO_CUSTOMER_VERBATIM_OR_SENTIMENT_LABEL,FEEDBACK_NOT_OBSERVED
5006,5007,,UNOBSERVED,UNKNOWN_NO_CUSTOMER_VERBATIM_OR_SENTIMENT_LABEL,FEEDBACK_NOT_OBSERVED
5007,5008,,UNOBSERVED,UNKNOWN_NO_CUSTOMER_VERBATIM_OR_SENTIMENT_LABEL,FEEDBACK_NOT_OBSERVED
5008,5009,,UNOBSERVED,UNKNOWN_NO_CUSTOMER_VERBATIM_OR_SENTIMENT_LABEL,FEEDBACK_NOT_OBSERVED
5009,5010,,UNOBSERVED,UNKNOWN_NO_CUSTOMER_VERBATIM_OR_SENTIMENT_LABEL,FEEDBACK_NOT_OBSERVED
5010,5011,,UNOBSERVED,UNKNOWN_NO_CUSTOMER_VERBATIM_OR_SENTIMENT_LABEL,FEEDBACK_NOT_OBSERVED
5011,5012,4,HIGH_REPORTED,UNKNOWN_NO_CUSTOMER_VERBATIM_OR_SENTIMENT_LABEL,KEEP_OBSERVED_SCORE
5012,5013,5,HIGH_REPORTED,UNKNOWN_NO_CUSTOMER_VERBATIM_OR_SENTIMENT_LABEL,KEEP_OBSERVED_SCORE
5013,5014,,UNOBSERVED,UNKNOWN_NO_CUSTOMER_VERBATIM_OR_SENTIMENT_LABEL,FEEDBACK_NOT_OBSERVED
5014,5015,1,LOW_REPORTED,UNKNOWN_NO_CUSTOMER_VERBATIM_OR_SENTIMENT_LABEL,REVIEW_REPORTED_LOW_CSAT
5015,5016,4,HIGH_REPORTED,UNKNOWN_NO_CUSTOMER_VERBATIM_OR_SENTIMENT_LABEL,KEEP_OBSERVED_SCORE
5016,5017,,UNOBSERVED,UNKNOWN_NO_CUSTOMER_VERBATIM_OR_SENTIMENT_LABEL,FEEDBACK_NOT_OBSERVED
5017,5018,,UNOBSERVED,UNKNOWN_NO_CUSTOMER_VERBATIM_OR_SENTIMENT_LABEL,FEEDBACK_NOT_OBSERVED
5018,5019,,UNOBSERVED,UNKNOWN_NO_CUSTOMER_VERBATIM_OR_SENTIMENT_LABEL,FEEDBACK_NOT_OBSERVED
5019,5020,1,LOW_REPORTED,UNKNOWN_NO_CUSTOMER_VERBATIM_OR_SENTIMENT_LABEL,REVIEW_REPORTED_LOW_CSAT
5020,5021,,UNOBSERVED,UNKNOWN_NO_CUSTOMER_VERBATIM_OR_SENTIMENT_LABEL,FEEDBACK_NOT_OBSERVED
5021,5022,,UNOBSERVED,UNKNOWN_NO_CUSTOMER_VERBATIM_OR_SENTIMENT_LABEL,FEEDBACK_NOT_OBSERVED
5022,5023,,UNOBSERVED,UNKNOWN_NO_CUSTOMER_VERBATIM_OR_SENTIMENT_LABEL,FEEDBACK_NOT_OBSERVED
5023,5024,,UNOBSERVED,UNKNOWN_NO_CUSTOMER_VERBATIM_OR_SENTIMENT_LABEL,FEEDBACK_NOT_OBSERVED
5024,5025,,UNOBSERVED,UNKNOWN_NO_CUSTOMER_VERBATIM_OR_SENTIMENT_LABEL,FEEDBACK_NOT_OBSERVED
5025,5026,3,MIDDLE_REPORTED,UNKNOWN_NO_CUSTOMER_VERBATIM_OR_SENTIMENT_LABEL,KEEP_OBSERVED_SCORE
5026,5027,,UNOBSERVED,UNKNOWN_NO_CUSTOMER_VERBATIM_OR_SENTIMENT_LABEL,FEEDBACK_NOT_OBSERVED
5027,5028,,UNOBSERVED,UNKNOWN_NO_CUSTOMER_VERBATIM_OR_SENTIMENT_LABEL,FEEDBACK_NOT_OBSERVED
5028,5029,,UNOBSERVED,UNKNOWN_NO_CUSTOMER_VERBATIM_OR_SENTIMENT_LABEL,FEEDBACK_NOT_OBSERVED
5029,5030,4,HIGH_REPORTED,UNKNOWN_NO_CUSTOMER_VERBATIM_OR_SENTIMENT_LABEL,KEEP_OBSERVED_SCORE
5030,5031,4,HIGH_REPORTED,UNKNOWN_NO_CUSTOMER_VERBATIM_OR_SENTIMENT_LABEL,KEEP_OBSERVED_SCORE
5031,5032,,UNOBSERVED,UNKNOWN_NO_CUSTOMER_VERBATIM_OR_SENTIMENT_LABEL,FEEDBACK_NOT_OBSERVED
5032,5033,,UNOBSERVED,UNKNOWN_NO_CUSTOMER_VERBATIM_OR_SENTIMENT_LABEL,FEEDBACK_NOT_OBSERVED
5033,5034,,UNOBSERVED,UNKNOWN_NO_CUSTOMER_VERBATIM_OR_SENTIMENT_LABEL,FEEDBACK_NOT_OBSERVED
5034,5035,,UNOBSERVED,UNKNOWN_NO_CUSTOMER_VERBATIM_OR_SENTIMENT_LABEL,FEEDBACK_NOT_OBSERVED
5035,5036,,UNOBSERVED,UNKNOWN_NO_CUSTOMER_VERBATIM_OR_SENTIMENT_LABEL,FEEDBACK_NOT_OBSERVED
5036,5037,,UNOBSERVED,UNKNOWN_NO_CUSTOMER_VERBATIM_OR_SENTIMENT_LABEL,FEEDBACK_NOT_OBSERVED
5037,5038,,UNOBSERVED,UNKNOWN_NO_CUSTOMER_VERBATIM_OR_SENTIMENT_LABEL,FEEDBACK_NOT_OBSERVED
5038,5039,,UNOBSERVED,UNKNOWN_NO_CUSTOMER_VERBATIM_OR_SENTIMENT_LABEL,FEEDBACK_NOT_OBSERVED
5039,5040,,UNOBSERVED,UNKNOWN_NO_CUSTOMER_VERBATIM_OR_SENTIMENT_LABEL,FEEDBACK_NOT_OBSERVED
5040,5041,,UNOBSERVED,UNKNOWN_NO_CUSTOMER_VERBATIM_OR_SENTIMENT_LABEL,FEEDBACK_NOT_OBSERVED
5041,5042,3,MIDDLE_REPORTED,UNKNOWN_NO_CUSTOMER_VERBATIM_OR_SENTIMENT_LABEL,KEEP_OBSERVED_SCORE
5042,5043,1,LOW_REPORTED,UNKNOWN_NO_CUSTOMER_VERBATIM_OR_SENTIMENT_LABEL,REVIEW_REPORTED_LOW_CSAT
5043,5044,2,LOW_REPORTED,UNKNOWN_NO_CUSTOMER_VERBATIM_OR_SENTIMENT_LABEL,REVIEW_REPORTED_LOW_CSAT
5044,5045,,UNOBSERVED,UNKNOWN_NO_CUSTOMER_VERBATIM_OR_SENTIMENT_LABEL,FEEDBACK_NOT_OBSERVED
5045,5046,,UNOBSERVED,UNKNOWN_NO_CUSTOMER_VERBATIM_OR_SENTIMENT_LABEL,FEEDBACK_NOT_OBSERVED
5046,5047,,UNOBSERVED,UNKNOWN_NO_CUSTOMER_VERBATIM_OR_SENTIMENT_LABEL,FEEDBACK_NOT_OBSERVED
5047,5048,3,MIDDLE_REPORTED,UNKNOWN_NO_CUSTOMER_VERBATIM_OR_SENTIMENT_LABEL,KEEP_OBSERVED_SCORE
5048,5049,4,HIGH_REPORTED,UNKNOWN_NO_CUSTOMER_VERBATIM_OR_SENTIMENT_LABEL,KEEP_OBSERVED_SCORE
5049,5050,,UNOBSERVED,UNKNOWN_NO_CUSTOMER_VERBATIM_OR_SENTIMENT_LABEL,FEEDBACK_NOT_OBSERVED
5050,5051,,UNOBSERVED,UNKNOWN_NO_CUSTOMER_VERBATIM_OR_SENTIMENT_LABEL,FEEDBACK_NOT_OBSERVED
5051,5052,,UNOBSERVED,UNKNOWN_NO_CUSTOMER_VERBATIM_OR_SENTIMENT_LABEL,FEEDBACK_NOT_OBSERVED
5052,5053,,UNOBSERVED,UNKNOWN_NO_CUSTOMER_VERBATIM_OR_SENTIMENT_LABEL,FEEDBACK_NOT_OBSERVED
5053,5054,,UNOBSERVED,UNKNOWN_NO_CUSTOMER_VERBATIM_OR_SENTIMENT_LABEL,FEEDBACK_NOT_OBSERVED
5054,5055,3,MIDDLE_REPORTED,UNKNOWN_NO_CUSTOMER_VERBATIM_OR_SENTIMENT_LABEL,KEEP_OBSERVED_SCORE
5055,5056,,UNOBSERVED,UNKNOWN_NO_CUSTOMER_VERBATIM_OR_SENTIMENT_LABEL,FEEDBACK_NOT_OBSERVED
5056,5057,,UNOBSERVED,UNKNOWN_NO_CUSTOMER_VERBATIM_OR_SENTIMENT_LABEL,FEEDBACK_NOT_OBSERVED
5057,5058,,UNOBSERVED,UNKNOWN_NO_CUSTOMER_VERBATIM_OR_SENTIMENT_LABEL,FEEDBACK_NOT_OBSERVED
5058,5059,,UNOBSERVED,UNKNOWN_NO_CUSTOMER_VERBATIM_OR_SENTIMENT_LABEL,FEEDBACK_NOT_OBSERVED
5059,5060,2,LOW_REPORTED,UNKNOWN_NO_CUSTOMER_VERBATIM_OR_SENTIMENT_LABEL,REVIEW_REPORTED_LOW_CSAT
5060,5061,,UNOBSERVED,UNKNOWN_NO_CUSTOMER_VERBATIM_OR_SENTIMENT_LABEL,FEEDBACK_NOT_OBSERVED
5061,5062,3,MIDDLE_REPORTED,UNKNOWN_NO_CUSTOMER_VERBATIM_OR_SENTIMENT_LABEL,KEEP_OBSERVED_SCORE
5062,5063,,UNOBSERVED,UNKNOWN_NO_CUSTOMER_VERBATIM_OR_SENTIMENT_LABEL,FEEDBACK_NOT_OBSERVED
5063,5064,,UNOBSERVED,UNKNOWN_NO_CUSTOMER_VERBATIM_OR_SENTIMENT_LABEL,FEEDBACK_NOT_OBSERVED
5064,5065,,UNOBSERVED,UNKNOWN_NO_CUSTOMER_VERBATIM_OR_SENTIMENT_LABEL,FEEDBACK_NOT_OBSERVED
5065,5066,1,LOW_REPORTED,UNKNOWN_NO_CUSTOMER_VERBATIM_OR_SENTIMENT_LABEL,REVIEW_REPORTED_LOW_CSAT
5066,5067,,UNOBSERVED,UNKNOWN_NO_CUSTOMER_VERBATIM_OR_SENTIMENT_LABEL,FEEDBACK_NOT_OBSERVED
5067,5068,,UNOBSERVED,UNKNOWN_NO_CUSTOMER_VERBATIM_OR_SENTIMENT_LABEL,FEEDBACK_NOT_OBSERVED
5068,5069,,UNOBSERVED,UNKNOWN_NO_CUSTOMER_VERBATIM_OR_SENTIMENT_LABEL,FEEDBACK_NOT_OBSERVED
5069,5070,,UNOBSERVED,UNKNOWN_NO_CUSTOMER_VERBATIM_OR_SENTIMENT_LABEL,FEEDBACK_NOT_OBSERVED
5070,5071,,UNOBSERVED,UNKNOWN_NO_CUSTOMER_VERBATIM_OR_SENTIMENT_LABEL,FEEDBACK_NOT_OBSERVED
5071,5072,,UNOBSERVED,UNKNOWN_NO_CUSTOMER_VERBATIM_OR_SENTIMENT_LABEL,FEEDBACK_NOT_OBSERVED
5072,5073,,UNOBSERVED,UNKNOWN_NO_CUSTOMER_VERBATIM_OR_SENTIMENT_LABEL,FEEDBACK_NOT_OBSERVED
5073,5074,,UNOBSERVED,UNKNOWN_NO_CUSTOMER_VERBATIM_OR_SENTIMENT_LABEL,FEEDBACK_NOT_OBSERVED
5074,5075,,UNOBSERVED,UNKNOWN_NO_CUSTOMER_VERBATIM_OR_SENTIMENT_LABEL,FEEDBACK_NOT_OBSERVED
5075,5076,1,LOW_REPORTED,UNKNOWN_NO_CUSTOMER_VERBATIM_OR_SENTIMENT_LABEL,REVIEW_REPORTED_LOW_CSAT
5076,5077,,UNOBSERVED,UNKNOWN_NO_CUSTOMER_VERBATIM_OR_SENTIMENT_LABEL,FEEDBACK_NOT_OBSERVED
5077,5078,4,HIGH_REPORTED,UNKNOWN_NO_CUSTOMER_VERBATIM_OR_SENTIMENT_LABEL,KEEP_OBSERVED_SCORE
5078,5079,3,MIDDLE_REPORTED,UNKNOWN_NO_CUSTOMER_VERBATIM_OR_SENTIMENT_LABEL,KEEP_OBSERVED_SCORE
5079,5080,,UNOBSERVED,UNKNOWN_NO_CUSTOMER_VERBATIM_OR_SENTIMENT_LABEL,FEEDBACK_NOT_OBSERVED
5080,5081,,UNOBSERVED,UNKNOWN_NO_CUSTOMER_VERBATIM_OR_SENTIMENT_LABEL,FEEDBACK_NOT_OBSERVED
5081,5082,,UNOBSERVED,UNKNOWN_NO_CUSTOMER_VERBATIM_OR_SENTIMENT_LABEL,FEEDBACK_NOT_OBSERVED
5082,5083,,UNOBSERVED,UNKNOWN_NO_CUSTOMER_VERBATIM_OR_SENTIMENT_LABEL,FEEDBACK_NOT_OBSERVED
5083,5084,4,HIGH_REPORTED,UNKNOWN_NO_CUSTOMER_VERBATIM_OR_SENTIMENT_LABEL,KEEP_OBSERVED_SCORE
5084,5085,,UNOBSERVED,UNKNOWN_NO_CUSTOMER_VERBATIM_OR_SENTIMENT_LABEL,FEEDBACK_NOT_OBSERVED
5085,5086,,UNOBSERVED,UNKNOWN_NO_CUSTOMER_VERBATIM_OR_SENTIMENT_LABEL,FEEDBACK_NOT_OBSERVED
5086,5087,,UNOBSERVED,UNKNOWN_NO_CUSTOMER_VERBATIM_OR_SENTIMENT_LABEL,FEEDBACK_NOT_OBSERVED
5087,5088,4,HIGH_REPORTED,UNKNOWN_NO_CUSTOMER_VERBATIM_OR_SENTIMENT_LABEL,KEEP_OBSERVED_SCORE
5088,5089,,UNOBSERVED,UNKNOWN_NO_CUSTOMER_VERBATIM_OR_SENTIMENT_LABEL,FEEDBACK_NOT_OBSERVED
5089,5090,,UNOBSERVED,UNKNOWN_NO_CUSTOMER_VERBATIM_OR_SENTIMENT_LABEL,FEEDBACK_NOT_OBSERVED
5090,5091,,UNOBSERVED,UNKNOWN_NO_CUSTOMER_VERBATIM_OR_SENTIMENT_LABEL,FEEDBACK_NOT_OBSERVED
5091,5092,,UNOBSERVED,UNKNOWN_NO_CUSTOMER_VERBATIM_OR_SENTIMENT_LABEL,FEEDBACK_NOT_OBSERVED
5092,5093,,UNOBSERVED,UNKNOWN_NO_CUSTOMER_VERBATIM_OR_SENTIMENT_LABEL,FEEDBACK_NOT_OBSERVED
5093,5094,5,HIGH_REPORTED,UNKNOWN_NO_CUSTOMER_VERBATIM_OR_SENTIMENT_LABEL,KEEP_OBSERVED_SCORE
5094,5095,,UNOBSERVED,UNKNOWN_NO_CUSTOMER_VERBATIM_OR_SENTIMENT_LABEL,FEEDBACK_NOT_OBSERVED
5095,5096,,UNOBSERVED,UNKNOWN_NO_CUSTOMER_VERBATIM_OR_SENTIMENT_LABEL,FEEDBACK_NOT_OBSERVED
5096,5097,,UNOBSERVED,UNKNOWN_NO_CUSTOMER_VERBATIM_OR_SENTIMENT_LABEL,FEEDBACK_NOT_OBSERVED
5097,5098,,UNOBSERVED,UNKNOWN_NO_CUSTOMER_VERBATIM_OR_SENTIMENT_LABEL,FEEDBACK_NOT_OBSERVED
5098,5099,,UNOBSERVED,UNKNOWN_NO_CUSTOMER_VERBATIM_OR_SENTIMENT_LABEL,FEEDBACK_NOT_OBSERVED
5099,5100,5,HIGH_REPORTED,UNKNOWN_NO_CUSTOMER_VERBATIM_OR_SENTIMENT_LABEL,KEEP_OBSERVED_SCORE
5100,5101,,UNOBSERVED,UNKNOWN_NO_CUSTOMER_VERBATIM_OR_SENTIMENT_LABEL,FEEDBACK_NOT_OBSERVED
5101,5102,,UNOBSERVED,UNKNOWN_NO_CUSTOMER_VERBATIM_OR_SENTIMENT_LABEL,FEEDBACK_NOT_OBSERVED
5102,5103,,UNOBSERVED,UNKNOWN_NO_CUSTOMER_VERBATIM_OR_SENTIMENT_LABEL,FEEDBACK_NOT_OBSERVED
5103,5104,1,LOW_REPORTED,UNKNOWN_NO_CUSTOMER_VERBATIM_OR_SENTIMENT_LABEL,REVIEW_REPORTED_LOW_CSAT
5104,5105,,UNOBSERVED,UNKNOWN_NO_CUSTOMER_VERBATIM_OR_SENTIMENT_LABEL,FEEDBACK_NOT_OBSERVED
5105,5106,,UNOBSERVED,UNKNOWN_NO_CUSTOMER_VERBATIM_OR_SENTIMENT_LABEL,FEEDBACK_NOT_OBSERVED
5106,5107,2,LOW_REPORTED,UNKNOWN_NO_CUSTOMER_VERBATIM_OR_SENTIMENT_LABEL,REVIEW_REPORTED_LOW_CSAT
5107,5108,,UNOBSERVED,UNKNOWN_NO_CUSTOMER_VERBATIM_OR_SENTIMENT_LABEL,FEEDBACK_NOT_OBSERVED
5108,5109,,UNOBSERVED,UNKNOWN_NO_CUSTOMER_VERBATIM_OR_SENTIMENT_LABEL,FEEDBACK_NOT_OBSERVED
5109,5110,4,HIGH_REPORTED,UNKNOWN_NO_CUSTOMER_VERBATIM_OR_SENTIMENT_LABEL,KEEP_OBSERVED_SCORE
5110,5111,,UNOBSERVED,UNKNOWN_NO_CUSTOMER_VERBATIM_OR_SENTIMENT_LABEL,FEEDBACK_NOT_OBSERVED
5111,5112,,UNOBSERVED,UNKNOWN_NO_CUSTOMER_VERBATIM_OR_SENTIMENT_LABEL,FEEDBACK_NOT_OBSERVED
5112,5113,1,LOW_REPORTED,UNKNOWN_NO_CUSTOMER_VERBATIM_OR_SENTIMENT_LABEL,REVIEW_REPORTED_LOW_CSAT
5113,5114,3,MIDDLE_REPORTED,UNKNOWN_NO_CUSTOMER_VERBATIM_OR_SENTIMENT_LABEL,KEEP_OBSERVED_SCORE
5114,5115,1,LOW_REPORTED,UNKNOWN_NO_CUSTOMER_VERBATIM_OR_SENTIMENT_LABEL,REVIEW_REPORTED_LOW_CSAT
5115,5116,,UNOBSERVED,UNKNOWN_NO_CUSTOMER_VERBATIM_OR_SENTIMENT_LABEL,FEEDBACK_NOT_OBSERVED
5116,5117,,UNOBSERVED,UNKNOWN_NO_CUSTOMER_VERBATIM_OR_SENTIMENT_LABEL,FEEDBACK_NOT_OBSERVED
5117,5118,,UNOBSERVED,UNKNOWN_NO_CUSTOMER_VERBATIM_OR_SENTIMENT_LABEL,FEEDBACK_NOT_OBSERVED
5118,5119,3,MIDDLE_REPORTED,UNKNOWN_NO_CUSTOMER_VERBATIM_OR_SENTIMENT_LABEL,KEEP_OBSERVED_SCORE
5119,5120,2,LOW_REPORTED,UNKNOWN_NO_CUSTOMER_VERBATIM_OR_SENTIMENT_LABEL,REVIEW_REPORTED_LOW_CSAT
5120,5121,3,MIDDLE_REPORTED,UNKNOWN_NO_CUSTOMER_VERBATIM_OR_SENTIMENT_LABEL,KEEP_OBSERVED_SCORE
5121,5122,,UNOBSERVED,UNKNOWN_NO_CUSTOMER_VERBATIM_OR_SENTIMENT_LABEL,FEEDBACK_NOT_OBSERVED
5122,5123,,UNOBSERVED,UNKNOWN_NO_CUSTOMER_VERBATIM_OR_SENTIMENT_LABEL,FEEDBACK_NOT_OBSERVED
5123,5124,1,LOW_REPORTED,UNKNOWN_NO_CUSTOMER_VERBATIM_OR_SENTIMENT_LABEL,REVIEW_REPORTED_LOW_CSAT
5124,5125,1,LOW_REPORTED,UNKNOWN_NO_CUSTOMER_VERBATIM_OR_SENTIMENT_LABEL,REVIEW_REPORTED_LOW_CSAT
5125,5126,,UNOBSERVED,UNKNOWN_NO_CUSTOMER_VERBATIM_OR_SENTIMENT_LABEL,FEEDBACK_NOT_OBSERVED
5126,5127,,UNOBSERVED,UNKNOWN_NO_CUSTOMER_VERBATIM_OR_SENTIMENT_LABEL,FEEDBACK_NOT_OBSERVED
5127,5128,3,MIDDLE_REPORTED,UNKNOWN_NO_CUSTOMER_VERBATIM_OR_SENTIMENT_LABEL,KEEP_OBSERVED_SCORE
5128,5129,4,HIGH_REPORTED,UNKNOWN_NO_CUSTOMER_VERBATIM_OR_SENTIMENT_LABEL,KEEP_OBSERVED_SCORE
5129,5130,5,HIGH_REPORTED,UNKNOWN_NO_CUSTOMER_VERBATIM_OR_SENTIMENT_LABEL,KEEP_OBSERVED_SCORE
5130,5131,,UNOBSERVED,UNKNOWN_NO_CUSTOMER_VERBATIM_OR_SENTIMENT_LABEL,FEEDBACK_NOT_OBSERVED
5131,5132,,UNOBSERVED,UNKNOWN_NO_CUSTOMER_VERBATIM_OR_SENTIMENT_LABEL,FEEDBACK_NOT_OBSERVED
5132,5133,,UNOBSERVED,UNKNOWN_NO_CUSTOMER_VERBATIM_OR_SENTIMENT_LABEL,FEEDBACK_NOT_OBSERVED
5133,5134,5,HIGH_REPORTED,UNKNOWN_NO_CUSTOMER_VERBATIM_OR_SENTIMENT_LABEL,KEEP_OBSERVED_SCORE
5134,5135,2,LOW_REPORTED,UNKNOWN_NO_CUSTOMER_VERBATIM_OR_SENTIMENT_LABEL,REVIEW_REPORTED_LOW_CSAT
5135,5136,,UNOBSERVED,UNKNOWN_NO_CUSTOMER_VERBATIM_OR_SENTIMENT_LABEL,FEEDBACK_NOT_OBSERVED
5136,5137,,UNOBSERVED,UNKNOWN_NO_CUSTOMER_VERBATIM_OR_SENTIMENT_LABEL,FEEDBACK_NOT_OBSERVED
5137,5138,,UNOBSERVED,UNKNOWN_NO_CUSTOMER_VERBATIM_OR_SENTIMENT_LABEL,FEEDBACK_NOT_OBSERVED
5138,5139,,UNOBSERVED,UNKNOWN_NO_CUSTOMER_VERBATIM_OR_SENTIMENT_LABEL,FEEDBACK_NOT_OBSERVED
5139,5140,5,HIGH_REPORTED,UNKNOWN_NO_CUSTOMER_VERBATIM_OR_SENTIMENT_LABEL,KEEP_OBSERVED_SCORE
5140,5141,,UNOBSERVED,UNKNOWN_NO_CUSTOMER_VERBATIM_OR_SENTIMENT_LABEL,FEEDBACK_NOT_OBSERVED
5141,5142,,UNOBSERVED,UNKNOWN_NO_CUSTOMER_VERBATIM_OR_SENTIMENT_LABEL,FEEDBACK_NOT_OBSERVED
5142,5143,,UNOBSERVED,UNKNOWN_NO_CUSTOMER_VERBATIM_OR_SENTIMENT_LABEL,FEEDBACK_NOT_OBSERVED
5143,5144,,UNOBSERVED,UNKNOWN_NO_CUSTOMER_VERBATIM_OR_SENTIMENT_LABEL,FEEDBACK_NOT_OBSERVED
5144,5145,4,HIGH_REPORTED,UNKNOWN_NO_CUSTOMER_VERBATIM_OR_SENTIMENT_LABEL,KEEP_OBSERVED_SCORE
5145,5146,2,LOW_REPORTED,UNKNOWN_NO_CUSTOMER_VERBATIM_OR_SENTIMENT_LABEL,REVIEW_REPORTED_LOW_CSAT
5146,5147,2,LOW_REPORTED,UNKNOWN_NO_CUSTOMER_VERBATIM_OR_SENTIMENT_LABEL,REVIEW_REPORTED_LOW_CSAT
5147,5148,,UNOBSERVED,UNKNOWN_NO_CUSTOMER_VERBATIM_OR_SENTIMENT_LABEL,FEEDBACK_NOT_OBSERVED
5148,5149,2,LOW_REPORTED,UNKNOWN_NO_CUSTOMER_VERBATIM_OR_SENTIMENT_LABEL,REVIEW_REPORTED_LOW_CSAT
5149,5150,2,LOW_REPORTED,UNKNOWN_NO_CUSTOMER_VERBATIM_OR_SENTIMENT_LABEL,REVIEW_REPORTED_LOW_CSAT
5150,5151,,UNOBSERVED,UNKNOWN_NO_CUSTOMER_VERBATIM_OR_SENTIMENT_LABEL,FEEDBACK_NOT_OBSERVED
5151,5152,,UNOBSERVED,UNKNOWN_NO_CUSTOMER_VERBATIM_OR_SENTIMENT_LABEL,FEEDBACK_NOT_OBSERVED
5152,5153,3,MIDDLE_REPORTED,UNKNOWN_NO_CUSTOMER_VERBATIM_OR_SENTIMENT_LABEL,KEEP_OBSERVED_SCORE
5153,5154,1,LOW_REPORTED,UNKNOWN_NO_CUSTOMER_VERBATIM_OR_SENTIMENT_LABEL,REVIEW_REPORTED_LOW_CSAT
5154,5155,4,HIGH_REPORTED,UNKNOWN_NO_CUSTOMER_VERBATIM_OR_SENTIMENT_LABEL,KEEP_OBSERVED_SCORE
5155,5156,4,HIGH_REPORTED,UNKNOWN_NO_CUSTOMER_VERBATIM_OR_SENTIMENT_LABEL,KEEP_OBSERVED_SCORE
5156,5157,,UNOBSERVED,UNKNOWN_NO_CUSTOMER_VERBATIM_OR_SENTIMENT_LABEL,FEEDBACK_NOT_OBSERVED
5157,5158,3,MIDDLE_REPORTED,UNKNOWN_NO_CUSTOMER_VERBATIM_OR_SENTIMENT_LABEL,KEEP_OBSERVED_SCORE
5158,5159,5,HIGH_REPORTED,UNKNOWN_NO_CUSTOMER_VERBATIM_OR_SENTIMENT_LABEL,KEEP_OBSERVED_SCORE
5159,5160,,UNOBSERVED,UNKNOWN_NO_CUSTOMER_VERBATIM_OR_SENTIMENT_LABEL,FEEDBACK_NOT_OBSERVED
5160,5161,,UNOBSERVED,UNKNOWN_NO_CUSTOMER_VERBATIM_OR_SENTIMENT_LABEL,FEEDBACK_NOT_OBSERVED
5161,5162,2,LOW_REPORTED,UNKNOWN_NO_CUSTOMER_VERBATIM_OR_SENTIMENT_LABEL,REVIEW_REPORTED_LOW_CSAT
5162,5163,,UNOBSERVED,UNKNOWN_NO_CUSTOMER_VERBATIM_OR_SENTIMENT_LABEL,FEEDBACK_NOT_OBSERVED
5163,5164,,UNOBSERVED,UNKNOWN_NO_CUSTOMER_VERBATIM_OR_SENTIMENT_LABEL,FEEDBACK_NOT_OBSERVED
5164,5165,4,HIGH_REPORTED,UNKNOWN_NO_CUSTOMER_VERBATIM_OR_SENTIMENT_LABEL,KEEP_OBSERVED_SCORE
5165,5166,,UNOBSERVED,UNKNOWN_NO_CUSTOMER_VERBATIM_OR_SENTIMENT_LABEL,FEEDBACK_NOT_OBSERVED
5166,5167,,UNOBSERVED,UNKNOWN_NO_CUSTOMER_VERBATIM_OR_SENTIMENT_LABEL,FEEDBACK_NOT_OBSERVED
5167,5168,,UNOBSERVED,UNKNOWN_NO_CUSTOMER_VERBATIM_OR_SENTIMENT_LABEL,FEEDBACK_NOT_OBSERVED
5168,5169,3,MIDDLE_REPORTED,UNKNOWN_NO_CUSTOMER_VERBATIM_OR_SENTIMENT_LABEL,KEEP_OBSERVED_SCORE
5169,5170,,UNOBSERVED,UNKNOWN_NO_CUSTOMER_VERBATIM_OR_SENTIMENT_LABEL,FEEDBACK_NOT_OBSERVED
5170,5171,4,HIGH_REPORTED,UNKNOWN_NO_CUSTOMER_VERBATIM_OR_SENTIMENT_LABEL,KEEP_OBSERVED_SCORE
5171,5172,3,MIDDLE_REPORTED,UNKNOWN_NO_CUSTOMER_VERBATIM_OR_SENTIMENT_LABEL,KEEP_OBSERVED_SCORE
5172,5173,,UNOBSERVED,UNKNOWN_NO_CUSTOMER_VERBATIM_OR_SENTIMENT_LABEL,FEEDBACK_NOT_OBSERVED
5173,5174,,UNOBSERVED,UNKNOWN_NO_CUSTOMER_VERBATIM_OR_SENTIMENT_LABEL,FEEDBACK_NOT_OBSERVED
5174,5175,2,LOW_REPORTED,UNKNOWN_NO_CUSTOMER_VERBATIM_OR_SENTIMENT_LABEL,REVIEW_REPORTED_LOW_CSAT
5175,5176,2,LOW_REPORTED,UNKNOWN_NO_CUSTOMER_VERBATIM_OR_SENTIMENT_LABEL,REVIEW_REPORTED_LOW_CSAT
5176,5177,,UNOBSERVED,UNKNOWN_NO_CUSTOMER_VERBATIM_OR_SENTIMENT_LABEL,FEEDBACK_NOT_OBSERVED
5177,5178,,UNOBSERVED,UNKNOWN_NO_CUSTOMER_VERBATIM_OR_SENTIMENT_LABEL,FEEDBACK_NOT_OBSERVED
5178,5179,,UNOBSERVED,UNKNOWN_NO_CUSTOMER_VERBATIM_OR_SENTIMENT_LABEL,FEEDBACK_NOT_OBSERVED
5179,5180,5,HIGH_REPORTED,UNKNOWN_NO_CUSTOMER_VERBATIM_OR_SENTIMENT_LABEL,KEEP_OBSERVED_SCORE
5180,5181,3,MIDDLE_REPORTED,UNKNOWN_NO_CUSTOMER_VERBATIM_OR_SENTIMENT_LABEL,KEEP_OBSERVED_SCORE
5181,5182,,UNOBSERVED,UNKNOWN_NO_CUSTOMER_VERBATIM_OR_SENTIMENT_LABEL,FEEDBACK_NOT_OBSERVED
5182,5183,,UNOBSERVED,UNKNOWN_NO_CUSTOMER_VERBATIM_OR_SENTIMENT_LABEL,FEEDBACK_NOT_OBSERVED
5183,5184,,UNOBSERVED,UNKNOWN_NO_CUSTOMER_VERBATIM_OR_SENTIMENT_LABEL,FEEDBACK_NOT_OBSERVED
5184,5185,,UNOBSERVED,UNKNOWN_NO_CUSTOMER_VERBATIM_OR_SENTIMENT_LABEL,FEEDBACK_NOT_OBSERVED
5185,5186,,UNOBSERVED,UNKNOWN_NO_CUSTOMER_VERBATIM_OR_SENTIMENT_LABEL,FEEDBACK_NOT_OBSERVED
5186,5187,2,LOW_REPORTED,UNKNOWN_NO_CUSTOMER_VERBATIM_OR_SENTIMENT_LABEL,REVIEW_REPORTED_LOW_CSAT
5187,5188,2,LOW_REPORTED,UNKNOWN_NO_CUSTOMER_VERBATIM_OR_SENTIMENT_LABEL,REVIEW_REPORTED_LOW_CSAT
5188,5189,,UNOBSERVED,UNKNOWN_NO_CUSTOMER_VERBATIM_OR_SENTIMENT_LABEL,FEEDBACK_NOT_OBSERVED
5189,5190,,UNOBSERVED,UNKNOWN_NO_CUSTOMER_VERBATIM_OR_SENTIMENT_LABEL,FEEDBACK_NOT_OBSERVED
5190,5191,3,MIDDLE_REPORTED,UNKNOWN_NO_CUSTOMER_VERBATIM_OR_SENTIMENT_LABEL,KEEP_OBSERVED_SCORE
5191,5192,,UNOBSERVED,UNKNOWN_NO_CUSTOMER_VERBATIM_OR_SENTIMENT_LABEL,FEEDBACK_NOT_OBSERVED
5192,5193,1,LOW_REPORTED,UNKNOWN_NO_CUSTOMER_VERBATIM_OR_SENTIMENT_LABEL,REVIEW_REPORTED_LOW_CSAT
5193,5194,,UNOBSERVED,UNKNOWN_NO_CUSTOMER_VERBATIM_OR_SENTIMENT_LABEL,FEEDBACK_NOT_OBSERVED
5194,5195,,UNOBSERVED,UNKNOWN_NO_CUSTOMER_VERBATIM_OR_SENTIMENT_LABEL,FEEDBACK_NOT_OBSERVED
5195,5196,,UNOBSERVED,UNKNOWN_NO_CUSTOMER_VERBATIM_OR_SENTIMENT_LABEL,FEEDBACK_NOT_OBSERVED
5196,5197,1,LOW_REPORTED,UNKNOWN_NO_CUSTOMER_VERBATIM_OR_SENTIMENT_LABEL,REVIEW_REPORTED_LOW_CSAT
5197,5198,4,HIGH_REPORTED,UNKNOWN_NO_CUSTOMER_VERBATIM_OR_SENTIMENT_LABEL,KEEP_OBSERVED_SCORE
5198,5199,,UNOBSERVED,UNKNOWN_NO_CUSTOMER_VERBATIM_OR_SENTIMENT_LABEL,FEEDBACK_NOT_OBSERVED
5199,5200,,UNOBSERVED,UNKNOWN_NO_CUSTOMER_VERBATIM_OR_SENTIMENT_LABEL,FEEDBACK_NOT_OBSERVED
5200,5201,,UNOBSERVED,UNKNOWN_NO_CUSTOMER_VERBATIM_OR_SENTIMENT_LABEL,FEEDBACK_NOT_OBSERVED
5201,5202,,UNOBSERVED,UNKNOWN_NO_CUSTOMER_VERBATIM_OR_SENTIMENT_LABEL,FEEDBACK_NOT_OBSERVED
5202,5203,,UNOBSERVED,UNKNOWN_NO_CUSTOMER_VERBATIM_OR_SENTIMENT_LABEL,FEEDBACK_NOT_OBSERVED
5203,5204,3,MIDDLE_REPORTED,UNKNOWN_NO_CUSTOMER_VERBATIM_OR_SENTIMENT_LABEL,KEEP_OBSERVED_SCORE
5204,5205,5,HIGH_REPORTED,UNKNOWN_NO_CUSTOMER_VERBATIM_OR_SENTIMENT_LABEL,KEEP_OBSERVED_SCORE
5205,5206,,UNOBSERVED,UNKNOWN_NO_CUSTOMER_VERBATIM_OR_SENTIMENT_LABEL,FEEDBACK_NOT_OBSERVED
5206,5207,,UNOBSERVED,UNKNOWN_NO_CUSTOMER_VERBATIM_OR_SENTIMENT_LABEL,FEEDBACK_NOT_OBSERVED
5207,5208,,UNOBSERVED,UNKNOWN_NO_CUSTOMER_VERBATIM_OR_SENTIMENT_LABEL,FEEDBACK_NOT_OBSERVED
5208,5209,,UNOBSERVED,UNKNOWN_NO_CUSTOMER_VERBATIM_OR_SENTIMENT_LABEL,FEEDBACK_NOT_OBSERVED
5209,5210,,UNOBSERVED,UNKNOWN_NO_CUSTOMER_VERBATIM_OR_SENTIMENT_LABEL,FEEDBACK_NOT_OBSERVED
5210,5211,1,LOW_REPORTED,UNKNOWN_NO_CUSTOMER_VERBATIM_OR_SENTIMENT_LABEL,REVIEW_REPORTED_LOW_CSAT
5211,5212,4,HIGH_REPORTED,UNKNOWN_NO_CUSTOMER_VERBATIM_OR_SENTIMENT_LABEL,KEEP_OBSERVED_SCORE
5212,5213,4,HIGH_REPORTED,UNKNOWN_NO_CUSTOMER_VERBATIM_OR_SENTIMENT_LABEL,KEEP_OBSERVED_SCORE
5213,5214,,UNOBSERVED,UNKNOWN_NO_CUSTOMER_VERBATIM_OR_SENTIMENT_LABEL,FEEDBACK_NOT_OBSERVED
5214,5215,,UNOBSERVED,UNKNOWN_NO_CUSTOMER_VERBATIM_OR_SENTIMENT_LABEL,FEEDBACK_NOT_OBSERVED
5215,5216,4,HIGH_REPORTED,UNKNOWN_NO_CUSTOMER_VERBATIM_OR_SENTIMENT_LABEL,KEEP_OBSERVED_SCORE
5216,5217,,UNOBSERVED,UNKNOWN_NO_CUSTOMER_VERBATIM_OR_SENTIMENT_LABEL,FEEDBACK_NOT_OBSERVED
5217,5218,,UNOBSERVED,UNKNOWN_NO_CUSTOMER_VERBATIM_OR_SENTIMENT_LABEL,FEEDBACK_NOT_OBSERVED
5218,5219,4,HIGH_REPORTED,UNKNOWN_NO_CUSTOMER_VERBATIM_OR_SENTIMENT_LABEL,KEEP_OBSERVED_SCORE
5219,5220,,UNOBSERVED,UNKNOWN_NO_CUSTOMER_VERBATIM_OR_SENTIMENT_LABEL,FEEDBACK_NOT_OBSERVED
5220,5221,,UNOBSERVED,UNKNOWN_NO_CUSTOMER_VERBATIM_OR_SENTIMENT_LABEL,FEEDBACK_NOT_OBSERVED
5221,5222,,UNOBSERVED,UNKNOWN_NO_CUSTOMER_VERBATIM_OR_SENTIMENT_LABEL,FEEDBACK_NOT_OBSERVED
5222,5223,,UNOBSERVED,UNKNOWN_NO_CUSTOMER_VERBATIM_OR_SENTIMENT_LABEL,FEEDBACK_NOT_OBSERVED
5223,5224,,UNOBSERVED,UNKNOWN_NO_CUSTOMER_VERBATIM_OR_SENTIMENT_LABEL,FEEDBACK_NOT_OBSERVED
5224,5225,3,MIDDLE_REPORTED,UNKNOWN_NO_CUSTOMER_VERBATIM_OR_SENTIMENT_LABEL,KEEP_OBSERVED_SCORE
5225,5226,,UNOBSERVED,UNKNOWN_NO_CUSTOMER_VERBATIM_OR_SENTIMENT_LABEL,FEEDBACK_NOT_OBSERVED
5226,5227,,UNOBSERVED,UNKNOWN_NO_CUSTOMER_VERBATIM_OR_SENTIMENT_LABEL,FEEDBACK_NOT_OBSERVED
5227,5228,,UNOBSERVED,UNKNOWN_NO_CUSTOMER_VERBATIM_OR_SENTIMENT_LABEL,FEEDBACK_NOT_OBSERVED
5228,5229,5,HIGH_REPORTED,UNKNOWN_NO_CUSTOMER_VERBATIM_OR_SENTIMENT_LABEL,KEEP_OBSERVED_SCORE
5229,5230,,UNOBSERVED,UNKNOWN_NO_CUSTOMER_VERBATIM_OR_SENTIMENT_LABEL,FEEDBACK_NOT_OBSERVED
5230,5231,5,HIGH_REPORTED,UNKNOWN_NO_CUSTOMER_VERBATIM_OR_SENTIMENT_LABEL,KEEP_OBSERVED_SCORE
5231,5232,2,LOW_REPORTED,UNKNOWN_NO_CUSTOMER_VERBATIM_OR_SENTIMENT_LABEL,REVIEW_REPORTED_LOW_CSAT
5232,5233,2,LOW_REPORTED,UNKNOWN_NO_CUSTOMER_VERBATIM_OR_SENTIMENT_LABEL,REVIEW_REPORTED_LOW_CSAT
5233,5234,,UNOBSERVED,UNKNOWN_NO_CUSTOMER_VERBATIM_OR_SENTIMENT_LABEL,FEEDBACK_NOT_OBSERVED
5234,5235,3,MIDDLE_REPORTED,UNKNOWN_NO_CUSTOMER_VERBATIM_OR_SENTIMENT_LABEL,KEEP_OBSERVED_SCORE
5235,5236,,UNOBSERVED,UNKNOWN_NO_CUSTOMER_VERBATIM_OR_SENTIMENT_LABEL,FEEDBACK_NOT_OBSERVED
5236,5237,,UNOBSERVED,UNKNOWN_NO_CUSTOMER_VERBATIM_OR_SENTIMENT_LABEL,FEEDBACK_NOT_OBSERVED
5237,5238,4,HIGH_REPORTED,UNKNOWN_NO_CUSTOMER_VERBATIM_OR_SENTIMENT_LABEL,KEEP_OBSERVED_SCORE
5238,5239,4,HIGH_REPORTED,UNKNOWN_NO_CUSTOMER_VERBATIM_OR_SENTIMENT_LABEL,KEEP_OBSERVED_SCORE
5239,5240,,UNOBSERVED,UNKNOWN_NO_CUSTOMER_VERBATIM_OR_SENTIMENT_LABEL,FEEDBACK_NOT_OBSERVED
5240,5241,4,HIGH_REPORTED,UNKNOWN_NO_CUSTOMER_VERBATIM_OR_SENTIMENT_LABEL,KEEP_OBSERVED_SCORE
5241,5242,3,MIDDLE_REPORTED,UNKNOWN_NO_CUSTOMER_VERBATIM_OR_SENTIMENT_LABEL,KEEP_OBSERVED_SCORE
5242,5243,5,HIGH_REPORTED,UNKNOWN_NO_CUSTOMER_VERBATIM_OR_SENTIMENT_LABEL,KEEP_OBSERVED_SCORE
5243,5244,,UNOBSERVED,UNKNOWN_NO_CUSTOMER_VERBATIM_OR_SENTIMENT_LABEL,FEEDBACK_NOT_OBSERVED
5244,5245,,UNOBSERVED,UNKNOWN_NO_CUSTOMER_VERBATIM_OR_SENTIMENT_LABEL,FEEDBACK_NOT_OBSERVED
5245,5246,5,HIGH_REPORTED,UNKNOWN_NO_CUSTOMER_VERBATIM_OR_SENTIMENT_LABEL,KEEP_OBSERVED_SCORE
5246,5247,5,HIGH_REPORTED,UNKNOWN_NO_CUSTOMER_VERBATIM_OR_SENTIMENT_LABEL,KEEP_OBSERVED_SCORE
5247,5248,1,LOW_REPORTED,UNKNOWN_NO_CUSTOMER_VERBATIM_OR_SENTIMENT_LABEL,REVIEW_REPORTED_LOW_CSAT
5248,5249,2,LOW_REPORTED,UNKNOWN_NO_CUSTOMER_VERBATIM_OR_SENTIMENT_LABEL,REVIEW_REPORTED_LOW_CSAT
5249,5250,,UNOBSERVED,UNKNOWN_NO_CUSTOMER_VERBATIM_OR_SENTIMENT_LABEL,FEEDBACK_NOT_OBSERVED
5250,5251,,UNOBSERVED,UNKNOWN_NO_CUSTOMER_VERBATIM_OR_SENTIMENT_LABEL,FEEDBACK_NOT_OBSERVED
5251,5252,3,MIDDLE_REPORTED,UNKNOWN_NO_CUSTOMER_VERBATIM_OR_SENTIMENT_LABEL,KEEP_OBSERVED_SCORE
5252,5253,,UNOBSERVED,UNKNOWN_NO_CUSTOMER_VERBATIM_OR_SENTIMENT_LABEL,FEEDBACK_NOT_OBSERVED
5253,5254,2,LOW_REPORTED,UNKNOWN_NO_CUSTOMER_VERBATIM_OR_SENTIMENT_LABEL,REVIEW_REPORTED_LOW_CSAT
5254,5255,,UNOBSERVED,UNKNOWN_NO_CUSTOMER_VERBATIM_OR_SENTIMENT_LABEL,FEEDBACK_NOT_OBSERVED
5255,5256,,UNOBSERVED,UNKNOWN_NO_CUSTOMER_VERBATIM_OR_SENTIMENT_LABEL,FEEDBACK_NOT_OBSERVED
5256,5257,,UNOBSERVED,UNKNOWN_NO_CUSTOMER_VERBATIM_OR_SENTIMENT_LABEL,FEEDBACK_NOT_OBSERVED
5257,5258,,UNOBSERVED,UNKNOWN_NO_CUSTOMER_VERBATIM_OR_SENTIMENT_LABEL,FEEDBACK_NOT_OBSERVED
5258,5259,,UNOBSERVED,UNKNOWN_NO_CUSTOMER_VERBATIM_OR_SENTIMENT_LABEL,FEEDBACK_NOT_OBSERVED
5259,5260,,UNOBSERVED,UNKNOWN_NO_CUSTOMER_VERBATIM_OR_SENTIMENT_LABEL,FEEDBACK_NOT_OBSERVED
5260,5261,,UNOBSERVED,UNKNOWN_NO_CUSTOMER_VERBATIM_OR_SENTIMENT_LABEL,FEEDBACK_NOT_OBSERVED
5261,5262,,UNOBSERVED,UNKNOWN_NO_CUSTOMER_VERBATIM_OR_SENTIMENT_LABEL,FEEDBACK_NOT_OBSERVED
5262,5263,,UNOBSERVED,UNKNOWN_NO_CUSTOMER_VERBATIM_OR_SENTIMENT_LABEL,FEEDBACK_NOT_OBSERVED
5263,5264,,UNOBSERVED,UNKNOWN_NO_CUSTOMER_VERBATIM_OR_SENTIMENT_LABEL,FEEDBACK_NOT_OBSERVED
5264,5265,4,HIGH_REPORTED,UNKNOWN_NO_CUSTOMER_VERBATIM_OR_SENTIMENT_LABEL,KEEP_OBSERVED_SCORE
5265,5266,3,MIDDLE_REPORTED,UNKNOWN_NO_CUSTOMER_VERBATIM_OR_SENTIMENT_LABEL,KEEP_OBSERVED_SCORE
5266,5267,,UNOBSERVED,UNKNOWN_NO_CUSTOMER_VERBATIM_OR_SENTIMENT_LABEL,FEEDBACK_NOT_OBSERVED
5267,5268,,UNOBSERVED,UNKNOWN_NO_CUSTOMER_VERBATIM_OR_SENTIMENT_LABEL,FEEDBACK_NOT_OBSERVED
5268,5269,,UNOBSERVED,UNKNOWN_NO_CUSTOMER_VERBATIM_OR_SENTIMENT_LABEL,FEEDBACK_NOT_OBSERVED
5269,5270,2,LOW_REPORTED,UNKNOWN_NO_CUSTOMER_VERBATIM_OR_SENTIMENT_LABEL,REVIEW_REPORTED_LOW_CSAT
5270,5271,,UNOBSERVED,UNKNOWN_NO_CUSTOMER_VERBATIM_OR_SENTIMENT_LABEL,FEEDBACK_NOT_OBSERVED
5271,5272,,UNOBSERVED,UNKNOWN_NO_CUSTOMER_VERBATIM_OR_SENTIMENT_LABEL,FEEDBACK_NOT_OBSERVED
5272,5273,3,MIDDLE_REPORTED,UNKNOWN_NO_CUSTOMER_VERBATIM_OR_SENTIMENT_LABEL,KEEP_OBSERVED_SCORE
5273,5274,5,HIGH_REPORTED,UNKNOWN_NO_CUSTOMER_VERBATIM_OR_SENTIMENT_LABEL,KEEP_OBSERVED_SCORE
5274,5275,,UNOBSERVED,UNKNOWN_NO_CUSTOMER_VERBATIM_OR_SENTIMENT_LABEL,FEEDBACK_NOT_OBSERVED
5275,5276,,UNOBSERVED,UNKNOWN_NO_CUSTOMER_VERBATIM_OR_SENTIMENT_LABEL,FEEDBACK_NOT_OBSERVED
5276,5277,,UNOBSERVED,UNKNOWN_NO_CUSTOMER_VERBATIM_OR_SENTIMENT_LABEL,FEEDBACK_NOT_OBSERVED
5277,5278,,UNOBSERVED,UNKNOWN_NO_CUSTOMER_VERBATIM_OR_SENTIMENT_LABEL,FEEDBACK_NOT_OBSERVED
5278,5279,,UNOBSERVED,UNKNOWN_NO_CUSTOMER_VERBATIM_OR_SENTIMENT_LABEL,FEEDBACK_NOT_OBSERVED
5279,5280,,UNOBSERVED,UNKNOWN_NO_CUSTOMER_VERBATIM_OR_SENTIMENT_LABEL,FEEDBACK_NOT_OBSERVED
5280,5281,,UNOBSERVED,UNKNOWN_NO_CUSTOMER_VERBATIM_OR_SENTIMENT_LABEL,FEEDBACK_NOT_OBSERVED
5281,5282,,UNOBSERVED,UNKNOWN_NO_CUSTOMER_VERBATIM_OR_SENTIMENT_LABEL,FEEDBACK_NOT_OBSERVED
5282,5283,,UNOBSERVED,UNKNOWN_NO_CUSTOMER_VERBATIM_OR_SENTIMENT_LABEL,FEEDBACK_NOT_OBSERVED
5283,5284,,UNOBSERVED,UNKNOWN_NO_CUSTOMER_VERBATIM_OR_SENTIMENT_LABEL,FEEDBACK_NOT_OBSERVED
5284,5285,4,HIGH_REPORTED,UNKNOWN_NO_CUSTOMER_VERBATIM_OR_SENTIMENT_LABEL,KEEP_OBSERVED_SCORE
5285,5286,,UNOBSERVED,UNKNOWN_NO_CUSTOMER_VERBATIM_OR_SENTIMENT_LABEL,FEEDBACK_NOT_OBSERVED
5286,5287,,UNOBSERVED,UNKNOWN_NO_CUSTOMER_VERBATIM_OR_SENTIMENT_LABEL,FEEDBACK_NOT_OBSERVED
5287,5288,,UNOBSERVED,UNKNOWN_NO_CUSTOMER_VERBATIM_OR_SENTIMENT_LABEL,FEEDBACK_NOT_OBSERVED
5288,5289,,UNOBSERVED,UNKNOWN_NO_CUSTOMER_VERBATIM_OR_SENTIMENT_LABEL,FEEDBACK_NOT_OBSERVED
5289,5290,1,LOW_REPORTED,UNKNOWN_NO_CUSTOMER_VERBATIM_OR_SENTIMENT_LABEL,REVIEW_REPORTED_LOW_CSAT
5290,5291,4,HIGH_REPORTED,UNKNOWN_NO_CUSTOMER_VERBATIM_OR_SENTIMENT_LABEL,KEEP_OBSERVED_SCORE
5291,5292,,UNOBSERVED,UNKNOWN_NO_CUSTOMER_VERBATIM_OR_SENTIMENT_LABEL,FEEDBACK_NOT_OBSERVED
5292,5293,4,HIGH_REPORTED,UNKNOWN_NO_CUSTOMER_VERBATIM_OR_SENTIMENT_LABEL,KEEP_OBSERVED_SCORE
5293,5294,3,MIDDLE_REPORTED,UNKNOWN_NO_CUSTOMER_VERBATIM_OR_SENTIMENT_LABEL,KEEP_OBSERVED_SCORE
5294,5295,,UNOBSERVED,UNKNOWN_NO_CUSTOMER_VERBATIM_OR_SENTIMENT_LABEL,FEEDBACK_NOT_OBSERVED
5295,5296,,UNOBSERVED,UNKNOWN_NO_CUSTOMER_VERBATIM_OR_SENTIMENT_LABEL,FEEDBACK_NOT_OBSERVED
5296,5297,,UNOBSERVED,UNKNOWN_NO_CUSTOMER_VERBATIM_OR_SENTIMENT_LABEL,FEEDBACK_NOT_OBSERVED
5297,5298,,UNOBSERVED,UNKNOWN_NO_CUSTOMER_VERBATIM_OR_SENTIMENT_LABEL,FEEDBACK_NOT_OBSERVED
5298,5299,3,MIDDLE_REPORTED,UNKNOWN_NO_CUSTOMER_VERBATIM_OR_SENTIMENT_LABEL,KEEP_OBSERVED_SCORE
5299,5300,,UNOBSERVED,UNKNOWN_NO_CUSTOMER_VERBATIM_OR_SENTIMENT_LABEL,FEEDBACK_NOT_OBSERVED
5300,5301,,UNOBSERVED,UNKNOWN_NO_CUSTOMER_VERBATIM_OR_SENTIMENT_LABEL,FEEDBACK_NOT_OBSERVED
5301,5302,2,LOW_REPORTED,UNKNOWN_NO_CUSTOMER_VERBATIM_OR_SENTIMENT_LABEL,REVIEW_REPORTED_LOW_CSAT
5302,5303,,UNOBSERVED,UNKNOWN_NO_CUSTOMER_VERBATIM_OR_SENTIMENT_LABEL,FEEDBACK_NOT_OBSERVED
5303,5304,,UNOBSERVED,UNKNOWN_NO_CUSTOMER_VERBATIM_OR_SENTIMENT_LABEL,FEEDBACK_NOT_OBSERVED
5304,5305,,UNOBSERVED,UNKNOWN_NO_CUSTOMER_VERBATIM_OR_SENTIMENT_LABEL,FEEDBACK_NOT_OBSERVED
5305,5306,1,LOW_REPORTED,UNKNOWN_NO_CUSTOMER_VERBATIM_OR_SENTIMENT_LABEL,REVIEW_REPORTED_LOW_CSAT
5306,5307,,UNOBSERVED,UNKNOWN_NO_CUSTOMER_VERBATIM_OR_SENTIMENT_LABEL,FEEDBACK_NOT_OBSERVED
5307,5308,3,MIDDLE_REPORTED,UNKNOWN_NO_CUSTOMER_VERBATIM_OR_SENTIMENT_LABEL,KEEP_OBSERVED_SCORE
5308,5309,3,MIDDLE_REPORTED,UNKNOWN_NO_CUSTOMER_VERBATIM_OR_SENTIMENT_LABEL,KEEP_OBSERVED_SCORE
5309,5310,1,LOW_REPORTED,UNKNOWN_NO_CUSTOMER_VERBATIM_OR_SENTIMENT_LABEL,REVIEW_REPORTED_LOW_CSAT
5310,5311,,UNOBSERVED,UNKNOWN_NO_CUSTOMER_VERBATIM_OR_SENTIMENT_LABEL,FEEDBACK_NOT_OBSERVED
5311,5312,,UNOBSERVED,UNKNOWN_NO_CUSTOMER_VERBATIM_OR_SENTIMENT_LABEL,FEEDBACK_NOT_OBSERVED
5312,5313,5,HIGH_REPORTED,UNKNOWN_NO_CUSTOMER_VERBATIM_OR_SENTIMENT_LABEL,KEEP_OBSERVED_SCORE
5313,5314,,UNOBSERVED,UNKNOWN_NO_CUSTOMER_VERBATIM_OR_SENTIMENT_LABEL,FEEDBACK_NOT_OBSERVED
5314,5315,,UNOBSERVED,UNKNOWN_NO_CUSTOMER_VERBATIM_OR_SENTIMENT_LABEL,FEEDBACK_NOT_OBSERVED
5315,5316,,UNOBSERVED,UNKNOWN_NO_CUSTOMER_VERBATIM_OR_SENTIMENT_LABEL,FEEDBACK_NOT_OBSERVED
5316,5317,2,LOW_REPORTED,UNKNOWN_NO_CUSTOMER_VERBATIM_OR_SENTIMENT_LABEL,REVIEW_REPORTED_LOW_CSAT
5317,5318,,UNOBSERVED,UNKNOWN_NO_CUSTOMER_VERBATIM_OR_SENTIMENT_LABEL,FEEDBACK_NOT_OBSERVED
5318,5319,,UNOBSERVED,UNKNOWN_NO_CUSTOMER_VERBATIM_OR_SENTIMENT_LABEL,FEEDBACK_NOT_OBSERVED
5319,5320,,UNOBSERVED,UNKNOWN_NO_CUSTOMER_VERBATIM_OR_SENTIMENT_LABEL,FEEDBACK_NOT_OBSERVED
5320,5321,1,LOW_REPORTED,UNKNOWN_NO_CUSTOMER_VERBATIM_OR_SENTIMENT_LABEL,REVIEW_REPORTED_LOW_CSAT
5321,5322,,UNOBSERVED,UNKNOWN_NO_CUSTOMER_VERBATIM_OR_SENTIMENT_LABEL,FEEDBACK_NOT_OBSERVED
5322,5323,,UNOBSERVED,UNKNOWN_NO_CUSTOMER_VERBATIM_OR_SENTIMENT_LABEL,FEEDBACK_NOT_OBSERVED
5323,5324,,UNOBSERVED,UNKNOWN_NO_CUSTOMER_VERBATIM_OR_SENTIMENT_LABEL,FEEDBACK_NOT_OBSERVED
5324,5325,,UNOBSERVED,UNKNOWN_NO_CUSTOMER_VERBATIM_OR_SENTIMENT_LABEL,FEEDBACK_NOT_OBSERVED
5325,5326,,UNOBSERVED,UNKNOWN_NO_CUSTOMER_VERBATIM_OR_SENTIMENT_LABEL,FEEDBACK_NOT_OBSERVED
5326,5327,,UNOBSERVED,UNKNOWN_NO_CUSTOMER_VERBATIM_OR_SENTIMENT_LABEL,FEEDBACK_NOT_OBSERVED
5327,5328,,UNOBSERVED,UNKNOWN_NO_CUSTOMER_VERBATIM_OR_SENTIMENT_LABEL,FEEDBACK_NOT_OBSERVED
5328,5329,,UNOBSERVED,UNKNOWN_NO_CUSTOMER_VERBATIM_OR_SENTIMENT_LABEL,FEEDBACK_NOT_OBSERVED
5329,5330,,UNOBSERVED,UNKNOWN_NO_CUSTOMER_VERBATIM_OR_SENTIMENT_LABEL,FEEDBACK_NOT_OBSERVED
5330,5331,,UNOBSERVED,UNKNOWN_NO_CUSTOMER_VERBATIM_OR_SENTIMENT_LABEL,FEEDBACK_NOT_OBSERVED
5331,5332,,UNOBSERVED,UNKNOWN_NO_CUSTOMER_VERBATIM_OR_SENTIMENT_LABEL,FEEDBACK_NOT_OBSERVED
5332,5333,,UNOBSERVED,UNKNOWN_NO_CUSTOMER_VERBATIM_OR_SENTIMENT_LABEL,FEEDBACK_NOT_OBSERVED
5333,5334,,UNOBSERVED,UNKNOWN_NO_CUSTOMER_VERBATIM_OR_SENTIMENT_LABEL,FEEDBACK_NOT_OBSERVED
5334,5335,,UNOBSERVED,UNKNOWN_NO_CUSTOMER_VERBATIM_OR_SENTIMENT_LABEL,FEEDBACK_NOT_OBSERVED
5335,5336,,UNOBSERVED,UNKNOWN_NO_CUSTOMER_VERBATIM_OR_SENTIMENT_LABEL,FEEDBACK_NOT_OBSERVED
5336,5337,,UNOBSERVED,UNKNOWN_NO_CUSTOMER_VERBATIM_OR_SENTIMENT_LABEL,FEEDBACK_NOT_OBSERVED
5337,5338,,UNOBSERVED,UNKNOWN_NO_CUSTOMER_VERBATIM_OR_SENTIMENT_LABEL,FEEDBACK_NOT_OBSERVED
5338,5339,,UNOBSERVED,UNKNOWN_NO_CUSTOMER_VERBATIM_OR_SENTIMENT_LABEL,FEEDBACK_NOT_OBSERVED
5339,5340,,UNOBSERVED,UNKNOWN_NO_CUSTOMER_VERBATIM_OR_SENTIMENT_LABEL,FEEDBACK_NOT_OBSERVED
5340,5341,,UNOBSERVED,UNKNOWN_NO_CUSTOMER_VERBATIM_OR_SENTIMENT_LABEL,FEEDBACK_NOT_OBSERVED
5341,5342,,UNOBSERVED,UNKNOWN_NO_CUSTOMER_VERBATIM_OR_SENTIMENT_LABEL,FEEDBACK_NOT_OBSERVED
5342,5343,4,HIGH_REPORTED,UNKNOWN_NO_CUSTOMER_VERBATIM_OR_SENTIMENT_LABEL,KEEP_OBSERVED_SCORE
5343,5344,,UNOBSERVED,UNKNOWN_NO_CUSTOMER_VERBATIM_OR_SENTIMENT_LABEL,FEEDBACK_NOT_OBSERVED
5344,5345,5,HIGH_REPORTED,UNKNOWN_NO_CUSTOMER_VERBATIM_OR_SENTIMENT_LABEL,KEEP_OBSERVED_SCORE
5345,5346,,UNOBSERVED,UNKNOWN_NO_CUSTOMER_VERBATIM_OR_SENTIMENT_LABEL,FEEDBACK_NOT_OBSERVED
5346,5347,,UNOBSERVED,UNKNOWN_NO_CUSTOMER_VERBATIM_OR_SENTIMENT_LABEL,FEEDBACK_NOT_OBSERVED
5347,5348,,UNOBSERVED,UNKNOWN_NO_CUSTOMER_VERBATIM_OR_SENTIMENT_LABEL,FEEDBACK_NOT_OBSERVED
5348,5349,,UNOBSERVED,UNKNOWN_NO_CUSTOMER_VERBATIM_OR_SENTIMENT_LABEL,FEEDBACK_NOT_OBSERVED
5349,5350,,UNOBSERVED,UNKNOWN_NO_CUSTOMER_VERBATIM_OR_SENTIMENT_LABEL,FEEDBACK_NOT_OBSERVED
5350,5351,,UNOBSERVED,UNKNOWN_NO_CUSTOMER_VERBATIM_OR_SENTIMENT_LABEL,FEEDBACK_NOT_OBSERVED
5351,5352,5,HIGH_REPORTED,UNKNOWN_NO_CUSTOMER_VERBATIM_OR_SENTIMENT_LABEL,KEEP_OBSERVED_SCORE
5352,5353,,UNOBSERVED,UNKNOWN_NO_CUSTOMER_VERBATIM_OR_SENTIMENT_LABEL,FEEDBACK_NOT_OBSERVED
5353,5354,4,HIGH_REPORTED,UNKNOWN_NO_CUSTOMER_VERBATIM_OR_SENTIMENT_LABEL,KEEP_OBSERVED_SCORE
5354,5355,2,LOW_REPORTED,UNKNOWN_NO_CUSTOMER_VERBATIM_OR_SENTIMENT_LABEL,REVIEW_REPORTED_LOW_CSAT
5355,5356,,UNOBSERVED,UNKNOWN_NO_CUSTOMER_VERBATIM_OR_SENTIMENT_LABEL,FEEDBACK_NOT_OBSERVED
5356,5357,,UNOBSERVED,UNKNOWN_NO_CUSTOMER_VERBATIM_OR_SENTIMENT_LABEL,FEEDBACK_NOT_OBSERVED
5357,5358,1,LOW_REPORTED,UNKNOWN_NO_CUSTOMER_VERBATIM_OR_SENTIMENT_LABEL,REVIEW_REPORTED_LOW_CSAT
5358,5359,5,HIGH_REPORTED,UNKNOWN_NO_CUSTOMER_VERBATIM_OR_SENTIMENT_LABEL,KEEP_OBSERVED_SCORE
5359,5360,5,HIGH_REPORTED,UNKNOWN_NO_CUSTOMER_VERBATIM_OR_SENTIMENT_LABEL,KEEP_OBSERVED_SCORE
5360,5361,,UNOBSERVED,UNKNOWN_NO_CUSTOMER_VERBATIM_OR_SENTIMENT_LABEL,FEEDBACK_NOT_OBSERVED
5361,5362,,UNOBSERVED,UNKNOWN_NO_CUSTOMER_VERBATIM_OR_SENTIMENT_LABEL,FEEDBACK_NOT_OBSERVED
5362,5363,,UNOBSERVED,UNKNOWN_NO_CUSTOMER_VERBATIM_OR_SENTIMENT_LABEL,FEEDBACK_NOT_OBSERVED
5363,5364,,UNOBSERVED,UNKNOWN_NO_CUSTOMER_VERBATIM_OR_SENTIMENT_LABEL,FEEDBACK_NOT_OBSERVED
5364,5365,2,LOW_REPORTED,UNKNOWN_NO_CUSTOMER_VERBATIM_OR_SENTIMENT_LABEL,REVIEW_REPORTED_LOW_CSAT
5365,5366,,UNOBSERVED,UNKNOWN_NO_CUSTOMER_VERBATIM_OR_SENTIMENT_LABEL,FEEDBACK_NOT_OBSERVED
5366,5367,,UNOBSERVED,UNKNOWN_NO_CUSTOMER_VERBATIM_OR_SENTIMENT_LABEL,FEEDBACK_NOT_OBSERVED
5367,5368,,UNOBSERVED,UNKNOWN_NO_CUSTOMER_VERBATIM_OR_SENTIMENT_LABEL,FEEDBACK_NOT_OBSERVED
5368,5369,1,LOW_REPORTED,UNKNOWN_NO_CUSTOMER_VERBATIM_OR_SENTIMENT_LABEL,REVIEW_REPORTED_LOW_CSAT
5369,5370,4,HIGH_REPORTED,UNKNOWN_NO_CUSTOMER_VERBATIM_OR_SENTIMENT_LABEL,KEEP_OBSERVED_SCORE
5370,5371,,UNOBSERVED,UNKNOWN_NO_CUSTOMER_VERBATIM_OR_SENTIMENT_LABEL,FEEDBACK_NOT_OBSERVED
5371,5372,5,HIGH_REPORTED,UNKNOWN_NO_CUSTOMER_VERBATIM_OR_SENTIMENT_LABEL,KEEP_OBSERVED_SCORE
5372,5373,,UNOBSERVED,UNKNOWN_NO_CUSTOMER_VERBATIM_OR_SENTIMENT_LABEL,FEEDBACK_NOT_OBSERVED
5373,5374,,UNOBSERVED,UNKNOWN_NO_CUSTOMER_VERBATIM_OR_SENTIMENT_LABEL,FEEDBACK_NOT_OBSERVED
5374,5375,4,HIGH_REPORTED,UNKNOWN_NO_CUSTOMER_VERBATIM_OR_SENTIMENT_LABEL,KEEP_OBSERVED_SCORE
5375,5376,,UNOBSERVED,UNKNOWN_NO_CUSTOMER_VERBATIM_OR_SENTIMENT_LABEL,FEEDBACK_NOT_OBSERVED
5376,5377,,UNOBSERVED,UNKNOWN_NO_CUSTOMER_VERBATIM_OR_SENTIMENT_LABEL,FEEDBACK_NOT_OBSERVED
5377,5378,,UNOBSERVED,UNKNOWN_NO_CUSTOMER_VERBATIM_OR_SENTIMENT_LABEL,FEEDBACK_NOT_OBSERVED
5378,5379,,UNOBSERVED,UNKNOWN_NO_CUSTOMER_VERBATIM_OR_SENTIMENT_LABEL,FEEDBACK_NOT_OBSERVED
5379,5380,,UNOBSERVED,UNKNOWN_NO_CUSTOMER_VERBATIM_OR_SENTIMENT_LABEL,FEEDBACK_NOT_OBSERVED
5380,5381,4,HIGH_REPORTED,UNKNOWN_NO_CUSTOMER_VERBATIM_OR_SENTIMENT_LABEL,KEEP_OBSERVED_SCORE
5381,5382,4,HIGH_REPORTED,UNKNOWN_NO_CUSTOMER_VERBATIM_OR_SENTIMENT_LABEL,KEEP_OBSERVED_SCORE
5382,5383,,UNOBSERVED,UNKNOWN_NO_CUSTOMER_VERBATIM_OR_SENTIMENT_LABEL,FEEDBACK_NOT_OBSERVED
5383,5384,4,HIGH_REPORTED,UNKNOWN_NO_CUSTOMER_VERBATIM_OR_SENTIMENT_LABEL,KEEP_OBSERVED_SCORE
5384,5385,,UNOBSERVED,UNKNOWN_NO_CUSTOMER_VERBATIM_OR_SENTIMENT_LABEL,FEEDBACK_NOT_OBSERVED
5385,5386,,UNOBSERVED,UNKNOWN_NO_CUSTOMER_VERBATIM_OR_SENTIMENT_LABEL,FEEDBACK_NOT_OBSERVED
5386,5387,,UNOBSERVED,UNKNOWN_NO_CUSTOMER_VERBATIM_OR_SENTIMENT_LABEL,FEEDBACK_NOT_OBSERVED
5387,5388,,UNOBSERVED,UNKNOWN_NO_CUSTOMER_VERBATIM_OR_SENTIMENT_LABEL,FEEDBACK_NOT_OBSERVED
5388,5389,1,LOW_REPORTED,UNKNOWN_NO_CUSTOMER_VERBATIM_OR_SENTIMENT_LABEL,REVIEW_REPORTED_LOW_CSAT
5389,5390,,UNOBSERVED,UNKNOWN_NO_CUSTOMER_VERBATIM_OR_SENTIMENT_LABEL,FEEDBACK_NOT_OBSERVED
5390,5391,,UNOBSERVED,UNKNOWN_NO_CUSTOMER_VERBATIM_OR_SENTIMENT_LABEL,FEEDBACK_NOT_OBSERVED
5391,5392,,UNOBSERVED,UNKNOWN_NO_CUSTOMER_VERBATIM_OR_SENTIMENT_LABEL,FEEDBACK_NOT_OBSERVED
5392,5393,,UNOBSERVED,UNKNOWN_NO_CUSTOMER_VERBATIM_OR_SENTIMENT_LABEL,FEEDBACK_NOT_OBSERVED
5393,5394,,UNOBSERVED,UNKNOWN_NO_CUSTOMER_VERBATIM_OR_SENTIMENT_LABEL,FEEDBACK_NOT_OBSERVED
5394,5395,,UNOBSERVED,UNKNOWN_NO_CUSTOMER_VERBATIM_OR_SENTIMENT_LABEL,FEEDBACK_NOT_OBSERVED
5395,5396,3,MIDDLE_REPORTED,UNKNOWN_NO_CUSTOMER_VERBATIM_OR_SENTIMENT_LABEL,KEEP_OBSERVED_SCORE
5396,5397,3,MIDDLE_REPORTED,UNKNOWN_NO_CUSTOMER_VERBATIM_OR_SENTIMENT_LABEL,KEEP_OBSERVED_SCORE
5397,5398,,UNOBSERVED,UNKNOWN_NO_CUSTOMER_VERBATIM_OR_SENTIMENT_LABEL,FEEDBACK_NOT_OBSERVED
5398,5399,,UNOBSERVED,UNKNOWN_NO_CUSTOMER_VERBATIM_OR_SENTIMENT_LABEL,FEEDBACK_NOT_OBSERVED
5399,5400,,UNOBSERVED,UNKNOWN_NO_CUSTOMER_VERBATIM_OR_SENTIMENT_LABEL,FEEDBACK_NOT_OBSERVED
5400,5401,,UNOBSERVED,UNKNOWN_NO_CUSTOMER_VERBATIM_OR_SENTIMENT_LABEL,FEEDBACK_NOT_OBSERVED
5401,5402,4,HIGH_REPORTED,UNKNOWN_NO_CUSTOMER_VERBATIM_OR_SENTIMENT_LABEL,KEEP_OBSERVED_SCORE
5402,5403,,UNOBSERVED,UNKNOWN_NO_CUSTOMER_VERBATIM_OR_SENTIMENT_LABEL,FEEDBACK_NOT_OBSERVED
5403,5404,,UNOBSERVED,UNKNOWN_NO_CUSTOMER_VERBATIM_OR_SENTIMENT_LABEL,FEEDBACK_NOT_OBSERVED
5404,5405,5,HIGH_REPORTED,UNKNOWN_NO_CUSTOMER_VERBATIM_OR_SENTIMENT_LABEL,KEEP_OBSERVED_SCORE
5405,5406,,UNOBSERVED,UNKNOWN_NO_CUSTOMER_VERBATIM_OR_SENTIMENT_LABEL,FEEDBACK_NOT_OBSERVED
5406,5407,,UNOBSERVED,UNKNOWN_NO_CUSTOMER_VERBATIM_OR_SENTIMENT_LABEL,FEEDBACK_NOT_OBSERVED
5407,5408,,UNOBSERVED,UNKNOWN_NO_CUSTOMER_VERBATIM_OR_SENTIMENT_LABEL,FEEDBACK_NOT_OBSERVED
5408,5409,,UNOBSERVED,UNKNOWN_NO_CUSTOMER_VERBATIM_OR_SENTIMENT_LABEL,FEEDBACK_NOT_OBSERVED
5409,5410,,UNOBSERVED,UNKNOWN_NO_CUSTOMER_VERBATIM_OR_SENTIMENT_LABEL,FEEDBACK_NOT_OBSERVED
5410,5411,1,LOW_REPORTED,UNKNOWN_NO_CUSTOMER_VERBATIM_OR_SENTIMENT_LABEL,REVIEW_REPORTED_LOW_CSAT
5411,5412,,UNOBSERVED,UNKNOWN_NO_CUSTOMER_VERBATIM_OR_SENTIMENT_LABEL,FEEDBACK_NOT_OBSERVED
5412,5413,,UNOBSERVED,UNKNOWN_NO_CUSTOMER_VERBATIM_OR_SENTIMENT_LABEL,FEEDBACK_NOT_OBSERVED
5413,5414,,UNOBSERVED,UNKNOWN_NO_CUSTOMER_VERBATIM_OR_SENTIMENT_LABEL,FEEDBACK_NOT_OBSERVED
5414,5415,,UNOBSERVED,UNKNOWN_NO_CUSTOMER_VERBATIM_OR_SENTIMENT_LABEL,FEEDBACK_NOT_OBSERVED
5415,5416,,UNOBSERVED,UNKNOWN_NO_CUSTOMER_VERBATIM_OR_SENTIMENT_LABEL,FEEDBACK_NOT_OBSERVED
5416,5417,,UNOBSERVED,UNKNOWN_NO_CUSTOMER_VERBATIM_OR_SENTIMENT_LABEL,FEEDBACK_NOT_OBSERVED
5417,5418,2,LOW_REPORTED,UNKNOWN_NO_CUSTOMER_VERBATIM_OR_SENTIMENT_LABEL,REVIEW_REPORTED_LOW_CSAT
5418,5419,,UNOBSERVED,UNKNOWN_NO_CUSTOMER_VERBATIM_OR_SENTIMENT_LABEL,FEEDBACK_NOT_OBSERVED
5419,5420,,UNOBSERVED,UNKNOWN_NO_CUSTOMER_VERBATIM_OR_SENTIMENT_LABEL,FEEDBACK_NOT_OBSERVED
5420,5421,,UNOBSERVED,UNKNOWN_NO_CUSTOMER_VERBATIM_OR_SENTIMENT_LABEL,FEEDBACK_NOT_OBSERVED
5421,5422,,UNOBSERVED,UNKNOWN_NO_CUSTOMER_VERBATIM_OR_SENTIMENT_LABEL,FEEDBACK_NOT_OBSERVED
5422,5423,,UNOBSERVED,UNKNOWN_NO_CUSTOMER_VERBATIM_OR_SENTIMENT_LABEL,FEEDBACK_NOT_OBSERVED
5423,5424,,UNOBSERVED,UNKNOWN_NO_CUSTOMER_VERBATIM_OR_SENTIMENT_LABEL,FEEDBACK_NOT_OBSERVED
5424,5425,,UNOBSERVED,UNKNOWN_NO_CUSTOMER_VERBATIM_OR_SENTIMENT_LABEL,FEEDBACK_NOT_OBSERVED
5425,5426,,UNOBSERVED,UNKNOWN_NO_CUSTOMER_VERBATIM_OR_SENTIMENT_LABEL,FEEDBACK_NOT_OBSERVED
5426,5427,,UNOBSERVED,UNKNOWN_NO_CUSTOMER_VERBATIM_OR_SENTIMENT_LABEL,FEEDBACK_NOT_OBSERVED
5427,5428,2,LOW_REPORTED,UNKNOWN_NO_CUSTOMER_VERBATIM_OR_SENTIMENT_LABEL,REVIEW_REPORTED_LOW_CSAT
5428,5429,,UNOBSERVED,UNKNOWN_NO_CUSTOMER_VERBATIM_OR_SENTIMENT_LABEL,FEEDBACK_NOT_OBSERVED
5429,5430,3,MIDDLE_REPORTED,UNKNOWN_NO_CUSTOMER_VERBATIM_OR_SENTIMENT_LABEL,KEEP_OBSERVED_SCORE
5430,5431,,UNOBSERVED,UNKNOWN_NO_CUSTOMER_VERBATIM_OR_SENTIMENT_LABEL,FEEDBACK_NOT_OBSERVED
5431,5432,,UNOBSERVED,UNKNOWN_NO_CUSTOMER_VERBATIM_OR_SENTIMENT_LABEL,FEEDBACK_NOT_OBSERVED
5432,5433,,UNOBSERVED,UNKNOWN_NO_CUSTOMER_VERBATIM_OR_SENTIMENT_LABEL,FEEDBACK_NOT_OBSERVED
5433,5434,,UNOBSERVED,UNKNOWN_NO_CUSTOMER_VERBATIM_OR_SENTIMENT_LABEL,FEEDBACK_NOT_OBSERVED
5434,5435,,UNOBSERVED,UNKNOWN_NO_CUSTOMER_VERBATIM_OR_SENTIMENT_LABEL,FEEDBACK_NOT_OBSERVED
5435,5436,,UNOBSERVED,UNKNOWN_NO_CUSTOMER_VERBATIM_OR_SENTIMENT_LABEL,FEEDBACK_NOT_OBSERVED
5436,5437,2,LOW_REPORTED,UNKNOWN_NO_CUSTOMER_VERBATIM_OR_SENTIMENT_LABEL,REVIEW_REPORTED_LOW_CSAT
5437,5438,4,HIGH_REPORTED,UNKNOWN_NO_CUSTOMER_VERBATIM_OR_SENTIMENT_LABEL,KEEP_OBSERVED_SCORE
5438,5439,4,HIGH_REPORTED,UNKNOWN_NO_CUSTOMER_VERBATIM_OR_SENTIMENT_LABEL,KEEP_OBSERVED_SCORE
5439,5440,,UNOBSERVED,UNKNOWN_NO_CUSTOMER_VERBATIM_OR_SENTIMENT_LABEL,FEEDBACK_NOT_OBSERVED
5440,5441,,UNOBSERVED,UNKNOWN_NO_CUSTOMER_VERBATIM_OR_SENTIMENT_LABEL,FEEDBACK_NOT_OBSERVED
5441,5442,3,MIDDLE_REPORTED,UNKNOWN_NO_CUSTOMER_VERBATIM_OR_SENTIMENT_LABEL,KEEP_OBSERVED_SCORE
5442,5443,,UNOBSERVED,UNKNOWN_NO_CUSTOMER_VERBATIM_OR_SENTIMENT_LABEL,FEEDBACK_NOT_OBSERVED
5443,5444,3,MIDDLE_REPORTED,UNKNOWN_NO_CUSTOMER_VERBATIM_OR_SENTIMENT_LABEL,KEEP_OBSERVED_SCORE
5444,5445,2,LOW_REPORTED,UNKNOWN_NO_CUSTOMER_VERBATIM_OR_SENTIMENT_LABEL,REVIEW_REPORTED_LOW_CSAT
5445,5446,,UNOBSERVED,UNKNOWN_NO_CUSTOMER_VERBATIM_OR_SENTIMENT_LABEL,FEEDBACK_NOT_OBSERVED
5446,5447,4,HIGH_REPORTED,UNKNOWN_NO_CUSTOMER_VERBATIM_OR_SENTIMENT_LABEL,KEEP_OBSERVED_SCORE
5447,5448,5,HIGH_REPORTED,UNKNOWN_NO_CUSTOMER_VERBATIM_OR_SENTIMENT_LABEL,KEEP_OBSERVED_SCORE
5448,5449,,UNOBSERVED,UNKNOWN_NO_CUSTOMER_VERBATIM_OR_SENTIMENT_LABEL,FEEDBACK_NOT_OBSERVED
5449,5450,,UNOBSERVED,UNKNOWN_NO_CUSTOMER_VERBATIM_OR_SENTIMENT_LABEL,FEEDBACK_NOT_OBSERVED
5450,5451,,UNOBSERVED,UNKNOWN_NO_CUSTOMER_VERBATIM_OR_SENTIMENT_LABEL,FEEDBACK_NOT_OBSERVED
5451,5452,1,LOW_REPORTED,UNKNOWN_NO_CUSTOMER_VERBATIM_OR_SENTIMENT_LABEL,REVIEW_REPORTED_LOW_CSAT
5452,5453,,UNOBSERVED,UNKNOWN_NO_CUSTOMER_VERBATIM_OR_SENTIMENT_LABEL,FEEDBACK_NOT_OBSERVED
5453,5454,1,LOW_REPORTED,UNKNOWN_NO_CUSTOMER_VERBATIM_OR_SENTIMENT_LABEL,REVIEW_REPORTED_LOW_CSAT
5454,5455,,UNOBSERVED,UNKNOWN_NO_CUSTOMER_VERBATIM_OR_SENTIMENT_LABEL,FEEDBACK_NOT_OBSERVED
5455,5456,,UNOBSERVED,UNKNOWN_NO_CUSTOMER_VERBATIM_OR_SENTIMENT_LABEL,FEEDBACK_NOT_OBSERVED
5456,5457,4,HIGH_REPORTED,UNKNOWN_NO_CUSTOMER_VERBATIM_OR_SENTIMENT_LABEL,KEEP_OBSERVED_SCORE
5457,5458,,UNOBSERVED,UNKNOWN_NO_CUSTOMER_VERBATIM_OR_SENTIMENT_LABEL,FEEDBACK_NOT_OBSERVED
5458,5459,2,LOW_REPORTED,UNKNOWN_NO_CUSTOMER_VERBATIM_OR_SENTIMENT_LABEL,REVIEW_REPORTED_LOW_CSAT
5459,5460,,UNOBSERVED,UNKNOWN_NO_CUSTOMER_VERBATIM_OR_SENTIMENT_LABEL,FEEDBACK_NOT_OBSERVED
5460,5461,,UNOBSERVED,UNKNOWN_NO_CUSTOMER_VERBATIM_OR_SENTIMENT_LABEL,FEEDBACK_NOT_OBSERVED
5461,5462,3,MIDDLE_REPORTED,UNKNOWN_NO_CUSTOMER_VERBATIM_OR_SENTIMENT_LABEL,KEEP_OBSERVED_SCORE
5462,5463,1,LOW_REPORTED,UNKNOWN_NO_CUSTOMER_VERBATIM_OR_SENTIMENT_LABEL,REVIEW_REPORTED_LOW_CSAT
5463,5464,,UNOBSERVED,UNKNOWN_NO_CUSTOMER_VERBATIM_OR_SENTIMENT_LABEL,FEEDBACK_NOT_OBSERVED
5464,5465,,UNOBSERVED,UNKNOWN_NO_CUSTOMER_VERBATIM_OR_SENTIMENT_LABEL,FEEDBACK_NOT_OBSERVED
5465,5466,,UNOBSERVED,UNKNOWN_NO_CUSTOMER_VERBATIM_OR_SENTIMENT_LABEL,FEEDBACK_NOT_OBSERVED
5466,5467,,UNOBSERVED,UNKNOWN_NO_CUSTOMER_VERBATIM_OR_SENTIMENT_LABEL,FEEDBACK_NOT_OBSERVED
5467,5468,1,LOW_REPORTED,UNKNOWN_NO_CUSTOMER_VERBATIM_OR_SENTIMENT_LABEL,REVIEW_REPORTED_LOW_CSAT
5468,5469,3,MIDDLE_REPORTED,UNKNOWN_NO_CUSTOMER_VERBATIM_OR_SENTIMENT_LABEL,KEEP_OBSERVED_SCORE
5469,5470,,UNOBSERVED,UNKNOWN_NO_CUSTOMER_VERBATIM_OR_SENTIMENT_LABEL,FEEDBACK_NOT_OBSERVED
5470,5471,,UNOBSERVED,UNKNOWN_NO_CUSTOMER_VERBATIM_OR_SENTIMENT_LABEL,FEEDBACK_NOT_OBSERVED
5471,5472,5,HIGH_REPORTED,UNKNOWN_NO_CUSTOMER_VERBATIM_OR_SENTIMENT_LABEL,KEEP_OBSERVED_SCORE
5472,5473,,UNOBSERVED,UNKNOWN_NO_CUSTOMER_VERBATIM_OR_SENTIMENT_LABEL,FEEDBACK_NOT_OBSERVED
5473,5474,1,LOW_REPORTED,UNKNOWN_NO_CUSTOMER_VERBATIM_OR_SENTIMENT_LABEL,REVIEW_REPORTED_LOW_CSAT
5474,5475,2,LOW_REPORTED,UNKNOWN_NO_CUSTOMER_VERBATIM_OR_SENTIMENT_LABEL,REVIEW_REPORTED_LOW_CSAT
5475,5476,4,HIGH_REPORTED,UNKNOWN_NO_CUSTOMER_VERBATIM_OR_SENTIMENT_LABEL,KEEP_OBSERVED_SCORE
5476,5477,5,HIGH_REPORTED,UNKNOWN_NO_CUSTOMER_VERBATIM_OR_SENTIMENT_LABEL,KEEP_OBSERVED_SCORE
5477,5478,,UNOBSERVED,UNKNOWN_NO_CUSTOMER_VERBATIM_OR_SENTIMENT_LABEL,FEEDBACK_NOT_OBSERVED
5478,5479,5,HIGH_REPORTED,UNKNOWN_NO_CUSTOMER_VERBATIM_OR_SENTIMENT_LABEL,KEEP_OBSERVED_SCORE
5479,5480,1,LOW_REPORTED,UNKNOWN_NO_CUSTOMER_VERBATIM_OR_SENTIMENT_LABEL,REVIEW_REPORTED_LOW_CSAT
5480,5481,,UNOBSERVED,UNKNOWN_NO_CUSTOMER_VERBATIM_OR_SENTIMENT_LABEL,FEEDBACK_NOT_OBSERVED
5481,5482,,UNOBSERVED,UNKNOWN_NO_CUSTOMER_VERBATIM_OR_SENTIMENT_LABEL,FEEDBACK_NOT_OBSERVED
5482,5483,1,LOW_REPORTED,UNKNOWN_NO_CUSTOMER_VERBATIM_OR_SENTIMENT_LABEL,REVIEW_REPORTED_LOW_CSAT
5483,5484,,UNOBSERVED,UNKNOWN_NO_CUSTOMER_VERBATIM_OR_SENTIMENT_LABEL,FEEDBACK_NOT_OBSERVED
5484,5485,,UNOBSERVED,UNKNOWN_NO_CUSTOMER_VERBATIM_OR_SENTIMENT_LABEL,FEEDBACK_NOT_OBSERVED
5485,5486,,UNOBSERVED,UNKNOWN_NO_CUSTOMER_VERBATIM_OR_SENTIMENT_LABEL,FEEDBACK_NOT_OBSERVED
5486,5487,,UNOBSERVED,UNKNOWN_NO_CUSTOMER_VERBATIM_OR_SENTIMENT_LABEL,FEEDBACK_NOT_OBSERVED
5487,5488,,UNOBSERVED,UNKNOWN_NO_CUSTOMER_VERBATIM_OR_SENTIMENT_LABEL,FEEDBACK_NOT_OBSERVED
5488,5489,5,HIGH_REPORTED,UNKNOWN_NO_CUSTOMER_VERBATIM_OR_SENTIMENT_LABEL,KEEP_OBSERVED_SCORE
5489,5490,,UNOBSERVED,UNKNOWN_NO_CUSTOMER_VERBATIM_OR_SENTIMENT_LABEL,FEEDBACK_NOT_OBSERVED
5490,5491,,UNOBSERVED,UNKNOWN_NO_CUSTOMER_VERBATIM_OR_SENTIMENT_LABEL,FEEDBACK_NOT_OBSERVED
5491,5492,,UNOBSERVED,UNKNOWN_NO_CUSTOMER_VERBATIM_OR_SENTIMENT_LABEL,FEEDBACK_NOT_OBSERVED
5492,5493,1,LOW_REPORTED,UNKNOWN_NO_CUSTOMER_VERBATIM_OR_SENTIMENT_LABEL,REVIEW_REPORTED_LOW_CSAT
5493,5494,,UNOBSERVED,UNKNOWN_NO_CUSTOMER_VERBATIM_OR_SENTIMENT_LABEL,FEEDBACK_NOT_OBSERVED
5494,5495,,UNOBSERVED,UNKNOWN_NO_CUSTOMER_VERBATIM_OR_SENTIMENT_LABEL,FEEDBACK_NOT_OBSERVED
5495,5496,1,LOW_REPORTED,UNKNOWN_NO_CUSTOMER_VERBATIM_OR_SENTIMENT_LABEL,REVIEW_REPORTED_LOW_CSAT
5496,5497,,UNOBSERVED,UNKNOWN_NO_CUSTOMER_VERBATIM_OR_SENTIMENT_LABEL,FEEDBACK_NOT_OBSERVED
5497,5498,,UNOBSERVED,UNKNOWN_NO_CUSTOMER_VERBATIM_OR_SENTIMENT_LABEL,FEEDBACK_NOT_OBSERVED
5498,5499,,UNOBSERVED,UNKNOWN_NO_CUSTOMER_VERBATIM_OR_SENTIMENT_LABEL,FEEDBACK_NOT_OBSERVED
5499,5500,,UNOBSERVED,UNKNOWN_NO_CUSTOMER_VERBATIM_OR_SENTIMENT_LABEL,FEEDBACK_NOT_OBSERVED
5500,5501,,UNOBSERVED,UNKNOWN_NO_CUSTOMER_VERBATIM_OR_SENTIMENT_LABEL,FEEDBACK_NOT_OBSERVED
5501,5502,,UNOBSERVED,UNKNOWN_NO_CUSTOMER_VERBATIM_OR_SENTIMENT_LABEL,FEEDBACK_NOT_OBSERVED
5502,5503,,UNOBSERVED,UNKNOWN_NO_CUSTOMER_VERBATIM_OR_SENTIMENT_LABEL,FEEDBACK_NOT_OBSERVED
5503,5504,3,MIDDLE_REPORTED,UNKNOWN_NO_CUSTOMER_VERBATIM_OR_SENTIMENT_LABEL,KEEP_OBSERVED_SCORE
5504,5505,1,LOW_REPORTED,UNKNOWN_NO_CUSTOMER_VERBATIM_OR_SENTIMENT_LABEL,REVIEW_REPORTED_LOW_CSAT
5505,5506,,UNOBSERVED,UNKNOWN_NO_CUSTOMER_VERBATIM_OR_SENTIMENT_LABEL,FEEDBACK_NOT_OBSERVED
5506,5507,,UNOBSERVED,UNKNOWN_NO_CUSTOMER_VERBATIM_OR_SENTIMENT_LABEL,FEEDBACK_NOT_OBSERVED
5507,5508,,UNOBSERVED,UNKNOWN_NO_CUSTOMER_VERBATIM_OR_SENTIMENT_LABEL,FEEDBACK_NOT_OBSERVED
5508,5509,,UNOBSERVED,UNKNOWN_NO_CUSTOMER_VERBATIM_OR_SENTIMENT_LABEL,FEEDBACK_NOT_OBSERVED
5509,5510,,UNOBSERVED,UNKNOWN_NO_CUSTOMER_VERBATIM_OR_SENTIMENT_LABEL,FEEDBACK_NOT_OBSERVED
5510,5511,,UNOBSERVED,UNKNOWN_NO_CUSTOMER_VERBATIM_OR_SENTIMENT_LABEL,FEEDBACK_NOT_OBSERVED
5511,5512,4,HIGH_REPORTED,UNKNOWN_NO_CUSTOMER_VERBATIM_OR_SENTIMENT_LABEL,KEEP_OBSERVED_SCORE
5512,5513,3,MIDDLE_REPORTED,UNKNOWN_NO_CUSTOMER_VERBATIM_OR_SENTIMENT_LABEL,KEEP_OBSERVED_SCORE
5513,5514,,UNOBSERVED,UNKNOWN_NO_CUSTOMER_VERBATIM_OR_SENTIMENT_LABEL,FEEDBACK_NOT_OBSERVED
5514,5515,1,LOW_REPORTED,UNKNOWN_NO_CUSTOMER_VERBATIM_OR_SENTIMENT_LABEL,REVIEW_REPORTED_LOW_CSAT
5515,5516,2,LOW_REPORTED,UNKNOWN_NO_CUSTOMER_VERBATIM_OR_SENTIMENT_LABEL,REVIEW_REPORTED_LOW_CSAT
5516,5517,,UNOBSERVED,UNKNOWN_NO_CUSTOMER_VERBATIM_OR_SENTIMENT_LABEL,FEEDBACK_NOT_OBSERVED
5517,5518,,UNOBSERVED,UNKNOWN_NO_CUSTOMER_VERBATIM_OR_SENTIMENT_LABEL,FEEDBACK_NOT_OBSERVED
5518,5519,,UNOBSERVED,UNKNOWN_NO_CUSTOMER_VERBATIM_OR_SENTIMENT_LABEL,FEEDBACK_NOT_OBSERVED
5519,5520,3,MIDDLE_REPORTED,UNKNOWN_NO_CUSTOMER_VERBATIM_OR_SENTIMENT_LABEL,KEEP_OBSERVED_SCORE
5520,5521,,UNOBSERVED,UNKNOWN_NO_CUSTOMER_VERBATIM_OR_SENTIMENT_LABEL,FEEDBACK_NOT_OBSERVED
5521,5522,,UNOBSERVED,UNKNOWN_NO_CUSTOMER_VERBATIM_OR_SENTIMENT_LABEL,FEEDBACK_NOT_OBSERVED
5522,5523,,UNOBSERVED,UNKNOWN_NO_CUSTOMER_VERBATIM_OR_SENTIMENT_LABEL,FEEDBACK_NOT_OBSERVED
5523,5524,2,LOW_REPORTED,UNKNOWN_NO_CUSTOMER_VERBATIM_OR_SENTIMENT_LABEL,REVIEW_REPORTED_LOW_CSAT
5524,5525,3,MIDDLE_REPORTED,UNKNOWN_NO_CUSTOMER_VERBATIM_OR_SENTIMENT_LABEL,KEEP_OBSERVED_SCORE
5525,5526,,UNOBSERVED,UNKNOWN_NO_CUSTOMER_VERBATIM_OR_SENTIMENT_LABEL,FEEDBACK_NOT_OBSERVED
5526,5527,,UNOBSERVED,UNKNOWN_NO_CUSTOMER_VERBATIM_OR_SENTIMENT_LABEL,FEEDBACK_NOT_OBSERVED
5527,5528,,UNOBSERVED,UNKNOWN_NO_CUSTOMER_VERBATIM_OR_SENTIMENT_LABEL,FEEDBACK_NOT_OBSERVED
5528,5529,,UNOBSERVED,UNKNOWN_NO_CUSTOMER_VERBATIM_OR_SENTIMENT_LABEL,FEEDBACK_NOT_OBSERVED
5529,5530,,UNOBSERVED,UNKNOWN_NO_CUSTOMER_VERBATIM_OR_SENTIMENT_LABEL,FEEDBACK_NOT_OBSERVED
5530,5531,,UNOBSERVED,UNKNOWN_NO_CUSTOMER_VERBATIM_OR_SENTIMENT_LABEL,FEEDBACK_NOT_OBSERVED
5531,5532,,UNOBSERVED,UNKNOWN_NO_CUSTOMER_VERBATIM_OR_SENTIMENT_LABEL,FEEDBACK_NOT_OBSERVED
5532,5533,,UNOBSERVED,UNKNOWN_NO_CUSTOMER_VERBATIM_OR_SENTIMENT_LABEL,FEEDBACK_NOT_OBSERVED
5533,5534,,UNOBSERVED,UNKNOWN_NO_CUSTOMER_VERBATIM_OR_SENTIMENT_LABEL,FEEDBACK_NOT_OBSERVED
5534,5535,,UNOBSERVED,UNKNOWN_NO_CUSTOMER_VERBATIM_OR_SENTIMENT_LABEL,FEEDBACK_NOT_OBSERVED
5535,5536,,UNOBSERVED,UNKNOWN_NO_CUSTOMER_VERBATIM_OR_SENTIMENT_LABEL,FEEDBACK_NOT_OBSERVED
5536,5537,,UNOBSERVED,UNKNOWN_NO_CUSTOMER_VERBATIM_OR_SENTIMENT_LABEL,FEEDBACK_NOT_OBSERVED
5537,5538,,UNOBSERVED,UNKNOWN_NO_CUSTOMER_VERBATIM_OR_SENTIMENT_LABEL,FEEDBACK_NOT_OBSERVED
5538,5539,2,LOW_REPORTED,UNKNOWN_NO_CUSTOMER_VERBATIM_OR_SENTIMENT_LABEL,REVIEW_REPORTED_LOW_CSAT
5539,5540,,UNOBSERVED,UNKNOWN_NO_CUSTOMER_VERBATIM_OR_SENTIMENT_LABEL,FEEDBACK_NOT_OBSERVED
5540,5541,5,HIGH_REPORTED,UNKNOWN_NO_CUSTOMER_VERBATIM_OR_SENTIMENT_LABEL,KEEP_OBSERVED_SCORE
5541,5542,5,HIGH_REPORTED,UNKNOWN_NO_CUSTOMER_VERBATIM_OR_SENTIMENT_LABEL,KEEP_OBSERVED_SCORE
5542,5543,,UNOBSERVED,UNKNOWN_NO_CUSTOMER_VERBATIM_OR_SENTIMENT_LABEL,FEEDBACK_NOT_OBSERVED
5543,5544,4,HIGH_REPORTED,UNKNOWN_NO_CUSTOMER_VERBATIM_OR_SENTIMENT_LABEL,KEEP_OBSERVED_SCORE
5544,5545,,UNOBSERVED,UNKNOWN_NO_CUSTOMER_VERBATIM_OR_SENTIMENT_LABEL,FEEDBACK_NOT_OBSERVED
5545,5546,,UNOBSERVED,UNKNOWN_NO_CUSTOMER_VERBATIM_OR_SENTIMENT_LABEL,FEEDBACK_NOT_OBSERVED
5546,5547,,UNOBSERVED,UNKNOWN_NO_CUSTOMER_VERBATIM_OR_SENTIMENT_LABEL,FEEDBACK_NOT_OBSERVED
5547,5548,,UNOBSERVED,UNKNOWN_NO_CUSTOMER_VERBATIM_OR_SENTIMENT_LABEL,FEEDBACK_NOT_OBSERVED
5548,5549,2,LOW_REPORTED,UNKNOWN_NO_CUSTOMER_VERBATIM_OR_SENTIMENT_LABEL,REVIEW_REPORTED_LOW_CSAT
5549,5550,,UNOBSERVED,UNKNOWN_NO_CUSTOMER_VERBATIM_OR_SENTIMENT_LABEL,FEEDBACK_NOT_OBSERVED
5550,5551,3,MIDDLE_REPORTED,UNKNOWN_NO_CUSTOMER_VERBATIM_OR_SENTIMENT_LABEL,KEEP_OBSERVED_SCORE
5551,5552,,UNOBSERVED,UNKNOWN_NO_CUSTOMER_VERBATIM_OR_SENTIMENT_LABEL,FEEDBACK_NOT_OBSERVED
5552,5553,,UNOBSERVED,UNKNOWN_NO_CUSTOMER_VERBATIM_OR_SENTIMENT_LABEL,FEEDBACK_NOT_OBSERVED
5553,5554,1,LOW_REPORTED,UNKNOWN_NO_CUSTOMER_VERBATIM_OR_SENTIMENT_LABEL,REVIEW_REPORTED_LOW_CSAT
5554,5555,,UNOBSERVED,UNKNOWN_NO_CUSTOMER_VERBATIM_OR_SENTIMENT_LABEL,FEEDBACK_NOT_OBSERVED
5555,5556,,UNOBSERVED,UNKNOWN_NO_CUSTOMER_VERBATIM_OR_SENTIMENT_LABEL,FEEDBACK_NOT_OBSERVED
5556,5557,,UNOBSERVED,UNKNOWN_NO_CUSTOMER_VERBATIM_OR_SENTIMENT_LABEL,FEEDBACK_NOT_OBSERVED
5557,5558,1,LOW_REPORTED,UNKNOWN_NO_CUSTOMER_VERBATIM_OR_SENTIMENT_LABEL,REVIEW_REPORTED_LOW_CSAT
5558,5559,1,LOW_REPORTED,UNKNOWN_NO_CUSTOMER_VERBATIM_OR_SENTIMENT_LABEL,REVIEW_REPORTED_LOW_CSAT
5559,5560,,UNOBSERVED,UNKNOWN_NO_CUSTOMER_VERBATIM_OR_SENTIMENT_LABEL,FEEDBACK_NOT_OBSERVED
5560,5561,,UNOBSERVED,UNKNOWN_NO_CUSTOMER_VERBATIM_OR_SENTIMENT_LABEL,FEEDBACK_NOT_OBSERVED
5561,5562,,UNOBSERVED,UNKNOWN_NO_CUSTOMER_VERBATIM_OR_SENTIMENT_LABEL,FEEDBACK_NOT_OBSERVED
5562,5563,,UNOBSERVED,UNKNOWN_NO_CUSTOMER_VERBATIM_OR_SENTIMENT_LABEL,FEEDBACK_NOT_OBSERVED
5563,5564,,UNOBSERVED,UNKNOWN_NO_CUSTOMER_VERBATIM_OR_SENTIMENT_LABEL,FEEDBACK_NOT_OBSERVED
5564,5565,,UNOBSERVED,UNKNOWN_NO_CUSTOMER_VERBATIM_OR_SENTIMENT_LABEL,FEEDBACK_NOT_OBSERVED
5565,5566,1,LOW_REPORTED,UNKNOWN_NO_CUSTOMER_VERBATIM_OR_SENTIMENT_LABEL,REVIEW_REPORTED_LOW_CSAT
5566,5567,,UNOBSERVED,UNKNOWN_NO_CUSTOMER_VERBATIM_OR_SENTIMENT_LABEL,FEEDBACK_NOT_OBSERVED
5567,5568,,UNOBSERVED,UNKNOWN_NO_CUSTOMER_VERBATIM_OR_SENTIMENT_LABEL,FEEDBACK_NOT_OBSERVED
5568,5569,,UNOBSERVED,UNKNOWN_NO_CUSTOMER_VERBATIM_OR_SENTIMENT_LABEL,FEEDBACK_NOT_OBSERVED
5569,5570,5,HIGH_REPORTED,UNKNOWN_NO_CUSTOMER_VERBATIM_OR_SENTIMENT_LABEL,KEEP_OBSERVED_SCORE
5570,5571,,UNOBSERVED,UNKNOWN_NO_CUSTOMER_VERBATIM_OR_SENTIMENT_LABEL,FEEDBACK_NOT_OBSERVED
5571,5572,,UNOBSERVED,UNKNOWN_NO_CUSTOMER_VERBATIM_OR_SENTIMENT_LABEL,FEEDBACK_NOT_OBSERVED
5572,5573,,UNOBSERVED,UNKNOWN_NO_CUSTOMER_VERBATIM_OR_SENTIMENT_LABEL,FEEDBACK_NOT_OBSERVED
5573,5574,,UNOBSERVED,UNKNOWN_NO_CUSTOMER_VERBATIM_OR_SENTIMENT_LABEL,FEEDBACK_NOT_OBSERVED
5574,5575,,UNOBSERVED,UNKNOWN_NO_CUSTOMER_VERBATIM_OR_SENTIMENT_LABEL,FEEDBACK_NOT_OBSERVED
5575,5576,2,LOW_REPORTED,UNKNOWN_NO_CUSTOMER_VERBATIM_OR_SENTIMENT_LABEL,REVIEW_REPORTED_LOW_CSAT
5576,5577,,UNOBSERVED,UNKNOWN_NO_CUSTOMER_VERBATIM_OR_SENTIMENT_LABEL,FEEDBACK_NOT_OBSERVED
5577,5578,,UNOBSERVED,UNKNOWN_NO_CUSTOMER_VERBATIM_OR_SENTIMENT_LABEL,FEEDBACK_NOT_OBSERVED
5578,5579,1,LOW_REPORTED,UNKNOWN_NO_CUSTOMER_VERBATIM_OR_SENTIMENT_LABEL,REVIEW_REPORTED_LOW_CSAT
5579,5580,,UNOBSERVED,UNKNOWN_NO_CUSTOMER_VERBATIM_OR_SENTIMENT_LABEL,FEEDBACK_NOT_OBSERVED
5580,5581,,UNOBSERVED,UNKNOWN_NO_CUSTOMER_VERBATIM_OR_SENTIMENT_LABEL,FEEDBACK_NOT_OBSERVED
5581,5582,,UNOBSERVED,UNKNOWN_NO_CUSTOMER_VERBATIM_OR_SENTIMENT_LABEL,FEEDBACK_NOT_OBSERVED
5582,5583,,UNOBSERVED,UNKNOWN_NO_CUSTOMER_VERBATIM_OR_SENTIMENT_LABEL,FEEDBACK_NOT_OBSERVED
5583,5584,,UNOBSERVED,UNKNOWN_NO_CUSTOMER_VERBATIM_OR_SENTIMENT_LABEL,FEEDBACK_NOT_OBSERVED
5584,5585,,UNOBSERVED,UNKNOWN_NO_CUSTOMER_VERBATIM_OR_SENTIMENT_LABEL,FEEDBACK_NOT_OBSERVED
5585,5586,,UNOBSERVED,UNKNOWN_NO_CUSTOMER_VERBATIM_OR_SENTIMENT_LABEL,FEEDBACK_NOT_OBSERVED
5586,5587,1,LOW_REPORTED,UNKNOWN_NO_CUSTOMER_VERBATIM_OR_SENTIMENT_LABEL,REVIEW_REPORTED_LOW_CSAT
5587,5588,,UNOBSERVED,UNKNOWN_NO_CUSTOMER_VERBATIM_OR_SENTIMENT_LABEL,FEEDBACK_NOT_OBSERVED
5588,5589,,UNOBSERVED,UNKNOWN_NO_CUSTOMER_VERBATIM_OR_SENTIMENT_LABEL,FEEDBACK_NOT_OBSERVED
5589,5590,3,MIDDLE_REPORTED,UNKNOWN_NO_CUSTOMER_VERBATIM_OR_SENTIMENT_LABEL,KEEP_OBSERVED_SCORE
5590,5591,,UNOBSERVED,UNKNOWN_NO_CUSTOMER_VERBATIM_OR_SENTIMENT_LABEL,FEEDBACK_NOT_OBSERVED
5591,5592,,UNOBSERVED,UNKNOWN_NO_CUSTOMER_VERBATIM_OR_SENTIMENT_LABEL,FEEDBACK_NOT_OBSERVED
5592,5593,,UNOBSERVED,UNKNOWN_NO_CUSTOMER_VERBATIM_OR_SENTIMENT_LABEL,FEEDBACK_NOT_OBSERVED
5593,5594,,UNOBSERVED,UNKNOWN_NO_CUSTOMER_VERBATIM_OR_SENTIMENT_LABEL,FEEDBACK_NOT_OBSERVED
5594,5595,2,LOW_REPORTED,UNKNOWN_NO_CUSTOMER_VERBATIM_OR_SENTIMENT_LABEL,REVIEW_REPORTED_LOW_CSAT
5595,5596,,UNOBSERVED,UNKNOWN_NO_CUSTOMER_VERBATIM_OR_SENTIMENT_LABEL,FEEDBACK_NOT_OBSERVED
5596,5597,,UNOBSERVED,UNKNOWN_NO_CUSTOMER_VERBATIM_OR_SENTIMENT_LABEL,FEEDBACK_NOT_OBSERVED
5597,5598,,UNOBSERVED,UNKNOWN_NO_CUSTOMER_VERBATIM_OR_SENTIMENT_LABEL,FEEDBACK_NOT_OBSERVED
5598,5599,,UNOBSERVED,UNKNOWN_NO_CUSTOMER_VERBATIM_OR_SENTIMENT_LABEL,FEEDBACK_NOT_OBSERVED
5599,5600,,UNOBSERVED,UNKNOWN_NO_CUSTOMER_VERBATIM_OR_SENTIMENT_LABEL,FEEDBACK_NOT_OBSERVED
5600,5601,,UNOBSERVED,UNKNOWN_NO_CUSTOMER_VERBATIM_OR_SENTIMENT_LABEL,FEEDBACK_NOT_OBSERVED
5601,5602,4,HIGH_REPORTED,UNKNOWN_NO_CUSTOMER_VERBATIM_OR_SENTIMENT_LABEL,KEEP_OBSERVED_SCORE
5602,5603,4,HIGH_REPORTED,UNKNOWN_NO_CUSTOMER_VERBATIM_OR_SENTIMENT_LABEL,KEEP_OBSERVED_SCORE
5603,5604,,UNOBSERVED,UNKNOWN_NO_CUSTOMER_VERBATIM_OR_SENTIMENT_LABEL,FEEDBACK_NOT_OBSERVED
5604,5605,,UNOBSERVED,UNKNOWN_NO_CUSTOMER_VERBATIM_OR_SENTIMENT_LABEL,FEEDBACK_NOT_OBSERVED
5605,5606,5,HIGH_REPORTED,UNKNOWN_NO_CUSTOMER_VERBATIM_OR_SENTIMENT_LABEL,KEEP_OBSERVED_SCORE
5606,5607,,UNOBSERVED,UNKNOWN_NO_CUSTOMER_VERBATIM_OR_SENTIMENT_LABEL,FEEDBACK_NOT_OBSERVED
5607,5608,,UNOBSERVED,UNKNOWN_NO_CUSTOMER_VERBATIM_OR_SENTIMENT_LABEL,FEEDBACK_NOT_OBSERVED
5608,5609,,UNOBSERVED,UNKNOWN_NO_CUSTOMER_VERBATIM_OR_SENTIMENT_LABEL,FEEDBACK_NOT_OBSERVED
5609,5610,2,LOW_REPORTED,UNKNOWN_NO_CUSTOMER_VERBATIM_OR_SENTIMENT_LABEL,REVIEW_REPORTED_LOW_CSAT
5610,5611,,UNOBSERVED,UNKNOWN_NO_CUSTOMER_VERBATIM_OR_SENTIMENT_LABEL,FEEDBACK_NOT_OBSERVED
5611,5612,,UNOBSERVED,UNKNOWN_NO_CUSTOMER_VERBATIM_OR_SENTIMENT_LABEL,FEEDBACK_NOT_OBSERVED
5612,5613,3,MIDDLE_REPORTED,UNKNOWN_NO_CUSTOMER_VERBATIM_OR_SENTIMENT_LABEL,KEEP_OBSERVED_SCORE
5613,5614,4,HIGH_REPORTED,UNKNOWN_NO_CUSTOMER_VERBATIM_OR_SENTIMENT_LABEL,KEEP_OBSERVED_SCORE
5614,5615,2,LOW_REPORTED,UNKNOWN_NO_CUSTOMER_VERBATIM_OR_SENTIMENT_LABEL,REVIEW_REPORTED_LOW_CSAT
5615,5616,,UNOBSERVED,UNKNOWN_NO_CUSTOMER_VERBATIM_OR_SENTIMENT_LABEL,FEEDBACK_NOT_OBSERVED
5616,5617,,UNOBSERVED,UNKNOWN_NO_CUSTOMER_VERBATIM_OR_SENTIMENT_LABEL,FEEDBACK_NOT_OBSERVED
5617,5618,,UNOBSERVED,UNKNOWN_NO_CUSTOMER_VERBATIM_OR_SENTIMENT_LABEL,FEEDBACK_NOT_OBSERVED
5618,5619,,UNOBSERVED,UNKNOWN_NO_CUSTOMER_VERBATIM_OR_SENTIMENT_LABEL,FEEDBACK_NOT_OBSERVED
5619,5620,,UNOBSERVED,UNKNOWN_NO_CUSTOMER_VERBATIM_OR_SENTIMENT_LABEL,FEEDBACK_NOT_OBSERVED
5620,5621,5,HIGH_REPORTED,UNKNOWN_NO_CUSTOMER_VERBATIM_OR_SENTIMENT_LABEL,KEEP_OBSERVED_SCORE
5621,5622,,UNOBSERVED,UNKNOWN_NO_CUSTOMER_VERBATIM_OR_SENTIMENT_LABEL,FEEDBACK_NOT_OBSERVED
5622,5623,3,MIDDLE_REPORTED,UNKNOWN_NO_CUSTOMER_VERBATIM_OR_SENTIMENT_LABEL,KEEP_OBSERVED_SCORE
5623,5624,,UNOBSERVED,UNKNOWN_NO_CUSTOMER_VERBATIM_OR_SENTIMENT_LABEL,FEEDBACK_NOT_OBSERVED
5624,5625,,UNOBSERVED,UNKNOWN_NO_CUSTOMER_VERBATIM_OR_SENTIMENT_LABEL,FEEDBACK_NOT_OBSERVED
5625,5626,4,HIGH_REPORTED,UNKNOWN_NO_CUSTOMER_VERBATIM_OR_SENTIMENT_LABEL,KEEP_OBSERVED_SCORE
5626,5627,2,LOW_REPORTED,UNKNOWN_NO_CUSTOMER_VERBATIM_OR_SENTIMENT_LABEL,REVIEW_REPORTED_LOW_CSAT
5627,5628,,UNOBSERVED,UNKNOWN_NO_CUSTOMER_VERBATIM_OR_SENTIMENT_LABEL,FEEDBACK_NOT_OBSERVED
5628,5629,3,MIDDLE_REPORTED,UNKNOWN_NO_CUSTOMER_VERBATIM_OR_SENTIMENT_LABEL,KEEP_OBSERVED_SCORE
5629,5630,,UNOBSERVED,UNKNOWN_NO_CUSTOMER_VERBATIM_OR_SENTIMENT_LABEL,FEEDBACK_NOT_OBSERVED
5630,5631,2,LOW_REPORTED,UNKNOWN_NO_CUSTOMER_VERBATIM_OR_SENTIMENT_LABEL,REVIEW_REPORTED_LOW_CSAT
5631,5632,,UNOBSERVED,UNKNOWN_NO_CUSTOMER_VERBATIM_OR_SENTIMENT_LABEL,FEEDBACK_NOT_OBSERVED
5632,5633,,UNOBSERVED,UNKNOWN_NO_CUSTOMER_VERBATIM_OR_SENTIMENT_LABEL,FEEDBACK_NOT_OBSERVED
5633,5634,,UNOBSERVED,UNKNOWN_NO_CUSTOMER_VERBATIM_OR_SENTIMENT_LABEL,FEEDBACK_NOT_OBSERVED
5634,5635,,UNOBSERVED,UNKNOWN_NO_CUSTOMER_VERBATIM_OR_SENTIMENT_LABEL,FEEDBACK_NOT_OBSERVED
5635,5636,,UNOBSERVED,UNKNOWN_NO_CUSTOMER_VERBATIM_OR_SENTIMENT_LABEL,FEEDBACK_NOT_OBSERVED
5636,5637,1,LOW_REPORTED,UNKNOWN_NO_CUSTOMER_VERBATIM_OR_SENTIMENT_LABEL,REVIEW_REPORTED_LOW_CSAT
5637,5638,3,MIDDLE_REPORTED,UNKNOWN_NO_CUSTOMER_VERBATIM_OR_SENTIMENT_LABEL,KEEP_OBSERVED_SCORE
5638,5639,,UNOBSERVED,UNKNOWN_NO_CUSTOMER_VERBATIM_OR_SENTIMENT_LABEL,FEEDBACK_NOT_OBSERVED
5639,5640,,UNOBSERVED,UNKNOWN_NO_CUSTOMER_VERBATIM_OR_SENTIMENT_LABEL,FEEDBACK_NOT_OBSERVED
5640,5641,,UNOBSERVED,UNKNOWN_NO_CUSTOMER_VERBATIM_OR_SENTIMENT_LABEL,FEEDBACK_NOT_OBSERVED
5641,5642,3,MIDDLE_REPORTED,UNKNOWN_NO_CUSTOMER_VERBATIM_OR_SENTIMENT_LABEL,KEEP_OBSERVED_SCORE
5642,5643,,UNOBSERVED,UNKNOWN_NO_CUSTOMER_VERBATIM_OR_SENTIMENT_LABEL,FEEDBACK_NOT_OBSERVED
5643,5644,2,LOW_REPORTED,UNKNOWN_NO_CUSTOMER_VERBATIM_OR_SENTIMENT_LABEL,REVIEW_REPORTED_LOW_CSAT
5644,5645,,UNOBSERVED,UNKNOWN_NO_CUSTOMER_VERBATIM_OR_SENTIMENT_LABEL,FEEDBACK_NOT_OBSERVED
5645,5646,,UNOBSERVED,UNKNOWN_NO_CUSTOMER_VERBATIM_OR_SENTIMENT_LABEL,FEEDBACK_NOT_OBSERVED
5646,5647,3,MIDDLE_REPORTED,UNKNOWN_NO_CUSTOMER_VERBATIM_OR_SENTIMENT_LABEL,KEEP_OBSERVED_SCORE
5647,5648,,UNOBSERVED,UNKNOWN_NO_CUSTOMER_VERBATIM_OR_SENTIMENT_LABEL,FEEDBACK_NOT_OBSERVED
5648,5649,5,HIGH_REPORTED,UNKNOWN_NO_CUSTOMER_VERBATIM_OR_SENTIMENT_LABEL,KEEP_OBSERVED_SCORE
5649,5650,,UNOBSERVED,UNKNOWN_NO_CUSTOMER_VERBATIM_OR_SENTIMENT_LABEL,FEEDBACK_NOT_OBSERVED
5650,5651,5,HIGH_REPORTED,UNKNOWN_NO_CUSTOMER_VERBATIM_OR_SENTIMENT_LABEL,KEEP_OBSERVED_SCORE
5651,5652,2,LOW_REPORTED,UNKNOWN_NO_CUSTOMER_VERBATIM_OR_SENTIMENT_LABEL,REVIEW_REPORTED_LOW_CSAT
5652,5653,,UNOBSERVED,UNKNOWN_NO_CUSTOMER_VERBATIM_OR_SENTIMENT_LABEL,FEEDBACK_NOT_OBSERVED
5653,5654,,UNOBSERVED,UNKNOWN_NO_CUSTOMER_VERBATIM_OR_SENTIMENT_LABEL,FEEDBACK_NOT_OBSERVED
5654,5655,,UNOBSERVED,UNKNOWN_NO_CUSTOMER_VERBATIM_OR_SENTIMENT_LABEL,FEEDBACK_NOT_OBSERVED
5655,5656,,UNOBSERVED,UNKNOWN_NO_CUSTOMER_VERBATIM_OR_SENTIMENT_LABEL,FEEDBACK_NOT_OBSERVED
5656,5657,,UNOBSERVED,UNKNOWN_NO_CUSTOMER_VERBATIM_OR_SENTIMENT_LABEL,FEEDBACK_NOT_OBSERVED
5657,5658,,UNOBSERVED,UNKNOWN_NO_CUSTOMER_VERBATIM_OR_SENTIMENT_LABEL,FEEDBACK_NOT_OBSERVED
5658,5659,5,HIGH_REPORTED,UNKNOWN_NO_CUSTOMER_VERBATIM_OR_SENTIMENT_LABEL,KEEP_OBSERVED_SCORE
5659,5660,,UNOBSERVED,UNKNOWN_NO_CUSTOMER_VERBATIM_OR_SENTIMENT_LABEL,FEEDBACK_NOT_OBSERVED
5660,5661,,UNOBSERVED,UNKNOWN_NO_CUSTOMER_VERBATIM_OR_SENTIMENT_LABEL,FEEDBACK_NOT_OBSERVED
5661,5662,,UNOBSERVED,UNKNOWN_NO_CUSTOMER_VERBATIM_OR_SENTIMENT_LABEL,FEEDBACK_NOT_OBSERVED
5662,5663,,UNOBSERVED,UNKNOWN_NO_CUSTOMER_VERBATIM_OR_SENTIMENT_LABEL,FEEDBACK_NOT_OBSERVED
5663,5664,5,HIGH_REPORTED,UNKNOWN_NO_CUSTOMER_VERBATIM_OR_SENTIMENT_LABEL,KEEP_OBSERVED_SCORE
5664,5665,,UNOBSERVED,UNKNOWN_NO_CUSTOMER_VERBATIM_OR_SENTIMENT_LABEL,FEEDBACK_NOT_OBSERVED
5665,5666,5,HIGH_REPORTED,UNKNOWN_NO_CUSTOMER_VERBATIM_OR_SENTIMENT_LABEL,KEEP_OBSERVED_SCORE
5666,5667,4,HIGH_REPORTED,UNKNOWN_NO_CUSTOMER_VERBATIM_OR_SENTIMENT_LABEL,KEEP_OBSERVED_SCORE
5667,5668,,UNOBSERVED,UNKNOWN_NO_CUSTOMER_VERBATIM_OR_SENTIMENT_LABEL,FEEDBACK_NOT_OBSERVED
5668,5669,4,HIGH_REPORTED,UNKNOWN_NO_CUSTOMER_VERBATIM_OR_SENTIMENT_LABEL,KEEP_OBSERVED_SCORE
5669,5670,4,HIGH_REPORTED,UNKNOWN_NO_CUSTOMER_VERBATIM_OR_SENTIMENT_LABEL,KEEP_OBSERVED_SCORE
5670,5671,,UNOBSERVED,UNKNOWN_NO_CUSTOMER_VERBATIM_OR_SENTIMENT_LABEL,FEEDBACK_NOT_OBSERVED
5671,5672,5,HIGH_REPORTED,UNKNOWN_NO_CUSTOMER_VERBATIM_OR_SENTIMENT_LABEL,KEEP_OBSERVED_SCORE
5672,5673,3,MIDDLE_REPORTED,UNKNOWN_NO_CUSTOMER_VERBATIM_OR_SENTIMENT_LABEL,KEEP_OBSERVED_SCORE
5673,5674,,UNOBSERVED,UNKNOWN_NO_CUSTOMER_VERBATIM_OR_SENTIMENT_LABEL,FEEDBACK_NOT_OBSERVED
5674,5675,1,LOW_REPORTED,UNKNOWN_NO_CUSTOMER_VERBATIM_OR_SENTIMENT_LABEL,REVIEW_REPORTED_LOW_CSAT
5675,5676,,UNOBSERVED,UNKNOWN_NO_CUSTOMER_VERBATIM_OR_SENTIMENT_LABEL,FEEDBACK_NOT_OBSERVED
5676,5677,1,LOW_REPORTED,UNKNOWN_NO_CUSTOMER_VERBATIM_OR_SENTIMENT_LABEL,REVIEW_REPORTED_LOW_CSAT
5677,5678,,UNOBSERVED,UNKNOWN_NO_CUSTOMER_VERBATIM_OR_SENTIMENT_LABEL,FEEDBACK_NOT_OBSERVED
5678,5679,,UNOBSERVED,UNKNOWN_NO_CUSTOMER_VERBATIM_OR_SENTIMENT_LABEL,FEEDBACK_NOT_OBSERVED
5679,5680,4,HIGH_REPORTED,UNKNOWN_NO_CUSTOMER_VERBATIM_OR_SENTIMENT_LABEL,KEEP_OBSERVED_SCORE
5680,5681,,UNOBSERVED,UNKNOWN_NO_CUSTOMER_VERBATIM_OR_SENTIMENT_LABEL,FEEDBACK_NOT_OBSERVED
5681,5682,,UNOBSERVED,UNKNOWN_NO_CUSTOMER_VERBATIM_OR_SENTIMENT_LABEL,FEEDBACK_NOT_OBSERVED
5682,5683,5,HIGH_REPORTED,UNKNOWN_NO_CUSTOMER_VERBATIM_OR_SENTIMENT_LABEL,KEEP_OBSERVED_SCORE
5683,5684,,UNOBSERVED,UNKNOWN_NO_CUSTOMER_VERBATIM_OR_SENTIMENT_LABEL,FEEDBACK_NOT_OBSERVED
5684,5685,2,LOW_REPORTED,UNKNOWN_NO_CUSTOMER_VERBATIM_OR_SENTIMENT_LABEL,REVIEW_REPORTED_LOW_CSAT
5685,5686,4,HIGH_REPORTED,UNKNOWN_NO_CUSTOMER_VERBATIM_OR_SENTIMENT_LABEL,KEEP_OBSERVED_SCORE
5686,5687,,UNOBSERVED,UNKNOWN_NO_CUSTOMER_VERBATIM_OR_SENTIMENT_LABEL,FEEDBACK_NOT_OBSERVED
5687,5688,2,LOW_REPORTED,UNKNOWN_NO_CUSTOMER_VERBATIM_OR_SENTIMENT_LABEL,REVIEW_REPORTED_LOW_CSAT
5688,5689,,UNOBSERVED,UNKNOWN_NO_CUSTOMER_VERBATIM_OR_SENTIMENT_LABEL,FEEDBACK_NOT_OBSERVED
5689,5690,,UNOBSERVED,UNKNOWN_NO_CUSTOMER_VERBATIM_OR_SENTIMENT_LABEL,FEEDBACK_NOT_OBSERVED
5690,5691,,UNOBSERVED,UNKNOWN_NO_CUSTOMER_VERBATIM_OR_SENTIMENT_LABEL,FEEDBACK_NOT_OBSERVED
5691,5692,,UNOBSERVED,UNKNOWN_NO_CUSTOMER_VERBATIM_OR_SENTIMENT_LABEL,FEEDBACK_NOT_OBSERVED
5692,5693,,UNOBSERVED,UNKNOWN_NO_CUSTOMER_VERBATIM_OR_SENTIMENT_LABEL,FEEDBACK_NOT_OBSERVED
5693,5694,,UNOBSERVED,UNKNOWN_NO_CUSTOMER_VERBATIM_OR_SENTIMENT_LABEL,FEEDBACK_NOT_OBSERVED
5694,5695,4,HIGH_REPORTED,UNKNOWN_NO_CUSTOMER_VERBATIM_OR_SENTIMENT_LABEL,KEEP_OBSERVED_SCORE
5695,5696,1,LOW_REPORTED,UNKNOWN_NO_CUSTOMER_VERBATIM_OR_SENTIMENT_LABEL,REVIEW_REPORTED_LOW_CSAT
5696,5697,,UNOBSERVED,UNKNOWN_NO_CUSTOMER_VERBATIM_OR_SENTIMENT_LABEL,FEEDBACK_NOT_OBSERVED
5697,5698,,UNOBSERVED,UNKNOWN_NO_CUSTOMER_VERBATIM_OR_SENTIMENT_LABEL,FEEDBACK_NOT_OBSERVED
5698,5699,,UNOBSERVED,UNKNOWN_NO_CUSTOMER_VERBATIM_OR_SENTIMENT_LABEL,FEEDBACK_NOT_OBSERVED
5699,5700,,UNOBSERVED,UNKNOWN_NO_CUSTOMER_VERBATIM_OR_SENTIMENT_LABEL,FEEDBACK_NOT_OBSERVED
5700,5701,5,HIGH_REPORTED,UNKNOWN_NO_CUSTOMER_VERBATIM_OR_SENTIMENT_LABEL,KEEP_OBSERVED_SCORE
5701,5702,,UNOBSERVED,UNKNOWN_NO_CUSTOMER_VERBATIM_OR_SENTIMENT_LABEL,FEEDBACK_NOT_OBSERVED
5702,5703,,UNOBSERVED,UNKNOWN_NO_CUSTOMER_VERBATIM_OR_SENTIMENT_LABEL,FEEDBACK_NOT_OBSERVED
5703,5704,,UNOBSERVED,UNKNOWN_NO_CUSTOMER_VERBATIM_OR_SENTIMENT_LABEL,FEEDBACK_NOT_OBSERVED
5704,5705,1,LOW_REPORTED,UNKNOWN_NO_CUSTOMER_VERBATIM_OR_SENTIMENT_LABEL,REVIEW_REPORTED_LOW_CSAT
5705,5706,,UNOBSERVED,UNKNOWN_NO_CUSTOMER_VERBATIM_OR_SENTIMENT_LABEL,FEEDBACK_NOT_OBSERVED
5706,5707,4,HIGH_REPORTED,UNKNOWN_NO_CUSTOMER_VERBATIM_OR_SENTIMENT_LABEL,KEEP_OBSERVED_SCORE
5707,5708,,UNOBSERVED,UNKNOWN_NO_CUSTOMER_VERBATIM_OR_SENTIMENT_LABEL,FEEDBACK_NOT_OBSERVED
5708,5709,,UNOBSERVED,UNKNOWN_NO_CUSTOMER_VERBATIM_OR_SENTIMENT_LABEL,FEEDBACK_NOT_OBSERVED
5709,5710,,UNOBSERVED,UNKNOWN_NO_CUSTOMER_VERBATIM_OR_SENTIMENT_LABEL,FEEDBACK_NOT_OBSERVED
5710,5711,,UNOBSERVED,UNKNOWN_NO_CUSTOMER_VERBATIM_OR_SENTIMENT_LABEL,FEEDBACK_NOT_OBSERVED
5711,5712,,UNOBSERVED,UNKNOWN_NO_CUSTOMER_VERBATIM_OR_SENTIMENT_LABEL,FEEDBACK_NOT_OBSERVED
5712,5713,,UNOBSERVED,UNKNOWN_NO_CUSTOMER_VERBATIM_OR_SENTIMENT_LABEL,FEEDBACK_NOT_OBSERVED
5713,5714,,UNOBSERVED,UNKNOWN_NO_CUSTOMER_VERBATIM_OR_SENTIMENT_LABEL,FEEDBACK_NOT_OBSERVED
5714,5715,4,HIGH_REPORTED,UNKNOWN_NO_CUSTOMER_VERBATIM_OR_SENTIMENT_LABEL,KEEP_OBSERVED_SCORE
5715,5716,,UNOBSERVED,UNKNOWN_NO_CUSTOMER_VERBATIM_OR_SENTIMENT_LABEL,FEEDBACK_NOT_OBSERVED
5716,5717,3,MIDDLE_REPORTED,UNKNOWN_NO_CUSTOMER_VERBATIM_OR_SENTIMENT_LABEL,KEEP_OBSERVED_SCORE
5717,5718,1,LOW_REPORTED,UNKNOWN_NO_CUSTOMER_VERBATIM_OR_SENTIMENT_LABEL,REVIEW_REPORTED_LOW_CSAT
5718,5719,5,HIGH_REPORTED,UNKNOWN_NO_CUSTOMER_VERBATIM_OR_SENTIMENT_LABEL,KEEP_OBSERVED_SCORE
5719,5720,,UNOBSERVED,UNKNOWN_NO_CUSTOMER_VERBATIM_OR_SENTIMENT_LABEL,FEEDBACK_NOT_OBSERVED
5720,5721,,UNOBSERVED,UNKNOWN_NO_CUSTOMER_VERBATIM_OR_SENTIMENT_LABEL,FEEDBACK_NOT_OBSERVED
5721,5722,,UNOBSERVED,UNKNOWN_NO_CUSTOMER_VERBATIM_OR_SENTIMENT_LABEL,FEEDBACK_NOT_OBSERVED
5722,5723,3,MIDDLE_REPORTED,UNKNOWN_NO_CUSTOMER_VERBATIM_OR_SENTIMENT_LABEL,KEEP_OBSERVED_SCORE
5723,5724,3,MIDDLE_REPORTED,UNKNOWN_NO_CUSTOMER_VERBATIM_OR_SENTIMENT_LABEL,KEEP_OBSERVED_SCORE
5724,5725,,UNOBSERVED,UNKNOWN_NO_CUSTOMER_VERBATIM_OR_SENTIMENT_LABEL,FEEDBACK_NOT_OBSERVED
5725,5726,,UNOBSERVED,UNKNOWN_NO_CUSTOMER_VERBATIM_OR_SENTIMENT_LABEL,FEEDBACK_NOT_OBSERVED
5726,5727,,UNOBSERVED,UNKNOWN_NO_CUSTOMER_VERBATIM_OR_SENTIMENT_LABEL,FEEDBACK_NOT_OBSERVED
5727,5728,3,MIDDLE_REPORTED,UNKNOWN_NO_CUSTOMER_VERBATIM_OR_SENTIMENT_LABEL,KEEP_OBSERVED_SCORE
5728,5729,,UNOBSERVED,UNKNOWN_NO_CUSTOMER_VERBATIM_OR_SENTIMENT_LABEL,FEEDBACK_NOT_OBSERVED
5729,5730,,UNOBSERVED,UNKNOWN_NO_CUSTOMER_VERBATIM_OR_SENTIMENT_LABEL,FEEDBACK_NOT_OBSERVED
5730,5731,4,HIGH_REPORTED,UNKNOWN_NO_CUSTOMER_VERBATIM_OR_SENTIMENT_LABEL,KEEP_OBSERVED_SCORE
5731,5732,4,HIGH_REPORTED,UNKNOWN_NO_CUSTOMER_VERBATIM_OR_SENTIMENT_LABEL,KEEP_OBSERVED_SCORE
5732,5733,2,LOW_REPORTED,UNKNOWN_NO_CUSTOMER_VERBATIM_OR_SENTIMENT_LABEL,REVIEW_REPORTED_LOW_CSAT
5733,5734,3,MIDDLE_REPORTED,UNKNOWN_NO_CUSTOMER_VERBATIM_OR_SENTIMENT_LABEL,KEEP_OBSERVED_SCORE
5734,5735,,UNOBSERVED,UNKNOWN_NO_CUSTOMER_VERBATIM_OR_SENTIMENT_LABEL,FEEDBACK_NOT_OBSERVED
5735,5736,,UNOBSERVED,UNKNOWN_NO_CUSTOMER_VERBATIM_OR_SENTIMENT_LABEL,FEEDBACK_NOT_OBSERVED
5736,5737,,UNOBSERVED,UNKNOWN_NO_CUSTOMER_VERBATIM_OR_SENTIMENT_LABEL,FEEDBACK_NOT_OBSERVED
5737,5738,1,LOW_REPORTED,UNKNOWN_NO_CUSTOMER_VERBATIM_OR_SENTIMENT_LABEL,REVIEW_REPORTED_LOW_CSAT
5738,5739,5,HIGH_REPORTED,UNKNOWN_NO_CUSTOMER_VERBATIM_OR_SENTIMENT_LABEL,KEEP_OBSERVED_SCORE
5739,5740,,UNOBSERVED,UNKNOWN_NO_CUSTOMER_VERBATIM_OR_SENTIMENT_LABEL,FEEDBACK_NOT_OBSERVED
5740,5741,3,MIDDLE_REPORTED,UNKNOWN_NO_CUSTOMER_VERBATIM_OR_SENTIMENT_LABEL,KEEP_OBSERVED_SCORE
5741,5742,1,LOW_REPORTED,UNKNOWN_NO_CUSTOMER_VERBATIM_OR_SENTIMENT_LABEL,REVIEW_REPORTED_LOW_CSAT
5742,5743,,UNOBSERVED,UNKNOWN_NO_CUSTOMER_VERBATIM_OR_SENTIMENT_LABEL,FEEDBACK_NOT_OBSERVED
5743,5744,,UNOBSERVED,UNKNOWN_NO_CUSTOMER_VERBATIM_OR_SENTIMENT_LABEL,FEEDBACK_NOT_OBSERVED
5744,5745,3,MIDDLE_REPORTED,UNKNOWN_NO_CUSTOMER_VERBATIM_OR_SENTIMENT_LABEL,KEEP_OBSERVED_SCORE
5745,5746,3,MIDDLE_REPORTED,UNKNOWN_NO_CUSTOMER_VERBATIM_OR_SENTIMENT_LABEL,KEEP_OBSERVED_SCORE
5746,5747,,UNOBSERVED,UNKNOWN_NO_CUSTOMER_VERBATIM_OR_SENTIMENT_LABEL,FEEDBACK_NOT_OBSERVED
5747,5748,,UNOBSERVED,UNKNOWN_NO_CUSTOMER_VERBATIM_OR_SENTIMENT_LABEL,FEEDBACK_NOT_OBSERVED
5748,5749,,UNOBSERVED,UNKNOWN_NO_CUSTOMER_VERBATIM_OR_SENTIMENT_LABEL,FEEDBACK_NOT_OBSERVED
5749,5750,,UNOBSERVED,UNKNOWN_NO_CUSTOMER_VERBATIM_OR_SENTIMENT_LABEL,FEEDBACK_NOT_OBSERVED
5750,5751,,UNOBSERVED,UNKNOWN_NO_CUSTOMER_VERBATIM_OR_SENTIMENT_LABEL,FEEDBACK_NOT_OBSERVED
5751,5752,3,MIDDLE_REPORTED,UNKNOWN_NO_CUSTOMER_VERBATIM_OR_SENTIMENT_LABEL,KEEP_OBSERVED_SCORE
5752,5753,,UNOBSERVED,UNKNOWN_NO_CUSTOMER_VERBATIM_OR_SENTIMENT_LABEL,FEEDBACK_NOT_OBSERVED
5753,5754,,UNOBSERVED,UNKNOWN_NO_CUSTOMER_VERBATIM_OR_SENTIMENT_LABEL,FEEDBACK_NOT_OBSERVED
5754,5755,,UNOBSERVED,UNKNOWN_NO_CUSTOMER_VERBATIM_OR_SENTIMENT_LABEL,FEEDBACK_NOT_OBSERVED
5755,5756,,UNOBSERVED,UNKNOWN_NO_CUSTOMER_VERBATIM_OR_SENTIMENT_LABEL,FEEDBACK_NOT_OBSERVED
5756,5757,,UNOBSERVED,UNKNOWN_NO_CUSTOMER_VERBATIM_OR_SENTIMENT_LABEL,FEEDBACK_NOT_OBSERVED
5757,5758,,UNOBSERVED,UNKNOWN_NO_CUSTOMER_VERBATIM_OR_SENTIMENT_LABEL,FEEDBACK_NOT_OBSERVED
5758,5759,,UNOBSERVED,UNKNOWN_NO_CUSTOMER_VERBATIM_OR_SENTIMENT_LABEL,FEEDBACK_NOT_OBSERVED
5759,5760,4,HIGH_REPORTED,UNKNOWN_NO_CUSTOMER_VERBATIM_OR_SENTIMENT_LABEL,KEEP_OBSERVED_SCORE
5760,5761,2,LOW_REPORTED,UNKNOWN_NO_CUSTOMER_VERBATIM_OR_SENTIMENT_LABEL,REVIEW_REPORTED_LOW_CSAT
5761,5762,5,HIGH_REPORTED,UNKNOWN_NO_CUSTOMER_VERBATIM_OR_SENTIMENT_LABEL,KEEP_OBSERVED_SCORE
5762,5763,,UNOBSERVED,UNKNOWN_NO_CUSTOMER_VERBATIM_OR_SENTIMENT_LABEL,FEEDBACK_NOT_OBSERVED
5763,5764,,UNOBSERVED,UNKNOWN_NO_CUSTOMER_VERBATIM_OR_SENTIMENT_LABEL,FEEDBACK_NOT_OBSERVED
5764,5765,,UNOBSERVED,UNKNOWN_NO_CUSTOMER_VERBATIM_OR_SENTIMENT_LABEL,FEEDBACK_NOT_OBSERVED
5765,5766,,UNOBSERVED,UNKNOWN_NO_CUSTOMER_VERBATIM_OR_SENTIMENT_LABEL,FEEDBACK_NOT_OBSERVED
5766,5767,2,LOW_REPORTED,UNKNOWN_NO_CUSTOMER_VERBATIM_OR_SENTIMENT_LABEL,REVIEW_REPORTED_LOW_CSAT
5767,5768,,UNOBSERVED,UNKNOWN_NO_CUSTOMER_VERBATIM_OR_SENTIMENT_LABEL,FEEDBACK_NOT_OBSERVED
5768,5769,5,HIGH_REPORTED,UNKNOWN_NO_CUSTOMER_VERBATIM_OR_SENTIMENT_LABEL,KEEP_OBSERVED_SCORE
5769,5770,,UNOBSERVED,UNKNOWN_NO_CUSTOMER_VERBATIM_OR_SENTIMENT_LABEL,FEEDBACK_NOT_OBSERVED
5770,5771,,UNOBSERVED,UNKNOWN_NO_CUSTOMER_VERBATIM_OR_SENTIMENT_LABEL,FEEDBACK_NOT_OBSERVED
5771,5772,,UNOBSERVED,UNKNOWN_NO_CUSTOMER_VERBATIM_OR_SENTIMENT_LABEL,FEEDBACK_NOT_OBSERVED
5772,5773,3,MIDDLE_REPORTED,UNKNOWN_NO_CUSTOMER_VERBATIM_OR_SENTIMENT_LABEL,KEEP_OBSERVED_SCORE
5773,5774,,UNOBSERVED,UNKNOWN_NO_CUSTOMER_VERBATIM_OR_SENTIMENT_LABEL,FEEDBACK_NOT_OBSERVED
5774,5775,,UNOBSERVED,UNKNOWN_NO_CUSTOMER_VERBATIM_OR_SENTIMENT_LABEL,FEEDBACK_NOT_OBSERVED
5775,5776,,UNOBSERVED,UNKNOWN_NO_CUSTOMER_VERBATIM_OR_SENTIMENT_LABEL,FEEDBACK_NOT_OBSERVED
5776,5777,,UNOBSERVED,UNKNOWN_NO_CUSTOMER_VERBATIM_OR_SENTIMENT_LABEL,FEEDBACK_NOT_OBSERVED
5777,5778,1,LOW_REPORTED,UNKNOWN_NO_CUSTOMER_VERBATIM_OR_SENTIMENT_LABEL,REVIEW_REPORTED_LOW_CSAT
5778,5779,,UNOBSERVED,UNKNOWN_NO_CUSTOMER_VERBATIM_OR_SENTIMENT_LABEL,FEEDBACK_NOT_OBSERVED
5779,5780,,UNOBSERVED,UNKNOWN_NO_CUSTOMER_VERBATIM_OR_SENTIMENT_LABEL,FEEDBACK_NOT_OBSERVED
5780,5781,2,LOW_REPORTED,UNKNOWN_NO_CUSTOMER_VERBATIM_OR_SENTIMENT_LABEL,REVIEW_REPORTED_LOW_CSAT
5781,5782,,UNOBSERVED,UNKNOWN_NO_CUSTOMER_VERBATIM_OR_SENTIMENT_LABEL,FEEDBACK_NOT_OBSERVED
5782,5783,4,HIGH_REPORTED,UNKNOWN_NO_CUSTOMER_VERBATIM_OR_SENTIMENT_LABEL,KEEP_OBSERVED_SCORE
5783,5784,,UNOBSERVED,UNKNOWN_NO_CUSTOMER_VERBATIM_OR_SENTIMENT_LABEL,FEEDBACK_NOT_OBSERVED
5784,5785,,UNOBSERVED,UNKNOWN_NO_CUSTOMER_VERBATIM_OR_SENTIMENT_LABEL,FEEDBACK_NOT_OBSERVED
5785,5786,1,LOW_REPORTED,UNKNOWN_NO_CUSTOMER_VERBATIM_OR_SENTIMENT_LABEL,REVIEW_REPORTED_LOW_CSAT
5786,5787,3,MIDDLE_REPORTED,UNKNOWN_NO_CUSTOMER_VERBATIM_OR_SENTIMENT_LABEL,KEEP_OBSERVED_SCORE
5787,5788,,UNOBSERVED,UNKNOWN_NO_CUSTOMER_VERBATIM_OR_SENTIMENT_LABEL,FEEDBACK_NOT_OBSERVED
5788,5789,,UNOBSERVED,UNKNOWN_NO_CUSTOMER_VERBATIM_OR_SENTIMENT_LABEL,FEEDBACK_NOT_OBSERVED
5789,5790,,UNOBSERVED,UNKNOWN_NO_CUSTOMER_VERBATIM_OR_SENTIMENT_LABEL,FEEDBACK_NOT_OBSERVED
5790,5791,1,LOW_REPORTED,UNKNOWN_NO_CUSTOMER_VERBATIM_OR_SENTIMENT_LABEL,REVIEW_REPORTED_LOW_CSAT
5791,5792,,UNOBSERVED,UNKNOWN_NO_CUSTOMER_VERBATIM_OR_SENTIMENT_LABEL,FEEDBACK_NOT_OBSERVED
5792,5793,1,LOW_REPORTED,UNKNOWN_NO_CUSTOMER_VERBATIM_OR_SENTIMENT_LABEL,REVIEW_REPORTED_LOW_CSAT
5793,5794,4,HIGH_REPORTED,UNKNOWN_NO_CUSTOMER_VERBATIM_OR_SENTIMENT_LABEL,KEEP_OBSERVED_SCORE
5794,5795,,UNOBSERVED,UNKNOWN_NO_CUSTOMER_VERBATIM_OR_SENTIMENT_LABEL,FEEDBACK_NOT_OBSERVED
5795,5796,,UNOBSERVED,UNKNOWN_NO_CUSTOMER_VERBATIM_OR_SENTIMENT_LABEL,FEEDBACK_NOT_OBSERVED
5796,5797,,UNOBSERVED,UNKNOWN_NO_CUSTOMER_VERBATIM_OR_SENTIMENT_LABEL,FEEDBACK_NOT_OBSERVED
5797,5798,,UNOBSERVED,UNKNOWN_NO_CUSTOMER_VERBATIM_OR_SENTIMENT_LABEL,FEEDBACK_NOT_OBSERVED
5798,5799,,UNOBSERVED,UNKNOWN_NO_CUSTOMER_VERBATIM_OR_SENTIMENT_LABEL,FEEDBACK_NOT_OBSERVED
5799,5800,5,HIGH_REPORTED,UNKNOWN_NO_CUSTOMER_VERBATIM_OR_SENTIMENT_LABEL,KEEP_OBSERVED_SCORE
5800,5801,,UNOBSERVED,UNKNOWN_NO_CUSTOMER_VERBATIM_OR_SENTIMENT_LABEL,FEEDBACK_NOT_OBSERVED
5801,5802,,UNOBSERVED,UNKNOWN_NO_CUSTOMER_VERBATIM_OR_SENTIMENT_LABEL,FEEDBACK_NOT_OBSERVED
5802,5803,4,HIGH_REPORTED,UNKNOWN_NO_CUSTOMER_VERBATIM_OR_SENTIMENT_LABEL,KEEP_OBSERVED_SCORE
5803,5804,2,LOW_REPORTED,UNKNOWN_NO_CUSTOMER_VERBATIM_OR_SENTIMENT_LABEL,REVIEW_REPORTED_LOW_CSAT
5804,5805,,UNOBSERVED,UNKNOWN_NO_CUSTOMER_VERBATIM_OR_SENTIMENT_LABEL,FEEDBACK_NOT_OBSERVED
5805,5806,,UNOBSERVED,UNKNOWN_NO_CUSTOMER_VERBATIM_OR_SENTIMENT_LABEL,FEEDBACK_NOT_OBSERVED
5806,5807,2,LOW_REPORTED,UNKNOWN_NO_CUSTOMER_VERBATIM_OR_SENTIMENT_LABEL,REVIEW_REPORTED_LOW_CSAT
5807,5808,1,LOW_REPORTED,UNKNOWN_NO_CUSTOMER_VERBATIM_OR_SENTIMENT_LABEL,REVIEW_REPORTED_LOW_CSAT
5808,5809,,UNOBSERVED,UNKNOWN_NO_CUSTOMER_VERBATIM_OR_SENTIMENT_LABEL,FEEDBACK_NOT_OBSERVED
5809,5810,,UNOBSERVED,UNKNOWN_NO_CUSTOMER_VERBATIM_OR_SENTIMENT_LABEL,FEEDBACK_NOT_OBSERVED
5810,5811,5,HIGH_REPORTED,UNKNOWN_NO_CUSTOMER_VERBATIM_OR_SENTIMENT_LABEL,KEEP_OBSERVED_SCORE
5811,5812,,UNOBSERVED,UNKNOWN_NO_CUSTOMER_VERBATIM_OR_SENTIMENT_LABEL,FEEDBACK_NOT_OBSERVED
5812,5813,,UNOBSERVED,UNKNOWN_NO_CUSTOMER_VERBATIM_OR_SENTIMENT_LABEL,FEEDBACK_NOT_OBSERVED
5813,5814,,UNOBSERVED,UNKNOWN_NO_CUSTOMER_VERBATIM_OR_SENTIMENT_LABEL,FEEDBACK_NOT_OBSERVED
5814,5815,,UNOBSERVED,UNKNOWN_NO_CUSTOMER_VERBATIM_OR_SENTIMENT_LABEL,FEEDBACK_NOT_OBSERVED
5815,5816,5,HIGH_REPORTED,UNKNOWN_NO_CUSTOMER_VERBATIM_OR_SENTIMENT_LABEL,KEEP_OBSERVED_SCORE
5816,5817,2,LOW_REPORTED,UNKNOWN_NO_CUSTOMER_VERBATIM_OR_SENTIMENT_LABEL,REVIEW_REPORTED_LOW_CSAT
5817,5818,,UNOBSERVED,UNKNOWN_NO_CUSTOMER_VERBATIM_OR_SENTIMENT_LABEL,FEEDBACK_NOT_OBSERVED
5818,5819,,UNOBSERVED,UNKNOWN_NO_CUSTOMER_VERBATIM_OR_SENTIMENT_LABEL,FEEDBACK_NOT_OBSERVED
5819,5820,,UNOBSERVED,UNKNOWN_NO_CUSTOMER_VERBATIM_OR_SENTIMENT_LABEL,FEEDBACK_NOT_OBSERVED
5820,5821,4,HIGH_REPORTED,UNKNOWN_NO_CUSTOMER_VERBATIM_OR_SENTIMENT_LABEL,KEEP_OBSERVED_SCORE
5821,5822,,UNOBSERVED,UNKNOWN_NO_CUSTOMER_VERBATIM_OR_SENTIMENT_LABEL,FEEDBACK_NOT_OBSERVED
5822,5823,,UNOBSERVED,UNKNOWN_NO_CUSTOMER_VERBATIM_OR_SENTIMENT_LABEL,FEEDBACK_NOT_OBSERVED
5823,5824,2,LOW_REPORTED,UNKNOWN_NO_CUSTOMER_VERBATIM_OR_SENTIMENT_LABEL,REVIEW_REPORTED_LOW_CSAT
5824,5825,,UNOBSERVED,UNKNOWN_NO_CUSTOMER_VERBATIM_OR_SENTIMENT_LABEL,FEEDBACK_NOT_OBSERVED
5825,5826,,UNOBSERVED,UNKNOWN_NO_CUSTOMER_VERBATIM_OR_SENTIMENT_LABEL,FEEDBACK_NOT_OBSERVED
5826,5827,1,LOW_REPORTED,UNKNOWN_NO_CUSTOMER_VERBATIM_OR_SENTIMENT_LABEL,REVIEW_REPORTED_LOW_CSAT
5827,5828,,UNOBSERVED,UNKNOWN_NO_CUSTOMER_VERBATIM_OR_SENTIMENT_LABEL,FEEDBACK_NOT_OBSERVED
5828,5829,4,HIGH_REPORTED,UNKNOWN_NO_CUSTOMER_VERBATIM_OR_SENTIMENT_LABEL,KEEP_OBSERVED_SCORE
5829,5830,2,LOW_REPORTED,UNKNOWN_NO_CUSTOMER_VERBATIM_OR_SENTIMENT_LABEL,REVIEW_REPORTED_LOW_CSAT
5830,5831,,UNOBSERVED,UNKNOWN_NO_CUSTOMER_VERBATIM_OR_SENTIMENT_LABEL,FEEDBACK_NOT_OBSERVED
5831,5832,,UNOBSERVED,UNKNOWN_NO_CUSTOMER_VERBATIM_OR_SENTIMENT_LABEL,FEEDBACK_NOT_OBSERVED
5832,5833,4,HIGH_REPORTED,UNKNOWN_NO_CUSTOMER_VERBATIM_OR_SENTIMENT_LABEL,KEEP_OBSERVED_SCORE
5833,5834,,UNOBSERVED,UNKNOWN_NO_CUSTOMER_VERBATIM_OR_SENTIMENT_LABEL,FEEDBACK_NOT_OBSERVED
5834,5835,5,HIGH_REPORTED,UNKNOWN_NO_CUSTOMER_VERBATIM_OR_SENTIMENT_LABEL,KEEP_OBSERVED_SCORE
5835,5836,,UNOBSERVED,UNKNOWN_NO_CUSTOMER_VERBATIM_OR_SENTIMENT_LABEL,FEEDBACK_NOT_OBSERVED
5836,5837,,UNOBSERVED,UNKNOWN_NO_CUSTOMER_VERBATIM_OR_SENTIMENT_LABEL,FEEDBACK_NOT_OBSERVED
5837,5838,,UNOBSERVED,UNKNOWN_NO_CUSTOMER_VERBATIM_OR_SENTIMENT_LABEL,FEEDBACK_NOT_OBSERVED
5838,5839,,UNOBSERVED,UNKNOWN_NO_CUSTOMER_VERBATIM_OR_SENTIMENT_LABEL,FEEDBACK_NOT_OBSERVED
5839,5840,,UNOBSERVED,UNKNOWN_NO_CUSTOMER_VERBATIM_OR_SENTIMENT_LABEL,FEEDBACK_NOT_OBSERVED
5840,5841,5,HIGH_REPORTED,UNKNOWN_NO_CUSTOMER_VERBATIM_OR_SENTIMENT_LABEL,KEEP_OBSERVED_SCORE
5841,5842,,UNOBSERVED,UNKNOWN_NO_CUSTOMER_VERBATIM_OR_SENTIMENT_LABEL,FEEDBACK_NOT_OBSERVED
5842,5843,,UNOBSERVED,UNKNOWN_NO_CUSTOMER_VERBATIM_OR_SENTIMENT_LABEL,FEEDBACK_NOT_OBSERVED
5843,5844,,UNOBSERVED,UNKNOWN_NO_CUSTOMER_VERBATIM_OR_SENTIMENT_LABEL,FEEDBACK_NOT_OBSERVED
5844,5845,,UNOBSERVED,UNKNOWN_NO_CUSTOMER_VERBATIM_OR_SENTIMENT_LABEL,FEEDBACK_NOT_OBSERVED
5845,5846,,UNOBSERVED,UNKNOWN_NO_CUSTOMER_VERBATIM_OR_SENTIMENT_LABEL,FEEDBACK_NOT_OBSERVED
5846,5847,1,LOW_REPORTED,UNKNOWN_NO_CUSTOMER_VERBATIM_OR_SENTIMENT_LABEL,REVIEW_REPORTED_LOW_CSAT
5847,5848,1,LOW_REPORTED,UNKNOWN_NO_CUSTOMER_VERBATIM_OR_SENTIMENT_LABEL,REVIEW_REPORTED_LOW_CSAT
5848,5849,4,HIGH_REPORTED,UNKNOWN_NO_CUSTOMER_VERBATIM_OR_SENTIMENT_LABEL,KEEP_OBSERVED_SCORE
5849,5850,,UNOBSERVED,UNKNOWN_NO_CUSTOMER_VERBATIM_OR_SENTIMENT_LABEL,FEEDBACK_NOT_OBSERVED
5850,5851,,UNOBSERVED,UNKNOWN_NO_CUSTOMER_VERBATIM_OR_SENTIMENT_LABEL,FEEDBACK_NOT_OBSERVED
5851,5852,,UNOBSERVED,UNKNOWN_NO_CUSTOMER_VERBATIM_OR_SENTIMENT_LABEL,FEEDBACK_NOT_OBSERVED
5852,5853,2,LOW_REPORTED,UNKNOWN_NO_CUSTOMER_VERBATIM_OR_SENTIMENT_LABEL,REVIEW_REPORTED_LOW_CSAT
5853,5854,3,MIDDLE_REPORTED,UNKNOWN_NO_CUSTOMER_VERBATIM_OR_SENTIMENT_LABEL,KEEP_OBSERVED_SCORE
5854,5855,5,HIGH_REPORTED,UNKNOWN_NO_CUSTOMER_VERBATIM_OR_SENTIMENT_LABEL,KEEP_OBSERVED_SCORE
5855,5856,3,MIDDLE_REPORTED,UNKNOWN_NO_CUSTOMER_VERBATIM_OR_SENTIMENT_LABEL,KEEP_OBSERVED_SCORE
5856,5857,4,HIGH_REPORTED,UNKNOWN_NO_CUSTOMER_VERBATIM_OR_SENTIMENT_LABEL,KEEP_OBSERVED_SCORE
5857,5858,,UNOBSERVED,UNKNOWN_NO_CUSTOMER_VERBATIM_OR_SENTIMENT_LABEL,FEEDBACK_NOT_OBSERVED
5858,5859,,UNOBSERVED,UNKNOWN_NO_CUSTOMER_VERBATIM_OR_SENTIMENT_LABEL,FEEDBACK_NOT_OBSERVED
5859,5860,,UNOBSERVED,UNKNOWN_NO_CUSTOMER_VERBATIM_OR_SENTIMENT_LABEL,FEEDBACK_NOT_OBSERVED
5860,5861,4,HIGH_REPORTED,UNKNOWN_NO_CUSTOMER_VERBATIM_OR_SENTIMENT_LABEL,KEEP_OBSERVED_SCORE
5861,5862,,UNOBSERVED,UNKNOWN_NO_CUSTOMER_VERBATIM_OR_SENTIMENT_LABEL,FEEDBACK_NOT_OBSERVED
5862,5863,,UNOBSERVED,UNKNOWN_NO_CUSTOMER_VERBATIM_OR_SENTIMENT_LABEL,FEEDBACK_NOT_OBSERVED
5863,5864,4,HIGH_REPORTED,UNKNOWN_NO_CUSTOMER_VERBATIM_OR_SENTIMENT_LABEL,KEEP_OBSERVED_SCORE
5864,5865,,UNOBSERVED,UNKNOWN_NO_CUSTOMER_VERBATIM_OR_SENTIMENT_LABEL,FEEDBACK_NOT_OBSERVED
5865,5866,1,LOW_REPORTED,UNKNOWN_NO_CUSTOMER_VERBATIM_OR_SENTIMENT_LABEL,REVIEW_REPORTED_LOW_CSAT
5866,5867,4,HIGH_REPORTED,UNKNOWN_NO_CUSTOMER_VERBATIM_OR_SENTIMENT_LABEL,KEEP_OBSERVED_SCORE
5867,5868,1,LOW_REPORTED,UNKNOWN_NO_CUSTOMER_VERBATIM_OR_SENTIMENT_LABEL,REVIEW_REPORTED_LOW_CSAT
5868,5869,1,LOW_REPORTED,UNKNOWN_NO_CUSTOMER_VERBATIM_OR_SENTIMENT_LABEL,REVIEW_REPORTED_LOW_CSAT
5869,5870,,UNOBSERVED,UNKNOWN_NO_CUSTOMER_VERBATIM_OR_SENTIMENT_LABEL,FEEDBACK_NOT_OBSERVED
5870,5871,1,LOW_REPORTED,UNKNOWN_NO_CUSTOMER_VERBATIM_OR_SENTIMENT_LABEL,REVIEW_REPORTED_LOW_CSAT
5871,5872,,UNOBSERVED,UNKNOWN_NO_CUSTOMER_VERBATIM_OR_SENTIMENT_LABEL,FEEDBACK_NOT_OBSERVED
5872,5873,,UNOBSERVED,UNKNOWN_NO_CUSTOMER_VERBATIM_OR_SENTIMENT_LABEL,FEEDBACK_NOT_OBSERVED
5873,5874,,UNOBSERVED,UNKNOWN_NO_CUSTOMER_VERBATIM_OR_SENTIMENT_LABEL,FEEDBACK_NOT_OBSERVED
5874,5875,,UNOBSERVED,UNKNOWN_NO_CUSTOMER_VERBATIM_OR_SENTIMENT_LABEL,FEEDBACK_NOT_OBSERVED
5875,5876,,UNOBSERVED,UNKNOWN_NO_CUSTOMER_VERBATIM_OR_SENTIMENT_LABEL,FEEDBACK_NOT_OBSERVED
5876,5877,3,MIDDLE_REPORTED,UNKNOWN_NO_CUSTOMER_VERBATIM_OR_SENTIMENT_LABEL,KEEP_OBSERVED_SCORE
5877,5878,,UNOBSERVED,UNKNOWN_NO_CUSTOMER_VERBATIM_OR_SENTIMENT_LABEL,FEEDBACK_NOT_OBSERVED
5878,5879,,UNOBSERVED,UNKNOWN_NO_CUSTOMER_VERBATIM_OR_SENTIMENT_LABEL,FEEDBACK_NOT_OBSERVED
5879,5880,,UNOBSERVED,UNKNOWN_NO_CUSTOMER_VERBATIM_OR_SENTIMENT_LABEL,FEEDBACK_NOT_OBSERVED
5880,5881,,UNOBSERVED,UNKNOWN_NO_CUSTOMER_VERBATIM_OR_SENTIMENT_LABEL,FEEDBACK_NOT_OBSERVED
5881,5882,,UNOBSERVED,UNKNOWN_NO_CUSTOMER_VERBATIM_OR_SENTIMENT_LABEL,FEEDBACK_NOT_OBSERVED
5882,5883,,UNOBSERVED,UNKNOWN_NO_CUSTOMER_VERBATIM_OR_SENTIMENT_LABEL,FEEDBACK_NOT_OBSERVED
5883,5884,,UNOBSERVED,UNKNOWN_NO_CUSTOMER_VERBATIM_OR_SENTIMENT_LABEL,FEEDBACK_NOT_OBSERVED
5884,5885,,UNOBSERVED,UNKNOWN_NO_CUSTOMER_VERBATIM_OR_SENTIMENT_LABEL,FEEDBACK_NOT_OBSERVED
5885,5886,1,LOW_REPORTED,UNKNOWN_NO_CUSTOMER_VERBATIM_OR_SENTIMENT_LABEL,REVIEW_REPORTED_LOW_CSAT
5886,5887,1,LOW_REPORTED,UNKNOWN_NO_CUSTOMER_VERBATIM_OR_SENTIMENT_LABEL,REVIEW_REPORTED_LOW_CSAT
5887,5888,,UNOBSERVED,UNKNOWN_NO_CUSTOMER_VERBATIM_OR_SENTIMENT_LABEL,FEEDBACK_NOT_OBSERVED
5888,5889,,UNOBSERVED,UNKNOWN_NO_CUSTOMER_VERBATIM_OR_SENTIMENT_LABEL,FEEDBACK_NOT_OBSERVED
5889,5890,,UNOBSERVED,UNKNOWN_NO_CUSTOMER_VERBATIM_OR_SENTIMENT_LABEL,FEEDBACK_NOT_OBSERVED
5890,5891,1,LOW_REPORTED,UNKNOWN_NO_CUSTOMER_VERBATIM_OR_SENTIMENT_LABEL,REVIEW_REPORTED_LOW_CSAT
5891,5892,,UNOBSERVED,UNKNOWN_NO_CUSTOMER_VERBATIM_OR_SENTIMENT_LABEL,FEEDBACK_NOT_OBSERVED
5892,5893,,UNOBSERVED,UNKNOWN_NO_CUSTOMER_VERBATIM_OR_SENTIMENT_LABEL,FEEDBACK_NOT_OBSERVED
5893,5894,4,HIGH_REPORTED,UNKNOWN_NO_CUSTOMER_VERBATIM_OR_SENTIMENT_LABEL,KEEP_OBSERVED_SCORE
5894,5895,,UNOBSERVED,UNKNOWN_NO_CUSTOMER_VERBATIM_OR_SENTIMENT_LABEL,FEEDBACK_NOT_OBSERVED
5895,5896,,UNOBSERVED,UNKNOWN_NO_CUSTOMER_VERBATIM_OR_SENTIMENT_LABEL,FEEDBACK_NOT_OBSERVED
5896,5897,,UNOBSERVED,UNKNOWN_NO_CUSTOMER_VERBATIM_OR_SENTIMENT_LABEL,FEEDBACK_NOT_OBSERVED
5897,5898,,UNOBSERVED,UNKNOWN_NO_CUSTOMER_VERBATIM_OR_SENTIMENT_LABEL,FEEDBACK_NOT_OBSERVED
5898,5899,,UNOBSERVED,UNKNOWN_NO_CUSTOMER_VERBATIM_OR_SENTIMENT_LABEL,FEEDBACK_NOT_OBSERVED
5899,5900,,UNOBSERVED,UNKNOWN_NO_CUSTOMER_VERBATIM_OR_SENTIMENT_LABEL,FEEDBACK_NOT_OBSERVED
5900,5901,1,LOW_REPORTED,UNKNOWN_NO_CUSTOMER_VERBATIM_OR_SENTIMENT_LABEL,REVIEW_REPORTED_LOW_CSAT
5901,5902,,UNOBSERVED,UNKNOWN_NO_CUSTOMER_VERBATIM_OR_SENTIMENT_LABEL,FEEDBACK_NOT_OBSERVED
5902,5903,5,HIGH_REPORTED,UNKNOWN_NO_CUSTOMER_VERBATIM_OR_SENTIMENT_LABEL,KEEP_OBSERVED_SCORE
5903,5904,,UNOBSERVED,UNKNOWN_NO_CUSTOMER_VERBATIM_OR_SENTIMENT_LABEL,FEEDBACK_NOT_OBSERVED
5904,5905,,UNOBSERVED,UNKNOWN_NO_CUSTOMER_VERBATIM_OR_SENTIMENT_LABEL,FEEDBACK_NOT_OBSERVED
5905,5906,4,HIGH_REPORTED,UNKNOWN_NO_CUSTOMER_VERBATIM_OR_SENTIMENT_LABEL,KEEP_OBSERVED_SCORE
5906,5907,,UNOBSERVED,UNKNOWN_NO_CUSTOMER_VERBATIM_OR_SENTIMENT_LABEL,FEEDBACK_NOT_OBSERVED
5907,5908,,UNOBSERVED,UNKNOWN_NO_CUSTOMER_VERBATIM_OR_SENTIMENT_LABEL,FEEDBACK_NOT_OBSERVED
5908,5909,,UNOBSERVED,UNKNOWN_NO_CUSTOMER_VERBATIM_OR_SENTIMENT_LABEL,FEEDBACK_NOT_OBSERVED
5909,5910,,UNOBSERVED,UNKNOWN_NO_CUSTOMER_VERBATIM_OR_SENTIMENT_LABEL,FEEDBACK_NOT_OBSERVED
5910,5911,2,LOW_REPORTED,UNKNOWN_NO_CUSTOMER_VERBATIM_OR_SENTIMENT_LABEL,REVIEW_REPORTED_LOW_CSAT
5911,5912,,UNOBSERVED,UNKNOWN_NO_CUSTOMER_VERBATIM_OR_SENTIMENT_LABEL,FEEDBACK_NOT_OBSERVED
5912,5913,4,HIGH_REPORTED,UNKNOWN_NO_CUSTOMER_VERBATIM_OR_SENTIMENT_LABEL,KEEP_OBSERVED_SCORE
5913,5914,,UNOBSERVED,UNKNOWN_NO_CUSTOMER_VERBATIM_OR_SENTIMENT_LABEL,FEEDBACK_NOT_OBSERVED
5914,5915,,UNOBSERVED,UNKNOWN_NO_CUSTOMER_VERBATIM_OR_SENTIMENT_LABEL,FEEDBACK_NOT_OBSERVED
5915,5916,,UNOBSERVED,UNKNOWN_NO_CUSTOMER_VERBATIM_OR_SENTIMENT_LABEL,FEEDBACK_NOT_OBSERVED
5916,5917,,UNOBSERVED,UNKNOWN_NO_CUSTOMER_VERBATIM_OR_SENTIMENT_LABEL,FEEDBACK_NOT_OBSERVED
5917,5918,,UNOBSERVED,UNKNOWN_NO_CUSTOMER_VERBATIM_OR_SENTIMENT_LABEL,FEEDBACK_NOT_OBSERVED
5918,5919,1,LOW_REPORTED,UNKNOWN_NO_CUSTOMER_VERBATIM_OR_SENTIMENT_LABEL,REVIEW_REPORTED_LOW_CSAT
5919,5920,2,LOW_REPORTED,UNKNOWN_NO_CUSTOMER_VERBATIM_OR_SENTIMENT_LABEL,REVIEW_REPORTED_LOW_CSAT
5920,5921,3,MIDDLE_REPORTED,UNKNOWN_NO_CUSTOMER_VERBATIM_OR_SENTIMENT_LABEL,KEEP_OBSERVED_SCORE
5921,5922,,UNOBSERVED,UNKNOWN_NO_CUSTOMER_VERBATIM_OR_SENTIMENT_LABEL,FEEDBACK_NOT_OBSERVED
5922,5923,,UNOBSERVED,UNKNOWN_NO_CUSTOMER_VERBATIM_OR_SENTIMENT_LABEL,FEEDBACK_NOT_OBSERVED
5923,5924,,UNOBSERVED,UNKNOWN_NO_CUSTOMER_VERBATIM_OR_SENTIMENT_LABEL,FEEDBACK_NOT_OBSERVED
5924,5925,,UNOBSERVED,UNKNOWN_NO_CUSTOMER_VERBATIM_OR_SENTIMENT_LABEL,FEEDBACK_NOT_OBSERVED
5925,5926,,UNOBSERVED,UNKNOWN_NO_CUSTOMER_VERBATIM_OR_SENTIMENT_LABEL,FEEDBACK_NOT_OBSERVED
5926,5927,,UNOBSERVED,UNKNOWN_NO_CUSTOMER_VERBATIM_OR_SENTIMENT_LABEL,FEEDBACK_NOT_OBSERVED
5927,5928,,UNOBSERVED,UNKNOWN_NO_CUSTOMER_VERBATIM_OR_SENTIMENT_LABEL,FEEDBACK_NOT_OBSERVED
5928,5929,,UNOBSERVED,UNKNOWN_NO_CUSTOMER_VERBATIM_OR_SENTIMENT_LABEL,FEEDBACK_NOT_OBSERVED
5929,5930,,UNOBSERVED,UNKNOWN_NO_CUSTOMER_VERBATIM_OR_SENTIMENT_LABEL,FEEDBACK_NOT_OBSERVED
5930,5931,4,HIGH_REPORTED,UNKNOWN_NO_CUSTOMER_VERBATIM_OR_SENTIMENT_LABEL,KEEP_OBSERVED_SCORE
5931,5932,4,HIGH_REPORTED,UNKNOWN_NO_CUSTOMER_VERBATIM_OR_SENTIMENT_LABEL,KEEP_OBSERVED_SCORE
5932,5933,,UNOBSERVED,UNKNOWN_NO_CUSTOMER_VERBATIM_OR_SENTIMENT_LABEL,FEEDBACK_NOT_OBSERVED
5933,5934,,UNOBSERVED,UNKNOWN_NO_CUSTOMER_VERBATIM_OR_SENTIMENT_LABEL,FEEDBACK_NOT_OBSERVED
5934,5935,,UNOBSERVED,UNKNOWN_NO_CUSTOMER_VERBATIM_OR_SENTIMENT_LABEL,FEEDBACK_NOT_OBSERVED
5935,5936,,UNOBSERVED,UNKNOWN_NO_CUSTOMER_VERBATIM_OR_SENTIMENT_LABEL,FEEDBACK_NOT_OBSERVED
5936,5937,,UNOBSERVED,UNKNOWN_NO_CUSTOMER_VERBATIM_OR_SENTIMENT_LABEL,FEEDBACK_NOT_OBSERVED
5937,5938,,UNOBSERVED,UNKNOWN_NO_CUSTOMER_VERBATIM_OR_SENTIMENT_LABEL,FEEDBACK_NOT_OBSERVED
5938,5939,,UNOBSERVED,UNKNOWN_NO_CUSTOMER_VERBATIM_OR_SENTIMENT_LABEL,FEEDBACK_NOT_OBSERVED
5939,5940,3,MIDDLE_REPORTED,UNKNOWN_NO_CUSTOMER_VERBATIM_OR_SENTIMENT_LABEL,KEEP_OBSERVED_SCORE
5940,5941,3,MIDDLE_REPORTED,UNKNOWN_NO_CUSTOMER_VERBATIM_OR_SENTIMENT_LABEL,KEEP_OBSERVED_SCORE
5941,5942,,UNOBSERVED,UNKNOWN_NO_CUSTOMER_VERBATIM_OR_SENTIMENT_LABEL,FEEDBACK_NOT_OBSERVED
5942,5943,,UNOBSERVED,UNKNOWN_NO_CUSTOMER_VERBATIM_OR_SENTIMENT_LABEL,FEEDBACK_NOT_OBSERVED
5943,5944,,UNOBSERVED,UNKNOWN_NO_CUSTOMER_VERBATIM_OR_SENTIMENT_LABEL,FEEDBACK_NOT_OBSERVED
5944,5945,3,MIDDLE_REPORTED,UNKNOWN_NO_CUSTOMER_VERBATIM_OR_SENTIMENT_LABEL,KEEP_OBSERVED_SCORE
5945,5946,2,LOW_REPORTED,UNKNOWN_NO_CUSTOMER_VERBATIM_OR_SENTIMENT_LABEL,REVIEW_REPORTED_LOW_CSAT
5946,5947,,UNOBSERVED,UNKNOWN_NO_CUSTOMER_VERBATIM_OR_SENTIMENT_LABEL,FEEDBACK_NOT_OBSERVED
5947,5948,,UNOBSERVED,UNKNOWN_NO_CUSTOMER_VERBATIM_OR_SENTIMENT_LABEL,FEEDBACK_NOT_OBSERVED
5948,5949,,UNOBSERVED,UNKNOWN_NO_CUSTOMER_VERBATIM_OR_SENTIMENT_LABEL,FEEDBACK_NOT_OBSERVED
5949,5950,,UNOBSERVED,UNKNOWN_NO_CUSTOMER_VERBATIM_OR_SENTIMENT_LABEL,FEEDBACK_NOT_OBSERVED
5950,5951,3,MIDDLE_REPORTED,UNKNOWN_NO_CUSTOMER_VERBATIM_OR_SENTIMENT_LABEL,KEEP_OBSERVED_SCORE
5951,5952,4,HIGH_REPORTED,UNKNOWN_NO_CUSTOMER_VERBATIM_OR_SENTIMENT_LABEL,KEEP_OBSERVED_SCORE
5952,5953,4,HIGH_REPORTED,UNKNOWN_NO_CUSTOMER_VERBATIM_OR_SENTIMENT_LABEL,KEEP_OBSERVED_SCORE
5953,5954,,UNOBSERVED,UNKNOWN_NO_CUSTOMER_VERBATIM_OR_SENTIMENT_LABEL,FEEDBACK_NOT_OBSERVED
5954,5955,,UNOBSERVED,UNKNOWN_NO_CUSTOMER_VERBATIM_OR_SENTIMENT_LABEL,FEEDBACK_NOT_OBSERVED
5955,5956,,UNOBSERVED,UNKNOWN_NO_CUSTOMER_VERBATIM_OR_SENTIMENT_LABEL,FEEDBACK_NOT_OBSERVED
5956,5957,,UNOBSERVED,UNKNOWN_NO_CUSTOMER_VERBATIM_OR_SENTIMENT_LABEL,FEEDBACK_NOT_OBSERVED
5957,5958,3,MIDDLE_REPORTED,UNKNOWN_NO_CUSTOMER_VERBATIM_OR_SENTIMENT_LABEL,KEEP_OBSERVED_SCORE
5958,5959,,UNOBSERVED,UNKNOWN_NO_CUSTOMER_VERBATIM_OR_SENTIMENT_LABEL,FEEDBACK_NOT_OBSERVED
5959,5960,,UNOBSERVED,UNKNOWN_NO_CUSTOMER_VERBATIM_OR_SENTIMENT_LABEL,FEEDBACK_NOT_OBSERVED
5960,5961,3,MIDDLE_REPORTED,UNKNOWN_NO_CUSTOMER_VERBATIM_OR_SENTIMENT_LABEL,KEEP_OBSERVED_SCORE
5961,5962,5,HIGH_REPORTED,UNKNOWN_NO_CUSTOMER_VERBATIM_OR_SENTIMENT_LABEL,KEEP_OBSERVED_SCORE
5962,5963,5,HIGH_REPORTED,UNKNOWN_NO_CUSTOMER_VERBATIM_OR_SENTIMENT_LABEL,KEEP_OBSERVED_SCORE
5963,5964,,UNOBSERVED,UNKNOWN_NO_CUSTOMER_VERBATIM_OR_SENTIMENT_LABEL,FEEDBACK_NOT_OBSERVED
5964,5965,,UNOBSERVED,UNKNOWN_NO_CUSTOMER_VERBATIM_OR_SENTIMENT_LABEL,FEEDBACK_NOT_OBSERVED
5965,5966,,UNOBSERVED,UNKNOWN_NO_CUSTOMER_VERBATIM_OR_SENTIMENT_LABEL,FEEDBACK_NOT_OBSERVED
5966,5967,1,LOW_REPORTED,UNKNOWN_NO_CUSTOMER_VERBATIM_OR_SENTIMENT_LABEL,REVIEW_REPORTED_LOW_CSAT
5967,5968,,UNOBSERVED,UNKNOWN_NO_CUSTOMER_VERBATIM_OR_SENTIMENT_LABEL,FEEDBACK_NOT_OBSERVED
5968,5969,,UNOBSERVED,UNKNOWN_NO_CUSTOMER_VERBATIM_OR_SENTIMENT_LABEL,FEEDBACK_NOT_OBSERVED
5969,5970,5,HIGH_REPORTED,UNKNOWN_NO_CUSTOMER_VERBATIM_OR_SENTIMENT_LABEL,KEEP_OBSERVED_SCORE
5970,5971,,UNOBSERVED,UNKNOWN_NO_CUSTOMER_VERBATIM_OR_SENTIMENT_LABEL,FEEDBACK_NOT_OBSERVED
5971,5972,4,HIGH_REPORTED,UNKNOWN_NO_CUSTOMER_VERBATIM_OR_SENTIMENT_LABEL,KEEP_OBSERVED_SCORE
5972,5973,,UNOBSERVED,UNKNOWN_NO_CUSTOMER_VERBATIM_OR_SENTIMENT_LABEL,FEEDBACK_NOT_OBSERVED
5973,5974,2,LOW_REPORTED,UNKNOWN_NO_CUSTOMER_VERBATIM_OR_SENTIMENT_LABEL,REVIEW_REPORTED_LOW_CSAT
5974,5975,,UNOBSERVED,UNKNOWN_NO_CUSTOMER_VERBATIM_OR_SENTIMENT_LABEL,FEEDBACK_NOT_OBSERVED
5975,5976,,UNOBSERVED,UNKNOWN_NO_CUSTOMER_VERBATIM_OR_SENTIMENT_LABEL,FEEDBACK_NOT_OBSERVED
5976,5977,,UNOBSERVED,UNKNOWN_NO_CUSTOMER_VERBATIM_OR_SENTIMENT_LABEL,FEEDBACK_NOT_OBSERVED
5977,5978,,UNOBSERVED,UNKNOWN_NO_CUSTOMER_VERBATIM_OR_SENTIMENT_LABEL,FEEDBACK_NOT_OBSERVED
5978,5979,,UNOBSERVED,UNKNOWN_NO_CUSTOMER_VERBATIM_OR_SENTIMENT_LABEL,FEEDBACK_NOT_OBSERVED
5979,5980,,UNOBSERVED,UNKNOWN_NO_CUSTOMER_VERBATIM_OR_SENTIMENT_LABEL,FEEDBACK_NOT_OBSERVED
5980,5981,1,LOW_REPORTED,UNKNOWN_NO_CUSTOMER_VERBATIM_OR_SENTIMENT_LABEL,REVIEW_REPORTED_LOW_CSAT
5981,5982,4,HIGH_REPORTED,UNKNOWN_NO_CUSTOMER_VERBATIM_OR_SENTIMENT_LABEL,KEEP_OBSERVED_SCORE
5982,5983,,UNOBSERVED,UNKNOWN_NO_CUSTOMER_VERBATIM_OR_SENTIMENT_LABEL,FEEDBACK_NOT_OBSERVED
5983,5984,1,LOW_REPORTED,UNKNOWN_NO_CUSTOMER_VERBATIM_OR_SENTIMENT_LABEL,REVIEW_REPORTED_LOW_CSAT
5984,5985,5,HIGH_REPORTED,UNKNOWN_NO_CUSTOMER_VERBATIM_OR_SENTIMENT_LABEL,KEEP_OBSERVED_SCORE
5985,5986,,UNOBSERVED,UNKNOWN_NO_CUSTOMER_VERBATIM_OR_SENTIMENT_LABEL,FEEDBACK_NOT_OBSERVED
5986,5987,,UNOBSERVED,UNKNOWN_NO_CUSTOMER_VERBATIM_OR_SENTIMENT_LABEL,FEEDBACK_NOT_OBSERVED
5987,5988,,UNOBSERVED,UNKNOWN_NO_CUSTOMER_VERBATIM_OR_SENTIMENT_LABEL,FEEDBACK_NOT_OBSERVED
5988,5989,,UNOBSERVED,UNKNOWN_NO_CUSTOMER_VERBATIM_OR_SENTIMENT_LABEL,FEEDBACK_NOT_OBSERVED
5989,5990,,UNOBSERVED,UNKNOWN_NO_CUSTOMER_VERBATIM_OR_SENTIMENT_LABEL,FEEDBACK_NOT_OBSERVED
5990,5991,,UNOBSERVED,UNKNOWN_NO_CUSTOMER_VERBATIM_OR_SENTIMENT_LABEL,FEEDBACK_NOT_OBSERVED
5991,5992,4,HIGH_REPORTED,UNKNOWN_NO_CUSTOMER_VERBATIM_OR_SENTIMENT_LABEL,KEEP_OBSERVED_SCORE
5992,5993,2,LOW_REPORTED,UNKNOWN_NO_CUSTOMER_VERBATIM_OR_SENTIMENT_LABEL,REVIEW_REPORTED_LOW_CSAT
5993,5994,1,LOW_REPORTED,UNKNOWN_NO_CUSTOMER_VERBATIM_OR_SENTIMENT_LABEL,REVIEW_REPORTED_LOW_CSAT
5994,5995,,UNOBSERVED,UNKNOWN_NO_CUSTOMER_VERBATIM_OR_SENTIMENT_LABEL,FEEDBACK_NOT_OBSERVED
5995,5996,,UNOBSERVED,UNKNOWN_NO_CUSTOMER_VERBATIM_OR_SENTIMENT_LABEL,FEEDBACK_NOT_OBSERVED
5996,5997,,UNOBSERVED,UNKNOWN_NO_CUSTOMER_VERBATIM_OR_SENTIMENT_LABEL,FEEDBACK_NOT_OBSERVED
5997,5998,2,LOW_REPORTED,UNKNOWN_NO_CUSTOMER_VERBATIM_OR_SENTIMENT_LABEL,REVIEW_REPORTED_LOW_CSAT
5998,5999,,UNOBSERVED,UNKNOWN_NO_CUSTOMER_VERBATIM_OR_SENTIMENT_LABEL,FEEDBACK_NOT_OBSERVED
5999,6000,,UNOBSERVED,UNKNOWN_NO_CUSTOMER_VERBATIM_OR_SENTIMENT_LABEL,FEEDBACK_NOT_OBSERVED
6000,6001,,UNOBSERVED,UNKNOWN_NO_CUSTOMER_VERBATIM_OR_SENTIMENT_LABEL,FEEDBACK_NOT_OBSERVED
6001,6002,,UNOBSERVED,UNKNOWN_NO_CUSTOMER_VERBATIM_OR_SENTIMENT_LABEL,FEEDBACK_NOT_OBSERVED
6002,6003,,UNOBSERVED,UNKNOWN_NO_CUSTOMER_VERBATIM_OR_SENTIMENT_LABEL,FEEDBACK_NOT_OBSERVED
6003,6004,,UNOBSERVED,UNKNOWN_NO_CUSTOMER_VERBATIM_OR_SENTIMENT_LABEL,FEEDBACK_NOT_OBSERVED
6004,6005,,UNOBSERVED,UNKNOWN_NO_CUSTOMER_VERBATIM_OR_SENTIMENT_LABEL,FEEDBACK_NOT_OBSERVED
6005,6006,,UNOBSERVED,UNKNOWN_NO_CUSTOMER_VERBATIM_OR_SENTIMENT_LABEL,FEEDBACK_NOT_OBSERVED
6006,6007,,UNOBSERVED,UNKNOWN_NO_CUSTOMER_VERBATIM_OR_SENTIMENT_LABEL,FEEDBACK_NOT_OBSERVED
6007,6008,,UNOBSERVED,UNKNOWN_NO_CUSTOMER_VERBATIM_OR_SENTIMENT_LABEL,FEEDBACK_NOT_OBSERVED
6008,6009,,UNOBSERVED,UNKNOWN_NO_CUSTOMER_VERBATIM_OR_SENTIMENT_LABEL,FEEDBACK_NOT_OBSERVED
6009,6010,,UNOBSERVED,UNKNOWN_NO_CUSTOMER_VERBATIM_OR_SENTIMENT_LABEL,FEEDBACK_NOT_OBSERVED
6010,6011,,UNOBSERVED,UNKNOWN_NO_CUSTOMER_VERBATIM_OR_SENTIMENT_LABEL,FEEDBACK_NOT_OBSERVED
6011,6012,4,HIGH_REPORTED,UNKNOWN_NO_CUSTOMER_VERBATIM_OR_SENTIMENT_LABEL,KEEP_OBSERVED_SCORE
6012,6013,,UNOBSERVED,UNKNOWN_NO_CUSTOMER_VERBATIM_OR_SENTIMENT_LABEL,FEEDBACK_NOT_OBSERVED
6013,6014,,UNOBSERVED,UNKNOWN_NO_CUSTOMER_VERBATIM_OR_SENTIMENT_LABEL,FEEDBACK_NOT_OBSERVED
6014,6015,3,MIDDLE_REPORTED,UNKNOWN_NO_CUSTOMER_VERBATIM_OR_SENTIMENT_LABEL,KEEP_OBSERVED_SCORE
6015,6016,,UNOBSERVED,UNKNOWN_NO_CUSTOMER_VERBATIM_OR_SENTIMENT_LABEL,FEEDBACK_NOT_OBSERVED
6016,6017,,UNOBSERVED,UNKNOWN_NO_CUSTOMER_VERBATIM_OR_SENTIMENT_LABEL,FEEDBACK_NOT_OBSERVED
6017,6018,,UNOBSERVED,UNKNOWN_NO_CUSTOMER_VERBATIM_OR_SENTIMENT_LABEL,FEEDBACK_NOT_OBSERVED
6018,6019,2,LOW_REPORTED,UNKNOWN_NO_CUSTOMER_VERBATIM_OR_SENTIMENT_LABEL,REVIEW_REPORTED_LOW_CSAT
6019,6020,1,LOW_REPORTED,UNKNOWN_NO_CUSTOMER_VERBATIM_OR_SENTIMENT_LABEL,REVIEW_REPORTED_LOW_CSAT
6020,6021,,UNOBSERVED,UNKNOWN_NO_CUSTOMER_VERBATIM_OR_SENTIMENT_LABEL,FEEDBACK_NOT_OBSERVED
6021,6022,2,LOW_REPORTED,UNKNOWN_NO_CUSTOMER_VERBATIM_OR_SENTIMENT_LABEL,REVIEW_REPORTED_LOW_CSAT
6022,6023,1,LOW_REPORTED,UNKNOWN_NO_CUSTOMER_VERBATIM_OR_SENTIMENT_LABEL,REVIEW_REPORTED_LOW_CSAT
6023,6024,2,LOW_REPORTED,UNKNOWN_NO_CUSTOMER_VERBATIM_OR_SENTIMENT_LABEL,REVIEW_REPORTED_LOW_CSAT
6024,6025,2,LOW_REPORTED,UNKNOWN_NO_CUSTOMER_VERBATIM_OR_SENTIMENT_LABEL,REVIEW_REPORTED_LOW_CSAT
6025,6026,,UNOBSERVED,UNKNOWN_NO_CUSTOMER_VERBATIM_OR_SENTIMENT_LABEL,FEEDBACK_NOT_OBSERVED
6026,6027,,UNOBSERVED,UNKNOWN_NO_CUSTOMER_VERBATIM_OR_SENTIMENT_LABEL,FEEDBACK_NOT_OBSERVED
6027,6028,3,MIDDLE_REPORTED,UNKNOWN_NO_CUSTOMER_VERBATIM_OR_SENTIMENT_LABEL,KEEP_OBSERVED_SCORE
6028,6029,4,HIGH_REPORTED,UNKNOWN_NO_CUSTOMER_VERBATIM_OR_SENTIMENT_LABEL,KEEP_OBSERVED_SCORE
6029,6030,,UNOBSERVED,UNKNOWN_NO_CUSTOMER_VERBATIM_OR_SENTIMENT_LABEL,FEEDBACK_NOT_OBSERVED
6030,6031,,UNOBSERVED,UNKNOWN_NO_CUSTOMER_VERBATIM_OR_SENTIMENT_LABEL,FEEDBACK_NOT_OBSERVED
6031,6032,4,HIGH_REPORTED,UNKNOWN_NO_CUSTOMER_VERBATIM_OR_SENTIMENT_LABEL,KEEP_OBSERVED_SCORE
6032,6033,,UNOBSERVED,UNKNOWN_NO_CUSTOMER_VERBATIM_OR_SENTIMENT_LABEL,FEEDBACK_NOT_OBSERVED
6033,6034,1,LOW_REPORTED,UNKNOWN_NO_CUSTOMER_VERBATIM_OR_SENTIMENT_LABEL,REVIEW_REPORTED_LOW_CSAT
6034,6035,,UNOBSERVED,UNKNOWN_NO_CUSTOMER_VERBATIM_OR_SENTIMENT_LABEL,FEEDBACK_NOT_OBSERVED
6035,6036,4,HIGH_REPORTED,UNKNOWN_NO_CUSTOMER_VERBATIM_OR_SENTIMENT_LABEL,KEEP_OBSERVED_SCORE
6036,6037,,UNOBSERVED,UNKNOWN_NO_CUSTOMER_VERBATIM_OR_SENTIMENT_LABEL,FEEDBACK_NOT_OBSERVED
6037,6038,,UNOBSERVED,UNKNOWN_NO_CUSTOMER_VERBATIM_OR_SENTIMENT_LABEL,FEEDBACK_NOT_OBSERVED
6038,6039,,UNOBSERVED,UNKNOWN_NO_CUSTOMER_VERBATIM_OR_SENTIMENT_LABEL,FEEDBACK_NOT_OBSERVED
6039,6040,,UNOBSERVED,UNKNOWN_NO_CUSTOMER_VERBATIM_OR_SENTIMENT_LABEL,FEEDBACK_NOT_OBSERVED
6040,6041,,UNOBSERVED,UNKNOWN_NO_CUSTOMER_VERBATIM_OR_SENTIMENT_LABEL,FEEDBACK_NOT_OBSERVED
6041,6042,,UNOBSERVED,UNKNOWN_NO_CUSTOMER_VERBATIM_OR_SENTIMENT_LABEL,FEEDBACK_NOT_OBSERVED
6042,6043,,UNOBSERVED,UNKNOWN_NO_CUSTOMER_VERBATIM_OR_SENTIMENT_LABEL,FEEDBACK_NOT_OBSERVED
6043,6044,1,LOW_REPORTED,UNKNOWN_NO_CUSTOMER_VERBATIM_OR_SENTIMENT_LABEL,REVIEW_REPORTED_LOW_CSAT
6044,6045,,UNOBSERVED,UNKNOWN_NO_CUSTOMER_VERBATIM_OR_SENTIMENT_LABEL,FEEDBACK_NOT_OBSERVED
6045,6046,,UNOBSERVED,UNKNOWN_NO_CUSTOMER_VERBATIM_OR_SENTIMENT_LABEL,FEEDBACK_NOT_OBSERVED
6046,6047,2,LOW_REPORTED,UNKNOWN_NO_CUSTOMER_VERBATIM_OR_SENTIMENT_LABEL,REVIEW_REPORTED_LOW_CSAT
6047,6048,,UNOBSERVED,UNKNOWN_NO_CUSTOMER_VERBATIM_OR_SENTIMENT_LABEL,FEEDBACK_NOT_OBSERVED
6048,6049,5,HIGH_REPORTED,UNKNOWN_NO_CUSTOMER_VERBATIM_OR_SENTIMENT_LABEL,KEEP_OBSERVED_SCORE
6049,6050,1,LOW_REPORTED,UNKNOWN_NO_CUSTOMER_VERBATIM_OR_SENTIMENT_LABEL,REVIEW_REPORTED_LOW_CSAT
6050,6051,,UNOBSERVED,UNKNOWN_NO_CUSTOMER_VERBATIM_OR_SENTIMENT_LABEL,FEEDBACK_NOT_OBSERVED
6051,6052,,UNOBSERVED,UNKNOWN_NO_CUSTOMER_VERBATIM_OR_SENTIMENT_LABEL,FEEDBACK_NOT_OBSERVED
6052,6053,4,HIGH_REPORTED,UNKNOWN_NO_CUSTOMER_VERBATIM_OR_SENTIMENT_LABEL,KEEP_OBSERVED_SCORE
6053,6054,1,LOW_REPORTED,UNKNOWN_NO_CUSTOMER_VERBATIM_OR_SENTIMENT_LABEL,REVIEW_REPORTED_LOW_CSAT
6054,6055,,UNOBSERVED,UNKNOWN_NO_CUSTOMER_VERBATIM_OR_SENTIMENT_LABEL,FEEDBACK_NOT_OBSERVED
6055,6056,4,HIGH_REPORTED,UNKNOWN_NO_CUSTOMER_VERBATIM_OR_SENTIMENT_LABEL,KEEP_OBSERVED_SCORE
6056,6057,,UNOBSERVED,UNKNOWN_NO_CUSTOMER_VERBATIM_OR_SENTIMENT_LABEL,FEEDBACK_NOT_OBSERVED
6057,6058,5,HIGH_REPORTED,UNKNOWN_NO_CUSTOMER_VERBATIM_OR_SENTIMENT_LABEL,KEEP_OBSERVED_SCORE
6058,6059,3,MIDDLE_REPORTED,UNKNOWN_NO_CUSTOMER_VERBATIM_OR_SENTIMENT_LABEL,KEEP_OBSERVED_SCORE
6059,6060,2,LOW_REPORTED,UNKNOWN_NO_CUSTOMER_VERBATIM_OR_SENTIMENT_LABEL,REVIEW_REPORTED_LOW_CSAT
6060,6061,2,LOW_REPORTED,UNKNOWN_NO_CUSTOMER_VERBATIM_OR_SENTIMENT_LABEL,REVIEW_REPORTED_LOW_CSAT
6061,6062,,UNOBSERVED,UNKNOWN_NO_CUSTOMER_VERBATIM_OR_SENTIMENT_LABEL,FEEDBACK_NOT_OBSERVED
6062,6063,,UNOBSERVED,UNKNOWN_NO_CUSTOMER_VERBATIM_OR_SENTIMENT_LABEL,FEEDBACK_NOT_OBSERVED
6063,6064,,UNOBSERVED,UNKNOWN_NO_CUSTOMER_VERBATIM_OR_SENTIMENT_LABEL,FEEDBACK_NOT_OBSERVED
6064,6065,,UNOBSERVED,UNKNOWN_NO_CUSTOMER_VERBATIM_OR_SENTIMENT_LABEL,FEEDBACK_NOT_OBSERVED
6065,6066,1,LOW_REPORTED,UNKNOWN_NO_CUSTOMER_VERBATIM_OR_SENTIMENT_LABEL,REVIEW_REPORTED_LOW_CSAT
6066,6067,,UNOBSERVED,UNKNOWN_NO_CUSTOMER_VERBATIM_OR_SENTIMENT_LABEL,FEEDBACK_NOT_OBSERVED
6067,6068,,UNOBSERVED,UNKNOWN_NO_CUSTOMER_VERBATIM_OR_SENTIMENT_LABEL,FEEDBACK_NOT_OBSERVED
6068,6069,,UNOBSERVED,UNKNOWN_NO_CUSTOMER_VERBATIM_OR_SENTIMENT_LABEL,FEEDBACK_NOT_OBSERVED
6069,6070,,UNOBSERVED,UNKNOWN_NO_CUSTOMER_VERBATIM_OR_SENTIMENT_LABEL,FEEDBACK_NOT_OBSERVED
6070,6071,,UNOBSERVED,UNKNOWN_NO_CUSTOMER_VERBATIM_OR_SENTIMENT_LABEL,FEEDBACK_NOT_OBSERVED
6071,6072,,UNOBSERVED,UNKNOWN_NO_CUSTOMER_VERBATIM_OR_SENTIMENT_LABEL,FEEDBACK_NOT_OBSERVED
6072,6073,3,MIDDLE_REPORTED,UNKNOWN_NO_CUSTOMER_VERBATIM_OR_SENTIMENT_LABEL,KEEP_OBSERVED_SCORE
6073,6074,,UNOBSERVED,UNKNOWN_NO_CUSTOMER_VERBATIM_OR_SENTIMENT_LABEL,FEEDBACK_NOT_OBSERVED
6074,6075,,UNOBSERVED,UNKNOWN_NO_CUSTOMER_VERBATIM_OR_SENTIMENT_LABEL,FEEDBACK_NOT_OBSERVED
6075,6076,,UNOBSERVED,UNKNOWN_NO_CUSTOMER_VERBATIM_OR_SENTIMENT_LABEL,FEEDBACK_NOT_OBSERVED
6076,6077,,UNOBSERVED,UNKNOWN_NO_CUSTOMER_VERBATIM_OR_SENTIMENT_LABEL,FEEDBACK_NOT_OBSERVED
6077,6078,,UNOBSERVED,UNKNOWN_NO_CUSTOMER_VERBATIM_OR_SENTIMENT_LABEL,FEEDBACK_NOT_OBSERVED
6078,6079,1,LOW_REPORTED,UNKNOWN_NO_CUSTOMER_VERBATIM_OR_SENTIMENT_LABEL,REVIEW_REPORTED_LOW_CSAT
6079,6080,1,LOW_REPORTED,UNKNOWN_NO_CUSTOMER_VERBATIM_OR_SENTIMENT_LABEL,REVIEW_REPORTED_LOW_CSAT
6080,6081,2,LOW_REPORTED,UNKNOWN_NO_CUSTOMER_VERBATIM_OR_SENTIMENT_LABEL,REVIEW_REPORTED_LOW_CSAT
6081,6082,,UNOBSERVED,UNKNOWN_NO_CUSTOMER_VERBATIM_OR_SENTIMENT_LABEL,FEEDBACK_NOT_OBSERVED
6082,6083,1,LOW_REPORTED,UNKNOWN_NO_CUSTOMER_VERBATIM_OR_SENTIMENT_LABEL,REVIEW_REPORTED_LOW_CSAT
6083,6084,,UNOBSERVED,UNKNOWN_NO_CUSTOMER_VERBATIM_OR_SENTIMENT_LABEL,FEEDBACK_NOT_OBSERVED
6084,6085,,UNOBSERVED,UNKNOWN_NO_CUSTOMER_VERBATIM_OR_SENTIMENT_LABEL,FEEDBACK_NOT_OBSERVED
6085,6086,4,HIGH_REPORTED,UNKNOWN_NO_CUSTOMER_VERBATIM_OR_SENTIMENT_LABEL,KEEP_OBSERVED_SCORE
6086,6087,,UNOBSERVED,UNKNOWN_NO_CUSTOMER_VERBATIM_OR_SENTIMENT_LABEL,FEEDBACK_NOT_OBSERVED
6087,6088,4,HIGH_REPORTED,UNKNOWN_NO_CUSTOMER_VERBATIM_OR_SENTIMENT_LABEL,KEEP_OBSERVED_SCORE
6088,6089,,UNOBSERVED,UNKNOWN_NO_CUSTOMER_VERBATIM_OR_SENTIMENT_LABEL,FEEDBACK_NOT_OBSERVED
6089,6090,3,MIDDLE_REPORTED,UNKNOWN_NO_CUSTOMER_VERBATIM_OR_SENTIMENT_LABEL,KEEP_OBSERVED_SCORE
6090,6091,,UNOBSERVED,UNKNOWN_NO_CUSTOMER_VERBATIM_OR_SENTIMENT_LABEL,FEEDBACK_NOT_OBSERVED
6091,6092,,UNOBSERVED,UNKNOWN_NO_CUSTOMER_VERBATIM_OR_SENTIMENT_LABEL,FEEDBACK_NOT_OBSERVED
6092,6093,,UNOBSERVED,UNKNOWN_NO_CUSTOMER_VERBATIM_OR_SENTIMENT_LABEL,FEEDBACK_NOT_OBSERVED
6093,6094,,UNOBSERVED,UNKNOWN_NO_CUSTOMER_VERBATIM_OR_SENTIMENT_LABEL,FEEDBACK_NOT_OBSERVED
6094,6095,,UNOBSERVED,UNKNOWN_NO_CUSTOMER_VERBATIM_OR_SENTIMENT_LABEL,FEEDBACK_NOT_OBSERVED
6095,6096,,UNOBSERVED,UNKNOWN_NO_CUSTOMER_VERBATIM_OR_SENTIMENT_LABEL,FEEDBACK_NOT_OBSERVED
6096,6097,3,MIDDLE_REPORTED,UNKNOWN_NO_CUSTOMER_VERBATIM_OR_SENTIMENT_LABEL,KEEP_OBSERVED_SCORE
6097,6098,,UNOBSERVED,UNKNOWN_NO_CUSTOMER_VERBATIM_OR_SENTIMENT_LABEL,FEEDBACK_NOT_OBSERVED
6098,6099,2,LOW_REPORTED,UNKNOWN_NO_CUSTOMER_VERBATIM_OR_SENTIMENT_LABEL,REVIEW_REPORTED_LOW_CSAT
6099,6100,1,LOW_REPORTED,UNKNOWN_NO_CUSTOMER_VERBATIM_OR_SENTIMENT_LABEL,REVIEW_REPORTED_LOW_CSAT
6100,6101,,UNOBSERVED,UNKNOWN_NO_CUSTOMER_VERBATIM_OR_SENTIMENT_LABEL,FEEDBACK_NOT_OBSERVED
6101,6102,,UNOBSERVED,UNKNOWN_NO_CUSTOMER_VERBATIM_OR_SENTIMENT_LABEL,FEEDBACK_NOT_OBSERVED
6102,6103,4,HIGH_REPORTED,UNKNOWN_NO_CUSTOMER_VERBATIM_OR_SENTIMENT_LABEL,KEEP_OBSERVED_SCORE
6103,6104,,UNOBSERVED,UNKNOWN_NO_CUSTOMER_VERBATIM_OR_SENTIMENT_LABEL,FEEDBACK_NOT_OBSERVED
6104,6105,,UNOBSERVED,UNKNOWN_NO_CUSTOMER_VERBATIM_OR_SENTIMENT_LABEL,FEEDBACK_NOT_OBSERVED
6105,6106,,UNOBSERVED,UNKNOWN_NO_CUSTOMER_VERBATIM_OR_SENTIMENT_LABEL,FEEDBACK_NOT_OBSERVED
6106,6107,4,HIGH_REPORTED,UNKNOWN_NO_CUSTOMER_VERBATIM_OR_SENTIMENT_LABEL,KEEP_OBSERVED_SCORE
6107,6108,2,LOW_REPORTED,UNKNOWN_NO_CUSTOMER_VERBATIM_OR_SENTIMENT_LABEL,REVIEW_REPORTED_LOW_CSAT
6108,6109,,UNOBSERVED,UNKNOWN_NO_CUSTOMER_VERBATIM_OR_SENTIMENT_LABEL,FEEDBACK_NOT_OBSERVED
6109,6110,,UNOBSERVED,UNKNOWN_NO_CUSTOMER_VERBATIM_OR_SENTIMENT_LABEL,FEEDBACK_NOT_OBSERVED
6110,6111,,UNOBSERVED,UNKNOWN_NO_CUSTOMER_VERBATIM_OR_SENTIMENT_LABEL,FEEDBACK_NOT_OBSERVED
6111,6112,3,MIDDLE_REPORTED,UNKNOWN_NO_CUSTOMER_VERBATIM_OR_SENTIMENT_LABEL,KEEP_OBSERVED_SCORE
6112,6113,5,HIGH_REPORTED,UNKNOWN_NO_CUSTOMER_VERBATIM_OR_SENTIMENT_LABEL,KEEP_OBSERVED_SCORE
6113,6114,,UNOBSERVED,UNKNOWN_NO_CUSTOMER_VERBATIM_OR_SENTIMENT_LABEL,FEEDBACK_NOT_OBSERVED
6114,6115,,UNOBSERVED,UNKNOWN_NO_CUSTOMER_VERBATIM_OR_SENTIMENT_LABEL,FEEDBACK_NOT_OBSERVED
6115,6116,,UNOBSERVED,UNKNOWN_NO_CUSTOMER_VERBATIM_OR_SENTIMENT_LABEL,FEEDBACK_NOT_OBSERVED
6116,6117,2,LOW_REPORTED,UNKNOWN_NO_CUSTOMER_VERBATIM_OR_SENTIMENT_LABEL,REVIEW_REPORTED_LOW_CSAT
6117,6118,1,LOW_REPORTED,UNKNOWN_NO_CUSTOMER_VERBATIM_OR_SENTIMENT_LABEL,REVIEW_REPORTED_LOW_CSAT
6118,6119,,UNOBSERVED,UNKNOWN_NO_CUSTOMER_VERBATIM_OR_SENTIMENT_LABEL,FEEDBACK_NOT_OBSERVED
6119,6120,,UNOBSERVED,UNKNOWN_NO_CUSTOMER_VERBATIM_OR_SENTIMENT_LABEL,FEEDBACK_NOT_OBSERVED
6120,6121,,UNOBSERVED,UNKNOWN_NO_CUSTOMER_VERBATIM_OR_SENTIMENT_LABEL,FEEDBACK_NOT_OBSERVED
6121,6122,,UNOBSERVED,UNKNOWN_NO_CUSTOMER_VERBATIM_OR_SENTIMENT_LABEL,FEEDBACK_NOT_OBSERVED
6122,6123,3,MIDDLE_REPORTED,UNKNOWN_NO_CUSTOMER_VERBATIM_OR_SENTIMENT_LABEL,KEEP_OBSERVED_SCORE
6123,6124,2,LOW_REPORTED,UNKNOWN_NO_CUSTOMER_VERBATIM_OR_SENTIMENT_LABEL,REVIEW_REPORTED_LOW_CSAT
6124,6125,,UNOBSERVED,UNKNOWN_NO_CUSTOMER_VERBATIM_OR_SENTIMENT_LABEL,FEEDBACK_NOT_OBSERVED
6125,6126,3,MIDDLE_REPORTED,UNKNOWN_NO_CUSTOMER_VERBATIM_OR_SENTIMENT_LABEL,KEEP_OBSERVED_SCORE
6126,6127,,UNOBSERVED,UNKNOWN_NO_CUSTOMER_VERBATIM_OR_SENTIMENT_LABEL,FEEDBACK_NOT_OBSERVED
6127,6128,,UNOBSERVED,UNKNOWN_NO_CUSTOMER_VERBATIM_OR_SENTIMENT_LABEL,FEEDBACK_NOT_OBSERVED
6128,6129,,UNOBSERVED,UNKNOWN_NO_CUSTOMER_VERBATIM_OR_SENTIMENT_LABEL,FEEDBACK_NOT_OBSERVED
6129,6130,,UNOBSERVED,UNKNOWN_NO_CUSTOMER_VERBATIM_OR_SENTIMENT_LABEL,FEEDBACK_NOT_OBSERVED
6130,6131,5,HIGH_REPORTED,UNKNOWN_NO_CUSTOMER_VERBATIM_OR_SENTIMENT_LABEL,KEEP_OBSERVED_SCORE
6131,6132,,UNOBSERVED,UNKNOWN_NO_CUSTOMER_VERBATIM_OR_SENTIMENT_LABEL,FEEDBACK_NOT_OBSERVED
6132,6133,,UNOBSERVED,UNKNOWN_NO_CUSTOMER_VERBATIM_OR_SENTIMENT_LABEL,FEEDBACK_NOT_OBSERVED
6133,6134,1,LOW_REPORTED,UNKNOWN_NO_CUSTOMER_VERBATIM_OR_SENTIMENT_LABEL,REVIEW_REPORTED_LOW_CSAT
6134,6135,,UNOBSERVED,UNKNOWN_NO_CUSTOMER_VERBATIM_OR_SENTIMENT_LABEL,FEEDBACK_NOT_OBSERVED
6135,6136,3,MIDDLE_REPORTED,UNKNOWN_NO_CUSTOMER_VERBATIM_OR_SENTIMENT_LABEL,KEEP_OBSERVED_SCORE
6136,6137,3,MIDDLE_REPORTED,UNKNOWN_NO_CUSTOMER_VERBATIM_OR_SENTIMENT_LABEL,KEEP_OBSERVED_SCORE
6137,6138,,UNOBSERVED,UNKNOWN_NO_CUSTOMER_VERBATIM_OR_SENTIMENT_LABEL,FEEDBACK_NOT_OBSERVED
6138,6139,,UNOBSERVED,UNKNOWN_NO_CUSTOMER_VERBATIM_OR_SENTIMENT_LABEL,FEEDBACK_NOT_OBSERVED
6139,6140,,UNOBSERVED,UNKNOWN_NO_CUSTOMER_VERBATIM_OR_SENTIMENT_LABEL,FEEDBACK_NOT_OBSERVED
6140,6141,,UNOBSERVED,UNKNOWN_NO_CUSTOMER_VERBATIM_OR_SENTIMENT_LABEL,FEEDBACK_NOT_OBSERVED
6141,6142,1,LOW_REPORTED,UNKNOWN_NO_CUSTOMER_VERBATIM_OR_SENTIMENT_LABEL,REVIEW_REPORTED_LOW_CSAT
6142,6143,,UNOBSERVED,UNKNOWN_NO_CUSTOMER_VERBATIM_OR_SENTIMENT_LABEL,FEEDBACK_NOT_OBSERVED
6143,6144,3,MIDDLE_REPORTED,UNKNOWN_NO_CUSTOMER_VERBATIM_OR_SENTIMENT_LABEL,KEEP_OBSERVED_SCORE
6144,6145,,UNOBSERVED,UNKNOWN_NO_CUSTOMER_VERBATIM_OR_SENTIMENT_LABEL,FEEDBACK_NOT_OBSERVED
6145,6146,,UNOBSERVED,UNKNOWN_NO_CUSTOMER_VERBATIM_OR_SENTIMENT_LABEL,FEEDBACK_NOT_OBSERVED
6146,6147,1,LOW_REPORTED,UNKNOWN_NO_CUSTOMER_VERBATIM_OR_SENTIMENT_LABEL,REVIEW_REPORTED_LOW_CSAT
6147,6148,,UNOBSERVED,UNKNOWN_NO_CUSTOMER_VERBATIM_OR_SENTIMENT_LABEL,FEEDBACK_NOT_OBSERVED
6148,6149,,UNOBSERVED,UNKNOWN_NO_CUSTOMER_VERBATIM_OR_SENTIMENT_LABEL,FEEDBACK_NOT_OBSERVED
6149,6150,4,HIGH_REPORTED,UNKNOWN_NO_CUSTOMER_VERBATIM_OR_SENTIMENT_LABEL,KEEP_OBSERVED_SCORE
6150,6151,,UNOBSERVED,UNKNOWN_NO_CUSTOMER_VERBATIM_OR_SENTIMENT_LABEL,FEEDBACK_NOT_OBSERVED
6151,6152,4,HIGH_REPORTED,UNKNOWN_NO_CUSTOMER_VERBATIM_OR_SENTIMENT_LABEL,KEEP_OBSERVED_SCORE
6152,6153,,UNOBSERVED,UNKNOWN_NO_CUSTOMER_VERBATIM_OR_SENTIMENT_LABEL,FEEDBACK_NOT_OBSERVED
6153,6154,3,MIDDLE_REPORTED,UNKNOWN_NO_CUSTOMER_VERBATIM_OR_SENTIMENT_LABEL,KEEP_OBSERVED_SCORE
6154,6155,4,HIGH_REPORTED,UNKNOWN_NO_CUSTOMER_VERBATIM_OR_SENTIMENT_LABEL,KEEP_OBSERVED_SCORE
6155,6156,4,HIGH_REPORTED,UNKNOWN_NO_CUSTOMER_VERBATIM_OR_SENTIMENT_LABEL,KEEP_OBSERVED_SCORE
6156,6157,,UNOBSERVED,UNKNOWN_NO_CUSTOMER_VERBATIM_OR_SENTIMENT_LABEL,FEEDBACK_NOT_OBSERVED
6157,6158,2,LOW_REPORTED,UNKNOWN_NO_CUSTOMER_VERBATIM_OR_SENTIMENT_LABEL,REVIEW_REPORTED_LOW_CSAT
6158,6159,4,HIGH_REPORTED,UNKNOWN_NO_CUSTOMER_VERBATIM_OR_SENTIMENT_LABEL,KEEP_OBSERVED_SCORE
6159,6160,4,HIGH_REPORTED,UNKNOWN_NO_CUSTOMER_VERBATIM_OR_SENTIMENT_LABEL,KEEP_OBSERVED_SCORE
6160,6161,,UNOBSERVED,UNKNOWN_NO_CUSTOMER_VERBATIM_OR_SENTIMENT_LABEL,FEEDBACK_NOT_OBSERVED
6161,6162,,UNOBSERVED,UNKNOWN_NO_CUSTOMER_VERBATIM_OR_SENTIMENT_LABEL,FEEDBACK_NOT_OBSERVED
6162,6163,,UNOBSERVED,UNKNOWN_NO_CUSTOMER_VERBATIM_OR_SENTIMENT_LABEL,FEEDBACK_NOT_OBSERVED
6163,6164,,UNOBSERVED,UNKNOWN_NO_CUSTOMER_VERBATIM_OR_SENTIMENT_LABEL,FEEDBACK_NOT_OBSERVED
6164,6165,,UNOBSERVED,UNKNOWN_NO_CUSTOMER_VERBATIM_OR_SENTIMENT_LABEL,FEEDBACK_NOT_OBSERVED
6165,6166,,UNOBSERVED,UNKNOWN_NO_CUSTOMER_VERBATIM_OR_SENTIMENT_LABEL,FEEDBACK_NOT_OBSERVED
6166,6167,5,HIGH_REPORTED,UNKNOWN_NO_CUSTOMER_VERBATIM_OR_SENTIMENT_LABEL,KEEP_OBSERVED_SCORE
6167,6168,,UNOBSERVED,UNKNOWN_NO_CUSTOMER_VERBATIM_OR_SENTIMENT_LABEL,FEEDBACK_NOT_OBSERVED
6168,6169,2,LOW_REPORTED,UNKNOWN_NO_CUSTOMER_VERBATIM_OR_SENTIMENT_LABEL,REVIEW_REPORTED_LOW_CSAT
6169,6170,1,LOW_REPORTED,UNKNOWN_NO_CUSTOMER_VERBATIM_OR_SENTIMENT_LABEL,REVIEW_REPORTED_LOW_CSAT
6170,6171,,UNOBSERVED,UNKNOWN_NO_CUSTOMER_VERBATIM_OR_SENTIMENT_LABEL,FEEDBACK_NOT_OBSERVED
6171,6172,,UNOBSERVED,UNKNOWN_NO_CUSTOMER_VERBATIM_OR_SENTIMENT_LABEL,FEEDBACK_NOT_OBSERVED
6172,6173,,UNOBSERVED,UNKNOWN_NO_CUSTOMER_VERBATIM_OR_SENTIMENT_LABEL,FEEDBACK_NOT_OBSERVED
6173,6174,,UNOBSERVED,UNKNOWN_NO_CUSTOMER_VERBATIM_OR_SENTIMENT_LABEL,FEEDBACK_NOT_OBSERVED
6174,6175,4,HIGH_REPORTED,UNKNOWN_NO_CUSTOMER_VERBATIM_OR_SENTIMENT_LABEL,KEEP_OBSERVED_SCORE
6175,6176,5,HIGH_REPORTED,UNKNOWN_NO_CUSTOMER_VERBATIM_OR_SENTIMENT_LABEL,KEEP_OBSERVED_SCORE
6176,6177,,UNOBSERVED,UNKNOWN_NO_CUSTOMER_VERBATIM_OR_SENTIMENT_LABEL,FEEDBACK_NOT_OBSERVED
6177,6178,4,HIGH_REPORTED,UNKNOWN_NO_CUSTOMER_VERBATIM_OR_SENTIMENT_LABEL,KEEP_OBSERVED_SCORE
6178,6179,5,HIGH_REPORTED,UNKNOWN_NO_CUSTOMER_VERBATIM_OR_SENTIMENT_LABEL,KEEP_OBSERVED_SCORE
6179,6180,,UNOBSERVED,UNKNOWN_NO_CUSTOMER_VERBATIM_OR_SENTIMENT_LABEL,FEEDBACK_NOT_OBSERVED
6180,6181,,UNOBSERVED,UNKNOWN_NO_CUSTOMER_VERBATIM_OR_SENTIMENT_LABEL,FEEDBACK_NOT_OBSERVED
6181,6182,,UNOBSERVED,UNKNOWN_NO_CUSTOMER_VERBATIM_OR_SENTIMENT_LABEL,FEEDBACK_NOT_OBSERVED
6182,6183,3,MIDDLE_REPORTED,UNKNOWN_NO_CUSTOMER_VERBATIM_OR_SENTIMENT_LABEL,KEEP_OBSERVED_SCORE
6183,6184,,UNOBSERVED,UNKNOWN_NO_CUSTOMER_VERBATIM_OR_SENTIMENT_LABEL,FEEDBACK_NOT_OBSERVED
6184,6185,,UNOBSERVED,UNKNOWN_NO_CUSTOMER_VERBATIM_OR_SENTIMENT_LABEL,FEEDBACK_NOT_OBSERVED
6185,6186,1,LOW_REPORTED,UNKNOWN_NO_CUSTOMER_VERBATIM_OR_SENTIMENT_LABEL,REVIEW_REPORTED_LOW_CSAT
6186,6187,,UNOBSERVED,UNKNOWN_NO_CUSTOMER_VERBATIM_OR_SENTIMENT_LABEL,FEEDBACK_NOT_OBSERVED
6187,6188,2,LOW_REPORTED,UNKNOWN_NO_CUSTOMER_VERBATIM_OR_SENTIMENT_LABEL,REVIEW_REPORTED_LOW_CSAT
6188,6189,1,LOW_REPORTED,UNKNOWN_NO_CUSTOMER_VERBATIM_OR_SENTIMENT_LABEL,REVIEW_REPORTED_LOW_CSAT
6189,6190,,UNOBSERVED,UNKNOWN_NO_CUSTOMER_VERBATIM_OR_SENTIMENT_LABEL,FEEDBACK_NOT_OBSERVED
6190,6191,,UNOBSERVED,UNKNOWN_NO_CUSTOMER_VERBATIM_OR_SENTIMENT_LABEL,FEEDBACK_NOT_OBSERVED
6191,6192,,UNOBSERVED,UNKNOWN_NO_CUSTOMER_VERBATIM_OR_SENTIMENT_LABEL,FEEDBACK_NOT_OBSERVED
6192,6193,,UNOBSERVED,UNKNOWN_NO_CUSTOMER_VERBATIM_OR_SENTIMENT_LABEL,FEEDBACK_NOT_OBSERVED
6193,6194,,UNOBSERVED,UNKNOWN_NO_CUSTOMER_VERBATIM_OR_SENTIMENT_LABEL,FEEDBACK_NOT_OBSERVED
6194,6195,3,MIDDLE_REPORTED,UNKNOWN_NO_CUSTOMER_VERBATIM_OR_SENTIMENT_LABEL,KEEP_OBSERVED_SCORE
6195,6196,,UNOBSERVED,UNKNOWN_NO_CUSTOMER_VERBATIM_OR_SENTIMENT_LABEL,FEEDBACK_NOT_OBSERVED
6196,6197,1,LOW_REPORTED,UNKNOWN_NO_CUSTOMER_VERBATIM_OR_SENTIMENT_LABEL,REVIEW_REPORTED_LOW_CSAT
6197,6198,5,HIGH_REPORTED,UNKNOWN_NO_CUSTOMER_VERBATIM_OR_SENTIMENT_LABEL,KEEP_OBSERVED_SCORE
6198,6199,4,HIGH_REPORTED,UNKNOWN_NO_CUSTOMER_VERBATIM_OR_SENTIMENT_LABEL,KEEP_OBSERVED_SCORE
6199,6200,2,LOW_REPORTED,UNKNOWN_NO_CUSTOMER_VERBATIM_OR_SENTIMENT_LABEL,REVIEW_REPORTED_LOW_CSAT
6200,6201,,UNOBSERVED,UNKNOWN_NO_CUSTOMER_VERBATIM_OR_SENTIMENT_LABEL,FEEDBACK_NOT_OBSERVED
6201,6202,2,LOW_REPORTED,UNKNOWN_NO_CUSTOMER_VERBATIM_OR_SENTIMENT_LABEL,REVIEW_REPORTED_LOW_CSAT
6202,6203,5,HIGH_REPORTED,UNKNOWN_NO_CUSTOMER_VERBATIM_OR_SENTIMENT_LABEL,KEEP_OBSERVED_SCORE
6203,6204,,UNOBSERVED,UNKNOWN_NO_CUSTOMER_VERBATIM_OR_SENTIMENT_LABEL,FEEDBACK_NOT_OBSERVED
6204,6205,5,HIGH_REPORTED,UNKNOWN_NO_CUSTOMER_VERBATIM_OR_SENTIMENT_LABEL,KEEP_OBSERVED_SCORE
6205,6206,2,LOW_REPORTED,UNKNOWN_NO_CUSTOMER_VERBATIM_OR_SENTIMENT_LABEL,REVIEW_REPORTED_LOW_CSAT
6206,6207,,UNOBSERVED,UNKNOWN_NO_CUSTOMER_VERBATIM_OR_SENTIMENT_LABEL,FEEDBACK_NOT_OBSERVED
6207,6208,,UNOBSERVED,UNKNOWN_NO_CUSTOMER_VERBATIM_OR_SENTIMENT_LABEL,FEEDBACK_NOT_OBSERVED
6208,6209,,UNOBSERVED,UNKNOWN_NO_CUSTOMER_VERBATIM_OR_SENTIMENT_LABEL,FEEDBACK_NOT_OBSERVED
6209,6210,,UNOBSERVED,UNKNOWN_NO_CUSTOMER_VERBATIM_OR_SENTIMENT_LABEL,FEEDBACK_NOT_OBSERVED
6210,6211,,UNOBSERVED,UNKNOWN_NO_CUSTOMER_VERBATIM_OR_SENTIMENT_LABEL,FEEDBACK_NOT_OBSERVED
6211,6212,,UNOBSERVED,UNKNOWN_NO_CUSTOMER_VERBATIM_OR_SENTIMENT_LABEL,FEEDBACK_NOT_OBSERVED
6212,6213,2,LOW_REPORTED,UNKNOWN_NO_CUSTOMER_VERBATIM_OR_SENTIMENT_LABEL,REVIEW_REPORTED_LOW_CSAT
6213,6214,,UNOBSERVED,UNKNOWN_NO_CUSTOMER_VERBATIM_OR_SENTIMENT_LABEL,FEEDBACK_NOT_OBSERVED
6214,6215,,UNOBSERVED,UNKNOWN_NO_CUSTOMER_VERBATIM_OR_SENTIMENT_LABEL,FEEDBACK_NOT_OBSERVED
6215,6216,,UNOBSERVED,UNKNOWN_NO_CUSTOMER_VERBATIM_OR_SENTIMENT_LABEL,FEEDBACK_NOT_OBSERVED
6216,6217,,UNOBSERVED,UNKNOWN_NO_CUSTOMER_VERBATIM_OR_SENTIMENT_LABEL,FEEDBACK_NOT_OBSERVED
6217,6218,1,LOW_REPORTED,UNKNOWN_NO_CUSTOMER_VERBATIM_OR_SENTIMENT_LABEL,REVIEW_REPORTED_LOW_CSAT
6218,6219,,UNOBSERVED,UNKNOWN_NO_CUSTOMER_VERBATIM_OR_SENTIMENT_LABEL,FEEDBACK_NOT_OBSERVED
6219,6220,,UNOBSERVED,UNKNOWN_NO_CUSTOMER_VERBATIM_OR_SENTIMENT_LABEL,FEEDBACK_NOT_OBSERVED
6220,6221,3,MIDDLE_REPORTED,UNKNOWN_NO_CUSTOMER_VERBATIM_OR_SENTIMENT_LABEL,KEEP_OBSERVED_SCORE
6221,6222,,UNOBSERVED,UNKNOWN_NO_CUSTOMER_VERBATIM_OR_SENTIMENT_LABEL,FEEDBACK_NOT_OBSERVED
6222,6223,,UNOBSERVED,UNKNOWN_NO_CUSTOMER_VERBATIM_OR_SENTIMENT_LABEL,FEEDBACK_NOT_OBSERVED
6223,6224,,UNOBSERVED,UNKNOWN_NO_CUSTOMER_VERBATIM_OR_SENTIMENT_LABEL,FEEDBACK_NOT_OBSERVED
6224,6225,,UNOBSERVED,UNKNOWN_NO_CUSTOMER_VERBATIM_OR_SENTIMENT_LABEL,FEEDBACK_NOT_OBSERVED
6225,6226,,UNOBSERVED,UNKNOWN_NO_CUSTOMER_VERBATIM_OR_SENTIMENT_LABEL,FEEDBACK_NOT_OBSERVED
6226,6227,,UNOBSERVED,UNKNOWN_NO_CUSTOMER_VERBATIM_OR_SENTIMENT_LABEL,FEEDBACK_NOT_OBSERVED
6227,6228,,UNOBSERVED,UNKNOWN_NO_CUSTOMER_VERBATIM_OR_SENTIMENT_LABEL,FEEDBACK_NOT_OBSERVED
6228,6229,,UNOBSERVED,UNKNOWN_NO_CUSTOMER_VERBATIM_OR_SENTIMENT_LABEL,FEEDBACK_NOT_OBSERVED
6229,6230,,UNOBSERVED,UNKNOWN_NO_CUSTOMER_VERBATIM_OR_SENTIMENT_LABEL,FEEDBACK_NOT_OBSERVED
6230,6231,,UNOBSERVED,UNKNOWN_NO_CUSTOMER_VERBATIM_OR_SENTIMENT_LABEL,FEEDBACK_NOT_OBSERVED
6231,6232,,UNOBSERVED,UNKNOWN_NO_CUSTOMER_VERBATIM_OR_SENTIMENT_LABEL,FEEDBACK_NOT_OBSERVED
6232,6233,,UNOBSERVED,UNKNOWN_NO_CUSTOMER_VERBATIM_OR_SENTIMENT_LABEL,FEEDBACK_NOT_OBSERVED
6233,6234,,UNOBSERVED,UNKNOWN_NO_CUSTOMER_VERBATIM_OR_SENTIMENT_LABEL,FEEDBACK_NOT_OBSERVED
6234,6235,2,LOW_REPORTED,UNKNOWN_NO_CUSTOMER_VERBATIM_OR_SENTIMENT_LABEL,REVIEW_REPORTED_LOW_CSAT
6235,6236,,UNOBSERVED,UNKNOWN_NO_CUSTOMER_VERBATIM_OR_SENTIMENT_LABEL,FEEDBACK_NOT_OBSERVED
6236,6237,,UNOBSERVED,UNKNOWN_NO_CUSTOMER_VERBATIM_OR_SENTIMENT_LABEL,FEEDBACK_NOT_OBSERVED
6237,6238,2,LOW_REPORTED,UNKNOWN_NO_CUSTOMER_VERBATIM_OR_SENTIMENT_LABEL,REVIEW_REPORTED_LOW_CSAT
6238,6239,,UNOBSERVED,UNKNOWN_NO_CUSTOMER_VERBATIM_OR_SENTIMENT_LABEL,FEEDBACK_NOT_OBSERVED
6239,6240,,UNOBSERVED,UNKNOWN_NO_CUSTOMER_VERBATIM_OR_SENTIMENT_LABEL,FEEDBACK_NOT_OBSERVED
6240,6241,,UNOBSERVED,UNKNOWN_NO_CUSTOMER_VERBATIM_OR_SENTIMENT_LABEL,FEEDBACK_NOT_OBSERVED
6241,6242,4,HIGH_REPORTED,UNKNOWN_NO_CUSTOMER_VERBATIM_OR_SENTIMENT_LABEL,KEEP_OBSERVED_SCORE
6242,6243,4,HIGH_REPORTED,UNKNOWN_NO_CUSTOMER_VERBATIM_OR_SENTIMENT_LABEL,KEEP_OBSERVED_SCORE
6243,6244,5,HIGH_REPORTED,UNKNOWN_NO_CUSTOMER_VERBATIM_OR_SENTIMENT_LABEL,KEEP_OBSERVED_SCORE
6244,6245,,UNOBSERVED,UNKNOWN_NO_CUSTOMER_VERBATIM_OR_SENTIMENT_LABEL,FEEDBACK_NOT_OBSERVED
6245,6246,,UNOBSERVED,UNKNOWN_NO_CUSTOMER_VERBATIM_OR_SENTIMENT_LABEL,FEEDBACK_NOT_OBSERVED
6246,6247,,UNOBSERVED,UNKNOWN_NO_CUSTOMER_VERBATIM_OR_SENTIMENT_LABEL,FEEDBACK_NOT_OBSERVED
6247,6248,2,LOW_REPORTED,UNKNOWN_NO_CUSTOMER_VERBATIM_OR_SENTIMENT_LABEL,REVIEW_REPORTED_LOW_CSAT
6248,6249,4,HIGH_REPORTED,UNKNOWN_NO_CUSTOMER_VERBATIM_OR_SENTIMENT_LABEL,KEEP_OBSERVED_SCORE
6249,6250,4,HIGH_REPORTED,UNKNOWN_NO_CUSTOMER_VERBATIM_OR_SENTIMENT_LABEL,KEEP_OBSERVED_SCORE
6250,6251,,UNOBSERVED,UNKNOWN_NO_CUSTOMER_VERBATIM_OR_SENTIMENT_LABEL,FEEDBACK_NOT_OBSERVED
6251,6252,3,MIDDLE_REPORTED,UNKNOWN_NO_CUSTOMER_VERBATIM_OR_SENTIMENT_LABEL,KEEP_OBSERVED_SCORE
6252,6253,,UNOBSERVED,UNKNOWN_NO_CUSTOMER_VERBATIM_OR_SENTIMENT_LABEL,FEEDBACK_NOT_OBSERVED
6253,6254,5,HIGH_REPORTED,UNKNOWN_NO_CUSTOMER_VERBATIM_OR_SENTIMENT_LABEL,KEEP_OBSERVED_SCORE
6254,6255,3,MIDDLE_REPORTED,UNKNOWN_NO_CUSTOMER_VERBATIM_OR_SENTIMENT_LABEL,KEEP_OBSERVED_SCORE
6255,6256,,UNOBSERVED,UNKNOWN_NO_CUSTOMER_VERBATIM_OR_SENTIMENT_LABEL,FEEDBACK_NOT_OBSERVED
6256,6257,4,HIGH_REPORTED,UNKNOWN_NO_CUSTOMER_VERBATIM_OR_SENTIMENT_LABEL,KEEP_OBSERVED_SCORE
6257,6258,,UNOBSERVED,UNKNOWN_NO_CUSTOMER_VERBATIM_OR_SENTIMENT_LABEL,FEEDBACK_NOT_OBSERVED
6258,6259,,UNOBSERVED,UNKNOWN_NO_CUSTOMER_VERBATIM_OR_SENTIMENT_LABEL,FEEDBACK_NOT_OBSERVED
6259,6260,,UNOBSERVED,UNKNOWN_NO_CUSTOMER_VERBATIM_OR_SENTIMENT_LABEL,FEEDBACK_NOT_OBSERVED
6260,6261,,UNOBSERVED,UNKNOWN_NO_CUSTOMER_VERBATIM_OR_SENTIMENT_LABEL,FEEDBACK_NOT_OBSERVED
6261,6262,2,LOW_REPORTED,UNKNOWN_NO_CUSTOMER_VERBATIM_OR_SENTIMENT_LABEL,REVIEW_REPORTED_LOW_CSAT
6262,6263,5,HIGH_REPORTED,UNKNOWN_NO_CUSTOMER_VERBATIM_OR_SENTIMENT_LABEL,KEEP_OBSERVED_SCORE
6263,6264,2,LOW_REPORTED,UNKNOWN_NO_CUSTOMER_VERBATIM_OR_SENTIMENT_LABEL,REVIEW_REPORTED_LOW_CSAT
6264,6265,,UNOBSERVED,UNKNOWN_NO_CUSTOMER_VERBATIM_OR_SENTIMENT_LABEL,FEEDBACK_NOT_OBSERVED
6265,6266,1,LOW_REPORTED,UNKNOWN_NO_CUSTOMER_VERBATIM_OR_SENTIMENT_LABEL,REVIEW_REPORTED_LOW_CSAT
6266,6267,,UNOBSERVED,UNKNOWN_NO_CUSTOMER_VERBATIM_OR_SENTIMENT_LABEL,FEEDBACK_NOT_OBSERVED
6267,6268,4,HIGH_REPORTED,UNKNOWN_NO_CUSTOMER_VERBATIM_OR_SENTIMENT_LABEL,KEEP_OBSERVED_SCORE
6268,6269,3,MIDDLE_REPORTED,UNKNOWN_NO_CUSTOMER_VERBATIM_OR_SENTIMENT_LABEL,KEEP_OBSERVED_SCORE
6269,6270,,UNOBSERVED,UNKNOWN_NO_CUSTOMER_VERBATIM_OR_SENTIMENT_LABEL,FEEDBACK_NOT_OBSERVED
6270,6271,,UNOBSERVED,UNKNOWN_NO_CUSTOMER_VERBATIM_OR_SENTIMENT_LABEL,FEEDBACK_NOT_OBSERVED
6271,6272,,UNOBSERVED,UNKNOWN_NO_CUSTOMER_VERBATIM_OR_SENTIMENT_LABEL,FEEDBACK_NOT_OBSERVED
6272,6273,,UNOBSERVED,UNKNOWN_NO_CUSTOMER_VERBATIM_OR_SENTIMENT_LABEL,FEEDBACK_NOT_OBSERVED
6273,6274,,UNOBSERVED,UNKNOWN_NO_CUSTOMER_VERBATIM_OR_SENTIMENT_LABEL,FEEDBACK_NOT_OBSERVED
6274,6275,,UNOBSERVED,UNKNOWN_NO_CUSTOMER_VERBATIM_OR_SENTIMENT_LABEL,FEEDBACK_NOT_OBSERVED
6275,6276,4,HIGH_REPORTED,UNKNOWN_NO_CUSTOMER_VERBATIM_OR_SENTIMENT_LABEL,KEEP_OBSERVED_SCORE
6276,6277,1,LOW_REPORTED,UNKNOWN_NO_CUSTOMER_VERBATIM_OR_SENTIMENT_LABEL,REVIEW_REPORTED_LOW_CSAT
6277,6278,,UNOBSERVED,UNKNOWN_NO_CUSTOMER_VERBATIM_OR_SENTIMENT_LABEL,FEEDBACK_NOT_OBSERVED
6278,6279,2,LOW_REPORTED,UNKNOWN_NO_CUSTOMER_VERBATIM_OR_SENTIMENT_LABEL,REVIEW_REPORTED_LOW_CSAT
6279,6280,3,MIDDLE_REPORTED,UNKNOWN_NO_CUSTOMER_VERBATIM_OR_SENTIMENT_LABEL,KEEP_OBSERVED_SCORE
6280,6281,,UNOBSERVED,UNKNOWN_NO_CUSTOMER_VERBATIM_OR_SENTIMENT_LABEL,FEEDBACK_NOT_OBSERVED
6281,6282,5,HIGH_REPORTED,UNKNOWN_NO_CUSTOMER_VERBATIM_OR_SENTIMENT_LABEL,KEEP_OBSERVED_SCORE
6282,6283,,UNOBSERVED,UNKNOWN_NO_CUSTOMER_VERBATIM_OR_SENTIMENT_LABEL,FEEDBACK_NOT_OBSERVED
6283,6284,2,LOW_REPORTED,UNKNOWN_NO_CUSTOMER_VERBATIM_OR_SENTIMENT_LABEL,REVIEW_REPORTED_LOW_CSAT
6284,6285,,UNOBSERVED,UNKNOWN_NO_CUSTOMER_VERBATIM_OR_SENTIMENT_LABEL,FEEDBACK_NOT_OBSERVED
6285,6286,,UNOBSERVED,UNKNOWN_NO_CUSTOMER_VERBATIM_OR_SENTIMENT_LABEL,FEEDBACK_NOT_OBSERVED
6286,6287,,UNOBSERVED,UNKNOWN_NO_CUSTOMER_VERBATIM_OR_SENTIMENT_LABEL,FEEDBACK_NOT_OBSERVED
6287,6288,1,LOW_REPORTED,UNKNOWN_NO_CUSTOMER_VERBATIM_OR_SENTIMENT_LABEL,REVIEW_REPORTED_LOW_CSAT
6288,6289,,UNOBSERVED,UNKNOWN_NO_CUSTOMER_VERBATIM_OR_SENTIMENT_LABEL,FEEDBACK_NOT_OBSERVED
6289,6290,,UNOBSERVED,UNKNOWN_NO_CUSTOMER_VERBATIM_OR_SENTIMENT_LABEL,FEEDBACK_NOT_OBSERVED
6290,6291,,UNOBSERVED,UNKNOWN_NO_CUSTOMER_VERBATIM_OR_SENTIMENT_LABEL,FEEDBACK_NOT_OBSERVED
6291,6292,5,HIGH_REPORTED,UNKNOWN_NO_CUSTOMER_VERBATIM_OR_SENTIMENT_LABEL,KEEP_OBSERVED_SCORE
6292,6293,,UNOBSERVED,UNKNOWN_NO_CUSTOMER_VERBATIM_OR_SENTIMENT_LABEL,FEEDBACK_NOT_OBSERVED
6293,6294,5,HIGH_REPORTED,UNKNOWN_NO_CUSTOMER_VERBATIM_OR_SENTIMENT_LABEL,KEEP_OBSERVED_SCORE
6294,6295,1,LOW_REPORTED,UNKNOWN_NO_CUSTOMER_VERBATIM_OR_SENTIMENT_LABEL,REVIEW_REPORTED_LOW_CSAT
6295,6296,,UNOBSERVED,UNKNOWN_NO_CUSTOMER_VERBATIM_OR_SENTIMENT_LABEL,FEEDBACK_NOT_OBSERVED
6296,6297,,UNOBSERVED,UNKNOWN_NO_CUSTOMER_VERBATIM_OR_SENTIMENT_LABEL,FEEDBACK_NOT_OBSERVED
6297,6298,3,MIDDLE_REPORTED,UNKNOWN_NO_CUSTOMER_VERBATIM_OR_SENTIMENT_LABEL,KEEP_OBSERVED_SCORE
6298,6299,,UNOBSERVED,UNKNOWN_NO_CUSTOMER_VERBATIM_OR_SENTIMENT_LABEL,FEEDBACK_NOT_OBSERVED
6299,6300,,UNOBSERVED,UNKNOWN_NO_CUSTOMER_VERBATIM_OR_SENTIMENT_LABEL,FEEDBACK_NOT_OBSERVED
6300,6301,1,LOW_REPORTED,UNKNOWN_NO_CUSTOMER_VERBATIM_OR_SENTIMENT_LABEL,REVIEW_REPORTED_LOW_CSAT
6301,6302,,UNOBSERVED,UNKNOWN_NO_CUSTOMER_VERBATIM_OR_SENTIMENT_LABEL,FEEDBACK_NOT_OBSERVED
6302,6303,,UNOBSERVED,UNKNOWN_NO_CUSTOMER_VERBATIM_OR_SENTIMENT_LABEL,FEEDBACK_NOT_OBSERVED
6303,6304,,UNOBSERVED,UNKNOWN_NO_CUSTOMER_VERBATIM_OR_SENTIMENT_LABEL,FEEDBACK_NOT_OBSERVED
6304,6305,,UNOBSERVED,UNKNOWN_NO_CUSTOMER_VERBATIM_OR_SENTIMENT_LABEL,FEEDBACK_NOT_OBSERVED
6305,6306,2,LOW_REPORTED,UNKNOWN_NO_CUSTOMER_VERBATIM_OR_SENTIMENT_LABEL,REVIEW_REPORTED_LOW_CSAT
6306,6307,,UNOBSERVED,UNKNOWN_NO_CUSTOMER_VERBATIM_OR_SENTIMENT_LABEL,FEEDBACK_NOT_OBSERVED
6307,6308,,UNOBSERVED,UNKNOWN_NO_CUSTOMER_VERBATIM_OR_SENTIMENT_LABEL,FEEDBACK_NOT_OBSERVED
6308,6309,,UNOBSERVED,UNKNOWN_NO_CUSTOMER_VERBATIM_OR_SENTIMENT_LABEL,FEEDBACK_NOT_OBSERVED
6309,6310,,UNOBSERVED,UNKNOWN_NO_CUSTOMER_VERBATIM_OR_SENTIMENT_LABEL,FEEDBACK_NOT_OBSERVED
6310,6311,3,MIDDLE_REPORTED,UNKNOWN_NO_CUSTOMER_VERBATIM_OR_SENTIMENT_LABEL,KEEP_OBSERVED_SCORE
6311,6312,4,HIGH_REPORTED,UNKNOWN_NO_CUSTOMER_VERBATIM_OR_SENTIMENT_LABEL,KEEP_OBSERVED_SCORE
6312,6313,3,MIDDLE_REPORTED,UNKNOWN_NO_CUSTOMER_VERBATIM_OR_SENTIMENT_LABEL,KEEP_OBSERVED_SCORE
6313,6314,,UNOBSERVED,UNKNOWN_NO_CUSTOMER_VERBATIM_OR_SENTIMENT_LABEL,FEEDBACK_NOT_OBSERVED
6314,6315,,UNOBSERVED,UNKNOWN_NO_CUSTOMER_VERBATIM_OR_SENTIMENT_LABEL,FEEDBACK_NOT_OBSERVED
6315,6316,,UNOBSERVED,UNKNOWN_NO_CUSTOMER_VERBATIM_OR_SENTIMENT_LABEL,FEEDBACK_NOT_OBSERVED
6316,6317,2,LOW_REPORTED,UNKNOWN_NO_CUSTOMER_VERBATIM_OR_SENTIMENT_LABEL,REVIEW_REPORTED_LOW_CSAT
6317,6318,,UNOBSERVED,UNKNOWN_NO_CUSTOMER_VERBATIM_OR_SENTIMENT_LABEL,FEEDBACK_NOT_OBSERVED
6318,6319,,UNOBSERVED,UNKNOWN_NO_CUSTOMER_VERBATIM_OR_SENTIMENT_LABEL,FEEDBACK_NOT_OBSERVED
6319,6320,,UNOBSERVED,UNKNOWN_NO_CUSTOMER_VERBATIM_OR_SENTIMENT_LABEL,FEEDBACK_NOT_OBSERVED
6320,6321,,UNOBSERVED,UNKNOWN_NO_CUSTOMER_VERBATIM_OR_SENTIMENT_LABEL,FEEDBACK_NOT_OBSERVED
6321,6322,,UNOBSERVED,UNKNOWN_NO_CUSTOMER_VERBATIM_OR_SENTIMENT_LABEL,FEEDBACK_NOT_OBSERVED
6322,6323,,UNOBSERVED,UNKNOWN_NO_CUSTOMER_VERBATIM_OR_SENTIMENT_LABEL,FEEDBACK_NOT_OBSERVED
6323,6324,1,LOW_REPORTED,UNKNOWN_NO_CUSTOMER_VERBATIM_OR_SENTIMENT_LABEL,REVIEW_REPORTED_LOW_CSAT
6324,6325,5,HIGH_REPORTED,UNKNOWN_NO_CUSTOMER_VERBATIM_OR_SENTIMENT_LABEL,KEEP_OBSERVED_SCORE
6325,6326,5,HIGH_REPORTED,UNKNOWN_NO_CUSTOMER_VERBATIM_OR_SENTIMENT_LABEL,KEEP_OBSERVED_SCORE
6326,6327,,UNOBSERVED,UNKNOWN_NO_CUSTOMER_VERBATIM_OR_SENTIMENT_LABEL,FEEDBACK_NOT_OBSERVED
6327,6328,,UNOBSERVED,UNKNOWN_NO_CUSTOMER_VERBATIM_OR_SENTIMENT_LABEL,FEEDBACK_NOT_OBSERVED
6328,6329,,UNOBSERVED,UNKNOWN_NO_CUSTOMER_VERBATIM_OR_SENTIMENT_LABEL,FEEDBACK_NOT_OBSERVED
6329,6330,1,LOW_REPORTED,UNKNOWN_NO_CUSTOMER_VERBATIM_OR_SENTIMENT_LABEL,REVIEW_REPORTED_LOW_CSAT
6330,6331,3,MIDDLE_REPORTED,UNKNOWN_NO_CUSTOMER_VERBATIM_OR_SENTIMENT_LABEL,KEEP_OBSERVED_SCORE
6331,6332,,UNOBSERVED,UNKNOWN_NO_CUSTOMER_VERBATIM_OR_SENTIMENT_LABEL,FEEDBACK_NOT_OBSERVED
6332,6333,,UNOBSERVED,UNKNOWN_NO_CUSTOMER_VERBATIM_OR_SENTIMENT_LABEL,FEEDBACK_NOT_OBSERVED
6333,6334,5,HIGH_REPORTED,UNKNOWN_NO_CUSTOMER_VERBATIM_OR_SENTIMENT_LABEL,KEEP_OBSERVED_SCORE
6334,6335,3,MIDDLE_REPORTED,UNKNOWN_NO_CUSTOMER_VERBATIM_OR_SENTIMENT_LABEL,KEEP_OBSERVED_SCORE
6335,6336,,UNOBSERVED,UNKNOWN_NO_CUSTOMER_VERBATIM_OR_SENTIMENT_LABEL,FEEDBACK_NOT_OBSERVED
6336,6337,5,HIGH_REPORTED,UNKNOWN_NO_CUSTOMER_VERBATIM_OR_SENTIMENT_LABEL,KEEP_OBSERVED_SCORE
6337,6338,1,LOW_REPORTED,UNKNOWN_NO_CUSTOMER_VERBATIM_OR_SENTIMENT_LABEL,REVIEW_REPORTED_LOW_CSAT
6338,6339,1,LOW_REPORTED,UNKNOWN_NO_CUSTOMER_VERBATIM_OR_SENTIMENT_LABEL,REVIEW_REPORTED_LOW_CSAT
6339,6340,,UNOBSERVED,UNKNOWN_NO_CUSTOMER_VERBATIM_OR_SENTIMENT_LABEL,FEEDBACK_NOT_OBSERVED
6340,6341,,UNOBSERVED,UNKNOWN_NO_CUSTOMER_VERBATIM_OR_SENTIMENT_LABEL,FEEDBACK_NOT_OBSERVED
6341,6342,,UNOBSERVED,UNKNOWN_NO_CUSTOMER_VERBATIM_OR_SENTIMENT_LABEL,FEEDBACK_NOT_OBSERVED
6342,6343,1,LOW_REPORTED,UNKNOWN_NO_CUSTOMER_VERBATIM_OR_SENTIMENT_LABEL,REVIEW_REPORTED_LOW_CSAT
6343,6344,2,LOW_REPORTED,UNKNOWN_NO_CUSTOMER_VERBATIM_OR_SENTIMENT_LABEL,REVIEW_REPORTED_LOW_CSAT
6344,6345,,UNOBSERVED,UNKNOWN_NO_CUSTOMER_VERBATIM_OR_SENTIMENT_LABEL,FEEDBACK_NOT_OBSERVED
6345,6346,3,MIDDLE_REPORTED,UNKNOWN_NO_CUSTOMER_VERBATIM_OR_SENTIMENT_LABEL,KEEP_OBSERVED_SCORE
6346,6347,,UNOBSERVED,UNKNOWN_NO_CUSTOMER_VERBATIM_OR_SENTIMENT_LABEL,FEEDBACK_NOT_OBSERVED
6347,6348,,UNOBSERVED,UNKNOWN_NO_CUSTOMER_VERBATIM_OR_SENTIMENT_LABEL,FEEDBACK_NOT_OBSERVED
6348,6349,1,LOW_REPORTED,UNKNOWN_NO_CUSTOMER_VERBATIM_OR_SENTIMENT_LABEL,REVIEW_REPORTED_LOW_CSAT
6349,6350,,UNOBSERVED,UNKNOWN_NO_CUSTOMER_VERBATIM_OR_SENTIMENT_LABEL,FEEDBACK_NOT_OBSERVED
6350,6351,5,HIGH_REPORTED,UNKNOWN_NO_CUSTOMER_VERBATIM_OR_SENTIMENT_LABEL,KEEP_OBSERVED_SCORE
6351,6352,,UNOBSERVED,UNKNOWN_NO_CUSTOMER_VERBATIM_OR_SENTIMENT_LABEL,FEEDBACK_NOT_OBSERVED
6352,6353,1,LOW_REPORTED,UNKNOWN_NO_CUSTOMER_VERBATIM_OR_SENTIMENT_LABEL,REVIEW_REPORTED_LOW_CSAT
6353,6354,,UNOBSERVED,UNKNOWN_NO_CUSTOMER_VERBATIM_OR_SENTIMENT_LABEL,FEEDBACK_NOT_OBSERVED
6354,6355,,UNOBSERVED,UNKNOWN_NO_CUSTOMER_VERBATIM_OR_SENTIMENT_LABEL,FEEDBACK_NOT_OBSERVED
6355,6356,2,LOW_REPORTED,UNKNOWN_NO_CUSTOMER_VERBATIM_OR_SENTIMENT_LABEL,REVIEW_REPORTED_LOW_CSAT
6356,6357,,UNOBSERVED,UNKNOWN_NO_CUSTOMER_VERBATIM_OR_SENTIMENT_LABEL,FEEDBACK_NOT_OBSERVED
6357,6358,,UNOBSERVED,UNKNOWN_NO_CUSTOMER_VERBATIM_OR_SENTIMENT_LABEL,FEEDBACK_NOT_OBSERVED
6358,6359,,UNOBSERVED,UNKNOWN_NO_CUSTOMER_VERBATIM_OR_SENTIMENT_LABEL,FEEDBACK_NOT_OBSERVED
6359,6360,,UNOBSERVED,UNKNOWN_NO_CUSTOMER_VERBATIM_OR_SENTIMENT_LABEL,FEEDBACK_NOT_OBSERVED
6360,6361,,UNOBSERVED,UNKNOWN_NO_CUSTOMER_VERBATIM_OR_SENTIMENT_LABEL,FEEDBACK_NOT_OBSERVED
6361,6362,,UNOBSERVED,UNKNOWN_NO_CUSTOMER_VERBATIM_OR_SENTIMENT_LABEL,FEEDBACK_NOT_OBSERVED
6362,6363,,UNOBSERVED,UNKNOWN_NO_CUSTOMER_VERBATIM_OR_SENTIMENT_LABEL,FEEDBACK_NOT_OBSERVED
6363,6364,3,MIDDLE_REPORTED,UNKNOWN_NO_CUSTOMER_VERBATIM_OR_SENTIMENT_LABEL,KEEP_OBSERVED_SCORE
6364,6365,2,LOW_REPORTED,UNKNOWN_NO_CUSTOMER_VERBATIM_OR_SENTIMENT_LABEL,REVIEW_REPORTED_LOW_CSAT
6365,6366,,UNOBSERVED,UNKNOWN_NO_CUSTOMER_VERBATIM_OR_SENTIMENT_LABEL,FEEDBACK_NOT_OBSERVED
6366,6367,2,LOW_REPORTED,UNKNOWN_NO_CUSTOMER_VERBATIM_OR_SENTIMENT_LABEL,REVIEW_REPORTED_LOW_CSAT
6367,6368,,UNOBSERVED,UNKNOWN_NO_CUSTOMER_VERBATIM_OR_SENTIMENT_LABEL,FEEDBACK_NOT_OBSERVED
6368,6369,1,LOW_REPORTED,UNKNOWN_NO_CUSTOMER_VERBATIM_OR_SENTIMENT_LABEL,REVIEW_REPORTED_LOW_CSAT
6369,6370,,UNOBSERVED,UNKNOWN_NO_CUSTOMER_VERBATIM_OR_SENTIMENT_LABEL,FEEDBACK_NOT_OBSERVED
6370,6371,5,HIGH_REPORTED,UNKNOWN_NO_CUSTOMER_VERBATIM_OR_SENTIMENT_LABEL,KEEP_OBSERVED_SCORE
6371,6372,4,HIGH_REPORTED,UNKNOWN_NO_CUSTOMER_VERBATIM_OR_SENTIMENT_LABEL,KEEP_OBSERVED_SCORE
6372,6373,,UNOBSERVED,UNKNOWN_NO_CUSTOMER_VERBATIM_OR_SENTIMENT_LABEL,FEEDBACK_NOT_OBSERVED
6373,6374,,UNOBSERVED,UNKNOWN_NO_CUSTOMER_VERBATIM_OR_SENTIMENT_LABEL,FEEDBACK_NOT_OBSERVED
6374,6375,,UNOBSERVED,UNKNOWN_NO_CUSTOMER_VERBATIM_OR_SENTIMENT_LABEL,FEEDBACK_NOT_OBSERVED
6375,6376,3,MIDDLE_REPORTED,UNKNOWN_NO_CUSTOMER_VERBATIM_OR_SENTIMENT_LABEL,KEEP_OBSERVED_SCORE
6376,6377,2,LOW_REPORTED,UNKNOWN_NO_CUSTOMER_VERBATIM_OR_SENTIMENT_LABEL,REVIEW_REPORTED_LOW_CSAT
6377,6378,,UNOBSERVED,UNKNOWN_NO_CUSTOMER_VERBATIM_OR_SENTIMENT_LABEL,FEEDBACK_NOT_OBSERVED
6378,6379,,UNOBSERVED,UNKNOWN_NO_CUSTOMER_VERBATIM_OR_SENTIMENT_LABEL,FEEDBACK_NOT_OBSERVED
6379,6380,,UNOBSERVED,UNKNOWN_NO_CUSTOMER_VERBATIM_OR_SENTIMENT_LABEL,FEEDBACK_NOT_OBSERVED
6380,6381,2,LOW_REPORTED,UNKNOWN_NO_CUSTOMER_VERBATIM_OR_SENTIMENT_LABEL,REVIEW_REPORTED_LOW_CSAT
6381,6382,3,MIDDLE_REPORTED,UNKNOWN_NO_CUSTOMER_VERBATIM_OR_SENTIMENT_LABEL,KEEP_OBSERVED_SCORE
6382,6383,5,HIGH_REPORTED,UNKNOWN_NO_CUSTOMER_VERBATIM_OR_SENTIMENT_LABEL,KEEP_OBSERVED_SCORE
6383,6384,,UNOBSERVED,UNKNOWN_NO_CUSTOMER_VERBATIM_OR_SENTIMENT_LABEL,FEEDBACK_NOT_OBSERVED
6384,6385,5,HIGH_REPORTED,UNKNOWN_NO_CUSTOMER_VERBATIM_OR_SENTIMENT_LABEL,KEEP_OBSERVED_SCORE
6385,6386,3,MIDDLE_REPORTED,UNKNOWN_NO_CUSTOMER_VERBATIM_OR_SENTIMENT_LABEL,KEEP_OBSERVED_SCORE
6386,6387,,UNOBSERVED,UNKNOWN_NO_CUSTOMER_VERBATIM_OR_SENTIMENT_LABEL,FEEDBACK_NOT_OBSERVED
6387,6388,,UNOBSERVED,UNKNOWN_NO_CUSTOMER_VERBATIM_OR_SENTIMENT_LABEL,FEEDBACK_NOT_OBSERVED
6388,6389,,UNOBSERVED,UNKNOWN_NO_CUSTOMER_VERBATIM_OR_SENTIMENT_LABEL,FEEDBACK_NOT_OBSERVED
6389,6390,,UNOBSERVED,UNKNOWN_NO_CUSTOMER_VERBATIM_OR_SENTIMENT_LABEL,FEEDBACK_NOT_OBSERVED
6390,6391,,UNOBSERVED,UNKNOWN_NO_CUSTOMER_VERBATIM_OR_SENTIMENT_LABEL,FEEDBACK_NOT_OBSERVED
6391,6392,,UNOBSERVED,UNKNOWN_NO_CUSTOMER_VERBATIM_OR_SENTIMENT_LABEL,FEEDBACK_NOT_OBSERVED
6392,6393,,UNOBSERVED,UNKNOWN_NO_CUSTOMER_VERBATIM_OR_SENTIMENT_LABEL,FEEDBACK_NOT_OBSERVED
6393,6394,,UNOBSERVED,UNKNOWN_NO_CUSTOMER_VERBATIM_OR_SENTIMENT_LABEL,FEEDBACK_NOT_OBSERVED
6394,6395,,UNOBSERVED,UNKNOWN_NO_CUSTOMER_VERBATIM_OR_SENTIMENT_LABEL,FEEDBACK_NOT_OBSERVED
6395,6396,2,LOW_REPORTED,UNKNOWN_NO_CUSTOMER_VERBATIM_OR_SENTIMENT_LABEL,REVIEW_REPORTED_LOW_CSAT
6396,6397,5,HIGH_REPORTED,UNKNOWN_NO_CUSTOMER_VERBATIM_OR_SENTIMENT_LABEL,KEEP_OBSERVED_SCORE
6397,6398,1,LOW_REPORTED,UNKNOWN_NO_CUSTOMER_VERBATIM_OR_SENTIMENT_LABEL,REVIEW_REPORTED_LOW_CSAT
6398,6399,,UNOBSERVED,UNKNOWN_NO_CUSTOMER_VERBATIM_OR_SENTIMENT_LABEL,FEEDBACK_NOT_OBSERVED
6399,6400,,UNOBSERVED,UNKNOWN_NO_CUSTOMER_VERBATIM_OR_SENTIMENT_LABEL,FEEDBACK_NOT_OBSERVED
6400,6401,,UNOBSERVED,UNKNOWN_NO_CUSTOMER_VERBATIM_OR_SENTIMENT_LABEL,FEEDBACK_NOT_OBSERVED
6401,6402,,UNOBSERVED,UNKNOWN_NO_CUSTOMER_VERBATIM_OR_SENTIMENT_LABEL,FEEDBACK_NOT_OBSERVED
6402,6403,2,LOW_REPORTED,UNKNOWN_NO_CUSTOMER_VERBATIM_OR_SENTIMENT_LABEL,REVIEW_REPORTED_LOW_CSAT
6403,6404,,UNOBSERVED,UNKNOWN_NO_CUSTOMER_VERBATIM_OR_SENTIMENT_LABEL,FEEDBACK_NOT_OBSERVED
6404,6405,,UNOBSERVED,UNKNOWN_NO_CUSTOMER_VERBATIM_OR_SENTIMENT_LABEL,FEEDBACK_NOT_OBSERVED
6405,6406,,UNOBSERVED,UNKNOWN_NO_CUSTOMER_VERBATIM_OR_SENTIMENT_LABEL,FEEDBACK_NOT_OBSERVED
6406,6407,4,HIGH_REPORTED,UNKNOWN_NO_CUSTOMER_VERBATIM_OR_SENTIMENT_LABEL,KEEP_OBSERVED_SCORE
6407,6408,,UNOBSERVED,UNKNOWN_NO_CUSTOMER_VERBATIM_OR_SENTIMENT_LABEL,FEEDBACK_NOT_OBSERVED
6408,6409,5,HIGH_REPORTED,UNKNOWN_NO_CUSTOMER_VERBATIM_OR_SENTIMENT_LABEL,KEEP_OBSERVED_SCORE
6409,6410,,UNOBSERVED,UNKNOWN_NO_CUSTOMER_VERBATIM_OR_SENTIMENT_LABEL,FEEDBACK_NOT_OBSERVED
6410,6411,,UNOBSERVED,UNKNOWN_NO_CUSTOMER_VERBATIM_OR_SENTIMENT_LABEL,FEEDBACK_NOT_OBSERVED
6411,6412,5,HIGH_REPORTED,UNKNOWN_NO_CUSTOMER_VERBATIM_OR_SENTIMENT_LABEL,KEEP_OBSERVED_SCORE
6412,6413,2,LOW_REPORTED,UNKNOWN_NO_CUSTOMER_VERBATIM_OR_SENTIMENT_LABEL,REVIEW_REPORTED_LOW_CSAT
6413,6414,,UNOBSERVED,UNKNOWN_NO_CUSTOMER_VERBATIM_OR_SENTIMENT_LABEL,FEEDBACK_NOT_OBSERVED
6414,6415,,UNOBSERVED,UNKNOWN_NO_CUSTOMER_VERBATIM_OR_SENTIMENT_LABEL,FEEDBACK_NOT_OBSERVED
6415,6416,4,HIGH_REPORTED,UNKNOWN_NO_CUSTOMER_VERBATIM_OR_SENTIMENT_LABEL,KEEP_OBSERVED_SCORE
6416,6417,,UNOBSERVED,UNKNOWN_NO_CUSTOMER_VERBATIM_OR_SENTIMENT_LABEL,FEEDBACK_NOT_OBSERVED
6417,6418,5,HIGH_REPORTED,UNKNOWN_NO_CUSTOMER_VERBATIM_OR_SENTIMENT_LABEL,KEEP_OBSERVED_SCORE
6418,6419,,UNOBSERVED,UNKNOWN_NO_CUSTOMER_VERBATIM_OR_SENTIMENT_LABEL,FEEDBACK_NOT_OBSERVED
6419,6420,4,HIGH_REPORTED,UNKNOWN_NO_CUSTOMER_VERBATIM_OR_SENTIMENT_LABEL,KEEP_OBSERVED_SCORE
6420,6421,,UNOBSERVED,UNKNOWN_NO_CUSTOMER_VERBATIM_OR_SENTIMENT_LABEL,FEEDBACK_NOT_OBSERVED
6421,6422,3,MIDDLE_REPORTED,UNKNOWN_NO_CUSTOMER_VERBATIM_OR_SENTIMENT_LABEL,KEEP_OBSERVED_SCORE
6422,6423,,UNOBSERVED,UNKNOWN_NO_CUSTOMER_VERBATIM_OR_SENTIMENT_LABEL,FEEDBACK_NOT_OBSERVED
6423,6424,,UNOBSERVED,UNKNOWN_NO_CUSTOMER_VERBATIM_OR_SENTIMENT_LABEL,FEEDBACK_NOT_OBSERVED
6424,6425,,UNOBSERVED,UNKNOWN_NO_CUSTOMER_VERBATIM_OR_SENTIMENT_LABEL,FEEDBACK_NOT_OBSERVED
6425,6426,1,LOW_REPORTED,UNKNOWN_NO_CUSTOMER_VERBATIM_OR_SENTIMENT_LABEL,REVIEW_REPORTED_LOW_CSAT
6426,6427,,UNOBSERVED,UNKNOWN_NO_CUSTOMER_VERBATIM_OR_SENTIMENT_LABEL,FEEDBACK_NOT_OBSERVED
6427,6428,,UNOBSERVED,UNKNOWN_NO_CUSTOMER_VERBATIM_OR_SENTIMENT_LABEL,FEEDBACK_NOT_OBSERVED
6428,6429,,UNOBSERVED,UNKNOWN_NO_CUSTOMER_VERBATIM_OR_SENTIMENT_LABEL,FEEDBACK_NOT_OBSERVED
6429,6430,,UNOBSERVED,UNKNOWN_NO_CUSTOMER_VERBATIM_OR_SENTIMENT_LABEL,FEEDBACK_NOT_OBSERVED
6430,6431,,UNOBSERVED,UNKNOWN_NO_CUSTOMER_VERBATIM_OR_SENTIMENT_LABEL,FEEDBACK_NOT_OBSERVED
6431,6432,,UNOBSERVED,UNKNOWN_NO_CUSTOMER_VERBATIM_OR_SENTIMENT_LABEL,FEEDBACK_NOT_OBSERVED
6432,6433,,UNOBSERVED,UNKNOWN_NO_CUSTOMER_VERBATIM_OR_SENTIMENT_LABEL,FEEDBACK_NOT_OBSERVED
6433,6434,,UNOBSERVED,UNKNOWN_NO_CUSTOMER_VERBATIM_OR_SENTIMENT_LABEL,FEEDBACK_NOT_OBSERVED
6434,6435,,UNOBSERVED,UNKNOWN_NO_CUSTOMER_VERBATIM_OR_SENTIMENT_LABEL,FEEDBACK_NOT_OBSERVED
6435,6436,2,LOW_REPORTED,UNKNOWN_NO_CUSTOMER_VERBATIM_OR_SENTIMENT_LABEL,REVIEW_REPORTED_LOW_CSAT
6436,6437,,UNOBSERVED,UNKNOWN_NO_CUSTOMER_VERBATIM_OR_SENTIMENT_LABEL,FEEDBACK_NOT_OBSERVED
6437,6438,,UNOBSERVED,UNKNOWN_NO_CUSTOMER_VERBATIM_OR_SENTIMENT_LABEL,FEEDBACK_NOT_OBSERVED
6438,6439,1,LOW_REPORTED,UNKNOWN_NO_CUSTOMER_VERBATIM_OR_SENTIMENT_LABEL,REVIEW_REPORTED_LOW_CSAT
6439,6440,,UNOBSERVED,UNKNOWN_NO_CUSTOMER_VERBATIM_OR_SENTIMENT_LABEL,FEEDBACK_NOT_OBSERVED
6440,6441,,UNOBSERVED,UNKNOWN_NO_CUSTOMER_VERBATIM_OR_SENTIMENT_LABEL,FEEDBACK_NOT_OBSERVED
6441,6442,4,HIGH_REPORTED,UNKNOWN_NO_CUSTOMER_VERBATIM_OR_SENTIMENT_LABEL,KEEP_OBSERVED_SCORE
6442,6443,5,HIGH_REPORTED,UNKNOWN_NO_CUSTOMER_VERBATIM_OR_SENTIMENT_LABEL,KEEP_OBSERVED_SCORE
6443,6444,,UNOBSERVED,UNKNOWN_NO_CUSTOMER_VERBATIM_OR_SENTIMENT_LABEL,FEEDBACK_NOT_OBSERVED
6444,6445,,UNOBSERVED,UNKNOWN_NO_CUSTOMER_VERBATIM_OR_SENTIMENT_LABEL,FEEDBACK_NOT_OBSERVED
6445,6446,,UNOBSERVED,UNKNOWN_NO_CUSTOMER_VERBATIM_OR_SENTIMENT_LABEL,FEEDBACK_NOT_OBSERVED
6446,6447,,UNOBSERVED,UNKNOWN_NO_CUSTOMER_VERBATIM_OR_SENTIMENT_LABEL,FEEDBACK_NOT_OBSERVED
6447,6448,,UNOBSERVED,UNKNOWN_NO_CUSTOMER_VERBATIM_OR_SENTIMENT_LABEL,FEEDBACK_NOT_OBSERVED
6448,6449,5,HIGH_REPORTED,UNKNOWN_NO_CUSTOMER_VERBATIM_OR_SENTIMENT_LABEL,KEEP_OBSERVED_SCORE
6449,6450,,UNOBSERVED,UNKNOWN_NO_CUSTOMER_VERBATIM_OR_SENTIMENT_LABEL,FEEDBACK_NOT_OBSERVED
6450,6451,,UNOBSERVED,UNKNOWN_NO_CUSTOMER_VERBATIM_OR_SENTIMENT_LABEL,FEEDBACK_NOT_OBSERVED
6451,6452,5,HIGH_REPORTED,UNKNOWN_NO_CUSTOMER_VERBATIM_OR_SENTIMENT_LABEL,KEEP_OBSERVED_SCORE
6452,6453,,UNOBSERVED,UNKNOWN_NO_CUSTOMER_VERBATIM_OR_SENTIMENT_LABEL,FEEDBACK_NOT_OBSERVED
6453,6454,,UNOBSERVED,UNKNOWN_NO_CUSTOMER_VERBATIM_OR_SENTIMENT_LABEL,FEEDBACK_NOT_OBSERVED
6454,6455,,UNOBSERVED,UNKNOWN_NO_CUSTOMER_VERBATIM_OR_SENTIMENT_LABEL,FEEDBACK_NOT_OBSERVED
6455,6456,,UNOBSERVED,UNKNOWN_NO_CUSTOMER_VERBATIM_OR_SENTIMENT_LABEL,FEEDBACK_NOT_OBSERVED
6456,6457,5,HIGH_REPORTED,UNKNOWN_NO_CUSTOMER_VERBATIM_OR_SENTIMENT_LABEL,KEEP_OBSERVED_SCORE
6457,6458,1,LOW_REPORTED,UNKNOWN_NO_CUSTOMER_VERBATIM_OR_SENTIMENT_LABEL,REVIEW_REPORTED_LOW_CSAT
6458,6459,,UNOBSERVED,UNKNOWN_NO_CUSTOMER_VERBATIM_OR_SENTIMENT_LABEL,FEEDBACK_NOT_OBSERVED
6459,6460,,UNOBSERVED,UNKNOWN_NO_CUSTOMER_VERBATIM_OR_SENTIMENT_LABEL,FEEDBACK_NOT_OBSERVED
6460,6461,,UNOBSERVED,UNKNOWN_NO_CUSTOMER_VERBATIM_OR_SENTIMENT_LABEL,FEEDBACK_NOT_OBSERVED
6461,6462,,UNOBSERVED,UNKNOWN_NO_CUSTOMER_VERBATIM_OR_SENTIMENT_LABEL,FEEDBACK_NOT_OBSERVED
6462,6463,1,LOW_REPORTED,UNKNOWN_NO_CUSTOMER_VERBATIM_OR_SENTIMENT_LABEL,REVIEW_REPORTED_LOW_CSAT
6463,6464,5,HIGH_REPORTED,UNKNOWN_NO_CUSTOMER_VERBATIM_OR_SENTIMENT_LABEL,KEEP_OBSERVED_SCORE
6464,6465,,UNOBSERVED,UNKNOWN_NO_CUSTOMER_VERBATIM_OR_SENTIMENT_LABEL,FEEDBACK_NOT_OBSERVED
6465,6466,,UNOBSERVED,UNKNOWN_NO_CUSTOMER_VERBATIM_OR_SENTIMENT_LABEL,FEEDBACK_NOT_OBSERVED
6466,6467,3,MIDDLE_REPORTED,UNKNOWN_NO_CUSTOMER_VERBATIM_OR_SENTIMENT_LABEL,KEEP_OBSERVED_SCORE
6467,6468,,UNOBSERVED,UNKNOWN_NO_CUSTOMER_VERBATIM_OR_SENTIMENT_LABEL,FEEDBACK_NOT_OBSERVED
6468,6469,,UNOBSERVED,UNKNOWN_NO_CUSTOMER_VERBATIM_OR_SENTIMENT_LABEL,FEEDBACK_NOT_OBSERVED
6469,6470,,UNOBSERVED,UNKNOWN_NO_CUSTOMER_VERBATIM_OR_SENTIMENT_LABEL,FEEDBACK_NOT_OBSERVED
6470,6471,,UNOBSERVED,UNKNOWN_NO_CUSTOMER_VERBATIM_OR_SENTIMENT_LABEL,FEEDBACK_NOT_OBSERVED
6471,6472,,UNOBSERVED,UNKNOWN_NO_CUSTOMER_VERBATIM_OR_SENTIMENT_LABEL,FEEDBACK_NOT_OBSERVED
6472,6473,,UNOBSERVED,UNKNOWN_NO_CUSTOMER_VERBATIM_OR_SENTIMENT_LABEL,FEEDBACK_NOT_OBSERVED
6473,6474,5,HIGH_REPORTED,UNKNOWN_NO_CUSTOMER_VERBATIM_OR_SENTIMENT_LABEL,KEEP_OBSERVED_SCORE
6474,6475,,UNOBSERVED,UNKNOWN_NO_CUSTOMER_VERBATIM_OR_SENTIMENT_LABEL,FEEDBACK_NOT_OBSERVED
6475,6476,,UNOBSERVED,UNKNOWN_NO_CUSTOMER_VERBATIM_OR_SENTIMENT_LABEL,FEEDBACK_NOT_OBSERVED
6476,6477,3,MIDDLE_REPORTED,UNKNOWN_NO_CUSTOMER_VERBATIM_OR_SENTIMENT_LABEL,KEEP_OBSERVED_SCORE
6477,6478,,UNOBSERVED,UNKNOWN_NO_CUSTOMER_VERBATIM_OR_SENTIMENT_LABEL,FEEDBACK_NOT_OBSERVED
6478,6479,5,HIGH_REPORTED,UNKNOWN_NO_CUSTOMER_VERBATIM_OR_SENTIMENT_LABEL,KEEP_OBSERVED_SCORE
6479,6480,,UNOBSERVED,UNKNOWN_NO_CUSTOMER_VERBATIM_OR_SENTIMENT_LABEL,FEEDBACK_NOT_OBSERVED
6480,6481,,UNOBSERVED,UNKNOWN_NO_CUSTOMER_VERBATIM_OR_SENTIMENT_LABEL,FEEDBACK_NOT_OBSERVED
6481,6482,,UNOBSERVED,UNKNOWN_NO_CUSTOMER_VERBATIM_OR_SENTIMENT_LABEL,FEEDBACK_NOT_OBSERVED
6482,6483,,UNOBSERVED,UNKNOWN_NO_CUSTOMER_VERBATIM_OR_SENTIMENT_LABEL,FEEDBACK_NOT_OBSERVED
6483,6484,,UNOBSERVED,UNKNOWN_NO_CUSTOMER_VERBATIM_OR_SENTIMENT_LABEL,FEEDBACK_NOT_OBSERVED
6484,6485,4,HIGH_REPORTED,UNKNOWN_NO_CUSTOMER_VERBATIM_OR_SENTIMENT_LABEL,KEEP_OBSERVED_SCORE
6485,6486,,UNOBSERVED,UNKNOWN_NO_CUSTOMER_VERBATIM_OR_SENTIMENT_LABEL,FEEDBACK_NOT_OBSERVED
6486,6487,,UNOBSERVED,UNKNOWN_NO_CUSTOMER_VERBATIM_OR_SENTIMENT_LABEL,FEEDBACK_NOT_OBSERVED
6487,6488,,UNOBSERVED,UNKNOWN_NO_CUSTOMER_VERBATIM_OR_SENTIMENT_LABEL,FEEDBACK_NOT_OBSERVED
6488,6489,,UNOBSERVED,UNKNOWN_NO_CUSTOMER_VERBATIM_OR_SENTIMENT_LABEL,FEEDBACK_NOT_OBSERVED
6489,6490,,UNOBSERVED,UNKNOWN_NO_CUSTOMER_VERBATIM_OR_SENTIMENT_LABEL,FEEDBACK_NOT_OBSERVED
6490,6491,1,LOW_REPORTED,UNKNOWN_NO_CUSTOMER_VERBATIM_OR_SENTIMENT_LABEL,REVIEW_REPORTED_LOW_CSAT
6491,6492,,UNOBSERVED,UNKNOWN_NO_CUSTOMER_VERBATIM_OR_SENTIMENT_LABEL,FEEDBACK_NOT_OBSERVED
6492,6493,3,MIDDLE_REPORTED,UNKNOWN_NO_CUSTOMER_VERBATIM_OR_SENTIMENT_LABEL,KEEP_OBSERVED_SCORE
6493,6494,2,LOW_REPORTED,UNKNOWN_NO_CUSTOMER_VERBATIM_OR_SENTIMENT_LABEL,REVIEW_REPORTED_LOW_CSAT
6494,6495,,UNOBSERVED,UNKNOWN_NO_CUSTOMER_VERBATIM_OR_SENTIMENT_LABEL,FEEDBACK_NOT_OBSERVED
6495,6496,,UNOBSERVED,UNKNOWN_NO_CUSTOMER_VERBATIM_OR_SENTIMENT_LABEL,FEEDBACK_NOT_OBSERVED
6496,6497,,UNOBSERVED,UNKNOWN_NO_CUSTOMER_VERBATIM_OR_SENTIMENT_LABEL,FEEDBACK_NOT_OBSERVED
6497,6498,1,LOW_REPORTED,UNKNOWN_NO_CUSTOMER_VERBATIM_OR_SENTIMENT_LABEL,REVIEW_REPORTED_LOW_CSAT
6498,6499,,UNOBSERVED,UNKNOWN_NO_CUSTOMER_VERBATIM_OR_SENTIMENT_LABEL,FEEDBACK_NOT_OBSERVED
6499,6500,3,MIDDLE_REPORTED,UNKNOWN_NO_CUSTOMER_VERBATIM_OR_SENTIMENT_LABEL,KEEP_OBSERVED_SCORE
6500,6501,4,HIGH_REPORTED,UNKNOWN_NO_CUSTOMER_VERBATIM_OR_SENTIMENT_LABEL,KEEP_OBSERVED_SCORE
6501,6502,,UNOBSERVED,UNKNOWN_NO_CUSTOMER_VERBATIM_OR_SENTIMENT_LABEL,FEEDBACK_NOT_OBSERVED
6502,6503,2,LOW_REPORTED,UNKNOWN_NO_CUSTOMER_VERBATIM_OR_SENTIMENT_LABEL,REVIEW_REPORTED_LOW_CSAT
6503,6504,,UNOBSERVED,UNKNOWN_NO_CUSTOMER_VERBATIM_OR_SENTIMENT_LABEL,FEEDBACK_NOT_OBSERVED
6504,6505,,UNOBSERVED,UNKNOWN_NO_CUSTOMER_VERBATIM_OR_SENTIMENT_LABEL,FEEDBACK_NOT_OBSERVED
6505,6506,2,LOW_REPORTED,UNKNOWN_NO_CUSTOMER_VERBATIM_OR_SENTIMENT_LABEL,REVIEW_REPORTED_LOW_CSAT
6506,6507,5,HIGH_REPORTED,UNKNOWN_NO_CUSTOMER_VERBATIM_OR_SENTIMENT_LABEL,KEEP_OBSERVED_SCORE
6507,6508,,UNOBSERVED,UNKNOWN_NO_CUSTOMER_VERBATIM_OR_SENTIMENT_LABEL,FEEDBACK_NOT_OBSERVED
6508,6509,,UNOBSERVED,UNKNOWN_NO_CUSTOMER_VERBATIM_OR_SENTIMENT_LABEL,FEEDBACK_NOT_OBSERVED
6509,6510,,UNOBSERVED,UNKNOWN_NO_CUSTOMER_VERBATIM_OR_SENTIMENT_LABEL,FEEDBACK_NOT_OBSERVED
6510,6511,4,HIGH_REPORTED,UNKNOWN_NO_CUSTOMER_VERBATIM_OR_SENTIMENT_LABEL,KEEP_OBSERVED_SCORE
6511,6512,,UNOBSERVED,UNKNOWN_NO_CUSTOMER_VERBATIM_OR_SENTIMENT_LABEL,FEEDBACK_NOT_OBSERVED
6512,6513,,UNOBSERVED,UNKNOWN_NO_CUSTOMER_VERBATIM_OR_SENTIMENT_LABEL,FEEDBACK_NOT_OBSERVED
6513,6514,,UNOBSERVED,UNKNOWN_NO_CUSTOMER_VERBATIM_OR_SENTIMENT_LABEL,FEEDBACK_NOT_OBSERVED
6514,6515,,UNOBSERVED,UNKNOWN_NO_CUSTOMER_VERBATIM_OR_SENTIMENT_LABEL,FEEDBACK_NOT_OBSERVED
6515,6516,5,HIGH_REPORTED,UNKNOWN_NO_CUSTOMER_VERBATIM_OR_SENTIMENT_LABEL,KEEP_OBSERVED_SCORE
6516,6517,,UNOBSERVED,UNKNOWN_NO_CUSTOMER_VERBATIM_OR_SENTIMENT_LABEL,FEEDBACK_NOT_OBSERVED
6517,6518,,UNOBSERVED,UNKNOWN_NO_CUSTOMER_VERBATIM_OR_SENTIMENT_LABEL,FEEDBACK_NOT_OBSERVED
6518,6519,,UNOBSERVED,UNKNOWN_NO_CUSTOMER_VERBATIM_OR_SENTIMENT_LABEL,FEEDBACK_NOT_OBSERVED
6519,6520,,UNOBSERVED,UNKNOWN_NO_CUSTOMER_VERBATIM_OR_SENTIMENT_LABEL,FEEDBACK_NOT_OBSERVED
6520,6521,,UNOBSERVED,UNKNOWN_NO_CUSTOMER_VERBATIM_OR_SENTIMENT_LABEL,FEEDBACK_NOT_OBSERVED
6521,6522,2,LOW_REPORTED,UNKNOWN_NO_CUSTOMER_VERBATIM_OR_SENTIMENT_LABEL,REVIEW_REPORTED_LOW_CSAT
6522,6523,,UNOBSERVED,UNKNOWN_NO_CUSTOMER_VERBATIM_OR_SENTIMENT_LABEL,FEEDBACK_NOT_OBSERVED
6523,6524,,UNOBSERVED,UNKNOWN_NO_CUSTOMER_VERBATIM_OR_SENTIMENT_LABEL,FEEDBACK_NOT_OBSERVED
6524,6525,,UNOBSERVED,UNKNOWN_NO_CUSTOMER_VERBATIM_OR_SENTIMENT_LABEL,FEEDBACK_NOT_OBSERVED
6525,6526,1,LOW_REPORTED,UNKNOWN_NO_CUSTOMER_VERBATIM_OR_SENTIMENT_LABEL,REVIEW_REPORTED_LOW_CSAT
6526,6527,,UNOBSERVED,UNKNOWN_NO_CUSTOMER_VERBATIM_OR_SENTIMENT_LABEL,FEEDBACK_NOT_OBSERVED
6527,6528,,UNOBSERVED,UNKNOWN_NO_CUSTOMER_VERBATIM_OR_SENTIMENT_LABEL,FEEDBACK_NOT_OBSERVED
6528,6529,4,HIGH_REPORTED,UNKNOWN_NO_CUSTOMER_VERBATIM_OR_SENTIMENT_LABEL,KEEP_OBSERVED_SCORE
6529,6530,2,LOW_REPORTED,UNKNOWN_NO_CUSTOMER_VERBATIM_OR_SENTIMENT_LABEL,REVIEW_REPORTED_LOW_CSAT
6530,6531,1,LOW_REPORTED,UNKNOWN_NO_CUSTOMER_VERBATIM_OR_SENTIMENT_LABEL,REVIEW_REPORTED_LOW_CSAT
6531,6532,,UNOBSERVED,UNKNOWN_NO_CUSTOMER_VERBATIM_OR_SENTIMENT_LABEL,FEEDBACK_NOT_OBSERVED
6532,6533,,UNOBSERVED,UNKNOWN_NO_CUSTOMER_VERBATIM_OR_SENTIMENT_LABEL,FEEDBACK_NOT_OBSERVED
6533,6534,,UNOBSERVED,UNKNOWN_NO_CUSTOMER_VERBATIM_OR_SENTIMENT_LABEL,FEEDBACK_NOT_OBSERVED
6534,6535,4,HIGH_REPORTED,UNKNOWN_NO_CUSTOMER_VERBATIM_OR_SENTIMENT_LABEL,KEEP_OBSERVED_SCORE
6535,6536,,UNOBSERVED,UNKNOWN_NO_CUSTOMER_VERBATIM_OR_SENTIMENT_LABEL,FEEDBACK_NOT_OBSERVED
6536,6537,5,HIGH_REPORTED,UNKNOWN_NO_CUSTOMER_VERBATIM_OR_SENTIMENT_LABEL,KEEP_OBSERVED_SCORE
6537,6538,,UNOBSERVED,UNKNOWN_NO_CUSTOMER_VERBATIM_OR_SENTIMENT_LABEL,FEEDBACK_NOT_OBSERVED
6538,6539,,UNOBSERVED,UNKNOWN_NO_CUSTOMER_VERBATIM_OR_SENTIMENT_LABEL,FEEDBACK_NOT_OBSERVED
6539,6540,,UNOBSERVED,UNKNOWN_NO_CUSTOMER_VERBATIM_OR_SENTIMENT_LABEL,FEEDBACK_NOT_OBSERVED
6540,6541,2,LOW_REPORTED,UNKNOWN_NO_CUSTOMER_VERBATIM_OR_SENTIMENT_LABEL,REVIEW_REPORTED_LOW_CSAT
6541,6542,,UNOBSERVED,UNKNOWN_NO_CUSTOMER_VERBATIM_OR_SENTIMENT_LABEL,FEEDBACK_NOT_OBSERVED
6542,6543,,UNOBSERVED,UNKNOWN_NO_CUSTOMER_VERBATIM_OR_SENTIMENT_LABEL,FEEDBACK_NOT_OBSERVED
6543,6544,,UNOBSERVED,UNKNOWN_NO_CUSTOMER_VERBATIM_OR_SENTIMENT_LABEL,FEEDBACK_NOT_OBSERVED
6544,6545,3,MIDDLE_REPORTED,UNKNOWN_NO_CUSTOMER_VERBATIM_OR_SENTIMENT_LABEL,KEEP_OBSERVED_SCORE
6545,6546,,UNOBSERVED,UNKNOWN_NO_CUSTOMER_VERBATIM_OR_SENTIMENT_LABEL,FEEDBACK_NOT_OBSERVED
6546,6547,,UNOBSERVED,UNKNOWN_NO_CUSTOMER_VERBATIM_OR_SENTIMENT_LABEL,FEEDBACK_NOT_OBSERVED
6547,6548,,UNOBSERVED,UNKNOWN_NO_CUSTOMER_VERBATIM_OR_SENTIMENT_LABEL,FEEDBACK_NOT_OBSERVED
6548,6549,,UNOBSERVED,UNKNOWN_NO_CUSTOMER_VERBATIM_OR_SENTIMENT_LABEL,FEEDBACK_NOT_OBSERVED
6549,6550,,UNOBSERVED,UNKNOWN_NO_CUSTOMER_VERBATIM_OR_SENTIMENT_LABEL,FEEDBACK_NOT_OBSERVED
6550,6551,,UNOBSERVED,UNKNOWN_NO_CUSTOMER_VERBATIM_OR_SENTIMENT_LABEL,FEEDBACK_NOT_OBSERVED
6551,6552,4,HIGH_REPORTED,UNKNOWN_NO_CUSTOMER_VERBATIM_OR_SENTIMENT_LABEL,KEEP_OBSERVED_SCORE
6552,6553,,UNOBSERVED,UNKNOWN_NO_CUSTOMER_VERBATIM_OR_SENTIMENT_LABEL,FEEDBACK_NOT_OBSERVED
6553,6554,,UNOBSERVED,UNKNOWN_NO_CUSTOMER_VERBATIM_OR_SENTIMENT_LABEL,FEEDBACK_NOT_OBSERVED
6554,6555,,UNOBSERVED,UNKNOWN_NO_CUSTOMER_VERBATIM_OR_SENTIMENT_LABEL,FEEDBACK_NOT_OBSERVED
6555,6556,,UNOBSERVED,UNKNOWN_NO_CUSTOMER_VERBATIM_OR_SENTIMENT_LABEL,FEEDBACK_NOT_OBSERVED
6556,6557,,UNOBSERVED,UNKNOWN_NO_CUSTOMER_VERBATIM_OR_SENTIMENT_LABEL,FEEDBACK_NOT_OBSERVED
6557,6558,,UNOBSERVED,UNKNOWN_NO_CUSTOMER_VERBATIM_OR_SENTIMENT_LABEL,FEEDBACK_NOT_OBSERVED
6558,6559,,UNOBSERVED,UNKNOWN_NO_CUSTOMER_VERBATIM_OR_SENTIMENT_LABEL,FEEDBACK_NOT_OBSERVED
6559,6560,,UNOBSERVED,UNKNOWN_NO_CUSTOMER_VERBATIM_OR_SENTIMENT_LABEL,FEEDBACK_NOT_OBSERVED
6560,6561,,UNOBSERVED,UNKNOWN_NO_CUSTOMER_VERBATIM_OR_SENTIMENT_LABEL,FEEDBACK_NOT_OBSERVED
6561,6562,2,LOW_REPORTED,UNKNOWN_NO_CUSTOMER_VERBATIM_OR_SENTIMENT_LABEL,REVIEW_REPORTED_LOW_CSAT
6562,6563,,UNOBSERVED,UNKNOWN_NO_CUSTOMER_VERBATIM_OR_SENTIMENT_LABEL,FEEDBACK_NOT_OBSERVED
6563,6564,2,LOW_REPORTED,UNKNOWN_NO_CUSTOMER_VERBATIM_OR_SENTIMENT_LABEL,REVIEW_REPORTED_LOW_CSAT
6564,6565,,UNOBSERVED,UNKNOWN_NO_CUSTOMER_VERBATIM_OR_SENTIMENT_LABEL,FEEDBACK_NOT_OBSERVED
6565,6566,,UNOBSERVED,UNKNOWN_NO_CUSTOMER_VERBATIM_OR_SENTIMENT_LABEL,FEEDBACK_NOT_OBSERVED
6566,6567,,UNOBSERVED,UNKNOWN_NO_CUSTOMER_VERBATIM_OR_SENTIMENT_LABEL,FEEDBACK_NOT_OBSERVED
6567,6568,,UNOBSERVED,UNKNOWN_NO_CUSTOMER_VERBATIM_OR_SENTIMENT_LABEL,FEEDBACK_NOT_OBSERVED
6568,6569,4,HIGH_REPORTED,UNKNOWN_NO_CUSTOMER_VERBATIM_OR_SENTIMENT_LABEL,KEEP_OBSERVED_SCORE
6569,6570,,UNOBSERVED,UNKNOWN_NO_CUSTOMER_VERBATIM_OR_SENTIMENT_LABEL,FEEDBACK_NOT_OBSERVED
6570,6571,4,HIGH_REPORTED,UNKNOWN_NO_CUSTOMER_VERBATIM_OR_SENTIMENT_LABEL,KEEP_OBSERVED_SCORE
6571,6572,5,HIGH_REPORTED,UNKNOWN_NO_CUSTOMER_VERBATIM_OR_SENTIMENT_LABEL,KEEP_OBSERVED_SCORE
6572,6573,,UNOBSERVED,UNKNOWN_NO_CUSTOMER_VERBATIM_OR_SENTIMENT_LABEL,FEEDBACK_NOT_OBSERVED
6573,6574,,UNOBSERVED,UNKNOWN_NO_CUSTOMER_VERBATIM_OR_SENTIMENT_LABEL,FEEDBACK_NOT_OBSERVED
6574,6575,,UNOBSERVED,UNKNOWN_NO_CUSTOMER_VERBATIM_OR_SENTIMENT_LABEL,FEEDBACK_NOT_OBSERVED
6575,6576,,UNOBSERVED,UNKNOWN_NO_CUSTOMER_VERBATIM_OR_SENTIMENT_LABEL,FEEDBACK_NOT_OBSERVED
6576,6577,,UNOBSERVED,UNKNOWN_NO_CUSTOMER_VERBATIM_OR_SENTIMENT_LABEL,FEEDBACK_NOT_OBSERVED
6577,6578,,UNOBSERVED,UNKNOWN_NO_CUSTOMER_VERBATIM_OR_SENTIMENT_LABEL,FEEDBACK_NOT_OBSERVED
6578,6579,,UNOBSERVED,UNKNOWN_NO_CUSTOMER_VERBATIM_OR_SENTIMENT_LABEL,FEEDBACK_NOT_OBSERVED
6579,6580,,UNOBSERVED,UNKNOWN_NO_CUSTOMER_VERBATIM_OR_SENTIMENT_LABEL,FEEDBACK_NOT_OBSERVED
6580,6581,,UNOBSERVED,UNKNOWN_NO_CUSTOMER_VERBATIM_OR_SENTIMENT_LABEL,FEEDBACK_NOT_OBSERVED
6581,6582,,UNOBSERVED,UNKNOWN_NO_CUSTOMER_VERBATIM_OR_SENTIMENT_LABEL,FEEDBACK_NOT_OBSERVED
6582,6583,1,LOW_REPORTED,UNKNOWN_NO_CUSTOMER_VERBATIM_OR_SENTIMENT_LABEL,REVIEW_REPORTED_LOW_CSAT
6583,6584,,UNOBSERVED,UNKNOWN_NO_CUSTOMER_VERBATIM_OR_SENTIMENT_LABEL,FEEDBACK_NOT_OBSERVED
6584,6585,3,MIDDLE_REPORTED,UNKNOWN_NO_CUSTOMER_VERBATIM_OR_SENTIMENT_LABEL,KEEP_OBSERVED_SCORE
6585,6586,,UNOBSERVED,UNKNOWN_NO_CUSTOMER_VERBATIM_OR_SENTIMENT_LABEL,FEEDBACK_NOT_OBSERVED
6586,6587,,UNOBSERVED,UNKNOWN_NO_CUSTOMER_VERBATIM_OR_SENTIMENT_LABEL,FEEDBACK_NOT_OBSERVED
6587,6588,3,MIDDLE_REPORTED,UNKNOWN_NO_CUSTOMER_VERBATIM_OR_SENTIMENT_LABEL,KEEP_OBSERVED_SCORE
6588,6589,,UNOBSERVED,UNKNOWN_NO_CUSTOMER_VERBATIM_OR_SENTIMENT_LABEL,FEEDBACK_NOT_OBSERVED
6589,6590,,UNOBSERVED,UNKNOWN_NO_CUSTOMER_VERBATIM_OR_SENTIMENT_LABEL,FEEDBACK_NOT_OBSERVED
6590,6591,1,LOW_REPORTED,UNKNOWN_NO_CUSTOMER_VERBATIM_OR_SENTIMENT_LABEL,REVIEW_REPORTED_LOW_CSAT
6591,6592,1,LOW_REPORTED,UNKNOWN_NO_CUSTOMER_VERBATIM_OR_SENTIMENT_LABEL,REVIEW_REPORTED_LOW_CSAT
6592,6593,4,HIGH_REPORTED,UNKNOWN_NO_CUSTOMER_VERBATIM_OR_SENTIMENT_LABEL,KEEP_OBSERVED_SCORE
6593,6594,2,LOW_REPORTED,UNKNOWN_NO_CUSTOMER_VERBATIM_OR_SENTIMENT_LABEL,REVIEW_REPORTED_LOW_CSAT
6594,6595,,UNOBSERVED,UNKNOWN_NO_CUSTOMER_VERBATIM_OR_SENTIMENT_LABEL,FEEDBACK_NOT_OBSERVED
6595,6596,1,LOW_REPORTED,UNKNOWN_NO_CUSTOMER_VERBATIM_OR_SENTIMENT_LABEL,REVIEW_REPORTED_LOW_CSAT
6596,6597,,UNOBSERVED,UNKNOWN_NO_CUSTOMER_VERBATIM_OR_SENTIMENT_LABEL,FEEDBACK_NOT_OBSERVED
6597,6598,,UNOBSERVED,UNKNOWN_NO_CUSTOMER_VERBATIM_OR_SENTIMENT_LABEL,FEEDBACK_NOT_OBSERVED
6598,6599,2,LOW_REPORTED,UNKNOWN_NO_CUSTOMER_VERBATIM_OR_SENTIMENT_LABEL,REVIEW_REPORTED_LOW_CSAT
6599,6600,5,HIGH_REPORTED,UNKNOWN_NO_CUSTOMER_VERBATIM_OR_SENTIMENT_LABEL,KEEP_OBSERVED_SCORE
6600,6601,,UNOBSERVED,UNKNOWN_NO_CUSTOMER_VERBATIM_OR_SENTIMENT_LABEL,FEEDBACK_NOT_OBSERVED
6601,6602,2,LOW_REPORTED,UNKNOWN_NO_CUSTOMER_VERBATIM_OR_SENTIMENT_LABEL,REVIEW_REPORTED_LOW_CSAT
6602,6603,,UNOBSERVED,UNKNOWN_NO_CUSTOMER_VERBATIM_OR_SENTIMENT_LABEL,FEEDBACK_NOT_OBSERVED
6603,6604,3,MIDDLE_REPORTED,UNKNOWN_NO_CUSTOMER_VERBATIM_OR_SENTIMENT_LABEL,KEEP_OBSERVED_SCORE
6604,6605,,UNOBSERVED,UNKNOWN_NO_CUSTOMER_VERBATIM_OR_SENTIMENT_LABEL,FEEDBACK_NOT_OBSERVED
6605,6606,,UNOBSERVED,UNKNOWN_NO_CUSTOMER_VERBATIM_OR_SENTIMENT_LABEL,FEEDBACK_NOT_OBSERVED
6606,6607,,UNOBSERVED,UNKNOWN_NO_CUSTOMER_VERBATIM_OR_SENTIMENT_LABEL,FEEDBACK_NOT_OBSERVED
6607,6608,5,HIGH_REPORTED,UNKNOWN_NO_CUSTOMER_VERBATIM_OR_SENTIMENT_LABEL,KEEP_OBSERVED_SCORE
6608,6609,,UNOBSERVED,UNKNOWN_NO_CUSTOMER_VERBATIM_OR_SENTIMENT_LABEL,FEEDBACK_NOT_OBSERVED
6609,6610,,UNOBSERVED,UNKNOWN_NO_CUSTOMER_VERBATIM_OR_SENTIMENT_LABEL,FEEDBACK_NOT_OBSERVED
6610,6611,,UNOBSERVED,UNKNOWN_NO_CUSTOMER_VERBATIM_OR_SENTIMENT_LABEL,FEEDBACK_NOT_OBSERVED
6611,6612,,UNOBSERVED,UNKNOWN_NO_CUSTOMER_VERBATIM_OR_SENTIMENT_LABEL,FEEDBACK_NOT_OBSERVED
6612,6613,,UNOBSERVED,UNKNOWN_NO_CUSTOMER_VERBATIM_OR_SENTIMENT_LABEL,FEEDBACK_NOT_OBSERVED
6613,6614,,UNOBSERVED,UNKNOWN_NO_CUSTOMER_VERBATIM_OR_SENTIMENT_LABEL,FEEDBACK_NOT_OBSERVED
6614,6615,,UNOBSERVED,UNKNOWN_NO_CUSTOMER_VERBATIM_OR_SENTIMENT_LABEL,FEEDBACK_NOT_OBSERVED
6615,6616,,UNOBSERVED,UNKNOWN_NO_CUSTOMER_VERBATIM_OR_SENTIMENT_LABEL,FEEDBACK_NOT_OBSERVED
6616,6617,,UNOBSERVED,UNKNOWN_NO_CUSTOMER_VERBATIM_OR_SENTIMENT_LABEL,FEEDBACK_NOT_OBSERVED
6617,6618,,UNOBSERVED,UNKNOWN_NO_CUSTOMER_VERBATIM_OR_SENTIMENT_LABEL,FEEDBACK_NOT_OBSERVED
6618,6619,,UNOBSERVED,UNKNOWN_NO_CUSTOMER_VERBATIM_OR_SENTIMENT_LABEL,FEEDBACK_NOT_OBSERVED
6619,6620,,UNOBSERVED,UNKNOWN_NO_CUSTOMER_VERBATIM_OR_SENTIMENT_LABEL,FEEDBACK_NOT_OBSERVED
6620,6621,3,MIDDLE_REPORTED,UNKNOWN_NO_CUSTOMER_VERBATIM_OR_SENTIMENT_LABEL,KEEP_OBSERVED_SCORE
6621,6622,3,MIDDLE_REPORTED,UNKNOWN_NO_CUSTOMER_VERBATIM_OR_SENTIMENT_LABEL,KEEP_OBSERVED_SCORE
6622,6623,2,LOW_REPORTED,UNKNOWN_NO_CUSTOMER_VERBATIM_OR_SENTIMENT_LABEL,REVIEW_REPORTED_LOW_CSAT
6623,6624,,UNOBSERVED,UNKNOWN_NO_CUSTOMER_VERBATIM_OR_SENTIMENT_LABEL,FEEDBACK_NOT_OBSERVED
6624,6625,5,HIGH_REPORTED,UNKNOWN_NO_CUSTOMER_VERBATIM_OR_SENTIMENT_LABEL,KEEP_OBSERVED_SCORE
6625,6626,,UNOBSERVED,UNKNOWN_NO_CUSTOMER_VERBATIM_OR_SENTIMENT_LABEL,FEEDBACK_NOT_OBSERVED
6626,6627,2,LOW_REPORTED,UNKNOWN_NO_CUSTOMER_VERBATIM_OR_SENTIMENT_LABEL,REVIEW_REPORTED_LOW_CSAT
6627,6628,,UNOBSERVED,UNKNOWN_NO_CUSTOMER_VERBATIM_OR_SENTIMENT_LABEL,FEEDBACK_NOT_OBSERVED
6628,6629,,UNOBSERVED,UNKNOWN_NO_CUSTOMER_VERBATIM_OR_SENTIMENT_LABEL,FEEDBACK_NOT_OBSERVED
6629,6630,,UNOBSERVED,UNKNOWN_NO_CUSTOMER_VERBATIM_OR_SENTIMENT_LABEL,FEEDBACK_NOT_OBSERVED
6630,6631,5,HIGH_REPORTED,UNKNOWN_NO_CUSTOMER_VERBATIM_OR_SENTIMENT_LABEL,KEEP_OBSERVED_SCORE
6631,6632,3,MIDDLE_REPORTED,UNKNOWN_NO_CUSTOMER_VERBATIM_OR_SENTIMENT_LABEL,KEEP_OBSERVED_SCORE
6632,6633,,UNOBSERVED,UNKNOWN_NO_CUSTOMER_VERBATIM_OR_SENTIMENT_LABEL,FEEDBACK_NOT_OBSERVED
6633,6634,,UNOBSERVED,UNKNOWN_NO_CUSTOMER_VERBATIM_OR_SENTIMENT_LABEL,FEEDBACK_NOT_OBSERVED
6634,6635,4,HIGH_REPORTED,UNKNOWN_NO_CUSTOMER_VERBATIM_OR_SENTIMENT_LABEL,KEEP_OBSERVED_SCORE
6635,6636,,UNOBSERVED,UNKNOWN_NO_CUSTOMER_VERBATIM_OR_SENTIMENT_LABEL,FEEDBACK_NOT_OBSERVED
6636,6637,,UNOBSERVED,UNKNOWN_NO_CUSTOMER_VERBATIM_OR_SENTIMENT_LABEL,FEEDBACK_NOT_OBSERVED
6637,6638,,UNOBSERVED,UNKNOWN_NO_CUSTOMER_VERBATIM_OR_SENTIMENT_LABEL,FEEDBACK_NOT_OBSERVED
6638,6639,1,LOW_REPORTED,UNKNOWN_NO_CUSTOMER_VERBATIM_OR_SENTIMENT_LABEL,REVIEW_REPORTED_LOW_CSAT
6639,6640,,UNOBSERVED,UNKNOWN_NO_CUSTOMER_VERBATIM_OR_SENTIMENT_LABEL,FEEDBACK_NOT_OBSERVED
6640,6641,2,LOW_REPORTED,UNKNOWN_NO_CUSTOMER_VERBATIM_OR_SENTIMENT_LABEL,REVIEW_REPORTED_LOW_CSAT
6641,6642,,UNOBSERVED,UNKNOWN_NO_CUSTOMER_VERBATIM_OR_SENTIMENT_LABEL,FEEDBACK_NOT_OBSERVED
6642,6643,,UNOBSERVED,UNKNOWN_NO_CUSTOMER_VERBATIM_OR_SENTIMENT_LABEL,FEEDBACK_NOT_OBSERVED
6643,6644,,UNOBSERVED,UNKNOWN_NO_CUSTOMER_VERBATIM_OR_SENTIMENT_LABEL,FEEDBACK_NOT_OBSERVED
6644,6645,,UNOBSERVED,UNKNOWN_NO_CUSTOMER_VERBATIM_OR_SENTIMENT_LABEL,FEEDBACK_NOT_OBSERVED
6645,6646,,UNOBSERVED,UNKNOWN_NO_CUSTOMER_VERBATIM_OR_SENTIMENT_LABEL,FEEDBACK_NOT_OBSERVED
6646,6647,2,LOW_REPORTED,UNKNOWN_NO_CUSTOMER_VERBATIM_OR_SENTIMENT_LABEL,REVIEW_REPORTED_LOW_CSAT
6647,6648,,UNOBSERVED,UNKNOWN_NO_CUSTOMER_VERBATIM_OR_SENTIMENT_LABEL,FEEDBACK_NOT_OBSERVED
6648,6649,,UNOBSERVED,UNKNOWN_NO_CUSTOMER_VERBATIM_OR_SENTIMENT_LABEL,FEEDBACK_NOT_OBSERVED
6649,6650,2,LOW_REPORTED,UNKNOWN_NO_CUSTOMER_VERBATIM_OR_SENTIMENT_LABEL,REVIEW_REPORTED_LOW_CSAT
6650,6651,3,MIDDLE_REPORTED,UNKNOWN_NO_CUSTOMER_VERBATIM_OR_SENTIMENT_LABEL,KEEP_OBSERVED_SCORE
6651,6652,4,HIGH_REPORTED,UNKNOWN_NO_CUSTOMER_VERBATIM_OR_SENTIMENT_LABEL,KEEP_OBSERVED_SCORE
6652,6653,3,MIDDLE_REPORTED,UNKNOWN_NO_CUSTOMER_VERBATIM_OR_SENTIMENT_LABEL,KEEP_OBSERVED_SCORE
6653,6654,1,LOW_REPORTED,UNKNOWN_NO_CUSTOMER_VERBATIM_OR_SENTIMENT_LABEL,REVIEW_REPORTED_LOW_CSAT
6654,6655,5,HIGH_REPORTED,UNKNOWN_NO_CUSTOMER_VERBATIM_OR_SENTIMENT_LABEL,KEEP_OBSERVED_SCORE
6655,6656,,UNOBSERVED,UNKNOWN_NO_CUSTOMER_VERBATIM_OR_SENTIMENT_LABEL,FEEDBACK_NOT_OBSERVED
6656,6657,,UNOBSERVED,UNKNOWN_NO_CUSTOMER_VERBATIM_OR_SENTIMENT_LABEL,FEEDBACK_NOT_OBSERVED
6657,6658,4,HIGH_REPORTED,UNKNOWN_NO_CUSTOMER_VERBATIM_OR_SENTIMENT_LABEL,KEEP_OBSERVED_SCORE
6658,6659,,UNOBSERVED,UNKNOWN_NO_CUSTOMER_VERBATIM_OR_SENTIMENT_LABEL,FEEDBACK_NOT_OBSERVED
6659,6660,3,MIDDLE_REPORTED,UNKNOWN_NO_CUSTOMER_VERBATIM_OR_SENTIMENT_LABEL,KEEP_OBSERVED_SCORE
6660,6661,3,MIDDLE_REPORTED,UNKNOWN_NO_CUSTOMER_VERBATIM_OR_SENTIMENT_LABEL,KEEP_OBSERVED_SCORE
6661,6662,,UNOBSERVED,UNKNOWN_NO_CUSTOMER_VERBATIM_OR_SENTIMENT_LABEL,FEEDBACK_NOT_OBSERVED
6662,6663,,UNOBSERVED,UNKNOWN_NO_CUSTOMER_VERBATIM_OR_SENTIMENT_LABEL,FEEDBACK_NOT_OBSERVED
6663,6664,,UNOBSERVED,UNKNOWN_NO_CUSTOMER_VERBATIM_OR_SENTIMENT_LABEL,FEEDBACK_NOT_OBSERVED
6664,6665,,UNOBSERVED,UNKNOWN_NO_CUSTOMER_VERBATIM_OR_SENTIMENT_LABEL,FEEDBACK_NOT_OBSERVED
6665,6666,,UNOBSERVED,UNKNOWN_NO_CUSTOMER_VERBATIM_OR_SENTIMENT_LABEL,FEEDBACK_NOT_OBSERVED
6666,6667,4,HIGH_REPORTED,UNKNOWN_NO_CUSTOMER_VERBATIM_OR_SENTIMENT_LABEL,KEEP_OBSERVED_SCORE
6667,6668,,UNOBSERVED,UNKNOWN_NO_CUSTOMER_VERBATIM_OR_SENTIMENT_LABEL,FEEDBACK_NOT_OBSERVED
6668,6669,,UNOBSERVED,UNKNOWN_NO_CUSTOMER_VERBATIM_OR_SENTIMENT_LABEL,FEEDBACK_NOT_OBSERVED
6669,6670,,UNOBSERVED,UNKNOWN_NO_CUSTOMER_VERBATIM_OR_SENTIMENT_LABEL,FEEDBACK_NOT_OBSERVED
6670,6671,4,HIGH_REPORTED,UNKNOWN_NO_CUSTOMER_VERBATIM_OR_SENTIMENT_LABEL,KEEP_OBSERVED_SCORE
6671,6672,,UNOBSERVED,UNKNOWN_NO_CUSTOMER_VERBATIM_OR_SENTIMENT_LABEL,FEEDBACK_NOT_OBSERVED
6672,6673,,UNOBSERVED,UNKNOWN_NO_CUSTOMER_VERBATIM_OR_SENTIMENT_LABEL,FEEDBACK_NOT_OBSERVED
6673,6674,,UNOBSERVED,UNKNOWN_NO_CUSTOMER_VERBATIM_OR_SENTIMENT_LABEL,FEEDBACK_NOT_OBSERVED
6674,6675,,UNOBSERVED,UNKNOWN_NO_CUSTOMER_VERBATIM_OR_SENTIMENT_LABEL,FEEDBACK_NOT_OBSERVED
6675,6676,,UNOBSERVED,UNKNOWN_NO_CUSTOMER_VERBATIM_OR_SENTIMENT_LABEL,FEEDBACK_NOT_OBSERVED
6676,6677,,UNOBSERVED,UNKNOWN_NO_CUSTOMER_VERBATIM_OR_SENTIMENT_LABEL,FEEDBACK_NOT_OBSERVED
6677,6678,,UNOBSERVED,UNKNOWN_NO_CUSTOMER_VERBATIM_OR_SENTIMENT_LABEL,FEEDBACK_NOT_OBSERVED
6678,6679,5,HIGH_REPORTED,UNKNOWN_NO_CUSTOMER_VERBATIM_OR_SENTIMENT_LABEL,KEEP_OBSERVED_SCORE
6679,6680,,UNOBSERVED,UNKNOWN_NO_CUSTOMER_VERBATIM_OR_SENTIMENT_LABEL,FEEDBACK_NOT_OBSERVED
6680,6681,2,LOW_REPORTED,UNKNOWN_NO_CUSTOMER_VERBATIM_OR_SENTIMENT_LABEL,REVIEW_REPORTED_LOW_CSAT
6681,6682,,UNOBSERVED,UNKNOWN_NO_CUSTOMER_VERBATIM_OR_SENTIMENT_LABEL,FEEDBACK_NOT_OBSERVED
6682,6683,,UNOBSERVED,UNKNOWN_NO_CUSTOMER_VERBATIM_OR_SENTIMENT_LABEL,FEEDBACK_NOT_OBSERVED
6683,6684,1,LOW_REPORTED,UNKNOWN_NO_CUSTOMER_VERBATIM_OR_SENTIMENT_LABEL,REVIEW_REPORTED_LOW_CSAT
6684,6685,,UNOBSERVED,UNKNOWN_NO_CUSTOMER_VERBATIM_OR_SENTIMENT_LABEL,FEEDBACK_NOT_OBSERVED
6685,6686,,UNOBSERVED,UNKNOWN_NO_CUSTOMER_VERBATIM_OR_SENTIMENT_LABEL,FEEDBACK_NOT_OBSERVED
6686,6687,5,HIGH_REPORTED,UNKNOWN_NO_CUSTOMER_VERBATIM_OR_SENTIMENT_LABEL,KEEP_OBSERVED_SCORE
6687,6688,2,LOW_REPORTED,UNKNOWN_NO_CUSTOMER_VERBATIM_OR_SENTIMENT_LABEL,REVIEW_REPORTED_LOW_CSAT
6688,6689,,UNOBSERVED,UNKNOWN_NO_CUSTOMER_VERBATIM_OR_SENTIMENT_LABEL,FEEDBACK_NOT_OBSERVED
6689,6690,5,HIGH_REPORTED,UNKNOWN_NO_CUSTOMER_VERBATIM_OR_SENTIMENT_LABEL,KEEP_OBSERVED_SCORE
6690,6691,1,LOW_REPORTED,UNKNOWN_NO_CUSTOMER_VERBATIM_OR_SENTIMENT_LABEL,REVIEW_REPORTED_LOW_CSAT
6691,6692,3,MIDDLE_REPORTED,UNKNOWN_NO_CUSTOMER_VERBATIM_OR_SENTIMENT_LABEL,KEEP_OBSERVED_SCORE
6692,6693,,UNOBSERVED,UNKNOWN_NO_CUSTOMER_VERBATIM_OR_SENTIMENT_LABEL,FEEDBACK_NOT_OBSERVED
6693,6694,,UNOBSERVED,UNKNOWN_NO_CUSTOMER_VERBATIM_OR_SENTIMENT_LABEL,FEEDBACK_NOT_OBSERVED
6694,6695,,UNOBSERVED,UNKNOWN_NO_CUSTOMER_VERBATIM_OR_SENTIMENT_LABEL,FEEDBACK_NOT_OBSERVED
6695,6696,,UNOBSERVED,UNKNOWN_NO_CUSTOMER_VERBATIM_OR_SENTIMENT_LABEL,FEEDBACK_NOT_OBSERVED
6696,6697,2,LOW_REPORTED,UNKNOWN_NO_CUSTOMER_VERBATIM_OR_SENTIMENT_LABEL,REVIEW_REPORTED_LOW_CSAT
6697,6698,,UNOBSERVED,UNKNOWN_NO_CUSTOMER_VERBATIM_OR_SENTIMENT_LABEL,FEEDBACK_NOT_OBSERVED
6698,6699,,UNOBSERVED,UNKNOWN_NO_CUSTOMER_VERBATIM_OR_SENTIMENT_LABEL,FEEDBACK_NOT_OBSERVED
6699,6700,,UNOBSERVED,UNKNOWN_NO_CUSTOMER_VERBATIM_OR_SENTIMENT_LABEL,FEEDBACK_NOT_OBSERVED
6700,6701,2,LOW_REPORTED,UNKNOWN_NO_CUSTOMER_VERBATIM_OR_SENTIMENT_LABEL,REVIEW_REPORTED_LOW_CSAT
6701,6702,,UNOBSERVED,UNKNOWN_NO_CUSTOMER_VERBATIM_OR_SENTIMENT_LABEL,FEEDBACK_NOT_OBSERVED
6702,6703,5,HIGH_REPORTED,UNKNOWN_NO_CUSTOMER_VERBATIM_OR_SENTIMENT_LABEL,KEEP_OBSERVED_SCORE
6703,6704,,UNOBSERVED,UNKNOWN_NO_CUSTOMER_VERBATIM_OR_SENTIMENT_LABEL,FEEDBACK_NOT_OBSERVED
6704,6705,,UNOBSERVED,UNKNOWN_NO_CUSTOMER_VERBATIM_OR_SENTIMENT_LABEL,FEEDBACK_NOT_OBSERVED
6705,6706,,UNOBSERVED,UNKNOWN_NO_CUSTOMER_VERBATIM_OR_SENTIMENT_LABEL,FEEDBACK_NOT_OBSERVED
6706,6707,2,LOW_REPORTED,UNKNOWN_NO_CUSTOMER_VERBATIM_OR_SENTIMENT_LABEL,REVIEW_REPORTED_LOW_CSAT
6707,6708,,UNOBSERVED,UNKNOWN_NO_CUSTOMER_VERBATIM_OR_SENTIMENT_LABEL,FEEDBACK_NOT_OBSERVED
6708,6709,2,LOW_REPORTED,UNKNOWN_NO_CUSTOMER_VERBATIM_OR_SENTIMENT_LABEL,REVIEW_REPORTED_LOW_CSAT
6709,6710,1,LOW_REPORTED,UNKNOWN_NO_CUSTOMER_VERBATIM_OR_SENTIMENT_LABEL,REVIEW_REPORTED_LOW_CSAT
6710,6711,,UNOBSERVED,UNKNOWN_NO_CUSTOMER_VERBATIM_OR_SENTIMENT_LABEL,FEEDBACK_NOT_OBSERVED
6711,6712,3,MIDDLE_REPORTED,UNKNOWN_NO_CUSTOMER_VERBATIM_OR_SENTIMENT_LABEL,KEEP_OBSERVED_SCORE
6712,6713,5,HIGH_REPORTED,UNKNOWN_NO_CUSTOMER_VERBATIM_OR_SENTIMENT_LABEL,KEEP_OBSERVED_SCORE
6713,6714,,UNOBSERVED,UNKNOWN_NO_CUSTOMER_VERBATIM_OR_SENTIMENT_LABEL,FEEDBACK_NOT_OBSERVED
6714,6715,4,HIGH_REPORTED,UNKNOWN_NO_CUSTOMER_VERBATIM_OR_SENTIMENT_LABEL,KEEP_OBSERVED_SCORE
6715,6716,,UNOBSERVED,UNKNOWN_NO_CUSTOMER_VERBATIM_OR_SENTIMENT_LABEL,FEEDBACK_NOT_OBSERVED
6716,6717,2,LOW_REPORTED,UNKNOWN_NO_CUSTOMER_VERBATIM_OR_SENTIMENT_LABEL,REVIEW_REPORTED_LOW_CSAT
6717,6718,,UNOBSERVED,UNKNOWN_NO_CUSTOMER_VERBATIM_OR_SENTIMENT_LABEL,FEEDBACK_NOT_OBSERVED
6718,6719,,UNOBSERVED,UNKNOWN_NO_CUSTOMER_VERBATIM_OR_SENTIMENT_LABEL,FEEDBACK_NOT_OBSERVED
6719,6720,,UNOBSERVED,UNKNOWN_NO_CUSTOMER_VERBATIM_OR_SENTIMENT_LABEL,FEEDBACK_NOT_OBSERVED
6720,6721,,UNOBSERVED,UNKNOWN_NO_CUSTOMER_VERBATIM_OR_SENTIMENT_LABEL,FEEDBACK_NOT_OBSERVED
6721,6722,,UNOBSERVED,UNKNOWN_NO_CUSTOMER_VERBATIM_OR_SENTIMENT_LABEL,FEEDBACK_NOT_OBSERVED
6722,6723,,UNOBSERVED,UNKNOWN_NO_CUSTOMER_VERBATIM_OR_SENTIMENT_LABEL,FEEDBACK_NOT_OBSERVED
6723,6724,2,LOW_REPORTED,UNKNOWN_NO_CUSTOMER_VERBATIM_OR_SENTIMENT_LABEL,REVIEW_REPORTED_LOW_CSAT
6724,6725,,UNOBSERVED,UNKNOWN_NO_CUSTOMER_VERBATIM_OR_SENTIMENT_LABEL,FEEDBACK_NOT_OBSERVED
6725,6726,,UNOBSERVED,UNKNOWN_NO_CUSTOMER_VERBATIM_OR_SENTIMENT_LABEL,FEEDBACK_NOT_OBSERVED
6726,6727,,UNOBSERVED,UNKNOWN_NO_CUSTOMER_VERBATIM_OR_SENTIMENT_LABEL,FEEDBACK_NOT_OBSERVED
6727,6728,1,LOW_REPORTED,UNKNOWN_NO_CUSTOMER_VERBATIM_OR_SENTIMENT_LABEL,REVIEW_REPORTED_LOW_CSAT
6728,6729,,UNOBSERVED,UNKNOWN_NO_CUSTOMER_VERBATIM_OR_SENTIMENT_LABEL,FEEDBACK_NOT_OBSERVED
6729,6730,2,LOW_REPORTED,UNKNOWN_NO_CUSTOMER_VERBATIM_OR_SENTIMENT_LABEL,REVIEW_REPORTED_LOW_CSAT
6730,6731,,UNOBSERVED,UNKNOWN_NO_CUSTOMER_VERBATIM_OR_SENTIMENT_LABEL,FEEDBACK_NOT_OBSERVED
6731,6732,,UNOBSERVED,UNKNOWN_NO_CUSTOMER_VERBATIM_OR_SENTIMENT_LABEL,FEEDBACK_NOT_OBSERVED
6732,6733,4,HIGH_REPORTED,UNKNOWN_NO_CUSTOMER_VERBATIM_OR_SENTIMENT_LABEL,KEEP_OBSERVED_SCORE
6733,6734,,UNOBSERVED,UNKNOWN_NO_CUSTOMER_VERBATIM_OR_SENTIMENT_LABEL,FEEDBACK_NOT_OBSERVED
6734,6735,,UNOBSERVED,UNKNOWN_NO_CUSTOMER_VERBATIM_OR_SENTIMENT_LABEL,FEEDBACK_NOT_OBSERVED
6735,6736,,UNOBSERVED,UNKNOWN_NO_CUSTOMER_VERBATIM_OR_SENTIMENT_LABEL,FEEDBACK_NOT_OBSERVED
6736,6737,,UNOBSERVED,UNKNOWN_NO_CUSTOMER_VERBATIM_OR_SENTIMENT_LABEL,FEEDBACK_NOT_OBSERVED
6737,6738,1,LOW_REPORTED,UNKNOWN_NO_CUSTOMER_VERBATIM_OR_SENTIMENT_LABEL,REVIEW_REPORTED_LOW_CSAT
6738,6739,2,LOW_REPORTED,UNKNOWN_NO_CUSTOMER_VERBATIM_OR_SENTIMENT_LABEL,REVIEW_REPORTED_LOW_CSAT
6739,6740,5,HIGH_REPORTED,UNKNOWN_NO_CUSTOMER_VERBATIM_OR_SENTIMENT_LABEL,KEEP_OBSERVED_SCORE
6740,6741,1,LOW_REPORTED,UNKNOWN_NO_CUSTOMER_VERBATIM_OR_SENTIMENT_LABEL,REVIEW_REPORTED_LOW_CSAT
6741,6742,2,LOW_REPORTED,UNKNOWN_NO_CUSTOMER_VERBATIM_OR_SENTIMENT_LABEL,REVIEW_REPORTED_LOW_CSAT
6742,6743,,UNOBSERVED,UNKNOWN_NO_CUSTOMER_VERBATIM_OR_SENTIMENT_LABEL,FEEDBACK_NOT_OBSERVED
6743,6744,,UNOBSERVED,UNKNOWN_NO_CUSTOMER_VERBATIM_OR_SENTIMENT_LABEL,FEEDBACK_NOT_OBSERVED
6744,6745,,UNOBSERVED,UNKNOWN_NO_CUSTOMER_VERBATIM_OR_SENTIMENT_LABEL,FEEDBACK_NOT_OBSERVED
6745,6746,,UNOBSERVED,UNKNOWN_NO_CUSTOMER_VERBATIM_OR_SENTIMENT_LABEL,FEEDBACK_NOT_OBSERVED
6746,6747,3,MIDDLE_REPORTED,UNKNOWN_NO_CUSTOMER_VERBATIM_OR_SENTIMENT_LABEL,KEEP_OBSERVED_SCORE
6747,6748,,UNOBSERVED,UNKNOWN_NO_CUSTOMER_VERBATIM_OR_SENTIMENT_LABEL,FEEDBACK_NOT_OBSERVED
6748,6749,,UNOBSERVED,UNKNOWN_NO_CUSTOMER_VERBATIM_OR_SENTIMENT_LABEL,FEEDBACK_NOT_OBSERVED
6749,6750,,UNOBSERVED,UNKNOWN_NO_CUSTOMER_VERBATIM_OR_SENTIMENT_LABEL,FEEDBACK_NOT_OBSERVED
6750,6751,4,HIGH_REPORTED,UNKNOWN_NO_CUSTOMER_VERBATIM_OR_SENTIMENT_LABEL,KEEP_OBSERVED_SCORE
6751,6752,,UNOBSERVED,UNKNOWN_NO_CUSTOMER_VERBATIM_OR_SENTIMENT_LABEL,FEEDBACK_NOT_OBSERVED
6752,6753,,UNOBSERVED,UNKNOWN_NO_CUSTOMER_VERBATIM_OR_SENTIMENT_LABEL,FEEDBACK_NOT_OBSERVED
6753,6754,,UNOBSERVED,UNKNOWN_NO_CUSTOMER_VERBATIM_OR_SENTIMENT_LABEL,FEEDBACK_NOT_OBSERVED
6754,6755,1,LOW_REPORTED,UNKNOWN_NO_CUSTOMER_VERBATIM_OR_SENTIMENT_LABEL,REVIEW_REPORTED_LOW_CSAT
6755,6756,,UNOBSERVED,UNKNOWN_NO_CUSTOMER_VERBATIM_OR_SENTIMENT_LABEL,FEEDBACK_NOT_OBSERVED
6756,6757,,UNOBSERVED,UNKNOWN_NO_CUSTOMER_VERBATIM_OR_SENTIMENT_LABEL,FEEDBACK_NOT_OBSERVED
6757,6758,,UNOBSERVED,UNKNOWN_NO_CUSTOMER_VERBATIM_OR_SENTIMENT_LABEL,FEEDBACK_NOT_OBSERVED
6758,6759,,UNOBSERVED,UNKNOWN_NO_CUSTOMER_VERBATIM_OR_SENTIMENT_LABEL,FEEDBACK_NOT_OBSERVED
6759,6760,,UNOBSERVED,UNKNOWN_NO_CUSTOMER_VERBATIM_OR_SENTIMENT_LABEL,FEEDBACK_NOT_OBSERVED
6760,6761,5,HIGH_REPORTED,UNKNOWN_NO_CUSTOMER_VERBATIM_OR_SENTIMENT_LABEL,KEEP_OBSERVED_SCORE
6761,6762,,UNOBSERVED,UNKNOWN_NO_CUSTOMER_VERBATIM_OR_SENTIMENT_LABEL,FEEDBACK_NOT_OBSERVED
6762,6763,,UNOBSERVED,UNKNOWN_NO_CUSTOMER_VERBATIM_OR_SENTIMENT_LABEL,FEEDBACK_NOT_OBSERVED
6763,6764,,UNOBSERVED,UNKNOWN_NO_CUSTOMER_VERBATIM_OR_SENTIMENT_LABEL,FEEDBACK_NOT_OBSERVED
6764,6765,3,MIDDLE_REPORTED,UNKNOWN_NO_CUSTOMER_VERBATIM_OR_SENTIMENT_LABEL,KEEP_OBSERVED_SCORE
6765,6766,,UNOBSERVED,UNKNOWN_NO_CUSTOMER_VERBATIM_OR_SENTIMENT_LABEL,FEEDBACK_NOT_OBSERVED
6766,6767,3,MIDDLE_REPORTED,UNKNOWN_NO_CUSTOMER_VERBATIM_OR_SENTIMENT_LABEL,KEEP_OBSERVED_SCORE
6767,6768,,UNOBSERVED,UNKNOWN_NO_CUSTOMER_VERBATIM_OR_SENTIMENT_LABEL,FEEDBACK_NOT_OBSERVED
6768,6769,,UNOBSERVED,UNKNOWN_NO_CUSTOMER_VERBATIM_OR_SENTIMENT_LABEL,FEEDBACK_NOT_OBSERVED
6769,6770,4,HIGH_REPORTED,UNKNOWN_NO_CUSTOMER_VERBATIM_OR_SENTIMENT_LABEL,KEEP_OBSERVED_SCORE
6770,6771,,UNOBSERVED,UNKNOWN_NO_CUSTOMER_VERBATIM_OR_SENTIMENT_LABEL,FEEDBACK_NOT_OBSERVED
6771,6772,,UNOBSERVED,UNKNOWN_NO_CUSTOMER_VERBATIM_OR_SENTIMENT_LABEL,FEEDBACK_NOT_OBSERVED
6772,6773,,UNOBSERVED,UNKNOWN_NO_CUSTOMER_VERBATIM_OR_SENTIMENT_LABEL,FEEDBACK_NOT_OBSERVED
6773,6774,,UNOBSERVED,UNKNOWN_NO_CUSTOMER_VERBATIM_OR_SENTIMENT_LABEL,FEEDBACK_NOT_OBSERVED
6774,6775,2,LOW_REPORTED,UNKNOWN_NO_CUSTOMER_VERBATIM_OR_SENTIMENT_LABEL,REVIEW_REPORTED_LOW_CSAT
6775,6776,5,HIGH_REPORTED,UNKNOWN_NO_CUSTOMER_VERBATIM_OR_SENTIMENT_LABEL,KEEP_OBSERVED_SCORE
6776,6777,,UNOBSERVED,UNKNOWN_NO_CUSTOMER_VERBATIM_OR_SENTIMENT_LABEL,FEEDBACK_NOT_OBSERVED
6777,6778,,UNOBSERVED,UNKNOWN_NO_CUSTOMER_VERBATIM_OR_SENTIMENT_LABEL,FEEDBACK_NOT_OBSERVED
6778,6779,2,LOW_REPORTED,UNKNOWN_NO_CUSTOMER_VERBATIM_OR_SENTIMENT_LABEL,REVIEW_REPORTED_LOW_CSAT
6779,6780,,UNOBSERVED,UNKNOWN_NO_CUSTOMER_VERBATIM_OR_SENTIMENT_LABEL,FEEDBACK_NOT_OBSERVED
6780,6781,4,HIGH_REPORTED,UNKNOWN_NO_CUSTOMER_VERBATIM_OR_SENTIMENT_LABEL,KEEP_OBSERVED_SCORE
6781,6782,,UNOBSERVED,UNKNOWN_NO_CUSTOMER_VERBATIM_OR_SENTIMENT_LABEL,FEEDBACK_NOT_OBSERVED
6782,6783,,UNOBSERVED,UNKNOWN_NO_CUSTOMER_VERBATIM_OR_SENTIMENT_LABEL,FEEDBACK_NOT_OBSERVED
6783,6784,,UNOBSERVED,UNKNOWN_NO_CUSTOMER_VERBATIM_OR_SENTIMENT_LABEL,FEEDBACK_NOT_OBSERVED
6784,6785,4,HIGH_REPORTED,UNKNOWN_NO_CUSTOMER_VERBATIM_OR_SENTIMENT_LABEL,KEEP_OBSERVED_SCORE
6785,6786,3,MIDDLE_REPORTED,UNKNOWN_NO_CUSTOMER_VERBATIM_OR_SENTIMENT_LABEL,KEEP_OBSERVED_SCORE
6786,6787,5,HIGH_REPORTED,UNKNOWN_NO_CUSTOMER_VERBATIM_OR_SENTIMENT_LABEL,KEEP_OBSERVED_SCORE
6787,6788,,UNOBSERVED,UNKNOWN_NO_CUSTOMER_VERBATIM_OR_SENTIMENT_LABEL,FEEDBACK_NOT_OBSERVED
6788,6789,,UNOBSERVED,UNKNOWN_NO_CUSTOMER_VERBATIM_OR_SENTIMENT_LABEL,FEEDBACK_NOT_OBSERVED
6789,6790,,UNOBSERVED,UNKNOWN_NO_CUSTOMER_VERBATIM_OR_SENTIMENT_LABEL,FEEDBACK_NOT_OBSERVED
6790,6791,,UNOBSERVED,UNKNOWN_NO_CUSTOMER_VERBATIM_OR_SENTIMENT_LABEL,FEEDBACK_NOT_OBSERVED
6791,6792,1,LOW_REPORTED,UNKNOWN_NO_CUSTOMER_VERBATIM_OR_SENTIMENT_LABEL,REVIEW_REPORTED_LOW_CSAT
6792,6793,,UNOBSERVED,UNKNOWN_NO_CUSTOMER_VERBATIM_OR_SENTIMENT_LABEL,FEEDBACK_NOT_OBSERVED
6793,6794,,UNOBSERVED,UNKNOWN_NO_CUSTOMER_VERBATIM_OR_SENTIMENT_LABEL,FEEDBACK_NOT_OBSERVED
6794,6795,2,LOW_REPORTED,UNKNOWN_NO_CUSTOMER_VERBATIM_OR_SENTIMENT_LABEL,REVIEW_REPORTED_LOW_CSAT
6795,6796,,UNOBSERVED,UNKNOWN_NO_CUSTOMER_VERBATIM_OR_SENTIMENT_LABEL,FEEDBACK_NOT_OBSERVED
6796,6797,,UNOBSERVED,UNKNOWN_NO_CUSTOMER_VERBATIM_OR_SENTIMENT_LABEL,FEEDBACK_NOT_OBSERVED
6797,6798,,UNOBSERVED,UNKNOWN_NO_CUSTOMER_VERBATIM_OR_SENTIMENT_LABEL,FEEDBACK_NOT_OBSERVED
6798,6799,,UNOBSERVED,UNKNOWN_NO_CUSTOMER_VERBATIM_OR_SENTIMENT_LABEL,FEEDBACK_NOT_OBSERVED
6799,6800,,UNOBSERVED,UNKNOWN_NO_CUSTOMER_VERBATIM_OR_SENTIMENT_LABEL,FEEDBACK_NOT_OBSERVED
6800,6801,,UNOBSERVED,UNKNOWN_NO_CUSTOMER_VERBATIM_OR_SENTIMENT_LABEL,FEEDBACK_NOT_OBSERVED
6801,6802,,UNOBSERVED,UNKNOWN_NO_CUSTOMER_VERBATIM_OR_SENTIMENT_LABEL,FEEDBACK_NOT_OBSERVED
6802,6803,,UNOBSERVED,UNKNOWN_NO_CUSTOMER_VERBATIM_OR_SENTIMENT_LABEL,FEEDBACK_NOT_OBSERVED
6803,6804,,UNOBSERVED,UNKNOWN_NO_CUSTOMER_VERBATIM_OR_SENTIMENT_LABEL,FEEDBACK_NOT_OBSERVED
6804,6805,,UNOBSERVED,UNKNOWN_NO_CUSTOMER_VERBATIM_OR_SENTIMENT_LABEL,FEEDBACK_NOT_OBSERVED
6805,6806,,UNOBSERVED,UNKNOWN_NO_CUSTOMER_VERBATIM_OR_SENTIMENT_LABEL,FEEDBACK_NOT_OBSERVED
6806,6807,,UNOBSERVED,UNKNOWN_NO_CUSTOMER_VERBATIM_OR_SENTIMENT_LABEL,FEEDBACK_NOT_OBSERVED
6807,6808,,UNOBSERVED,UNKNOWN_NO_CUSTOMER_VERBATIM_OR_SENTIMENT_LABEL,FEEDBACK_NOT_OBSERVED
6808,6809,,UNOBSERVED,UNKNOWN_NO_CUSTOMER_VERBATIM_OR_SENTIMENT_LABEL,FEEDBACK_NOT_OBSERVED
6809,6810,,UNOBSERVED,UNKNOWN_NO_CUSTOMER_VERBATIM_OR_SENTIMENT_LABEL,FEEDBACK_NOT_OBSERVED
6810,6811,,UNOBSERVED,UNKNOWN_NO_CUSTOMER_VERBATIM_OR_SENTIMENT_LABEL,FEEDBACK_NOT_OBSERVED
6811,6812,,UNOBSERVED,UNKNOWN_NO_CUSTOMER_VERBATIM_OR_SENTIMENT_LABEL,FEEDBACK_NOT_OBSERVED
6812,6813,,UNOBSERVED,UNKNOWN_NO_CUSTOMER_VERBATIM_OR_SENTIMENT_LABEL,FEEDBACK_NOT_OBSERVED
6813,6814,3,MIDDLE_REPORTED,UNKNOWN_NO_CUSTOMER_VERBATIM_OR_SENTIMENT_LABEL,KEEP_OBSERVED_SCORE
6814,6815,,UNOBSERVED,UNKNOWN_NO_CUSTOMER_VERBATIM_OR_SENTIMENT_LABEL,FEEDBACK_NOT_OBSERVED
6815,6816,2,LOW_REPORTED,UNKNOWN_NO_CUSTOMER_VERBATIM_OR_SENTIMENT_LABEL,REVIEW_REPORTED_LOW_CSAT
6816,6817,1,LOW_REPORTED,UNKNOWN_NO_CUSTOMER_VERBATIM_OR_SENTIMENT_LABEL,REVIEW_REPORTED_LOW_CSAT
6817,6818,3,MIDDLE_REPORTED,UNKNOWN_NO_CUSTOMER_VERBATIM_OR_SENTIMENT_LABEL,KEEP_OBSERVED_SCORE
6818,6819,,UNOBSERVED,UNKNOWN_NO_CUSTOMER_VERBATIM_OR_SENTIMENT_LABEL,FEEDBACK_NOT_OBSERVED
6819,6820,,UNOBSERVED,UNKNOWN_NO_CUSTOMER_VERBATIM_OR_SENTIMENT_LABEL,FEEDBACK_NOT_OBSERVED
6820,6821,,UNOBSERVED,UNKNOWN_NO_CUSTOMER_VERBATIM_OR_SENTIMENT_LABEL,FEEDBACK_NOT_OBSERVED
6821,6822,4,HIGH_REPORTED,UNKNOWN_NO_CUSTOMER_VERBATIM_OR_SENTIMENT_LABEL,KEEP_OBSERVED_SCORE
6822,6823,,UNOBSERVED,UNKNOWN_NO_CUSTOMER_VERBATIM_OR_SENTIMENT_LABEL,FEEDBACK_NOT_OBSERVED
6823,6824,3,MIDDLE_REPORTED,UNKNOWN_NO_CUSTOMER_VERBATIM_OR_SENTIMENT_LABEL,KEEP_OBSERVED_SCORE
6824,6825,1,LOW_REPORTED,UNKNOWN_NO_CUSTOMER_VERBATIM_OR_SENTIMENT_LABEL,REVIEW_REPORTED_LOW_CSAT
6825,6826,,UNOBSERVED,UNKNOWN_NO_CUSTOMER_VERBATIM_OR_SENTIMENT_LABEL,FEEDBACK_NOT_OBSERVED
6826,6827,,UNOBSERVED,UNKNOWN_NO_CUSTOMER_VERBATIM_OR_SENTIMENT_LABEL,FEEDBACK_NOT_OBSERVED
6827,6828,,UNOBSERVED,UNKNOWN_NO_CUSTOMER_VERBATIM_OR_SENTIMENT_LABEL,FEEDBACK_NOT_OBSERVED
6828,6829,,UNOBSERVED,UNKNOWN_NO_CUSTOMER_VERBATIM_OR_SENTIMENT_LABEL,FEEDBACK_NOT_OBSERVED
6829,6830,1,LOW_REPORTED,UNKNOWN_NO_CUSTOMER_VERBATIM_OR_SENTIMENT_LABEL,REVIEW_REPORTED_LOW_CSAT
6830,6831,1,LOW_REPORTED,UNKNOWN_NO_CUSTOMER_VERBATIM_OR_SENTIMENT_LABEL,REVIEW_REPORTED_LOW_CSAT
6831,6832,,UNOBSERVED,UNKNOWN_NO_CUSTOMER_VERBATIM_OR_SENTIMENT_LABEL,FEEDBACK_NOT_OBSERVED
6832,6833,,UNOBSERVED,UNKNOWN_NO_CUSTOMER_VERBATIM_OR_SENTIMENT_LABEL,FEEDBACK_NOT_OBSERVED
6833,6834,5,HIGH_REPORTED,UNKNOWN_NO_CUSTOMER_VERBATIM_OR_SENTIMENT_LABEL,KEEP_OBSERVED_SCORE
6834,6835,,UNOBSERVED,UNKNOWN_NO_CUSTOMER_VERBATIM_OR_SENTIMENT_LABEL,FEEDBACK_NOT_OBSERVED
6835,6836,4,HIGH_REPORTED,UNKNOWN_NO_CUSTOMER_VERBATIM_OR_SENTIMENT_LABEL,KEEP_OBSERVED_SCORE
6836,6837,,UNOBSERVED,UNKNOWN_NO_CUSTOMER_VERBATIM_OR_SENTIMENT_LABEL,FEEDBACK_NOT_OBSERVED
6837,6838,,UNOBSERVED,UNKNOWN_NO_CUSTOMER_VERBATIM_OR_SENTIMENT_LABEL,FEEDBACK_NOT_OBSERVED
6838,6839,1,LOW_REPORTED,UNKNOWN_NO_CUSTOMER_VERBATIM_OR_SENTIMENT_LABEL,REVIEW_REPORTED_LOW_CSAT
6839,6840,,UNOBSERVED,UNKNOWN_NO_CUSTOMER_VERBATIM_OR_SENTIMENT_LABEL,FEEDBACK_NOT_OBSERVED
6840,6841,1,LOW_REPORTED,UNKNOWN_NO_CUSTOMER_VERBATIM_OR_SENTIMENT_LABEL,REVIEW_REPORTED_LOW_CSAT
6841,6842,,UNOBSERVED,UNKNOWN_NO_CUSTOMER_VERBATIM_OR_SENTIMENT_LABEL,FEEDBACK_NOT_OBSERVED
6842,6843,,UNOBSERVED,UNKNOWN_NO_CUSTOMER_VERBATIM_OR_SENTIMENT_LABEL,FEEDBACK_NOT_OBSERVED
6843,6844,,UNOBSERVED,UNKNOWN_NO_CUSTOMER_VERBATIM_OR_SENTIMENT_LABEL,FEEDBACK_NOT_OBSERVED
6844,6845,,UNOBSERVED,UNKNOWN_NO_CUSTOMER_VERBATIM_OR_SENTIMENT_LABEL,FEEDBACK_NOT_OBSERVED
6845,6846,,UNOBSERVED,UNKNOWN_NO_CUSTOMER_VERBATIM_OR_SENTIMENT_LABEL,FEEDBACK_NOT_OBSERVED
6846,6847,1,LOW_REPORTED,UNKNOWN_NO_CUSTOMER_VERBATIM_OR_SENTIMENT_LABEL,REVIEW_REPORTED_LOW_CSAT
6847,6848,,UNOBSERVED,UNKNOWN_NO_CUSTOMER_VERBATIM_OR_SENTIMENT_LABEL,FEEDBACK_NOT_OBSERVED
6848,6849,4,HIGH_REPORTED,UNKNOWN_NO_CUSTOMER_VERBATIM_OR_SENTIMENT_LABEL,KEEP_OBSERVED_SCORE
6849,6850,,UNOBSERVED,UNKNOWN_NO_CUSTOMER_VERBATIM_OR_SENTIMENT_LABEL,FEEDBACK_NOT_OBSERVED
6850,6851,,UNOBSERVED,UNKNOWN_NO_CUSTOMER_VERBATIM_OR_SENTIMENT_LABEL,FEEDBACK_NOT_OBSERVED
6851,6852,,UNOBSERVED,UNKNOWN_NO_CUSTOMER_VERBATIM_OR_SENTIMENT_LABEL,FEEDBACK_NOT_OBSERVED
6852,6853,,UNOBSERVED,UNKNOWN_NO_CUSTOMER_VERBATIM_OR_SENTIMENT_LABEL,FEEDBACK_NOT_OBSERVED
6853,6854,1,LOW_REPORTED,UNKNOWN_NO_CUSTOMER_VERBATIM_OR_SENTIMENT_LABEL,REVIEW_REPORTED_LOW_CSAT
6854,6855,,UNOBSERVED,UNKNOWN_NO_CUSTOMER_VERBATIM_OR_SENTIMENT_LABEL,FEEDBACK_NOT_OBSERVED
6855,6856,,UNOBSERVED,UNKNOWN_NO_CUSTOMER_VERBATIM_OR_SENTIMENT_LABEL,FEEDBACK_NOT_OBSERVED
6856,6857,,UNOBSERVED,UNKNOWN_NO_CUSTOMER_VERBATIM_OR_SENTIMENT_LABEL,FEEDBACK_NOT_OBSERVED
6857,6858,5,HIGH_REPORTED,UNKNOWN_NO_CUSTOMER_VERBATIM_OR_SENTIMENT_LABEL,KEEP_OBSERVED_SCORE
6858,6859,,UNOBSERVED,UNKNOWN_NO_CUSTOMER_VERBATIM_OR_SENTIMENT_LABEL,FEEDBACK_NOT_OBSERVED
6859,6860,,UNOBSERVED,UNKNOWN_NO_CUSTOMER_VERBATIM_OR_SENTIMENT_LABEL,FEEDBACK_NOT_OBSERVED
6860,6861,,UNOBSERVED,UNKNOWN_NO_CUSTOMER_VERBATIM_OR_SENTIMENT_LABEL,FEEDBACK_NOT_OBSERVED
6861,6862,,UNOBSERVED,UNKNOWN_NO_CUSTOMER_VERBATIM_OR_SENTIMENT_LABEL,FEEDBACK_NOT_OBSERVED
6862,6863,,UNOBSERVED,UNKNOWN_NO_CUSTOMER_VERBATIM_OR_SENTIMENT_LABEL,FEEDBACK_NOT_OBSERVED
6863,6864,,UNOBSERVED,UNKNOWN_NO_CUSTOMER_VERBATIM_OR_SENTIMENT_LABEL,FEEDBACK_NOT_OBSERVED
6864,6865,,UNOBSERVED,UNKNOWN_NO_CUSTOMER_VERBATIM_OR_SENTIMENT_LABEL,FEEDBACK_NOT_OBSERVED
6865,6866,,UNOBSERVED,UNKNOWN_NO_CUSTOMER_VERBATIM_OR_SENTIMENT_LABEL,FEEDBACK_NOT_OBSERVED
6866,6867,,UNOBSERVED,UNKNOWN_NO_CUSTOMER_VERBATIM_OR_SENTIMENT_LABEL,FEEDBACK_NOT_OBSERVED
6867,6868,,UNOBSERVED,UNKNOWN_NO_CUSTOMER_VERBATIM_OR_SENTIMENT_LABEL,FEEDBACK_NOT_OBSERVED
6868,6869,1,LOW_REPORTED,UNKNOWN_NO_CUSTOMER_VERBATIM_OR_SENTIMENT_LABEL,REVIEW_REPORTED_LOW_CSAT
6869,6870,3,MIDDLE_REPORTED,UNKNOWN_NO_CUSTOMER_VERBATIM_OR_SENTIMENT_LABEL,KEEP_OBSERVED_SCORE
6870,6871,,UNOBSERVED,UNKNOWN_NO_CUSTOMER_VERBATIM_OR_SENTIMENT_LABEL,FEEDBACK_NOT_OBSERVED
6871,6872,,UNOBSERVED,UNKNOWN_NO_CUSTOMER_VERBATIM_OR_SENTIMENT_LABEL,FEEDBACK_NOT_OBSERVED
6872,6873,,UNOBSERVED,UNKNOWN_NO_CUSTOMER_VERBATIM_OR_SENTIMENT_LABEL,FEEDBACK_NOT_OBSERVED
6873,6874,,UNOBSERVED,UNKNOWN_NO_CUSTOMER_VERBATIM_OR_SENTIMENT_LABEL,FEEDBACK_NOT_OBSERVED
6874,6875,,UNOBSERVED,UNKNOWN_NO_CUSTOMER_VERBATIM_OR_SENTIMENT_LABEL,FEEDBACK_NOT_OBSERVED
6875,6876,,UNOBSERVED,UNKNOWN_NO_CUSTOMER_VERBATIM_OR_SENTIMENT_LABEL,FEEDBACK_NOT_OBSERVED
6876,6877,,UNOBSERVED,UNKNOWN_NO_CUSTOMER_VERBATIM_OR_SENTIMENT_LABEL,FEEDBACK_NOT_OBSERVED
6877,6878,,UNOBSERVED,UNKNOWN_NO_CUSTOMER_VERBATIM_OR_SENTIMENT_LABEL,FEEDBACK_NOT_OBSERVED
6878,6879,,UNOBSERVED,UNKNOWN_NO_CUSTOMER_VERBATIM_OR_SENTIMENT_LABEL,FEEDBACK_NOT_OBSERVED
6879,6880,,UNOBSERVED,UNKNOWN_NO_CUSTOMER_VERBATIM_OR_SENTIMENT_LABEL,FEEDBACK_NOT_OBSERVED
6880,6881,,UNOBSERVED,UNKNOWN_NO_CUSTOMER_VERBATIM_OR_SENTIMENT_LABEL,FEEDBACK_NOT_OBSERVED
6881,6882,,UNOBSERVED,UNKNOWN_NO_CUSTOMER_VERBATIM_OR_SENTIMENT_LABEL,FEEDBACK_NOT_OBSERVED
6882,6883,2,LOW_REPORTED,UNKNOWN_NO_CUSTOMER_VERBATIM_OR_SENTIMENT_LABEL,REVIEW_REPORTED_LOW_CSAT
6883,6884,,UNOBSERVED,UNKNOWN_NO_CUSTOMER_VERBATIM_OR_SENTIMENT_LABEL,FEEDBACK_NOT_OBSERVED
6884,6885,1,LOW_REPORTED,UNKNOWN_NO_CUSTOMER_VERBATIM_OR_SENTIMENT_LABEL,REVIEW_REPORTED_LOW_CSAT
6885,6886,,UNOBSERVED,UNKNOWN_NO_CUSTOMER_VERBATIM_OR_SENTIMENT_LABEL,FEEDBACK_NOT_OBSERVED
6886,6887,,UNOBSERVED,UNKNOWN_NO_CUSTOMER_VERBATIM_OR_SENTIMENT_LABEL,FEEDBACK_NOT_OBSERVED
6887,6888,1,LOW_REPORTED,UNKNOWN_NO_CUSTOMER_VERBATIM_OR_SENTIMENT_LABEL,REVIEW_REPORTED_LOW_CSAT
6888,6889,,UNOBSERVED,UNKNOWN_NO_CUSTOMER_VERBATIM_OR_SENTIMENT_LABEL,FEEDBACK_NOT_OBSERVED
6889,6890,,UNOBSERVED,UNKNOWN_NO_CUSTOMER_VERBATIM_OR_SENTIMENT_LABEL,FEEDBACK_NOT_OBSERVED
6890,6891,2,LOW_REPORTED,UNKNOWN_NO_CUSTOMER_VERBATIM_OR_SENTIMENT_LABEL,REVIEW_REPORTED_LOW_CSAT
6891,6892,3,MIDDLE_REPORTED,UNKNOWN_NO_CUSTOMER_VERBATIM_OR_SENTIMENT_LABEL,KEEP_OBSERVED_SCORE
6892,6893,2,LOW_REPORTED,UNKNOWN_NO_CUSTOMER_VERBATIM_OR_SENTIMENT_LABEL,REVIEW_REPORTED_LOW_CSAT
6893,6894,,UNOBSERVED,UNKNOWN_NO_CUSTOMER_VERBATIM_OR_SENTIMENT_LABEL,FEEDBACK_NOT_OBSERVED
6894,6895,3,MIDDLE_REPORTED,UNKNOWN_NO_CUSTOMER_VERBATIM_OR_SENTIMENT_LABEL,KEEP_OBSERVED_SCORE
6895,6896,,UNOBSERVED,UNKNOWN_NO_CUSTOMER_VERBATIM_OR_SENTIMENT_LABEL,FEEDBACK_NOT_OBSERVED
6896,6897,,UNOBSERVED,UNKNOWN_NO_CUSTOMER_VERBATIM_OR_SENTIMENT_LABEL,FEEDBACK_NOT_OBSERVED
6897,6898,2,LOW_REPORTED,UNKNOWN_NO_CUSTOMER_VERBATIM_OR_SENTIMENT_LABEL,REVIEW_REPORTED_LOW_CSAT
6898,6899,,UNOBSERVED,UNKNOWN_NO_CUSTOMER_VERBATIM_OR_SENTIMENT_LABEL,FEEDBACK_NOT_OBSERVED
6899,6900,,UNOBSERVED,UNKNOWN_NO_CUSTOMER_VERBATIM_OR_SENTIMENT_LABEL,FEEDBACK_NOT_OBSERVED
6900,6901,1,LOW_REPORTED,UNKNOWN_NO_CUSTOMER_VERBATIM_OR_SENTIMENT_LABEL,REVIEW_REPORTED_LOW_CSAT
6901,6902,4,HIGH_REPORTED,UNKNOWN_NO_CUSTOMER_VERBATIM_OR_SENTIMENT_LABEL,KEEP_OBSERVED_SCORE
6902,6903,1,LOW_REPORTED,UNKNOWN_NO_CUSTOMER_VERBATIM_OR_SENTIMENT_LABEL,REVIEW_REPORTED_LOW_CSAT
6903,6904,,UNOBSERVED,UNKNOWN_NO_CUSTOMER_VERBATIM_OR_SENTIMENT_LABEL,FEEDBACK_NOT_OBSERVED
6904,6905,,UNOBSERVED,UNKNOWN_NO_CUSTOMER_VERBATIM_OR_SENTIMENT_LABEL,FEEDBACK_NOT_OBSERVED
6905,6906,,UNOBSERVED,UNKNOWN_NO_CUSTOMER_VERBATIM_OR_SENTIMENT_LABEL,FEEDBACK_NOT_OBSERVED
6906,6907,,UNOBSERVED,UNKNOWN_NO_CUSTOMER_VERBATIM_OR_SENTIMENT_LABEL,FEEDBACK_NOT_OBSERVED
6907,6908,1,LOW_REPORTED,UNKNOWN_NO_CUSTOMER_VERBATIM_OR_SENTIMENT_LABEL,REVIEW_REPORTED_LOW_CSAT
6908,6909,,UNOBSERVED,UNKNOWN_NO_CUSTOMER_VERBATIM_OR_SENTIMENT_LABEL,FEEDBACK_NOT_OBSERVED
6909,6910,,UNOBSERVED,UNKNOWN_NO_CUSTOMER_VERBATIM_OR_SENTIMENT_LABEL,FEEDBACK_NOT_OBSERVED
6910,6911,2,LOW_REPORTED,UNKNOWN_NO_CUSTOMER_VERBATIM_OR_SENTIMENT_LABEL,REVIEW_REPORTED_LOW_CSAT
6911,6912,5,HIGH_REPORTED,UNKNOWN_NO_CUSTOMER_VERBATIM_OR_SENTIMENT_LABEL,KEEP_OBSERVED_SCORE
6912,6913,,UNOBSERVED,UNKNOWN_NO_CUSTOMER_VERBATIM_OR_SENTIMENT_LABEL,FEEDBACK_NOT_OBSERVED
6913,6914,,UNOBSERVED,UNKNOWN_NO_CUSTOMER_VERBATIM_OR_SENTIMENT_LABEL,FEEDBACK_NOT_OBSERVED
6914,6915,4,HIGH_REPORTED,UNKNOWN_NO_CUSTOMER_VERBATIM_OR_SENTIMENT_LABEL,KEEP_OBSERVED_SCORE
6915,6916,,UNOBSERVED,UNKNOWN_NO_CUSTOMER_VERBATIM_OR_SENTIMENT_LABEL,FEEDBACK_NOT_OBSERVED
6916,6917,,UNOBSERVED,UNKNOWN_NO_CUSTOMER_VERBATIM_OR_SENTIMENT_LABEL,FEEDBACK_NOT_OBSERVED
6917,6918,,UNOBSERVED,UNKNOWN_NO_CUSTOMER_VERBATIM_OR_SENTIMENT_LABEL,FEEDBACK_NOT_OBSERVED
6918,6919,,UNOBSERVED,UNKNOWN_NO_CUSTOMER_VERBATIM_OR_SENTIMENT_LABEL,FEEDBACK_NOT_OBSERVED
6919,6920,,UNOBSERVED,UNKNOWN_NO_CUSTOMER_VERBATIM_OR_SENTIMENT_LABEL,FEEDBACK_NOT_OBSERVED
6920,6921,,UNOBSERVED,UNKNOWN_NO_CUSTOMER_VERBATIM_OR_SENTIMENT_LABEL,FEEDBACK_NOT_OBSERVED
6921,6922,,UNOBSERVED,UNKNOWN_NO_CUSTOMER_VERBATIM_OR_SENTIMENT_LABEL,FEEDBACK_NOT_OBSERVED
6922,6923,3,MIDDLE_REPORTED,UNKNOWN_NO_CUSTOMER_VERBATIM_OR_SENTIMENT_LABEL,KEEP_OBSERVED_SCORE
6923,6924,,UNOBSERVED,UNKNOWN_NO_CUSTOMER_VERBATIM_OR_SENTIMENT_LABEL,FEEDBACK_NOT_OBSERVED
6924,6925,,UNOBSERVED,UNKNOWN_NO_CUSTOMER_VERBATIM_OR_SENTIMENT_LABEL,FEEDBACK_NOT_OBSERVED
6925,6926,,UNOBSERVED,UNKNOWN_NO_CUSTOMER_VERBATIM_OR_SENTIMENT_LABEL,FEEDBACK_NOT_OBSERVED
6926,6927,,UNOBSERVED,UNKNOWN_NO_CUSTOMER_VERBATIM_OR_SENTIMENT_LABEL,FEEDBACK_NOT_OBSERVED
6927,6928,,UNOBSERVED,UNKNOWN_NO_CUSTOMER_VERBATIM_OR_SENTIMENT_LABEL,FEEDBACK_NOT_OBSERVED
6928,6929,,UNOBSERVED,UNKNOWN_NO_CUSTOMER_VERBATIM_OR_SENTIMENT_LABEL,FEEDBACK_NOT_OBSERVED
6929,6930,,UNOBSERVED,UNKNOWN_NO_CUSTOMER_VERBATIM_OR_SENTIMENT_LABEL,FEEDBACK_NOT_OBSERVED
6930,6931,,UNOBSERVED,UNKNOWN_NO_CUSTOMER_VERBATIM_OR_SENTIMENT_LABEL,FEEDBACK_NOT_OBSERVED
6931,6932,,UNOBSERVED,UNKNOWN_NO_CUSTOMER_VERBATIM_OR_SENTIMENT_LABEL,FEEDBACK_NOT_OBSERVED
6932,6933,,UNOBSERVED,UNKNOWN_NO_CUSTOMER_VERBATIM_OR_SENTIMENT_LABEL,FEEDBACK_NOT_OBSERVED
6933,6934,3,MIDDLE_REPORTED,UNKNOWN_NO_CUSTOMER_VERBATIM_OR_SENTIMENT_LABEL,KEEP_OBSERVED_SCORE
6934,6935,,UNOBSERVED,UNKNOWN_NO_CUSTOMER_VERBATIM_OR_SENTIMENT_LABEL,FEEDBACK_NOT_OBSERVED
6935,6936,,UNOBSERVED,UNKNOWN_NO_CUSTOMER_VERBATIM_OR_SENTIMENT_LABEL,FEEDBACK_NOT_OBSERVED
6936,6937,2,LOW_REPORTED,UNKNOWN_NO_CUSTOMER_VERBATIM_OR_SENTIMENT_LABEL,REVIEW_REPORTED_LOW_CSAT
6937,6938,4,HIGH_REPORTED,UNKNOWN_NO_CUSTOMER_VERBATIM_OR_SENTIMENT_LABEL,KEEP_OBSERVED_SCORE
6938,6939,3,MIDDLE_REPORTED,UNKNOWN_NO_CUSTOMER_VERBATIM_OR_SENTIMENT_LABEL,KEEP_OBSERVED_SCORE
6939,6940,,UNOBSERVED,UNKNOWN_NO_CUSTOMER_VERBATIM_OR_SENTIMENT_LABEL,FEEDBACK_NOT_OBSERVED
6940,6941,,UNOBSERVED,UNKNOWN_NO_CUSTOMER_VERBATIM_OR_SENTIMENT_LABEL,FEEDBACK_NOT_OBSERVED
6941,6942,,UNOBSERVED,UNKNOWN_NO_CUSTOMER_VERBATIM_OR_SENTIMENT_LABEL,FEEDBACK_NOT_OBSERVED
6942,6943,,UNOBSERVED,UNKNOWN_NO_CUSTOMER_VERBATIM_OR_SENTIMENT_LABEL,FEEDBACK_NOT_OBSERVED
6943,6944,,UNOBSERVED,UNKNOWN_NO_CUSTOMER_VERBATIM_OR_SENTIMENT_LABEL,FEEDBACK_NOT_OBSERVED
6944,6945,,UNOBSERVED,UNKNOWN_NO_CUSTOMER_VERBATIM_OR_SENTIMENT_LABEL,FEEDBACK_NOT_OBSERVED
6945,6946,,UNOBSERVED,UNKNOWN_NO_CUSTOMER_VERBATIM_OR_SENTIMENT_LABEL,FEEDBACK_NOT_OBSERVED
6946,6947,5,HIGH_REPORTED,UNKNOWN_NO_CUSTOMER_VERBATIM_OR_SENTIMENT_LABEL,KEEP_OBSERVED_SCORE
6947,6948,,UNOBSERVED,UNKNOWN_NO_CUSTOMER_VERBATIM_OR_SENTIMENT_LABEL,FEEDBACK_NOT_OBSERVED
6948,6949,,UNOBSERVED,UNKNOWN_NO_CUSTOMER_VERBATIM_OR_SENTIMENT_LABEL,FEEDBACK_NOT_OBSERVED
6949,6950,,UNOBSERVED,UNKNOWN_NO_CUSTOMER_VERBATIM_OR_SENTIMENT_LABEL,FEEDBACK_NOT_OBSERVED
6950,6951,,UNOBSERVED,UNKNOWN_NO_CUSTOMER_VERBATIM_OR_SENTIMENT_LABEL,FEEDBACK_NOT_OBSERVED
6951,6952,,UNOBSERVED,UNKNOWN_NO_CUSTOMER_VERBATIM_OR_SENTIMENT_LABEL,FEEDBACK_NOT_OBSERVED
6952,6953,3,MIDDLE_REPORTED,UNKNOWN_NO_CUSTOMER_VERBATIM_OR_SENTIMENT_LABEL,KEEP_OBSERVED_SCORE
6953,6954,,UNOBSERVED,UNKNOWN_NO_CUSTOMER_VERBATIM_OR_SENTIMENT_LABEL,FEEDBACK_NOT_OBSERVED
6954,6955,,UNOBSERVED,UNKNOWN_NO_CUSTOMER_VERBATIM_OR_SENTIMENT_LABEL,FEEDBACK_NOT_OBSERVED
6955,6956,,UNOBSERVED,UNKNOWN_NO_CUSTOMER_VERBATIM_OR_SENTIMENT_LABEL,FEEDBACK_NOT_OBSERVED
6956,6957,,UNOBSERVED,UNKNOWN_NO_CUSTOMER_VERBATIM_OR_SENTIMENT_LABEL,FEEDBACK_NOT_OBSERVED
6957,6958,3,MIDDLE_REPORTED,UNKNOWN_NO_CUSTOMER_VERBATIM_OR_SENTIMENT_LABEL,KEEP_OBSERVED_SCORE
6958,6959,,UNOBSERVED,UNKNOWN_NO_CUSTOMER_VERBATIM_OR_SENTIMENT_LABEL,FEEDBACK_NOT_OBSERVED
6959,6960,3,MIDDLE_REPORTED,UNKNOWN_NO_CUSTOMER_VERBATIM_OR_SENTIMENT_LABEL,KEEP_OBSERVED_SCORE
6960,6961,,UNOBSERVED,UNKNOWN_NO_CUSTOMER_VERBATIM_OR_SENTIMENT_LABEL,FEEDBACK_NOT_OBSERVED
6961,6962,,UNOBSERVED,UNKNOWN_NO_CUSTOMER_VERBATIM_OR_SENTIMENT_LABEL,FEEDBACK_NOT_OBSERVED
6962,6963,3,MIDDLE_REPORTED,UNKNOWN_NO_CUSTOMER_VERBATIM_OR_SENTIMENT_LABEL,KEEP_OBSERVED_SCORE
6963,6964,,UNOBSERVED,UNKNOWN_NO_CUSTOMER_VERBATIM_OR_SENTIMENT_LABEL,FEEDBACK_NOT_OBSERVED
6964,6965,,UNOBSERVED,UNKNOWN_NO_CUSTOMER_VERBATIM_OR_SENTIMENT_LABEL,FEEDBACK_NOT_OBSERVED
6965,6966,3,MIDDLE_REPORTED,UNKNOWN_NO_CUSTOMER_VERBATIM_OR_SENTIMENT_LABEL,KEEP_OBSERVED_SCORE
6966,6967,,UNOBSERVED,UNKNOWN_NO_CUSTOMER_VERBATIM_OR_SENTIMENT_LABEL,FEEDBACK_NOT_OBSERVED
6967,6968,2,LOW_REPORTED,UNKNOWN_NO_CUSTOMER_VERBATIM_OR_SENTIMENT_LABEL,REVIEW_REPORTED_LOW_CSAT
6968,6969,2,LOW_REPORTED,UNKNOWN_NO_CUSTOMER_VERBATIM_OR_SENTIMENT_LABEL,REVIEW_REPORTED_LOW_CSAT
6969,6970,,UNOBSERVED,UNKNOWN_NO_CUSTOMER_VERBATIM_OR_SENTIMENT_LABEL,FEEDBACK_NOT_OBSERVED
6970,6971,,UNOBSERVED,UNKNOWN_NO_CUSTOMER_VERBATIM_OR_SENTIMENT_LABEL,FEEDBACK_NOT_OBSERVED
6971,6972,,UNOBSERVED,UNKNOWN_NO_CUSTOMER_VERBATIM_OR_SENTIMENT_LABEL,FEEDBACK_NOT_OBSERVED
6972,6973,,UNOBSERVED,UNKNOWN_NO_CUSTOMER_VERBATIM_OR_SENTIMENT_LABEL,FEEDBACK_NOT_OBSERVED
6973,6974,,UNOBSERVED,UNKNOWN_NO_CUSTOMER_VERBATIM_OR_SENTIMENT_LABEL,FEEDBACK_NOT_OBSERVED
6974,6975,,UNOBSERVED,UNKNOWN_NO_CUSTOMER_VERBATIM_OR_SENTIMENT_LABEL,FEEDBACK_NOT_OBSERVED
6975,6976,4,HIGH_REPORTED,UNKNOWN_NO_CUSTOMER_VERBATIM_OR_SENTIMENT_LABEL,KEEP_OBSERVED_SCORE
6976,6977,4,HIGH_REPORTED,UNKNOWN_NO_CUSTOMER_VERBATIM_OR_SENTIMENT_LABEL,KEEP_OBSERVED_SCORE
6977,6978,5,HIGH_REPORTED,UNKNOWN_NO_CUSTOMER_VERBATIM_OR_SENTIMENT_LABEL,KEEP_OBSERVED_SCORE
6978,6979,,UNOBSERVED,UNKNOWN_NO_CUSTOMER_VERBATIM_OR_SENTIMENT_LABEL,FEEDBACK_NOT_OBSERVED
6979,6980,,UNOBSERVED,UNKNOWN_NO_CUSTOMER_VERBATIM_OR_SENTIMENT_LABEL,FEEDBACK_NOT_OBSERVED
6980,6981,,UNOBSERVED,UNKNOWN_NO_CUSTOMER_VERBATIM_OR_SENTIMENT_LABEL,FEEDBACK_NOT_OBSERVED
6981,6982,,UNOBSERVED,UNKNOWN_NO_CUSTOMER_VERBATIM_OR_SENTIMENT_LABEL,FEEDBACK_NOT_OBSERVED
6982,6983,,UNOBSERVED,UNKNOWN_NO_CUSTOMER_VERBATIM_OR_SENTIMENT_LABEL,FEEDBACK_NOT_OBSERVED
6983,6984,3,MIDDLE_REPORTED,UNKNOWN_NO_CUSTOMER_VERBATIM_OR_SENTIMENT_LABEL,KEEP_OBSERVED_SCORE
6984,6985,3,MIDDLE_REPORTED,UNKNOWN_NO_CUSTOMER_VERBATIM_OR_SENTIMENT_LABEL,KEEP_OBSERVED_SCORE
6985,6986,1,LOW_REPORTED,UNKNOWN_NO_CUSTOMER_VERBATIM_OR_SENTIMENT_LABEL,REVIEW_REPORTED_LOW_CSAT
6986,6987,,UNOBSERVED,UNKNOWN_NO_CUSTOMER_VERBATIM_OR_SENTIMENT_LABEL,FEEDBACK_NOT_OBSERVED
6987,6988,,UNOBSERVED,UNKNOWN_NO_CUSTOMER_VERBATIM_OR_SENTIMENT_LABEL,FEEDBACK_NOT_OBSERVED
6988,6989,,UNOBSERVED,UNKNOWN_NO_CUSTOMER_VERBATIM_OR_SENTIMENT_LABEL,FEEDBACK_NOT_OBSERVED
6989,6990,,UNOBSERVED,UNKNOWN_NO_CUSTOMER_VERBATIM_OR_SENTIMENT_LABEL,FEEDBACK_NOT_OBSERVED
6990,6991,,UNOBSERVED,UNKNOWN_NO_CUSTOMER_VERBATIM_OR_SENTIMENT_LABEL,FEEDBACK_NOT_OBSERVED
6991,6992,,UNOBSERVED,UNKNOWN_NO_CUSTOMER_VERBATIM_OR_SENTIMENT_LABEL,FEEDBACK_NOT_OBSERVED
6992,6993,,UNOBSERVED,UNKNOWN_NO_CUSTOMER_VERBATIM_OR_SENTIMENT_LABEL,FEEDBACK_NOT_OBSERVED
6993,6994,5,HIGH_REPORTED,UNKNOWN_NO_CUSTOMER_VERBATIM_OR_SENTIMENT_LABEL,KEEP_OBSERVED_SCORE
6994,6995,,UNOBSERVED,UNKNOWN_NO_CUSTOMER_VERBATIM_OR_SENTIMENT_LABEL,FEEDBACK_NOT_OBSERVED
6995,6996,4,HIGH_REPORTED,UNKNOWN_NO_CUSTOMER_VERBATIM_OR_SENTIMENT_LABEL,KEEP_OBSERVED_SCORE
6996,6997,2,LOW_REPORTED,UNKNOWN_NO_CUSTOMER_VERBATIM_OR_SENTIMENT_LABEL,REVIEW_REPORTED_LOW_CSAT
6997,6998,,UNOBSERVED,UNKNOWN_NO_CUSTOMER_VERBATIM_OR_SENTIMENT_LABEL,FEEDBACK_NOT_OBSERVED
6998,6999,5,HIGH_REPORTED,UNKNOWN_NO_CUSTOMER_VERBATIM_OR_SENTIMENT_LABEL,KEEP_OBSERVED_SCORE
6999,7000,,UNOBSERVED,UNKNOWN_NO_CUSTOMER_VERBATIM_OR_SENTIMENT_LABEL,FEEDBACK_NOT_OBSERVED
7000,7001,5,HIGH_REPORTED,UNKNOWN_NO_CUSTOMER_VERBATIM_OR_SENTIMENT_LABEL,KEEP_OBSERVED_SCORE
7001,7002,3,MIDDLE_REPORTED,UNKNOWN_NO_CUSTOMER_VERBATIM_OR_SENTIMENT_LABEL,KEEP_OBSERVED_SCORE
7002,7003,2,LOW_REPORTED,UNKNOWN_NO_CUSTOMER_VERBATIM_OR_SENTIMENT_LABEL,REVIEW_REPORTED_LOW_CSAT
7003,7004,3,MIDDLE_REPORTED,UNKNOWN_NO_CUSTOMER_VERBATIM_OR_SENTIMENT_LABEL,KEEP_OBSERVED_SCORE
7004,7005,,UNOBSERVED,UNKNOWN_NO_CUSTOMER_VERBATIM_OR_SENTIMENT_LABEL,FEEDBACK_NOT_OBSERVED
7005,7006,3,MIDDLE_REPORTED,UNKNOWN_NO_CUSTOMER_VERBATIM_OR_SENTIMENT_LABEL,KEEP_OBSERVED_SCORE
7006,7007,1,LOW_REPORTED,UNKNOWN_NO_CUSTOMER_VERBATIM_OR_SENTIMENT_LABEL,REVIEW_REPORTED_LOW_CSAT
7007,7008,,UNOBSERVED,UNKNOWN_NO_CUSTOMER_VERBATIM_OR_SENTIMENT_LABEL,FEEDBACK_NOT_OBSERVED
7008,7009,,UNOBSERVED,UNKNOWN_NO_CUSTOMER_VERBATIM_OR_SENTIMENT_LABEL,FEEDBACK_NOT_OBSERVED
7009,7010,5,HIGH_REPORTED,UNKNOWN_NO_CUSTOMER_VERBATIM_OR_SENTIMENT_LABEL,KEEP_OBSERVED_SCORE
7010,7011,,UNOBSERVED,UNKNOWN_NO_CUSTOMER_VERBATIM_OR_SENTIMENT_LABEL,FEEDBACK_NOT_OBSERVED
7011,7012,,UNOBSERVED,UNKNOWN_NO_CUSTOMER_VERBATIM_OR_SENTIMENT_LABEL,FEEDBACK_NOT_OBSERVED
7012,7013,,UNOBSERVED,UNKNOWN_NO_CUSTOMER_VERBATIM_OR_SENTIMENT_LABEL,FEEDBACK_NOT_OBSERVED
7013,7014,,UNOBSERVED,UNKNOWN_NO_CUSTOMER_VERBATIM_OR_SENTIMENT_LABEL,FEEDBACK_NOT_OBSERVED
7014,7015,1,LOW_REPORTED,UNKNOWN_NO_CUSTOMER_VERBATIM_OR_SENTIMENT_LABEL,REVIEW_REPORTED_LOW_CSAT
7015,7016,,UNOBSERVED,UNKNOWN_NO_CUSTOMER_VERBATIM_OR_SENTIMENT_LABEL,FEEDBACK_NOT_OBSERVED
7016,7017,,UNOBSERVED,UNKNOWN_NO_CUSTOMER_VERBATIM_OR_SENTIMENT_LABEL,FEEDBACK_NOT_OBSERVED
7017,7018,,UNOBSERVED,UNKNOWN_NO_CUSTOMER_VERBATIM_OR_SENTIMENT_LABEL,FEEDBACK_NOT_OBSERVED
7018,7019,,UNOBSERVED,UNKNOWN_NO_CUSTOMER_VERBATIM_OR_SENTIMENT_LABEL,FEEDBACK_NOT_OBSERVED
7019,7020,1,LOW_REPORTED,UNKNOWN_NO_CUSTOMER_VERBATIM_OR_SENTIMENT_LABEL,REVIEW_REPORTED_LOW_CSAT
7020,7021,,UNOBSERVED,UNKNOWN_NO_CUSTOMER_VERBATIM_OR_SENTIMENT_LABEL,FEEDBACK_NOT_OBSERVED
7021,7022,,UNOBSERVED,UNKNOWN_NO_CUSTOMER_VERBATIM_OR_SENTIMENT_LABEL,FEEDBACK_NOT_OBSERVED
7022,7023,,UNOBSERVED,UNKNOWN_NO_CUSTOMER_VERBATIM_OR_SENTIMENT_LABEL,FEEDBACK_NOT_OBSERVED
7023,7024,,UNOBSERVED,UNKNOWN_NO_CUSTOMER_VERBATIM_OR_SENTIMENT_LABEL,FEEDBACK_NOT_OBSERVED
7024,7025,,UNOBSERVED,UNKNOWN_NO_CUSTOMER_VERBATIM_OR_SENTIMENT_LABEL,FEEDBACK_NOT_OBSERVED
7025,7026,3,MIDDLE_REPORTED,UNKNOWN_NO_CUSTOMER_VERBATIM_OR_SENTIMENT_LABEL,KEEP_OBSERVED_SCORE
7026,7027,,UNOBSERVED,UNKNOWN_NO_CUSTOMER_VERBATIM_OR_SENTIMENT_LABEL,FEEDBACK_NOT_OBSERVED
7027,7028,2,LOW_REPORTED,UNKNOWN_NO_CUSTOMER_VERBATIM_OR_SENTIMENT_LABEL,REVIEW_REPORTED_LOW_CSAT
7028,7029,,UNOBSERVED,UNKNOWN_NO_CUSTOMER_VERBATIM_OR_SENTIMENT_LABEL,FEEDBACK_NOT_OBSERVED
7029,7030,1,LOW_REPORTED,UNKNOWN_NO_CUSTOMER_VERBATIM_OR_SENTIMENT_LABEL,REVIEW_REPORTED_LOW_CSAT
7030,7031,1,LOW_REPORTED,UNKNOWN_NO_CUSTOMER_VERBATIM_OR_SENTIMENT_LABEL,REVIEW_REPORTED_LOW_CSAT
7031,7032,,UNOBSERVED,UNKNOWN_NO_CUSTOMER_VERBATIM_OR_SENTIMENT_LABEL,FEEDBACK_NOT_OBSERVED
7032,7033,,UNOBSERVED,UNKNOWN_NO_CUSTOMER_VERBATIM_OR_SENTIMENT_LABEL,FEEDBACK_NOT_OBSERVED
7033,7034,,UNOBSERVED,UNKNOWN_NO_CUSTOMER_VERBATIM_OR_SENTIMENT_LABEL,FEEDBACK_NOT_OBSERVED
7034,7035,,UNOBSERVED,UNKNOWN_NO_CUSTOMER_VERBATIM_OR_SENTIMENT_LABEL,FEEDBACK_NOT_OBSERVED
7035,7036,,UNOBSERVED,UNKNOWN_NO_CUSTOMER_VERBATIM_OR_SENTIMENT_LABEL,FEEDBACK_NOT_OBSERVED
7036,7037,,UNOBSERVED,UNKNOWN_NO_CUSTOMER_VERBATIM_OR_SENTIMENT_LABEL,FEEDBACK_NOT_OBSERVED
7037,7038,,UNOBSERVED,UNKNOWN_NO_CUSTOMER_VERBATIM_OR_SENTIMENT_LABEL,FEEDBACK_NOT_OBSERVED
7038,7039,1,LOW_REPORTED,UNKNOWN_NO_CUSTOMER_VERBATIM_OR_SENTIMENT_LABEL,REVIEW_REPORTED_LOW_CSAT
7039,7040,,UNOBSERVED,UNKNOWN_NO_CUSTOMER_VERBATIM_OR_SENTIMENT_LABEL,FEEDBACK_NOT_OBSERVED
7040,7041,2,LOW_REPORTED,UNKNOWN_NO_CUSTOMER_VERBATIM_OR_SENTIMENT_LABEL,REVIEW_REPORTED_LOW_CSAT
7041,7042,,UNOBSERVED,UNKNOWN_NO_CUSTOMER_VERBATIM_OR_SENTIMENT_LABEL,FEEDBACK_NOT_OBSERVED
7042,7043,3,MIDDLE_REPORTED,UNKNOWN_NO_CUSTOMER_VERBATIM_OR_SENTIMENT_LABEL,KEEP_OBSERVED_SCORE
7043,7044,,UNOBSERVED,UNKNOWN_NO_CUSTOMER_VERBATIM_OR_SENTIMENT_LABEL,FEEDBACK_NOT_OBSERVED
7044,7045,,UNOBSERVED,UNKNOWN_NO_CUSTOMER_VERBATIM_OR_SENTIMENT_LABEL,FEEDBACK_NOT_OBSERVED
7045,7046,,UNOBSERVED,UNKNOWN_NO_CUSTOMER_VERBATIM_OR_SENTIMENT_LABEL,FEEDBACK_NOT_OBSERVED
7046,7047,,UNOBSERVED,UNKNOWN_NO_CUSTOMER_VERBATIM_OR_SENTIMENT_LABEL,FEEDBACK_NOT_OBSERVED
7047,7048,,UNOBSERVED,UNKNOWN_NO_CUSTOMER_VERBATIM_OR_SENTIMENT_LABEL,FEEDBACK_NOT_OBSERVED
7048,7049,,UNOBSERVED,UNKNOWN_NO_CUSTOMER_VERBATIM_OR_SENTIMENT_LABEL,FEEDBACK_NOT_OBSERVED
7049,7050,,UNOBSERVED,UNKNOWN_NO_CUSTOMER_VERBATIM_OR_SENTIMENT_LABEL,FEEDBACK_NOT_OBSERVED
7050,7051,,UNOBSERVED,UNKNOWN_NO_CUSTOMER_VERBATIM_OR_SENTIMENT_LABEL,FEEDBACK_NOT_OBSERVED
7051,7052,,UNOBSERVED,UNKNOWN_NO_CUSTOMER_VERBATIM_OR_SENTIMENT_LABEL,FEEDBACK_NOT_OBSERVED
7052,7053,3,MIDDLE_REPORTED,UNKNOWN_NO_CUSTOMER_VERBATIM_OR_SENTIMENT_LABEL,KEEP_OBSERVED_SCORE
7053,7054,,UNOBSERVED,UNKNOWN_NO_CUSTOMER_VERBATIM_OR_SENTIMENT_LABEL,FEEDBACK_NOT_OBSERVED
7054,7055,,UNOBSERVED,UNKNOWN_NO_CUSTOMER_VERBATIM_OR_SENTIMENT_LABEL,FEEDBACK_NOT_OBSERVED
7055,7056,2,LOW_REPORTED,UNKNOWN_NO_CUSTOMER_VERBATIM_OR_SENTIMENT_LABEL,REVIEW_REPORTED_LOW_CSAT
7056,7057,5,HIGH_REPORTED,UNKNOWN_NO_CUSTOMER_VERBATIM_OR_SENTIMENT_LABEL,KEEP_OBSERVED_SCORE
7057,7058,5,HIGH_REPORTED,UNKNOWN_NO_CUSTOMER_VERBATIM_OR_SENTIMENT_LABEL,KEEP_OBSERVED_SCORE
7058,7059,4,HIGH_REPORTED,UNKNOWN_NO_CUSTOMER_VERBATIM_OR_SENTIMENT_LABEL,KEEP_OBSERVED_SCORE
7059,7060,,UNOBSERVED,UNKNOWN_NO_CUSTOMER_VERBATIM_OR_SENTIMENT_LABEL,FEEDBACK_NOT_OBSERVED
7060,7061,,UNOBSERVED,UNKNOWN_NO_CUSTOMER_VERBATIM_OR_SENTIMENT_LABEL,FEEDBACK_NOT_OBSERVED
7061,7062,3,MIDDLE_REPORTED,UNKNOWN_NO_CUSTOMER_VERBATIM_OR_SENTIMENT_LABEL,KEEP_OBSERVED_SCORE
7062,7063,,UNOBSERVED,UNKNOWN_NO_CUSTOMER_VERBATIM_OR_SENTIMENT_LABEL,FEEDBACK_NOT_OBSERVED
7063,7064,5,HIGH_REPORTED,UNKNOWN_NO_CUSTOMER_VERBATIM_OR_SENTIMENT_LABEL,KEEP_OBSERVED_SCORE
7064,7065,4,HIGH_REPORTED,UNKNOWN_NO_CUSTOMER_VERBATIM_OR_SENTIMENT_LABEL,KEEP_OBSERVED_SCORE
7065,7066,1,LOW_REPORTED,UNKNOWN_NO_CUSTOMER_VERBATIM_OR_SENTIMENT_LABEL,REVIEW_REPORTED_LOW_CSAT
7066,7067,,UNOBSERVED,UNKNOWN_NO_CUSTOMER_VERBATIM_OR_SENTIMENT_LABEL,FEEDBACK_NOT_OBSERVED
7067,7068,,UNOBSERVED,UNKNOWN_NO_CUSTOMER_VERBATIM_OR_SENTIMENT_LABEL,FEEDBACK_NOT_OBSERVED
7068,7069,,UNOBSERVED,UNKNOWN_NO_CUSTOMER_VERBATIM_OR_SENTIMENT_LABEL,FEEDBACK_NOT_OBSERVED
7069,7070,,UNOBSERVED,UNKNOWN_NO_CUSTOMER_VERBATIM_OR_SENTIMENT_LABEL,FEEDBACK_NOT_OBSERVED
7070,7071,,UNOBSERVED,UNKNOWN_NO_CUSTOMER_VERBATIM_OR_SENTIMENT_LABEL,FEEDBACK_NOT_OBSERVED
7071,7072,,UNOBSERVED,UNKNOWN_NO_CUSTOMER_VERBATIM_OR_SENTIMENT_LABEL,FEEDBACK_NOT_OBSERVED
7072,7073,2,LOW_REPORTED,UNKNOWN_NO_CUSTOMER_VERBATIM_OR_SENTIMENT_LABEL,REVIEW_REPORTED_LOW_CSAT
7073,7074,5,HIGH_REPORTED,UNKNOWN_NO_CUSTOMER_VERBATIM_OR_SENTIMENT_LABEL,KEEP_OBSERVED_SCORE
7074,7075,,UNOBSERVED,UNKNOWN_NO_CUSTOMER_VERBATIM_OR_SENTIMENT_LABEL,FEEDBACK_NOT_OBSERVED
7075,7076,,UNOBSERVED,UNKNOWN_NO_CUSTOMER_VERBATIM_OR_SENTIMENT_LABEL,FEEDBACK_NOT_OBSERVED
7076,7077,4,HIGH_REPORTED,UNKNOWN_NO_CUSTOMER_VERBATIM_OR_SENTIMENT_LABEL,KEEP_OBSERVED_SCORE
7077,7078,,UNOBSERVED,UNKNOWN_NO_CUSTOMER_VERBATIM_OR_SENTIMENT_LABEL,FEEDBACK_NOT_OBSERVED
7078,7079,,UNOBSERVED,UNKNOWN_NO_CUSTOMER_VERBATIM_OR_SENTIMENT_LABEL,FEEDBACK_NOT_OBSERVED
7079,7080,,UNOBSERVED,UNKNOWN_NO_CUSTOMER_VERBATIM_OR_SENTIMENT_LABEL,FEEDBACK_NOT_OBSERVED
7080,7081,4,HIGH_REPORTED,UNKNOWN_NO_CUSTOMER_VERBATIM_OR_SENTIMENT_LABEL,KEEP_OBSERVED_SCORE
7081,7082,,UNOBSERVED,UNKNOWN_NO_CUSTOMER_VERBATIM_OR_SENTIMENT_LABEL,FEEDBACK_NOT_OBSERVED
7082,7083,,UNOBSERVED,UNKNOWN_NO_CUSTOMER_VERBATIM_OR_SENTIMENT_LABEL,FEEDBACK_NOT_OBSERVED
7083,7084,,UNOBSERVED,UNKNOWN_NO_CUSTOMER_VERBATIM_OR_SENTIMENT_LABEL,FEEDBACK_NOT_OBSERVED
7084,7085,,UNOBSERVED,UNKNOWN_NO_CUSTOMER_VERBATIM_OR_SENTIMENT_LABEL,FEEDBACK_NOT_OBSERVED
7085,7086,,UNOBSERVED,UNKNOWN_NO_CUSTOMER_VERBATIM_OR_SENTIMENT_LABEL,FEEDBACK_NOT_OBSERVED
7086,7087,,UNOBSERVED,UNKNOWN_NO_CUSTOMER_VERBATIM_OR_SENTIMENT_LABEL,FEEDBACK_NOT_OBSERVED
7087,7088,,UNOBSERVED,UNKNOWN_NO_CUSTOMER_VERBATIM_OR_SENTIMENT_LABEL,FEEDBACK_NOT_OBSERVED
7088,7089,,UNOBSERVED,UNKNOWN_NO_CUSTOMER_VERBATIM_OR_SENTIMENT_LABEL,FEEDBACK_NOT_OBSERVED
7089,7090,,UNOBSERVED,UNKNOWN_NO_CUSTOMER_VERBATIM_OR_SENTIMENT_LABEL,FEEDBACK_NOT_OBSERVED
7090,7091,,UNOBSERVED,UNKNOWN_NO_CUSTOMER_VERBATIM_OR_SENTIMENT_LABEL,FEEDBACK_NOT_OBSERVED
7091,7092,3,MIDDLE_REPORTED,UNKNOWN_NO_CUSTOMER_VERBATIM_OR_SENTIMENT_LABEL,KEEP_OBSERVED_SCORE
7092,7093,,UNOBSERVED,UNKNOWN_NO_CUSTOMER_VERBATIM_OR_SENTIMENT_LABEL,FEEDBACK_NOT_OBSERVED
7093,7094,,UNOBSERVED,UNKNOWN_NO_CUSTOMER_VERBATIM_OR_SENTIMENT_LABEL,FEEDBACK_NOT_OBSERVED
7094,7095,,UNOBSERVED,UNKNOWN_NO_CUSTOMER_VERBATIM_OR_SENTIMENT_LABEL,FEEDBACK_NOT_OBSERVED
7095,7096,,UNOBSERVED,UNKNOWN_NO_CUSTOMER_VERBATIM_OR_SENTIMENT_LABEL,FEEDBACK_NOT_OBSERVED
7096,7097,5,HIGH_REPORTED,UNKNOWN_NO_CUSTOMER_VERBATIM_OR_SENTIMENT_LABEL,KEEP_OBSERVED_SCORE
7097,7098,3,MIDDLE_REPORTED,UNKNOWN_NO_CUSTOMER_VERBATIM_OR_SENTIMENT_LABEL,KEEP_OBSERVED_SCORE
7098,7099,1,LOW_REPORTED,UNKNOWN_NO_CUSTOMER_VERBATIM_OR_SENTIMENT_LABEL,REVIEW_REPORTED_LOW_CSAT
7099,7100,,UNOBSERVED,UNKNOWN_NO_CUSTOMER_VERBATIM_OR_SENTIMENT_LABEL,FEEDBACK_NOT_OBSERVED
7100,7101,5,HIGH_REPORTED,UNKNOWN_NO_CUSTOMER_VERBATIM_OR_SENTIMENT_LABEL,KEEP_OBSERVED_SCORE
7101,7102,,UNOBSERVED,UNKNOWN_NO_CUSTOMER_VERBATIM_OR_SENTIMENT_LABEL,FEEDBACK_NOT_OBSERVED
7102,7103,,UNOBSERVED,UNKNOWN_NO_CUSTOMER_VERBATIM_OR_SENTIMENT_LABEL,FEEDBACK_NOT_OBSERVED
7103,7104,1,LOW_REPORTED,UNKNOWN_NO_CUSTOMER_VERBATIM_OR_SENTIMENT_LABEL,REVIEW_REPORTED_LOW_CSAT
7104,7105,,UNOBSERVED,UNKNOWN_NO_CUSTOMER_VERBATIM_OR_SENTIMENT_LABEL,FEEDBACK_NOT_OBSERVED
7105,7106,,UNOBSERVED,UNKNOWN_NO_CUSTOMER_VERBATIM_OR_SENTIMENT_LABEL,FEEDBACK_NOT_OBSERVED
7106,7107,4,HIGH_REPORTED,UNKNOWN_NO_CUSTOMER_VERBATIM_OR_SENTIMENT_LABEL,KEEP_OBSERVED_SCORE
7107,7108,4,HIGH_REPORTED,UNKNOWN_NO_CUSTOMER_VERBATIM_OR_SENTIMENT_LABEL,KEEP_OBSERVED_SCORE
7108,7109,3,MIDDLE_REPORTED,UNKNOWN_NO_CUSTOMER_VERBATIM_OR_SENTIMENT_LABEL,KEEP_OBSERVED_SCORE
7109,7110,4,HIGH_REPORTED,UNKNOWN_NO_CUSTOMER_VERBATIM_OR_SENTIMENT_LABEL,KEEP_OBSERVED_SCORE
7110,7111,,UNOBSERVED,UNKNOWN_NO_CUSTOMER_VERBATIM_OR_SENTIMENT_LABEL,FEEDBACK_NOT_OBSERVED
7111,7112,,UNOBSERVED,UNKNOWN_NO_CUSTOMER_VERBATIM_OR_SENTIMENT_LABEL,FEEDBACK_NOT_OBSERVED
7112,7113,1,LOW_REPORTED,UNKNOWN_NO_CUSTOMER_VERBATIM_OR_SENTIMENT_LABEL,REVIEW_REPORTED_LOW_CSAT
7113,7114,,UNOBSERVED,UNKNOWN_NO_CUSTOMER_VERBATIM_OR_SENTIMENT_LABEL,FEEDBACK_NOT_OBSERVED
7114,7115,,UNOBSERVED,UNKNOWN_NO_CUSTOMER_VERBATIM_OR_SENTIMENT_LABEL,FEEDBACK_NOT_OBSERVED
7115,7116,,UNOBSERVED,UNKNOWN_NO_CUSTOMER_VERBATIM_OR_SENTIMENT_LABEL,FEEDBACK_NOT_OBSERVED
7116,7117,3,MIDDLE_REPORTED,UNKNOWN_NO_CUSTOMER_VERBATIM_OR_SENTIMENT_LABEL,KEEP_OBSERVED_SCORE
7117,7118,,UNOBSERVED,UNKNOWN_NO_CUSTOMER_VERBATIM_OR_SENTIMENT_LABEL,FEEDBACK_NOT_OBSERVED
7118,7119,,UNOBSERVED,UNKNOWN_NO_CUSTOMER_VERBATIM_OR_SENTIMENT_LABEL,FEEDBACK_NOT_OBSERVED
7119,7120,1,LOW_REPORTED,UNKNOWN_NO_CUSTOMER_VERBATIM_OR_SENTIMENT_LABEL,REVIEW_REPORTED_LOW_CSAT
7120,7121,,UNOBSERVED,UNKNOWN_NO_CUSTOMER_VERBATIM_OR_SENTIMENT_LABEL,FEEDBACK_NOT_OBSERVED
7121,7122,3,MIDDLE_REPORTED,UNKNOWN_NO_CUSTOMER_VERBATIM_OR_SENTIMENT_LABEL,KEEP_OBSERVED_SCORE
7122,7123,5,HIGH_REPORTED,UNKNOWN_NO_CUSTOMER_VERBATIM_OR_SENTIMENT_LABEL,KEEP_OBSERVED_SCORE
7123,7124,,UNOBSERVED,UNKNOWN_NO_CUSTOMER_VERBATIM_OR_SENTIMENT_LABEL,FEEDBACK_NOT_OBSERVED
7124,7125,3,MIDDLE_REPORTED,UNKNOWN_NO_CUSTOMER_VERBATIM_OR_SENTIMENT_LABEL,KEEP_OBSERVED_SCORE
7125,7126,,UNOBSERVED,UNKNOWN_NO_CUSTOMER_VERBATIM_OR_SENTIMENT_LABEL,FEEDBACK_NOT_OBSERVED
7126,7127,,UNOBSERVED,UNKNOWN_NO_CUSTOMER_VERBATIM_OR_SENTIMENT_LABEL,FEEDBACK_NOT_OBSERVED
7127,7128,2,LOW_REPORTED,UNKNOWN_NO_CUSTOMER_VERBATIM_OR_SENTIMENT_LABEL,REVIEW_REPORTED_LOW_CSAT
7128,7129,5,HIGH_REPORTED,UNKNOWN_NO_CUSTOMER_VERBATIM_OR_SENTIMENT_LABEL,KEEP_OBSERVED_SCORE
7129,7130,,UNOBSERVED,UNKNOWN_NO_CUSTOMER_VERBATIM_OR_SENTIMENT_LABEL,FEEDBACK_NOT_OBSERVED
7130,7131,3,MIDDLE_REPORTED,UNKNOWN_NO_CUSTOMER_VERBATIM_OR_SENTIMENT_LABEL,KEEP_OBSERVED_SCORE
7131,7132,,UNOBSERVED,UNKNOWN_NO_CUSTOMER_VERBATIM_OR_SENTIMENT_LABEL,FEEDBACK_NOT_OBSERVED
7132,7133,3,MIDDLE_REPORTED,UNKNOWN_NO_CUSTOMER_VERBATIM_OR_SENTIMENT_LABEL,KEEP_OBSERVED_SCORE
7133,7134,,UNOBSERVED,UNKNOWN_NO_CUSTOMER_VERBATIM_OR_SENTIMENT_LABEL,FEEDBACK_NOT_OBSERVED
7134,7135,,UNOBSERVED,UNKNOWN_NO_CUSTOMER_VERBATIM_OR_SENTIMENT_LABEL,FEEDBACK_NOT_OBSERVED
7135,7136,,UNOBSERVED,UNKNOWN_NO_CUSTOMER_VERBATIM_OR_SENTIMENT_LABEL,FEEDBACK_NOT_OBSERVED
7136,7137,1,LOW_REPORTED,UNKNOWN_NO_CUSTOMER_VERBATIM_OR_SENTIMENT_LABEL,REVIEW_REPORTED_LOW_CSAT
7137,7138,2,LOW_REPORTED,UNKNOWN_NO_CUSTOMER_VERBATIM_OR_SENTIMENT_LABEL,REVIEW_REPORTED_LOW_CSAT
7138,7139,,UNOBSERVED,UNKNOWN_NO_CUSTOMER_VERBATIM_OR_SENTIMENT_LABEL,FEEDBACK_NOT_OBSERVED
7139,7140,4,HIGH_REPORTED,UNKNOWN_NO_CUSTOMER_VERBATIM_OR_SENTIMENT_LABEL,KEEP_OBSERVED_SCORE
7140,7141,,UNOBSERVED,UNKNOWN_NO_CUSTOMER_VERBATIM_OR_SENTIMENT_LABEL,FEEDBACK_NOT_OBSERVED
7141,7142,3,MIDDLE_REPORTED,UNKNOWN_NO_CUSTOMER_VERBATIM_OR_SENTIMENT_LABEL,KEEP_OBSERVED_SCORE
7142,7143,5,HIGH_REPORTED,UNKNOWN_NO_CUSTOMER_VERBATIM_OR_SENTIMENT_LABEL,KEEP_OBSERVED_SCORE
7143,7144,3,MIDDLE_REPORTED,UNKNOWN_NO_CUSTOMER_VERBATIM_OR_SENTIMENT_LABEL,KEEP_OBSERVED_SCORE
7144,7145,,UNOBSERVED,UNKNOWN_NO_CUSTOMER_VERBATIM_OR_SENTIMENT_LABEL,FEEDBACK_NOT_OBSERVED
7145,7146,,UNOBSERVED,UNKNOWN_NO_CUSTOMER_VERBATIM_OR_SENTIMENT_LABEL,FEEDBACK_NOT_OBSERVED
7146,7147,,UNOBSERVED,UNKNOWN_NO_CUSTOMER_VERBATIM_OR_SENTIMENT_LABEL,FEEDBACK_NOT_OBSERVED
7147,7148,,UNOBSERVED,UNKNOWN_NO_CUSTOMER_VERBATIM_OR_SENTIMENT_LABEL,FEEDBACK_NOT_OBSERVED
7148,7149,3,MIDDLE_REPORTED,UNKNOWN_NO_CUSTOMER_VERBATIM_OR_SENTIMENT_LABEL,KEEP_OBSERVED_SCORE
7149,7150,1,LOW_REPORTED,UNKNOWN_NO_CUSTOMER_VERBATIM_OR_SENTIMENT_LABEL,REVIEW_REPORTED_LOW_CSAT
7150,7151,3,MIDDLE_REPORTED,UNKNOWN_NO_CUSTOMER_VERBATIM_OR_SENTIMENT_LABEL,KEEP_OBSERVED_SCORE
7151,7152,,UNOBSERVED,UNKNOWN_NO_CUSTOMER_VERBATIM_OR_SENTIMENT_LABEL,FEEDBACK_NOT_OBSERVED
7152,7153,,UNOBSERVED,UNKNOWN_NO_CUSTOMER_VERBATIM_OR_SENTIMENT_LABEL,FEEDBACK_NOT_OBSERVED
7153,7154,4,HIGH_REPORTED,UNKNOWN_NO_CUSTOMER_VERBATIM_OR_SENTIMENT_LABEL,KEEP_OBSERVED_SCORE
7154,7155,,UNOBSERVED,UNKNOWN_NO_CUSTOMER_VERBATIM_OR_SENTIMENT_LABEL,FEEDBACK_NOT_OBSERVED
7155,7156,,UNOBSERVED,UNKNOWN_NO_CUSTOMER_VERBATIM_OR_SENTIMENT_LABEL,FEEDBACK_NOT_OBSERVED
7156,7157,,UNOBSERVED,UNKNOWN_NO_CUSTOMER_VERBATIM_OR_SENTIMENT_LABEL,FEEDBACK_NOT_OBSERVED
7157,7158,4,HIGH_REPORTED,UNKNOWN_NO_CUSTOMER_VERBATIM_OR_SENTIMENT_LABEL,KEEP_OBSERVED_SCORE
7158,7159,5,HIGH_REPORTED,UNKNOWN_NO_CUSTOMER_VERBATIM_OR_SENTIMENT_LABEL,KEEP_OBSERVED_SCORE
7159,7160,,UNOBSERVED,UNKNOWN_NO_CUSTOMER_VERBATIM_OR_SENTIMENT_LABEL,FEEDBACK_NOT_OBSERVED
7160,7161,,UNOBSERVED,UNKNOWN_NO_CUSTOMER_VERBATIM_OR_SENTIMENT_LABEL,FEEDBACK_NOT_OBSERVED
7161,7162,,UNOBSERVED,UNKNOWN_NO_CUSTOMER_VERBATIM_OR_SENTIMENT_LABEL,FEEDBACK_NOT_OBSERVED
7162,7163,,UNOBSERVED,UNKNOWN_NO_CUSTOMER_VERBATIM_OR_SENTIMENT_LABEL,FEEDBACK_NOT_OBSERVED
7163,7164,,UNOBSERVED,UNKNOWN_NO_CUSTOMER_VERBATIM_OR_SENTIMENT_LABEL,FEEDBACK_NOT_OBSERVED
7164,7165,5,HIGH_REPORTED,UNKNOWN_NO_CUSTOMER_VERBATIM_OR_SENTIMENT_LABEL,KEEP_OBSERVED_SCORE
7165,7166,,UNOBSERVED,UNKNOWN_NO_CUSTOMER_VERBATIM_OR_SENTIMENT_LABEL,FEEDBACK_NOT_OBSERVED
7166,7167,3,MIDDLE_REPORTED,UNKNOWN_NO_CUSTOMER_VERBATIM_OR_SENTIMENT_LABEL,KEEP_OBSERVED_SCORE
7167,7168,,UNOBSERVED,UNKNOWN_NO_CUSTOMER_VERBATIM_OR_SENTIMENT_LABEL,FEEDBACK_NOT_OBSERVED
7168,7169,3,MIDDLE_REPORTED,UNKNOWN_NO_CUSTOMER_VERBATIM_OR_SENTIMENT_LABEL,KEEP_OBSERVED_SCORE
7169,7170,,UNOBSERVED,UNKNOWN_NO_CUSTOMER_VERBATIM_OR_SENTIMENT_LABEL,FEEDBACK_NOT_OBSERVED
7170,7171,,UNOBSERVED,UNKNOWN_NO_CUSTOMER_VERBATIM_OR_SENTIMENT_LABEL,FEEDBACK_NOT_OBSERVED
7171,7172,,UNOBSERVED,UNKNOWN_NO_CUSTOMER_VERBATIM_OR_SENTIMENT_LABEL,FEEDBACK_NOT_OBSERVED
7172,7173,2,LOW_REPORTED,UNKNOWN_NO_CUSTOMER_VERBATIM_OR_SENTIMENT_LABEL,REVIEW_REPORTED_LOW_CSAT
7173,7174,,UNOBSERVED,UNKNOWN_NO_CUSTOMER_VERBATIM_OR_SENTIMENT_LABEL,FEEDBACK_NOT_OBSERVED
7174,7175,2,LOW_REPORTED,UNKNOWN_NO_CUSTOMER_VERBATIM_OR_SENTIMENT_LABEL,REVIEW_REPORTED_LOW_CSAT
7175,7176,,UNOBSERVED,UNKNOWN_NO_CUSTOMER_VERBATIM_OR_SENTIMENT_LABEL,FEEDBACK_NOT_OBSERVED
7176,7177,,UNOBSERVED,UNKNOWN_NO_CUSTOMER_VERBATIM_OR_SENTIMENT_LABEL,FEEDBACK_NOT_OBSERVED
7177,7178,,UNOBSERVED,UNKNOWN_NO_CUSTOMER_VERBATIM_OR_SENTIMENT_LABEL,FEEDBACK_NOT_OBSERVED
7178,7179,,UNOBSERVED,UNKNOWN_NO_CUSTOMER_VERBATIM_OR_SENTIMENT_LABEL,FEEDBACK_NOT_OBSERVED
7179,7180,,UNOBSERVED,UNKNOWN_NO_CUSTOMER_VERBATIM_OR_SENTIMENT_LABEL,FEEDBACK_NOT_OBSERVED
7180,7181,,UNOBSERVED,UNKNOWN_NO_CUSTOMER_VERBATIM_OR_SENTIMENT_LABEL,FEEDBACK_NOT_OBSERVED
7181,7182,,UNOBSERVED,UNKNOWN_NO_CUSTOMER_VERBATIM_OR_SENTIMENT_LABEL,FEEDBACK_NOT_OBSERVED
7182,7183,,UNOBSERVED,UNKNOWN_NO_CUSTOMER_VERBATIM_OR_SENTIMENT_LABEL,FEEDBACK_NOT_OBSERVED
7183,7184,5,HIGH_REPORTED,UNKNOWN_NO_CUSTOMER_VERBATIM_OR_SENTIMENT_LABEL,KEEP_OBSERVED_SCORE
7184,7185,,UNOBSERVED,UNKNOWN_NO_CUSTOMER_VERBATIM_OR_SENTIMENT_LABEL,FEEDBACK_NOT_OBSERVED
7185,7186,,UNOBSERVED,UNKNOWN_NO_CUSTOMER_VERBATIM_OR_SENTIMENT_LABEL,FEEDBACK_NOT_OBSERVED
7186,7187,,UNOBSERVED,UNKNOWN_NO_CUSTOMER_VERBATIM_OR_SENTIMENT_LABEL,FEEDBACK_NOT_OBSERVED
7187,7188,,UNOBSERVED,UNKNOWN_NO_CUSTOMER_VERBATIM_OR_SENTIMENT_LABEL,FEEDBACK_NOT_OBSERVED
7188,7189,,UNOBSERVED,UNKNOWN_NO_CUSTOMER_VERBATIM_OR_SENTIMENT_LABEL,FEEDBACK_NOT_OBSERVED
7189,7190,2,LOW_REPORTED,UNKNOWN_NO_CUSTOMER_VERBATIM_OR_SENTIMENT_LABEL,REVIEW_REPORTED_LOW_CSAT
7190,7191,3,MIDDLE_REPORTED,UNKNOWN_NO_CUSTOMER_VERBATIM_OR_SENTIMENT_LABEL,KEEP_OBSERVED_SCORE
7191,7192,,UNOBSERVED,UNKNOWN_NO_CUSTOMER_VERBATIM_OR_SENTIMENT_LABEL,FEEDBACK_NOT_OBSERVED
7192,7193,,UNOBSERVED,UNKNOWN_NO_CUSTOMER_VERBATIM_OR_SENTIMENT_LABEL,FEEDBACK_NOT_OBSERVED
7193,7194,1,LOW_REPORTED,UNKNOWN_NO_CUSTOMER_VERBATIM_OR_SENTIMENT_LABEL,REVIEW_REPORTED_LOW_CSAT
7194,7195,,UNOBSERVED,UNKNOWN_NO_CUSTOMER_VERBATIM_OR_SENTIMENT_LABEL,FEEDBACK_NOT_OBSERVED
7195,7196,3,MIDDLE_REPORTED,UNKNOWN_NO_CUSTOMER_VERBATIM_OR_SENTIMENT_LABEL,KEEP_OBSERVED_SCORE
7196,7197,,UNOBSERVED,UNKNOWN_NO_CUSTOMER_VERBATIM_OR_SENTIMENT_LABEL,FEEDBACK_NOT_OBSERVED
7197,7198,1,LOW_REPORTED,UNKNOWN_NO_CUSTOMER_VERBATIM_OR_SENTIMENT_LABEL,REVIEW_REPORTED_LOW_CSAT
7198,7199,1,LOW_REPORTED,UNKNOWN_NO_CUSTOMER_VERBATIM_OR_SENTIMENT_LABEL,REVIEW_REPORTED_LOW_CSAT
7199,7200,,UNOBSERVED,UNKNOWN_NO_CUSTOMER_VERBATIM_OR_SENTIMENT_LABEL,FEEDBACK_NOT_OBSERVED
7200,7201,3,MIDDLE_REPORTED,UNKNOWN_NO_CUSTOMER_VERBATIM_OR_SENTIMENT_LABEL,KEEP_OBSERVED_SCORE
7201,7202,,UNOBSERVED,UNKNOWN_NO_CUSTOMER_VERBATIM_OR_SENTIMENT_LABEL,FEEDBACK_NOT_OBSERVED
7202,7203,1,LOW_REPORTED,UNKNOWN_NO_CUSTOMER_VERBATIM_OR_SENTIMENT_LABEL,REVIEW_REPORTED_LOW_CSAT
7203,7204,,UNOBSERVED,UNKNOWN_NO_CUSTOMER_VERBATIM_OR_SENTIMENT_LABEL,FEEDBACK_NOT_OBSERVED
7204,7205,3,MIDDLE_REPORTED,UNKNOWN_NO_CUSTOMER_VERBATIM_OR_SENTIMENT_LABEL,KEEP_OBSERVED_SCORE
7205,7206,,UNOBSERVED,UNKNOWN_NO_CUSTOMER_VERBATIM_OR_SENTIMENT_LABEL,FEEDBACK_NOT_OBSERVED
7206,7207,,UNOBSERVED,UNKNOWN_NO_CUSTOMER_VERBATIM_OR_SENTIMENT_LABEL,FEEDBACK_NOT_OBSERVED
7207,7208,,UNOBSERVED,UNKNOWN_NO_CUSTOMER_VERBATIM_OR_SENTIMENT_LABEL,FEEDBACK_NOT_OBSERVED
7208,7209,,UNOBSERVED,UNKNOWN_NO_CUSTOMER_VERBATIM_OR_SENTIMENT_LABEL,FEEDBACK_NOT_OBSERVED
7209,7210,5,HIGH_REPORTED,UNKNOWN_NO_CUSTOMER_VERBATIM_OR_SENTIMENT_LABEL,KEEP_OBSERVED_SCORE
7210,7211,,UNOBSERVED,UNKNOWN_NO_CUSTOMER_VERBATIM_OR_SENTIMENT_LABEL,FEEDBACK_NOT_OBSERVED
7211,7212,,UNOBSERVED,UNKNOWN_NO_CUSTOMER_VERBATIM_OR_SENTIMENT_LABEL,FEEDBACK_NOT_OBSERVED
7212,7213,,UNOBSERVED,UNKNOWN_NO_CUSTOMER_VERBATIM_OR_SENTIMENT_LABEL,FEEDBACK_NOT_OBSERVED
7213,7214,,UNOBSERVED,UNKNOWN_NO_CUSTOMER_VERBATIM_OR_SENTIMENT_LABEL,FEEDBACK_NOT_OBSERVED
7214,7215,,UNOBSERVED,UNKNOWN_NO_CUSTOMER_VERBATIM_OR_SENTIMENT_LABEL,FEEDBACK_NOT_OBSERVED
7215,7216,4,HIGH_REPORTED,UNKNOWN_NO_CUSTOMER_VERBATIM_OR_SENTIMENT_LABEL,KEEP_OBSERVED_SCORE
7216,7217,,UNOBSERVED,UNKNOWN_NO_CUSTOMER_VERBATIM_OR_SENTIMENT_LABEL,FEEDBACK_NOT_OBSERVED
7217,7218,5,HIGH_REPORTED,UNKNOWN_NO_CUSTOMER_VERBATIM_OR_SENTIMENT_LABEL,KEEP_OBSERVED_SCORE
7218,7219,,UNOBSERVED,UNKNOWN_NO_CUSTOMER_VERBATIM_OR_SENTIMENT_LABEL,FEEDBACK_NOT_OBSERVED
7219,7220,,UNOBSERVED,UNKNOWN_NO_CUSTOMER_VERBATIM_OR_SENTIMENT_LABEL,FEEDBACK_NOT_OBSERVED
7220,7221,1,LOW_REPORTED,UNKNOWN_NO_CUSTOMER_VERBATIM_OR_SENTIMENT_LABEL,REVIEW_REPORTED_LOW_CSAT
7221,7222,4,HIGH_REPORTED,UNKNOWN_NO_CUSTOMER_VERBATIM_OR_SENTIMENT_LABEL,KEEP_OBSERVED_SCORE
7222,7223,,UNOBSERVED,UNKNOWN_NO_CUSTOMER_VERBATIM_OR_SENTIMENT_LABEL,FEEDBACK_NOT_OBSERVED
7223,7224,2,LOW_REPORTED,UNKNOWN_NO_CUSTOMER_VERBATIM_OR_SENTIMENT_LABEL,REVIEW_REPORTED_LOW_CSAT
7224,7225,,UNOBSERVED,UNKNOWN_NO_CUSTOMER_VERBATIM_OR_SENTIMENT_LABEL,FEEDBACK_NOT_OBSERVED
7225,7226,,UNOBSERVED,UNKNOWN_NO_CUSTOMER_VERBATIM_OR_SENTIMENT_LABEL,FEEDBACK_NOT_OBSERVED
7226,7227,,UNOBSERVED,UNKNOWN_NO_CUSTOMER_VERBATIM_OR_SENTIMENT_LABEL,FEEDBACK_NOT_OBSERVED
7227,7228,,UNOBSERVED,UNKNOWN_NO_CUSTOMER_VERBATIM_OR_SENTIMENT_LABEL,FEEDBACK_NOT_OBSERVED
7228,7229,,UNOBSERVED,UNKNOWN_NO_CUSTOMER_VERBATIM_OR_SENTIMENT_LABEL,FEEDBACK_NOT_OBSERVED
7229,7230,,UNOBSERVED,UNKNOWN_NO_CUSTOMER_VERBATIM_OR_SENTIMENT_LABEL,FEEDBACK_NOT_OBSERVED
7230,7231,,UNOBSERVED,UNKNOWN_NO_CUSTOMER_VERBATIM_OR_SENTIMENT_LABEL,FEEDBACK_NOT_OBSERVED
7231,7232,,UNOBSERVED,UNKNOWN_NO_CUSTOMER_VERBATIM_OR_SENTIMENT_LABEL,FEEDBACK_NOT_OBSERVED
7232,7233,,UNOBSERVED,UNKNOWN_NO_CUSTOMER_VERBATIM_OR_SENTIMENT_LABEL,FEEDBACK_NOT_OBSERVED
7233,7234,,UNOBSERVED,UNKNOWN_NO_CUSTOMER_VERBATIM_OR_SENTIMENT_LABEL,FEEDBACK_NOT_OBSERVED
7234,7235,,UNOBSERVED,UNKNOWN_NO_CUSTOMER_VERBATIM_OR_SENTIMENT_LABEL,FEEDBACK_NOT_OBSERVED
7235,7236,,UNOBSERVED,UNKNOWN_NO_CUSTOMER_VERBATIM_OR_SENTIMENT_LABEL,FEEDBACK_NOT_OBSERVED
7236,7237,,UNOBSERVED,UNKNOWN_NO_CUSTOMER_VERBATIM_OR_SENTIMENT_LABEL,FEEDBACK_NOT_OBSERVED
7237,7238,5,HIGH_REPORTED,UNKNOWN_NO_CUSTOMER_VERBATIM_OR_SENTIMENT_LABEL,KEEP_OBSERVED_SCORE
7238,7239,,UNOBSERVED,UNKNOWN_NO_CUSTOMER_VERBATIM_OR_SENTIMENT_LABEL,FEEDBACK_NOT_OBSERVED
7239,7240,4,HIGH_REPORTED,UNKNOWN_NO_CUSTOMER_VERBATIM_OR_SENTIMENT_LABEL,KEEP_OBSERVED_SCORE
7240,7241,,UNOBSERVED,UNKNOWN_NO_CUSTOMER_VERBATIM_OR_SENTIMENT_LABEL,FEEDBACK_NOT_OBSERVED
7241,7242,5,HIGH_REPORTED,UNKNOWN_NO_CUSTOMER_VERBATIM_OR_SENTIMENT_LABEL,KEEP_OBSERVED_SCORE
7242,7243,,UNOBSERVED,UNKNOWN_NO_CUSTOMER_VERBATIM_OR_SENTIMENT_LABEL,FEEDBACK_NOT_OBSERVED
7243,7244,,UNOBSERVED,UNKNOWN_NO_CUSTOMER_VERBATIM_OR_SENTIMENT_LABEL,FEEDBACK_NOT_OBSERVED
7244,7245,,UNOBSERVED,UNKNOWN_NO_CUSTOMER_VERBATIM_OR_SENTIMENT_LABEL,FEEDBACK_NOT_OBSERVED
7245,7246,2,LOW_REPORTED,UNKNOWN_NO_CUSTOMER_VERBATIM_OR_SENTIMENT_LABEL,REVIEW_REPORTED_LOW_CSAT
7246,7247,,UNOBSERVED,UNKNOWN_NO_CUSTOMER_VERBATIM_OR_SENTIMENT_LABEL,FEEDBACK_NOT_OBSERVED
7247,7248,,UNOBSERVED,UNKNOWN_NO_CUSTOMER_VERBATIM_OR_SENTIMENT_LABEL,FEEDBACK_NOT_OBSERVED
7248,7249,,UNOBSERVED,UNKNOWN_NO_CUSTOMER_VERBATIM_OR_SENTIMENT_LABEL,FEEDBACK_NOT_OBSERVED
7249,7250,4,HIGH_REPORTED,UNKNOWN_NO_CUSTOMER_VERBATIM_OR_SENTIMENT_LABEL,KEEP_OBSERVED_SCORE
7250,7251,,UNOBSERVED,UNKNOWN_NO_CUSTOMER_VERBATIM_OR_SENTIMENT_LABEL,FEEDBACK_NOT_OBSERVED
7251,7252,,UNOBSERVED,UNKNOWN_NO_CUSTOMER_VERBATIM_OR_SENTIMENT_LABEL,FEEDBACK_NOT_OBSERVED
7252,7253,,UNOBSERVED,UNKNOWN_NO_CUSTOMER_VERBATIM_OR_SENTIMENT_LABEL,FEEDBACK_NOT_OBSERVED
7253,7254,,UNOBSERVED,UNKNOWN_NO_CUSTOMER_VERBATIM_OR_SENTIMENT_LABEL,FEEDBACK_NOT_OBSERVED
7254,7255,,UNOBSERVED,UNKNOWN_NO_CUSTOMER_VERBATIM_OR_SENTIMENT_LABEL,FEEDBACK_NOT_OBSERVED
7255,7256,,UNOBSERVED,UNKNOWN_NO_CUSTOMER_VERBATIM_OR_SENTIMENT_LABEL,FEEDBACK_NOT_OBSERVED
7256,7257,,UNOBSERVED,UNKNOWN_NO_CUSTOMER_VERBATIM_OR_SENTIMENT_LABEL,FEEDBACK_NOT_OBSERVED
7257,7258,,UNOBSERVED,UNKNOWN_NO_CUSTOMER_VERBATIM_OR_SENTIMENT_LABEL,FEEDBACK_NOT_OBSERVED
7258,7259,,UNOBSERVED,UNKNOWN_NO_CUSTOMER_VERBATIM_OR_SENTIMENT_LABEL,FEEDBACK_NOT_OBSERVED
7259,7260,,UNOBSERVED,UNKNOWN_NO_CUSTOMER_VERBATIM_OR_SENTIMENT_LABEL,FEEDBACK_NOT_OBSERVED
7260,7261,,UNOBSERVED,UNKNOWN_NO_CUSTOMER_VERBATIM_OR_SENTIMENT_LABEL,FEEDBACK_NOT_OBSERVED
7261,7262,,UNOBSERVED,UNKNOWN_NO_CUSTOMER_VERBATIM_OR_SENTIMENT_LABEL,FEEDBACK_NOT_OBSERVED
7262,7263,,UNOBSERVED,UNKNOWN_NO_CUSTOMER_VERBATIM_OR_SENTIMENT_LABEL,FEEDBACK_NOT_OBSERVED
7263,7264,,UNOBSERVED,UNKNOWN_NO_CUSTOMER_VERBATIM_OR_SENTIMENT_LABEL,FEEDBACK_NOT_OBSERVED
7264,7265,2,LOW_REPORTED,UNKNOWN_NO_CUSTOMER_VERBATIM_OR_SENTIMENT_LABEL,REVIEW_REPORTED_LOW_CSAT
7265,7266,,UNOBSERVED,UNKNOWN_NO_CUSTOMER_VERBATIM_OR_SENTIMENT_LABEL,FEEDBACK_NOT_OBSERVED
7266,7267,3,MIDDLE_REPORTED,UNKNOWN_NO_CUSTOMER_VERBATIM_OR_SENTIMENT_LABEL,KEEP_OBSERVED_SCORE
7267,7268,,UNOBSERVED,UNKNOWN_NO_CUSTOMER_VERBATIM_OR_SENTIMENT_LABEL,FEEDBACK_NOT_OBSERVED
7268,7269,,UNOBSERVED,UNKNOWN_NO_CUSTOMER_VERBATIM_OR_SENTIMENT_LABEL,FEEDBACK_NOT_OBSERVED
7269,7270,,UNOBSERVED,UNKNOWN_NO_CUSTOMER_VERBATIM_OR_SENTIMENT_LABEL,FEEDBACK_NOT_OBSERVED
7270,7271,,UNOBSERVED,UNKNOWN_NO_CUSTOMER_VERBATIM_OR_SENTIMENT_LABEL,FEEDBACK_NOT_OBSERVED
7271,7272,,UNOBSERVED,UNKNOWN_NO_CUSTOMER_VERBATIM_OR_SENTIMENT_LABEL,FEEDBACK_NOT_OBSERVED
7272,7273,,UNOBSERVED,UNKNOWN_NO_CUSTOMER_VERBATIM_OR_SENTIMENT_LABEL,FEEDBACK_NOT_OBSERVED
7273,7274,,UNOBSERVED,UNKNOWN_NO_CUSTOMER_VERBATIM_OR_SENTIMENT_LABEL,FEEDBACK_NOT_OBSERVED
7274,7275,,UNOBSERVED,UNKNOWN_NO_CUSTOMER_VERBATIM_OR_SENTIMENT_LABEL,FEEDBACK_NOT_OBSERVED
7275,7276,,UNOBSERVED,UNKNOWN_NO_CUSTOMER_VERBATIM_OR_SENTIMENT_LABEL,FEEDBACK_NOT_OBSERVED
7276,7277,,UNOBSERVED,UNKNOWN_NO_CUSTOMER_VERBATIM_OR_SENTIMENT_LABEL,FEEDBACK_NOT_OBSERVED
7277,7278,,UNOBSERVED,UNKNOWN_NO_CUSTOMER_VERBATIM_OR_SENTIMENT_LABEL,FEEDBACK_NOT_OBSERVED
7278,7279,,UNOBSERVED,UNKNOWN_NO_CUSTOMER_VERBATIM_OR_SENTIMENT_LABEL,FEEDBACK_NOT_OBSERVED
7279,7280,,UNOBSERVED,UNKNOWN_NO_CUSTOMER_VERBATIM_OR_SENTIMENT_LABEL,FEEDBACK_NOT_OBSERVED
7280,7281,1,LOW_REPORTED,UNKNOWN_NO_CUSTOMER_VERBATIM_OR_SENTIMENT_LABEL,REVIEW_REPORTED_LOW_CSAT
7281,7282,5,HIGH_REPORTED,UNKNOWN_NO_CUSTOMER_VERBATIM_OR_SENTIMENT_LABEL,KEEP_OBSERVED_SCORE
7282,7283,,UNOBSERVED,UNKNOWN_NO_CUSTOMER_VERBATIM_OR_SENTIMENT_LABEL,FEEDBACK_NOT_OBSERVED
7283,7284,,UNOBSERVED,UNKNOWN_NO_CUSTOMER_VERBATIM_OR_SENTIMENT_LABEL,FEEDBACK_NOT_OBSERVED
7284,7285,,UNOBSERVED,UNKNOWN_NO_CUSTOMER_VERBATIM_OR_SENTIMENT_LABEL,FEEDBACK_NOT_OBSERVED
7285,7286,5,HIGH_REPORTED,UNKNOWN_NO_CUSTOMER_VERBATIM_OR_SENTIMENT_LABEL,KEEP_OBSERVED_SCORE
7286,7287,,UNOBSERVED,UNKNOWN_NO_CUSTOMER_VERBATIM_OR_SENTIMENT_LABEL,FEEDBACK_NOT_OBSERVED
7287,7288,,UNOBSERVED,UNKNOWN_NO_CUSTOMER_VERBATIM_OR_SENTIMENT_LABEL,FEEDBACK_NOT_OBSERVED
7288,7289,,UNOBSERVED,UNKNOWN_NO_CUSTOMER_VERBATIM_OR_SENTIMENT_LABEL,FEEDBACK_NOT_OBSERVED
7289,7290,,UNOBSERVED,UNKNOWN_NO_CUSTOMER_VERBATIM_OR_SENTIMENT_LABEL,FEEDBACK_NOT_OBSERVED
7290,7291,,UNOBSERVED,UNKNOWN_NO_CUSTOMER_VERBATIM_OR_SENTIMENT_LABEL,FEEDBACK_NOT_OBSERVED
7291,7292,,UNOBSERVED,UNKNOWN_NO_CUSTOMER_VERBATIM_OR_SENTIMENT_LABEL,FEEDBACK_NOT_OBSERVED
7292,7293,,UNOBSERVED,UNKNOWN_NO_CUSTOMER_VERBATIM_OR_SENTIMENT_LABEL,FEEDBACK_NOT_OBSERVED
7293,7294,,UNOBSERVED,UNKNOWN_NO_CUSTOMER_VERBATIM_OR_SENTIMENT_LABEL,FEEDBACK_NOT_OBSERVED
7294,7295,,UNOBSERVED,UNKNOWN_NO_CUSTOMER_VERBATIM_OR_SENTIMENT_LABEL,FEEDBACK_NOT_OBSERVED
7295,7296,,UNOBSERVED,UNKNOWN_NO_CUSTOMER_VERBATIM_OR_SENTIMENT_LABEL,FEEDBACK_NOT_OBSERVED
7296,7297,,UNOBSERVED,UNKNOWN_NO_CUSTOMER_VERBATIM_OR_SENTIMENT_LABEL,FEEDBACK_NOT_OBSERVED
7297,7298,1,LOW_REPORTED,UNKNOWN_NO_CUSTOMER_VERBATIM_OR_SENTIMENT_LABEL,REVIEW_REPORTED_LOW_CSAT
7298,7299,,UNOBSERVED,UNKNOWN_NO_CUSTOMER_VERBATIM_OR_SENTIMENT_LABEL,FEEDBACK_NOT_OBSERVED
7299,7300,,UNOBSERVED,UNKNOWN_NO_CUSTOMER_VERBATIM_OR_SENTIMENT_LABEL,FEEDBACK_NOT_OBSERVED
7300,7301,4,HIGH_REPORTED,UNKNOWN_NO_CUSTOMER_VERBATIM_OR_SENTIMENT_LABEL,KEEP_OBSERVED_SCORE
7301,7302,,UNOBSERVED,UNKNOWN_NO_CUSTOMER_VERBATIM_OR_SENTIMENT_LABEL,FEEDBACK_NOT_OBSERVED
7302,7303,4,HIGH_REPORTED,UNKNOWN_NO_CUSTOMER_VERBATIM_OR_SENTIMENT_LABEL,KEEP_OBSERVED_SCORE
7303,7304,1,LOW_REPORTED,UNKNOWN_NO_CUSTOMER_VERBATIM_OR_SENTIMENT_LABEL,REVIEW_REPORTED_LOW_CSAT
7304,7305,,UNOBSERVED,UNKNOWN_NO_CUSTOMER_VERBATIM_OR_SENTIMENT_LABEL,FEEDBACK_NOT_OBSERVED
7305,7306,,UNOBSERVED,UNKNOWN_NO_CUSTOMER_VERBATIM_OR_SENTIMENT_LABEL,FEEDBACK_NOT_OBSERVED
7306,7307,,UNOBSERVED,UNKNOWN_NO_CUSTOMER_VERBATIM_OR_SENTIMENT_LABEL,FEEDBACK_NOT_OBSERVED
7307,7308,,UNOBSERVED,UNKNOWN_NO_CUSTOMER_VERBATIM_OR_SENTIMENT_LABEL,FEEDBACK_NOT_OBSERVED
7308,7309,,UNOBSERVED,UNKNOWN_NO_CUSTOMER_VERBATIM_OR_SENTIMENT_LABEL,FEEDBACK_NOT_OBSERVED
7309,7310,,UNOBSERVED,UNKNOWN_NO_CUSTOMER_VERBATIM_OR_SENTIMENT_LABEL,FEEDBACK_NOT_OBSERVED
7310,7311,4,HIGH_REPORTED,UNKNOWN_NO_CUSTOMER_VERBATIM_OR_SENTIMENT_LABEL,KEEP_OBSERVED_SCORE
7311,7312,,UNOBSERVED,UNKNOWN_NO_CUSTOMER_VERBATIM_OR_SENTIMENT_LABEL,FEEDBACK_NOT_OBSERVED
7312,7313,,UNOBSERVED,UNKNOWN_NO_CUSTOMER_VERBATIM_OR_SENTIMENT_LABEL,FEEDBACK_NOT_OBSERVED
7313,7314,,UNOBSERVED,UNKNOWN_NO_CUSTOMER_VERBATIM_OR_SENTIMENT_LABEL,FEEDBACK_NOT_OBSERVED
7314,7315,,UNOBSERVED,UNKNOWN_NO_CUSTOMER_VERBATIM_OR_SENTIMENT_LABEL,FEEDBACK_NOT_OBSERVED
7315,7316,3,MIDDLE_REPORTED,UNKNOWN_NO_CUSTOMER_VERBATIM_OR_SENTIMENT_LABEL,KEEP_OBSERVED_SCORE
7316,7317,,UNOBSERVED,UNKNOWN_NO_CUSTOMER_VERBATIM_OR_SENTIMENT_LABEL,FEEDBACK_NOT_OBSERVED
7317,7318,,UNOBSERVED,UNKNOWN_NO_CUSTOMER_VERBATIM_OR_SENTIMENT_LABEL,FEEDBACK_NOT_OBSERVED
7318,7319,1,LOW_REPORTED,UNKNOWN_NO_CUSTOMER_VERBATIM_OR_SENTIMENT_LABEL,REVIEW_REPORTED_LOW_CSAT
7319,7320,2,LOW_REPORTED,UNKNOWN_NO_CUSTOMER_VERBATIM_OR_SENTIMENT_LABEL,REVIEW_REPORTED_LOW_CSAT
7320,7321,4,HIGH_REPORTED,UNKNOWN_NO_CUSTOMER_VERBATIM_OR_SENTIMENT_LABEL,KEEP_OBSERVED_SCORE
7321,7322,,UNOBSERVED,UNKNOWN_NO_CUSTOMER_VERBATIM_OR_SENTIMENT_LABEL,FEEDBACK_NOT_OBSERVED
7322,7323,,UNOBSERVED,UNKNOWN_NO_CUSTOMER_VERBATIM_OR_SENTIMENT_LABEL,FEEDBACK_NOT_OBSERVED
7323,7324,,UNOBSERVED,UNKNOWN_NO_CUSTOMER_VERBATIM_OR_SENTIMENT_LABEL,FEEDBACK_NOT_OBSERVED
7324,7325,,UNOBSERVED,UNKNOWN_NO_CUSTOMER_VERBATIM_OR_SENTIMENT_LABEL,FEEDBACK_NOT_OBSERVED
7325,7326,4,HIGH_REPORTED,UNKNOWN_NO_CUSTOMER_VERBATIM_OR_SENTIMENT_LABEL,KEEP_OBSERVED_SCORE
7326,7327,2,LOW_REPORTED,UNKNOWN_NO_CUSTOMER_VERBATIM_OR_SENTIMENT_LABEL,REVIEW_REPORTED_LOW_CSAT
7327,7328,4,HIGH_REPORTED,UNKNOWN_NO_CUSTOMER_VERBATIM_OR_SENTIMENT_LABEL,KEEP_OBSERVED_SCORE
7328,7329,1,LOW_REPORTED,UNKNOWN_NO_CUSTOMER_VERBATIM_OR_SENTIMENT_LABEL,REVIEW_REPORTED_LOW_CSAT
7329,7330,1,LOW_REPORTED,UNKNOWN_NO_CUSTOMER_VERBATIM_OR_SENTIMENT_LABEL,REVIEW_REPORTED_LOW_CSAT
7330,7331,,UNOBSERVED,UNKNOWN_NO_CUSTOMER_VERBATIM_OR_SENTIMENT_LABEL,FEEDBACK_NOT_OBSERVED
7331,7332,2,LOW_REPORTED,UNKNOWN_NO_CUSTOMER_VERBATIM_OR_SENTIMENT_LABEL,REVIEW_REPORTED_LOW_CSAT
7332,7333,2,LOW_REPORTED,UNKNOWN_NO_CUSTOMER_VERBATIM_OR_SENTIMENT_LABEL,REVIEW_REPORTED_LOW_CSAT
7333,7334,5,HIGH_REPORTED,UNKNOWN_NO_CUSTOMER_VERBATIM_OR_SENTIMENT_LABEL,KEEP_OBSERVED_SCORE
7334,7335,3,MIDDLE_REPORTED,UNKNOWN_NO_CUSTOMER_VERBATIM_OR_SENTIMENT_LABEL,KEEP_OBSERVED_SCORE
7335,7336,4,HIGH_REPORTED,UNKNOWN_NO_CUSTOMER_VERBATIM_OR_SENTIMENT_LABEL,KEEP_OBSERVED_SCORE
7336,7337,,UNOBSERVED,UNKNOWN_NO_CUSTOMER_VERBATIM_OR_SENTIMENT_LABEL,FEEDBACK_NOT_OBSERVED
7337,7338,,UNOBSERVED,UNKNOWN_NO_CUSTOMER_VERBATIM_OR_SENTIMENT_LABEL,FEEDBACK_NOT_OBSERVED
7338,7339,,UNOBSERVED,UNKNOWN_NO_CUSTOMER_VERBATIM_OR_SENTIMENT_LABEL,FEEDBACK_NOT_OBSERVED
7339,7340,,UNOBSERVED,UNKNOWN_NO_CUSTOMER_VERBATIM_OR_SENTIMENT_LABEL,FEEDBACK_NOT_OBSERVED
7340,7341,3,MIDDLE_REPORTED,UNKNOWN_NO_CUSTOMER_VERBATIM_OR_SENTIMENT_LABEL,KEEP_OBSERVED_SCORE
7341,7342,1,LOW_REPORTED,UNKNOWN_NO_CUSTOMER_VERBATIM_OR_SENTIMENT_LABEL,REVIEW_REPORTED_LOW_CSAT
7342,7343,5,HIGH_REPORTED,UNKNOWN_NO_CUSTOMER_VERBATIM_OR_SENTIMENT_LABEL,KEEP_OBSERVED_SCORE
7343,7344,5,HIGH_REPORTED,UNKNOWN_NO_CUSTOMER_VERBATIM_OR_SENTIMENT_LABEL,KEEP_OBSERVED_SCORE
7344,7345,,UNOBSERVED,UNKNOWN_NO_CUSTOMER_VERBATIM_OR_SENTIMENT_LABEL,FEEDBACK_NOT_OBSERVED
7345,7346,,UNOBSERVED,UNKNOWN_NO_CUSTOMER_VERBATIM_OR_SENTIMENT_LABEL,FEEDBACK_NOT_OBSERVED
7346,7347,,UNOBSERVED,UNKNOWN_NO_CUSTOMER_VERBATIM_OR_SENTIMENT_LABEL,FEEDBACK_NOT_OBSERVED
7347,7348,,UNOBSERVED,UNKNOWN_NO_CUSTOMER_VERBATIM_OR_SENTIMENT_LABEL,FEEDBACK_NOT_OBSERVED
7348,7349,,UNOBSERVED,UNKNOWN_NO_CUSTOMER_VERBATIM_OR_SENTIMENT_LABEL,FEEDBACK_NOT_OBSERVED
7349,7350,,UNOBSERVED,UNKNOWN_NO_CUSTOMER_VERBATIM_OR_SENTIMENT_LABEL,FEEDBACK_NOT_OBSERVED
7350,7351,5,HIGH_REPORTED,UNKNOWN_NO_CUSTOMER_VERBATIM_OR_SENTIMENT_LABEL,KEEP_OBSERVED_SCORE
7351,7352,4,HIGH_REPORTED,UNKNOWN_NO_CUSTOMER_VERBATIM_OR_SENTIMENT_LABEL,KEEP_OBSERVED_SCORE
7352,7353,,UNOBSERVED,UNKNOWN_NO_CUSTOMER_VERBATIM_OR_SENTIMENT_LABEL,FEEDBACK_NOT_OBSERVED
7353,7354,,UNOBSERVED,UNKNOWN_NO_CUSTOMER_VERBATIM_OR_SENTIMENT_LABEL,FEEDBACK_NOT_OBSERVED
7354,7355,,UNOBSERVED,UNKNOWN_NO_CUSTOMER_VERBATIM_OR_SENTIMENT_LABEL,FEEDBACK_NOT_OBSERVED
7355,7356,,UNOBSERVED,UNKNOWN_NO_CUSTOMER_VERBATIM_OR_SENTIMENT_LABEL,FEEDBACK_NOT_OBSERVED
7356,7357,,UNOBSERVED,UNKNOWN_NO_CUSTOMER_VERBATIM_OR_SENTIMENT_LABEL,FEEDBACK_NOT_OBSERVED
7357,7358,5,HIGH_REPORTED,UNKNOWN_NO_CUSTOMER_VERBATIM_OR_SENTIMENT_LABEL,KEEP_OBSERVED_SCORE
7358,7359,,UNOBSERVED,UNKNOWN_NO_CUSTOMER_VERBATIM_OR_SENTIMENT_LABEL,FEEDBACK_NOT_OBSERVED
7359,7360,1,LOW_REPORTED,UNKNOWN_NO_CUSTOMER_VERBATIM_OR_SENTIMENT_LABEL,REVIEW_REPORTED_LOW_CSAT
7360,7361,3,MIDDLE_REPORTED,UNKNOWN_NO_CUSTOMER_VERBATIM_OR_SENTIMENT_LABEL,KEEP_OBSERVED_SCORE
7361,7362,,UNOBSERVED,UNKNOWN_NO_CUSTOMER_VERBATIM_OR_SENTIMENT_LABEL,FEEDBACK_NOT_OBSERVED
7362,7363,,UNOBSERVED,UNKNOWN_NO_CUSTOMER_VERBATIM_OR_SENTIMENT_LABEL,FEEDBACK_NOT_OBSERVED
7363,7364,,UNOBSERVED,UNKNOWN_NO_CUSTOMER_VERBATIM_OR_SENTIMENT_LABEL,FEEDBACK_NOT_OBSERVED
7364,7365,,UNOBSERVED,UNKNOWN_NO_CUSTOMER_VERBATIM_OR_SENTIMENT_LABEL,FEEDBACK_NOT_OBSERVED
7365,7366,,UNOBSERVED,UNKNOWN_NO_CUSTOMER_VERBATIM_OR_SENTIMENT_LABEL,FEEDBACK_NOT_OBSERVED
7366,7367,1,LOW_REPORTED,UNKNOWN_NO_CUSTOMER_VERBATIM_OR_SENTIMENT_LABEL,REVIEW_REPORTED_LOW_CSAT
7367,7368,,UNOBSERVED,UNKNOWN_NO_CUSTOMER_VERBATIM_OR_SENTIMENT_LABEL,FEEDBACK_NOT_OBSERVED
7368,7369,,UNOBSERVED,UNKNOWN_NO_CUSTOMER_VERBATIM_OR_SENTIMENT_LABEL,FEEDBACK_NOT_OBSERVED
7369,7370,,UNOBSERVED,UNKNOWN_NO_CUSTOMER_VERBATIM_OR_SENTIMENT_LABEL,FEEDBACK_NOT_OBSERVED
7370,7371,,UNOBSERVED,UNKNOWN_NO_CUSTOMER_VERBATIM_OR_SENTIMENT_LABEL,FEEDBACK_NOT_OBSERVED
7371,7372,5,HIGH_REPORTED,UNKNOWN_NO_CUSTOMER_VERBATIM_OR_SENTIMENT_LABEL,KEEP_OBSERVED_SCORE
7372,7373,5,HIGH_REPORTED,UNKNOWN_NO_CUSTOMER_VERBATIM_OR_SENTIMENT_LABEL,KEEP_OBSERVED_SCORE
7373,7374,,UNOBSERVED,UNKNOWN_NO_CUSTOMER_VERBATIM_OR_SENTIMENT_LABEL,FEEDBACK_NOT_OBSERVED
7374,7375,5,HIGH_REPORTED,UNKNOWN_NO_CUSTOMER_VERBATIM_OR_SENTIMENT_LABEL,KEEP_OBSERVED_SCORE
7375,7376,1,LOW_REPORTED,UNKNOWN_NO_CUSTOMER_VERBATIM_OR_SENTIMENT_LABEL,REVIEW_REPORTED_LOW_CSAT
7376,7377,,UNOBSERVED,UNKNOWN_NO_CUSTOMER_VERBATIM_OR_SENTIMENT_LABEL,FEEDBACK_NOT_OBSERVED
7377,7378,,UNOBSERVED,UNKNOWN_NO_CUSTOMER_VERBATIM_OR_SENTIMENT_LABEL,FEEDBACK_NOT_OBSERVED
7378,7379,4,HIGH_REPORTED,UNKNOWN_NO_CUSTOMER_VERBATIM_OR_SENTIMENT_LABEL,KEEP_OBSERVED_SCORE
7379,7380,,UNOBSERVED,UNKNOWN_NO_CUSTOMER_VERBATIM_OR_SENTIMENT_LABEL,FEEDBACK_NOT_OBSERVED
7380,7381,,UNOBSERVED,UNKNOWN_NO_CUSTOMER_VERBATIM_OR_SENTIMENT_LABEL,FEEDBACK_NOT_OBSERVED
7381,7382,,UNOBSERVED,UNKNOWN_NO_CUSTOMER_VERBATIM_OR_SENTIMENT_LABEL,FEEDBACK_NOT_OBSERVED
7382,7383,,UNOBSERVED,UNKNOWN_NO_CUSTOMER_VERBATIM_OR_SENTIMENT_LABEL,FEEDBACK_NOT_OBSERVED
7383,7384,,UNOBSERVED,UNKNOWN_NO_CUSTOMER_VERBATIM_OR_SENTIMENT_LABEL,FEEDBACK_NOT_OBSERVED
7384,7385,,UNOBSERVED,UNKNOWN_NO_CUSTOMER_VERBATIM_OR_SENTIMENT_LABEL,FEEDBACK_NOT_OBSERVED
7385,7386,,UNOBSERVED,UNKNOWN_NO_CUSTOMER_VERBATIM_OR_SENTIMENT_LABEL,FEEDBACK_NOT_OBSERVED
7386,7387,,UNOBSERVED,UNKNOWN_NO_CUSTOMER_VERBATIM_OR_SENTIMENT_LABEL,FEEDBACK_NOT_OBSERVED
7387,7388,5,HIGH_REPORTED,UNKNOWN_NO_CUSTOMER_VERBATIM_OR_SENTIMENT_LABEL,KEEP_OBSERVED_SCORE
7388,7389,3,MIDDLE_REPORTED,UNKNOWN_NO_CUSTOMER_VERBATIM_OR_SENTIMENT_LABEL,KEEP_OBSERVED_SCORE
7389,7390,5,HIGH_REPORTED,UNKNOWN_NO_CUSTOMER_VERBATIM_OR_SENTIMENT_LABEL,KEEP_OBSERVED_SCORE
7390,7391,4,HIGH_REPORTED,UNKNOWN_NO_CUSTOMER_VERBATIM_OR_SENTIMENT_LABEL,KEEP_OBSERVED_SCORE
7391,7392,,UNOBSERVED,UNKNOWN_NO_CUSTOMER_VERBATIM_OR_SENTIMENT_LABEL,FEEDBACK_NOT_OBSERVED
7392,7393,,UNOBSERVED,UNKNOWN_NO_CUSTOMER_VERBATIM_OR_SENTIMENT_LABEL,FEEDBACK_NOT_OBSERVED
7393,7394,3,MIDDLE_REPORTED,UNKNOWN_NO_CUSTOMER_VERBATIM_OR_SENTIMENT_LABEL,KEEP_OBSERVED_SCORE
7394,7395,2,LOW_REPORTED,UNKNOWN_NO_CUSTOMER_VERBATIM_OR_SENTIMENT_LABEL,REVIEW_REPORTED_LOW_CSAT
7395,7396,,UNOBSERVED,UNKNOWN_NO_CUSTOMER_VERBATIM_OR_SENTIMENT_LABEL,FEEDBACK_NOT_OBSERVED
7396,7397,,UNOBSERVED,UNKNOWN_NO_CUSTOMER_VERBATIM_OR_SENTIMENT_LABEL,FEEDBACK_NOT_OBSERVED
7397,7398,,UNOBSERVED,UNKNOWN_NO_CUSTOMER_VERBATIM_OR_SENTIMENT_LABEL,FEEDBACK_NOT_OBSERVED
7398,7399,,UNOBSERVED,UNKNOWN_NO_CUSTOMER_VERBATIM_OR_SENTIMENT_LABEL,FEEDBACK_NOT_OBSERVED
7399,7400,2,LOW_REPORTED,UNKNOWN_NO_CUSTOMER_VERBATIM_OR_SENTIMENT_LABEL,REVIEW_REPORTED_LOW_CSAT
7400,7401,,UNOBSERVED,UNKNOWN_NO_CUSTOMER_VERBATIM_OR_SENTIMENT_LABEL,FEEDBACK_NOT_OBSERVED
7401,7402,,UNOBSERVED,UNKNOWN_NO_CUSTOMER_VERBATIM_OR_SENTIMENT_LABEL,FEEDBACK_NOT_OBSERVED
7402,7403,1,LOW_REPORTED,UNKNOWN_NO_CUSTOMER_VERBATIM_OR_SENTIMENT_LABEL,REVIEW_REPORTED_LOW_CSAT
7403,7404,4,HIGH_REPORTED,UNKNOWN_NO_CUSTOMER_VERBATIM_OR_SENTIMENT_LABEL,KEEP_OBSERVED_SCORE
7404,7405,,UNOBSERVED,UNKNOWN_NO_CUSTOMER_VERBATIM_OR_SENTIMENT_LABEL,FEEDBACK_NOT_OBSERVED
7405,7406,4,HIGH_REPORTED,UNKNOWN_NO_CUSTOMER_VERBATIM_OR_SENTIMENT_LABEL,KEEP_OBSERVED_SCORE
7406,7407,1,LOW_REPORTED,UNKNOWN_NO_CUSTOMER_VERBATIM_OR_SENTIMENT_LABEL,REVIEW_REPORTED_LOW_CSAT
7407,7408,,UNOBSERVED,UNKNOWN_NO_CUSTOMER_VERBATIM_OR_SENTIMENT_LABEL,FEEDBACK_NOT_OBSERVED
7408,7409,,UNOBSERVED,UNKNOWN_NO_CUSTOMER_VERBATIM_OR_SENTIMENT_LABEL,FEEDBACK_NOT_OBSERVED
7409,7410,1,LOW_REPORTED,UNKNOWN_NO_CUSTOMER_VERBATIM_OR_SENTIMENT_LABEL,REVIEW_REPORTED_LOW_CSAT
7410,7411,,UNOBSERVED,UNKNOWN_NO_CUSTOMER_VERBATIM_OR_SENTIMENT_LABEL,FEEDBACK_NOT_OBSERVED
7411,7412,,UNOBSERVED,UNKNOWN_NO_CUSTOMER_VERBATIM_OR_SENTIMENT_LABEL,FEEDBACK_NOT_OBSERVED
7412,7413,,UNOBSERVED,UNKNOWN_NO_CUSTOMER_VERBATIM_OR_SENTIMENT_LABEL,FEEDBACK_NOT_OBSERVED
7413,7414,2,LOW_REPORTED,UNKNOWN_NO_CUSTOMER_VERBATIM_OR_SENTIMENT_LABEL,REVIEW_REPORTED_LOW_CSAT
7414,7415,,UNOBSERVED,UNKNOWN_NO_CUSTOMER_VERBATIM_OR_SENTIMENT_LABEL,FEEDBACK_NOT_OBSERVED
7415,7416,,UNOBSERVED,UNKNOWN_NO_CUSTOMER_VERBATIM_OR_SENTIMENT_LABEL,FEEDBACK_NOT_OBSERVED
7416,7417,,UNOBSERVED,UNKNOWN_NO_CUSTOMER_VERBATIM_OR_SENTIMENT_LABEL,FEEDBACK_NOT_OBSERVED
7417,7418,,UNOBSERVED,UNKNOWN_NO_CUSTOMER_VERBATIM_OR_SENTIMENT_LABEL,FEEDBACK_NOT_OBSERVED
7418,7419,,UNOBSERVED,UNKNOWN_NO_CUSTOMER_VERBATIM_OR_SENTIMENT_LABEL,FEEDBACK_NOT_OBSERVED
7419,7420,,UNOBSERVED,UNKNOWN_NO_CUSTOMER_VERBATIM_OR_SENTIMENT_LABEL,FEEDBACK_NOT_OBSERVED
7420,7421,3,MIDDLE_REPORTED,UNKNOWN_NO_CUSTOMER_VERBATIM_OR_SENTIMENT_LABEL,KEEP_OBSERVED_SCORE
7421,7422,,UNOBSERVED,UNKNOWN_NO_CUSTOMER_VERBATIM_OR_SENTIMENT_LABEL,FEEDBACK_NOT_OBSERVED
7422,7423,,UNOBSERVED,UNKNOWN_NO_CUSTOMER_VERBATIM_OR_SENTIMENT_LABEL,FEEDBACK_NOT_OBSERVED
7423,7424,,UNOBSERVED,UNKNOWN_NO_CUSTOMER_VERBATIM_OR_SENTIMENT_LABEL,FEEDBACK_NOT_OBSERVED
7424,7425,,UNOBSERVED,UNKNOWN_NO_CUSTOMER_VERBATIM_OR_SENTIMENT_LABEL,FEEDBACK_NOT_OBSERVED
7425,7426,,UNOBSERVED,UNKNOWN_NO_CUSTOMER_VERBATIM_OR_SENTIMENT_LABEL,FEEDBACK_NOT_OBSERVED
7426,7427,,UNOBSERVED,UNKNOWN_NO_CUSTOMER_VERBATIM_OR_SENTIMENT_LABEL,FEEDBACK_NOT_OBSERVED
7427,7428,,UNOBSERVED,UNKNOWN_NO_CUSTOMER_VERBATIM_OR_SENTIMENT_LABEL,FEEDBACK_NOT_OBSERVED
7428,7429,,UNOBSERVED,UNKNOWN_NO_CUSTOMER_VERBATIM_OR_SENTIMENT_LABEL,FEEDBACK_NOT_OBSERVED
7429,7430,5,HIGH_REPORTED,UNKNOWN_NO_CUSTOMER_VERBATIM_OR_SENTIMENT_LABEL,KEEP_OBSERVED_SCORE
7430,7431,,UNOBSERVED,UNKNOWN_NO_CUSTOMER_VERBATIM_OR_SENTIMENT_LABEL,FEEDBACK_NOT_OBSERVED
7431,7432,4,HIGH_REPORTED,UNKNOWN_NO_CUSTOMER_VERBATIM_OR_SENTIMENT_LABEL,KEEP_OBSERVED_SCORE
7432,7433,1,LOW_REPORTED,UNKNOWN_NO_CUSTOMER_VERBATIM_OR_SENTIMENT_LABEL,REVIEW_REPORTED_LOW_CSAT
7433,7434,,UNOBSERVED,UNKNOWN_NO_CUSTOMER_VERBATIM_OR_SENTIMENT_LABEL,FEEDBACK_NOT_OBSERVED
7434,7435,1,LOW_REPORTED,UNKNOWN_NO_CUSTOMER_VERBATIM_OR_SENTIMENT_LABEL,REVIEW_REPORTED_LOW_CSAT
7435,7436,,UNOBSERVED,UNKNOWN_NO_CUSTOMER_VERBATIM_OR_SENTIMENT_LABEL,FEEDBACK_NOT_OBSERVED
7436,7437,,UNOBSERVED,UNKNOWN_NO_CUSTOMER_VERBATIM_OR_SENTIMENT_LABEL,FEEDBACK_NOT_OBSERVED
7437,7438,,UNOBSERVED,UNKNOWN_NO_CUSTOMER_VERBATIM_OR_SENTIMENT_LABEL,FEEDBACK_NOT_OBSERVED
7438,7439,,UNOBSERVED,UNKNOWN_NO_CUSTOMER_VERBATIM_OR_SENTIMENT_LABEL,FEEDBACK_NOT_OBSERVED
7439,7440,,UNOBSERVED,UNKNOWN_NO_CUSTOMER_VERBATIM_OR_SENTIMENT_LABEL,FEEDBACK_NOT_OBSERVED
7440,7441,,UNOBSERVED,UNKNOWN_NO_CUSTOMER_VERBATIM_OR_SENTIMENT_LABEL,FEEDBACK_NOT_OBSERVED
7441,7442,1,LOW_REPORTED,UNKNOWN_NO_CUSTOMER_VERBATIM_OR_SENTIMENT_LABEL,REVIEW_REPORTED_LOW_CSAT
7442,7443,,UNOBSERVED,UNKNOWN_NO_CUSTOMER_VERBATIM_OR_SENTIMENT_LABEL,FEEDBACK_NOT_OBSERVED
7443,7444,,UNOBSERVED,UNKNOWN_NO_CUSTOMER_VERBATIM_OR_SENTIMENT_LABEL,FEEDBACK_NOT_OBSERVED
7444,7445,,UNOBSERVED,UNKNOWN_NO_CUSTOMER_VERBATIM_OR_SENTIMENT_LABEL,FEEDBACK_NOT_OBSERVED
7445,7446,3,MIDDLE_REPORTED,UNKNOWN_NO_CUSTOMER_VERBATIM_OR_SENTIMENT_LABEL,KEEP_OBSERVED_SCORE
7446,7447,,UNOBSERVED,UNKNOWN_NO_CUSTOMER_VERBATIM_OR_SENTIMENT_LABEL,FEEDBACK_NOT_OBSERVED
7447,7448,,UNOBSERVED,UNKNOWN_NO_CUSTOMER_VERBATIM_OR_SENTIMENT_LABEL,FEEDBACK_NOT_OBSERVED
7448,7449,,UNOBSERVED,UNKNOWN_NO_CUSTOMER_VERBATIM_OR_SENTIMENT_LABEL,FEEDBACK_NOT_OBSERVED
7449,7450,2,LOW_REPORTED,UNKNOWN_NO_CUSTOMER_VERBATIM_OR_SENTIMENT_LABEL,REVIEW_REPORTED_LOW_CSAT
7450,7451,2,LOW_REPORTED,UNKNOWN_NO_CUSTOMER_VERBATIM_OR_SENTIMENT_LABEL,REVIEW_REPORTED_LOW_CSAT
7451,7452,,UNOBSERVED,UNKNOWN_NO_CUSTOMER_VERBATIM_OR_SENTIMENT_LABEL,FEEDBACK_NOT_OBSERVED
7452,7453,,UNOBSERVED,UNKNOWN_NO_CUSTOMER_VERBATIM_OR_SENTIMENT_LABEL,FEEDBACK_NOT_OBSERVED
7453,7454,,UNOBSERVED,UNKNOWN_NO_CUSTOMER_VERBATIM_OR_SENTIMENT_LABEL,FEEDBACK_NOT_OBSERVED
7454,7455,3,MIDDLE_REPORTED,UNKNOWN_NO_CUSTOMER_VERBATIM_OR_SENTIMENT_LABEL,KEEP_OBSERVED_SCORE
7455,7456,,UNOBSERVED,UNKNOWN_NO_CUSTOMER_VERBATIM_OR_SENTIMENT_LABEL,FEEDBACK_NOT_OBSERVED
7456,7457,,UNOBSERVED,UNKNOWN_NO_CUSTOMER_VERBATIM_OR_SENTIMENT_LABEL,FEEDBACK_NOT_OBSERVED
7457,7458,4,HIGH_REPORTED,UNKNOWN_NO_CUSTOMER_VERBATIM_OR_SENTIMENT_LABEL,KEEP_OBSERVED_SCORE
7458,7459,,UNOBSERVED,UNKNOWN_NO_CUSTOMER_VERBATIM_OR_SENTIMENT_LABEL,FEEDBACK_NOT_OBSERVED
7459,7460,,UNOBSERVED,UNKNOWN_NO_CUSTOMER_VERBATIM_OR_SENTIMENT_LABEL,FEEDBACK_NOT_OBSERVED
7460,7461,,UNOBSERVED,UNKNOWN_NO_CUSTOMER_VERBATIM_OR_SENTIMENT_LABEL,FEEDBACK_NOT_OBSERVED
7461,7462,,UNOBSERVED,UNKNOWN_NO_CUSTOMER_VERBATIM_OR_SENTIMENT_LABEL,FEEDBACK_NOT_OBSERVED
7462,7463,,UNOBSERVED,UNKNOWN_NO_CUSTOMER_VERBATIM_OR_SENTIMENT_LABEL,FEEDBACK_NOT_OBSERVED
7463,7464,,UNOBSERVED,UNKNOWN_NO_CUSTOMER_VERBATIM_OR_SENTIMENT_LABEL,FEEDBACK_NOT_OBSERVED
7464,7465,4,HIGH_REPORTED,UNKNOWN_NO_CUSTOMER_VERBATIM_OR_SENTIMENT_LABEL,KEEP_OBSERVED_SCORE
7465,7466,1,LOW_REPORTED,UNKNOWN_NO_CUSTOMER_VERBATIM_OR_SENTIMENT_LABEL,REVIEW_REPORTED_LOW_CSAT
7466,7467,,UNOBSERVED,UNKNOWN_NO_CUSTOMER_VERBATIM_OR_SENTIMENT_LABEL,FEEDBACK_NOT_OBSERVED
7467,7468,,UNOBSERVED,UNKNOWN_NO_CUSTOMER_VERBATIM_OR_SENTIMENT_LABEL,FEEDBACK_NOT_OBSERVED
7468,7469,,UNOBSERVED,UNKNOWN_NO_CUSTOMER_VERBATIM_OR_SENTIMENT_LABEL,FEEDBACK_NOT_OBSERVED
7469,7470,,UNOBSERVED,UNKNOWN_NO_CUSTOMER_VERBATIM_OR_SENTIMENT_LABEL,FEEDBACK_NOT_OBSERVED
7470,7471,,UNOBSERVED,UNKNOWN_NO_CUSTOMER_VERBATIM_OR_SENTIMENT_LABEL,FEEDBACK_NOT_OBSERVED
7471,7472,3,MIDDLE_REPORTED,UNKNOWN_NO_CUSTOMER_VERBATIM_OR_SENTIMENT_LABEL,KEEP_OBSERVED_SCORE
7472,7473,,UNOBSERVED,UNKNOWN_NO_CUSTOMER_VERBATIM_OR_SENTIMENT_LABEL,FEEDBACK_NOT_OBSERVED
7473,7474,,UNOBSERVED,UNKNOWN_NO_CUSTOMER_VERBATIM_OR_SENTIMENT_LABEL,FEEDBACK_NOT_OBSERVED
7474,7475,5,HIGH_REPORTED,UNKNOWN_NO_CUSTOMER_VERBATIM_OR_SENTIMENT_LABEL,KEEP_OBSERVED_SCORE
7475,7476,2,LOW_REPORTED,UNKNOWN_NO_CUSTOMER_VERBATIM_OR_SENTIMENT_LABEL,REVIEW_REPORTED_LOW_CSAT
7476,7477,,UNOBSERVED,UNKNOWN_NO_CUSTOMER_VERBATIM_OR_SENTIMENT_LABEL,FEEDBACK_NOT_OBSERVED
7477,7478,4,HIGH_REPORTED,UNKNOWN_NO_CUSTOMER_VERBATIM_OR_SENTIMENT_LABEL,KEEP_OBSERVED_SCORE
7478,7479,2,LOW_REPORTED,UNKNOWN_NO_CUSTOMER_VERBATIM_OR_SENTIMENT_LABEL,REVIEW_REPORTED_LOW_CSAT
7479,7480,4,HIGH_REPORTED,UNKNOWN_NO_CUSTOMER_VERBATIM_OR_SENTIMENT_LABEL,KEEP_OBSERVED_SCORE
7480,7481,5,HIGH_REPORTED,UNKNOWN_NO_CUSTOMER_VERBATIM_OR_SENTIMENT_LABEL,KEEP_OBSERVED_SCORE
7481,7482,,UNOBSERVED,UNKNOWN_NO_CUSTOMER_VERBATIM_OR_SENTIMENT_LABEL,FEEDBACK_NOT_OBSERVED
7482,7483,,UNOBSERVED,UNKNOWN_NO_CUSTOMER_VERBATIM_OR_SENTIMENT_LABEL,FEEDBACK_NOT_OBSERVED
7483,7484,,UNOBSERVED,UNKNOWN_NO_CUSTOMER_VERBATIM_OR_SENTIMENT_LABEL,FEEDBACK_NOT_OBSERVED
7484,7485,,UNOBSERVED,UNKNOWN_NO_CUSTOMER_VERBATIM_OR_SENTIMENT_LABEL,FEEDBACK_NOT_OBSERVED
7485,7486,,UNOBSERVED,UNKNOWN_NO_CUSTOMER_VERBATIM_OR_SENTIMENT_LABEL,FEEDBACK_NOT_OBSERVED
7486,7487,3,MIDDLE_REPORTED,UNKNOWN_NO_CUSTOMER_VERBATIM_OR_SENTIMENT_LABEL,KEEP_OBSERVED_SCORE
7487,7488,,UNOBSERVED,UNKNOWN_NO_CUSTOMER_VERBATIM_OR_SENTIMENT_LABEL,FEEDBACK_NOT_OBSERVED
7488,7489,1,LOW_REPORTED,UNKNOWN_NO_CUSTOMER_VERBATIM_OR_SENTIMENT_LABEL,REVIEW_REPORTED_LOW_CSAT
7489,7490,,UNOBSERVED,UNKNOWN_NO_CUSTOMER_VERBATIM_OR_SENTIMENT_LABEL,FEEDBACK_NOT_OBSERVED
7490,7491,,UNOBSERVED,UNKNOWN_NO_CUSTOMER_VERBATIM_OR_SENTIMENT_LABEL,FEEDBACK_NOT_OBSERVED
7491,7492,1,LOW_REPORTED,UNKNOWN_NO_CUSTOMER_VERBATIM_OR_SENTIMENT_LABEL,REVIEW_REPORTED_LOW_CSAT
7492,7493,,UNOBSERVED,UNKNOWN_NO_CUSTOMER_VERBATIM_OR_SENTIMENT_LABEL,FEEDBACK_NOT_OBSERVED
7493,7494,,UNOBSERVED,UNKNOWN_NO_CUSTOMER_VERBATIM_OR_SENTIMENT_LABEL,FEEDBACK_NOT_OBSERVED
7494,7495,5,HIGH_REPORTED,UNKNOWN_NO_CUSTOMER_VERBATIM_OR_SENTIMENT_LABEL,KEEP_OBSERVED_SCORE
7495,7496,2,LOW_REPORTED,UNKNOWN_NO_CUSTOMER_VERBATIM_OR_SENTIMENT_LABEL,REVIEW_REPORTED_LOW_CSAT
7496,7497,4,HIGH_REPORTED,UNKNOWN_NO_CUSTOMER_VERBATIM_OR_SENTIMENT_LABEL,KEEP_OBSERVED_SCORE
7497,7498,,UNOBSERVED,UNKNOWN_NO_CUSTOMER_VERBATIM_OR_SENTIMENT_LABEL,FEEDBACK_NOT_OBSERVED
7498,7499,,UNOBSERVED,UNKNOWN_NO_CUSTOMER_VERBATIM_OR_SENTIMENT_LABEL,FEEDBACK_NOT_OBSERVED
7499,7500,,UNOBSERVED,UNKNOWN_NO_CUSTOMER_VERBATIM_OR_SENTIMENT_LABEL,FEEDBACK_NOT_OBSERVED
7500,7501,,UNOBSERVED,UNKNOWN_NO_CUSTOMER_VERBATIM_OR_SENTIMENT_LABEL,FEEDBACK_NOT_OBSERVED
7501,7502,,UNOBSERVED,UNKNOWN_NO_CUSTOMER_VERBATIM_OR_SENTIMENT_LABEL,FEEDBACK_NOT_OBSERVED
7502,7503,4,HIGH_REPORTED,UNKNOWN_NO_CUSTOMER_VERBATIM_OR_SENTIMENT_LABEL,KEEP_OBSERVED_SCORE
7503,7504,,UNOBSERVED,UNKNOWN_NO_CUSTOMER_VERBATIM_OR_SENTIMENT_LABEL,FEEDBACK_NOT_OBSERVED
7504,7505,3,MIDDLE_REPORTED,UNKNOWN_NO_CUSTOMER_VERBATIM_OR_SENTIMENT_LABEL,KEEP_OBSERVED_SCORE
7505,7506,,UNOBSERVED,UNKNOWN_NO_CUSTOMER_VERBATIM_OR_SENTIMENT_LABEL,FEEDBACK_NOT_OBSERVED
7506,7507,2,LOW_REPORTED,UNKNOWN_NO_CUSTOMER_VERBATIM_OR_SENTIMENT_LABEL,REVIEW_REPORTED_LOW_CSAT
7507,7508,2,LOW_REPORTED,UNKNOWN_NO_CUSTOMER_VERBATIM_OR_SENTIMENT_LABEL,REVIEW_REPORTED_LOW_CSAT
7508,7509,,UNOBSERVED,UNKNOWN_NO_CUSTOMER_VERBATIM_OR_SENTIMENT_LABEL,FEEDBACK_NOT_OBSERVED
7509,7510,,UNOBSERVED,UNKNOWN_NO_CUSTOMER_VERBATIM_OR_SENTIMENT_LABEL,FEEDBACK_NOT_OBSERVED
7510,7511,3,MIDDLE_REPORTED,UNKNOWN_NO_CUSTOMER_VERBATIM_OR_SENTIMENT_LABEL,KEEP_OBSERVED_SCORE
7511,7512,,UNOBSERVED,UNKNOWN_NO_CUSTOMER_VERBATIM_OR_SENTIMENT_LABEL,FEEDBACK_NOT_OBSERVED
7512,7513,2,LOW_REPORTED,UNKNOWN_NO_CUSTOMER_VERBATIM_OR_SENTIMENT_LABEL,REVIEW_REPORTED_LOW_CSAT
7513,7514,,UNOBSERVED,UNKNOWN_NO_CUSTOMER_VERBATIM_OR_SENTIMENT_LABEL,FEEDBACK_NOT_OBSERVED
7514,7515,5,HIGH_REPORTED,UNKNOWN_NO_CUSTOMER_VERBATIM_OR_SENTIMENT_LABEL,KEEP_OBSERVED_SCORE
7515,7516,,UNOBSERVED,UNKNOWN_NO_CUSTOMER_VERBATIM_OR_SENTIMENT_LABEL,FEEDBACK_NOT_OBSERVED
7516,7517,,UNOBSERVED,UNKNOWN_NO_CUSTOMER_VERBATIM_OR_SENTIMENT_LABEL,FEEDBACK_NOT_OBSERVED
7517,7518,2,LOW_REPORTED,UNKNOWN_NO_CUSTOMER_VERBATIM_OR_SENTIMENT_LABEL,REVIEW_REPORTED_LOW_CSAT
7518,7519,,UNOBSERVED,UNKNOWN_NO_CUSTOMER_VERBATIM_OR_SENTIMENT_LABEL,FEEDBACK_NOT_OBSERVED
7519,7520,5,HIGH_REPORTED,UNKNOWN_NO_CUSTOMER_VERBATIM_OR_SENTIMENT_LABEL,KEEP_OBSERVED_SCORE
7520,7521,1,LOW_REPORTED,UNKNOWN_NO_CUSTOMER_VERBATIM_OR_SENTIMENT_LABEL,REVIEW_REPORTED_LOW_CSAT
7521,7522,5,HIGH_REPORTED,UNKNOWN_NO_CUSTOMER_VERBATIM_OR_SENTIMENT_LABEL,KEEP_OBSERVED_SCORE
7522,7523,,UNOBSERVED,UNKNOWN_NO_CUSTOMER_VERBATIM_OR_SENTIMENT_LABEL,FEEDBACK_NOT_OBSERVED
7523,7524,4,HIGH_REPORTED,UNKNOWN_NO_CUSTOMER_VERBATIM_OR_SENTIMENT_LABEL,KEEP_OBSERVED_SCORE
7524,7525,2,LOW_REPORTED,UNKNOWN_NO_CUSTOMER_VERBATIM_OR_SENTIMENT_LABEL,REVIEW_REPORTED_LOW_CSAT
7525,7526,,UNOBSERVED,UNKNOWN_NO_CUSTOMER_VERBATIM_OR_SENTIMENT_LABEL,FEEDBACK_NOT_OBSERVED
7526,7527,2,LOW_REPORTED,UNKNOWN_NO_CUSTOMER_VERBATIM_OR_SENTIMENT_LABEL,REVIEW_REPORTED_LOW_CSAT
7527,7528,,UNOBSERVED,UNKNOWN_NO_CUSTOMER_VERBATIM_OR_SENTIMENT_LABEL,FEEDBACK_NOT_OBSERVED
7528,7529,5,HIGH_REPORTED,UNKNOWN_NO_CUSTOMER_VERBATIM_OR_SENTIMENT_LABEL,KEEP_OBSERVED_SCORE
7529,7530,,UNOBSERVED,UNKNOWN_NO_CUSTOMER_VERBATIM_OR_SENTIMENT_LABEL,FEEDBACK_NOT_OBSERVED
7530,7531,,UNOBSERVED,UNKNOWN_NO_CUSTOMER_VERBATIM_OR_SENTIMENT_LABEL,FEEDBACK_NOT_OBSERVED
7531,7532,1,LOW_REPORTED,UNKNOWN_NO_CUSTOMER_VERBATIM_OR_SENTIMENT_LABEL,REVIEW_REPORTED_LOW_CSAT
7532,7533,,UNOBSERVED,UNKNOWN_NO_CUSTOMER_VERBATIM_OR_SENTIMENT_LABEL,FEEDBACK_NOT_OBSERVED
7533,7534,1,LOW_REPORTED,UNKNOWN_NO_CUSTOMER_VERBATIM_OR_SENTIMENT_LABEL,REVIEW_REPORTED_LOW_CSAT
7534,7535,,UNOBSERVED,UNKNOWN_NO_CUSTOMER_VERBATIM_OR_SENTIMENT_LABEL,FEEDBACK_NOT_OBSERVED
7535,7536,,UNOBSERVED,UNKNOWN_NO_CUSTOMER_VERBATIM_OR_SENTIMENT_LABEL,FEEDBACK_NOT_OBSERVED
7536,7537,,UNOBSERVED,UNKNOWN_NO_CUSTOMER_VERBATIM_OR_SENTIMENT_LABEL,FEEDBACK_NOT_OBSERVED
7537,7538,,UNOBSERVED,UNKNOWN_NO_CUSTOMER_VERBATIM_OR_SENTIMENT_LABEL,FEEDBACK_NOT_OBSERVED
7538,7539,3,MIDDLE_REPORTED,UNKNOWN_NO_CUSTOMER_VERBATIM_OR_SENTIMENT_LABEL,KEEP_OBSERVED_SCORE
7539,7540,,UNOBSERVED,UNKNOWN_NO_CUSTOMER_VERBATIM_OR_SENTIMENT_LABEL,FEEDBACK_NOT_OBSERVED
7540,7541,4,HIGH_REPORTED,UNKNOWN_NO_CUSTOMER_VERBATIM_OR_SENTIMENT_LABEL,KEEP_OBSERVED_SCORE
7541,7542,,UNOBSERVED,UNKNOWN_NO_CUSTOMER_VERBATIM_OR_SENTIMENT_LABEL,FEEDBACK_NOT_OBSERVED
7542,7543,1,LOW_REPORTED,UNKNOWN_NO_CUSTOMER_VERBATIM_OR_SENTIMENT_LABEL,REVIEW_REPORTED_LOW_CSAT
7543,7544,1,LOW_REPORTED,UNKNOWN_NO_CUSTOMER_VERBATIM_OR_SENTIMENT_LABEL,REVIEW_REPORTED_LOW_CSAT
7544,7545,5,HIGH_REPORTED,UNKNOWN_NO_CUSTOMER_VERBATIM_OR_SENTIMENT_LABEL,KEEP_OBSERVED_SCORE
7545,7546,,UNOBSERVED,UNKNOWN_NO_CUSTOMER_VERBATIM_OR_SENTIMENT_LABEL,FEEDBACK_NOT_OBSERVED
7546,7547,,UNOBSERVED,UNKNOWN_NO_CUSTOMER_VERBATIM_OR_SENTIMENT_LABEL,FEEDBACK_NOT_OBSERVED
7547,7548,,UNOBSERVED,UNKNOWN_NO_CUSTOMER_VERBATIM_OR_SENTIMENT_LABEL,FEEDBACK_NOT_OBSERVED
7548,7549,3,MIDDLE_REPORTED,UNKNOWN_NO_CUSTOMER_VERBATIM_OR_SENTIMENT_LABEL,KEEP_OBSERVED_SCORE
7549,7550,3,MIDDLE_REPORTED,UNKNOWN_NO_CUSTOMER_VERBATIM_OR_SENTIMENT_LABEL,KEEP_OBSERVED_SCORE
7550,7551,5,HIGH_REPORTED,UNKNOWN_NO_CUSTOMER_VERBATIM_OR_SENTIMENT_LABEL,KEEP_OBSERVED_SCORE
7551,7552,,UNOBSERVED,UNKNOWN_NO_CUSTOMER_VERBATIM_OR_SENTIMENT_LABEL,FEEDBACK_NOT_OBSERVED
7552,7553,,UNOBSERVED,UNKNOWN_NO_CUSTOMER_VERBATIM_OR_SENTIMENT_LABEL,FEEDBACK_NOT_OBSERVED
7553,7554,,UNOBSERVED,UNKNOWN_NO_CUSTOMER_VERBATIM_OR_SENTIMENT_LABEL,FEEDBACK_NOT_OBSERVED
7554,7555,,UNOBSERVED,UNKNOWN_NO_CUSTOMER_VERBATIM_OR_SENTIMENT_LABEL,FEEDBACK_NOT_OBSERVED
7555,7556,,UNOBSERVED,UNKNOWN_NO_CUSTOMER_VERBATIM_OR_SENTIMENT_LABEL,FEEDBACK_NOT_OBSERVED
7556,7557,2,LOW_REPORTED,UNKNOWN_NO_CUSTOMER_VERBATIM_OR_SENTIMENT_LABEL,REVIEW_REPORTED_LOW_CSAT
7557,7558,,UNOBSERVED,UNKNOWN_NO_CUSTOMER_VERBATIM_OR_SENTIMENT_LABEL,FEEDBACK_NOT_OBSERVED
7558,7559,4,HIGH_REPORTED,UNKNOWN_NO_CUSTOMER_VERBATIM_OR_SENTIMENT_LABEL,KEEP_OBSERVED_SCORE
7559,7560,2,LOW_REPORTED,UNKNOWN_NO_CUSTOMER_VERBATIM_OR_SENTIMENT_LABEL,REVIEW_REPORTED_LOW_CSAT
7560,7561,,UNOBSERVED,UNKNOWN_NO_CUSTOMER_VERBATIM_OR_SENTIMENT_LABEL,FEEDBACK_NOT_OBSERVED
7561,7562,,UNOBSERVED,UNKNOWN_NO_CUSTOMER_VERBATIM_OR_SENTIMENT_LABEL,FEEDBACK_NOT_OBSERVED
7562,7563,,UNOBSERVED,UNKNOWN_NO_CUSTOMER_VERBATIM_OR_SENTIMENT_LABEL,FEEDBACK_NOT_OBSERVED
7563,7564,3,MIDDLE_REPORTED,UNKNOWN_NO_CUSTOMER_VERBATIM_OR_SENTIMENT_LABEL,KEEP_OBSERVED_SCORE
7564,7565,,UNOBSERVED,UNKNOWN_NO_CUSTOMER_VERBATIM_OR_SENTIMENT_LABEL,FEEDBACK_NOT_OBSERVED
7565,7566,,UNOBSERVED,UNKNOWN_NO_CUSTOMER_VERBATIM_OR_SENTIMENT_LABEL,FEEDBACK_NOT_OBSERVED
7566,7567,,UNOBSERVED,UNKNOWN_NO_CUSTOMER_VERBATIM_OR_SENTIMENT_LABEL,FEEDBACK_NOT_OBSERVED
7567,7568,,UNOBSERVED,UNKNOWN_NO_CUSTOMER_VERBATIM_OR_SENTIMENT_LABEL,FEEDBACK_NOT_OBSERVED
7568,7569,4,HIGH_REPORTED,UNKNOWN_NO_CUSTOMER_VERBATIM_OR_SENTIMENT_LABEL,KEEP_OBSERVED_SCORE
7569,7570,5,HIGH_REPORTED,UNKNOWN_NO_CUSTOMER_VERBATIM_OR_SENTIMENT_LABEL,KEEP_OBSERVED_SCORE
7570,7571,,UNOBSERVED,UNKNOWN_NO_CUSTOMER_VERBATIM_OR_SENTIMENT_LABEL,FEEDBACK_NOT_OBSERVED
7571,7572,,UNOBSERVED,UNKNOWN_NO_CUSTOMER_VERBATIM_OR_SENTIMENT_LABEL,FEEDBACK_NOT_OBSERVED
7572,7573,,UNOBSERVED,UNKNOWN_NO_CUSTOMER_VERBATIM_OR_SENTIMENT_LABEL,FEEDBACK_NOT_OBSERVED
7573,7574,3,MIDDLE_REPORTED,UNKNOWN_NO_CUSTOMER_VERBATIM_OR_SENTIMENT_LABEL,KEEP_OBSERVED_SCORE
7574,7575,,UNOBSERVED,UNKNOWN_NO_CUSTOMER_VERBATIM_OR_SENTIMENT_LABEL,FEEDBACK_NOT_OBSERVED
7575,7576,,UNOBSERVED,UNKNOWN_NO_CUSTOMER_VERBATIM_OR_SENTIMENT_LABEL,FEEDBACK_NOT_OBSERVED
7576,7577,,UNOBSERVED,UNKNOWN_NO_CUSTOMER_VERBATIM_OR_SENTIMENT_LABEL,FEEDBACK_NOT_OBSERVED
7577,7578,2,LOW_REPORTED,UNKNOWN_NO_CUSTOMER_VERBATIM_OR_SENTIMENT_LABEL,REVIEW_REPORTED_LOW_CSAT
7578,7579,,UNOBSERVED,UNKNOWN_NO_CUSTOMER_VERBATIM_OR_SENTIMENT_LABEL,FEEDBACK_NOT_OBSERVED
7579,7580,,UNOBSERVED,UNKNOWN_NO_CUSTOMER_VERBATIM_OR_SENTIMENT_LABEL,FEEDBACK_NOT_OBSERVED
7580,7581,,UNOBSERVED,UNKNOWN_NO_CUSTOMER_VERBATIM_OR_SENTIMENT_LABEL,FEEDBACK_NOT_OBSERVED
7581,7582,2,LOW_REPORTED,UNKNOWN_NO_CUSTOMER_VERBATIM_OR_SENTIMENT_LABEL,REVIEW_REPORTED_LOW_CSAT
7582,7583,2,LOW_REPORTED,UNKNOWN_NO_CUSTOMER_VERBATIM_OR_SENTIMENT_LABEL,REVIEW_REPORTED_LOW_CSAT
7583,7584,,UNOBSERVED,UNKNOWN_NO_CUSTOMER_VERBATIM_OR_SENTIMENT_LABEL,FEEDBACK_NOT_OBSERVED
7584,7585,2,LOW_REPORTED,UNKNOWN_NO_CUSTOMER_VERBATIM_OR_SENTIMENT_LABEL,REVIEW_REPORTED_LOW_CSAT
7585,7586,,UNOBSERVED,UNKNOWN_NO_CUSTOMER_VERBATIM_OR_SENTIMENT_LABEL,FEEDBACK_NOT_OBSERVED
7586,7587,5,HIGH_REPORTED,UNKNOWN_NO_CUSTOMER_VERBATIM_OR_SENTIMENT_LABEL,KEEP_OBSERVED_SCORE
7587,7588,,UNOBSERVED,UNKNOWN_NO_CUSTOMER_VERBATIM_OR_SENTIMENT_LABEL,FEEDBACK_NOT_OBSERVED
7588,7589,,UNOBSERVED,UNKNOWN_NO_CUSTOMER_VERBATIM_OR_SENTIMENT_LABEL,FEEDBACK_NOT_OBSERVED
7589,7590,1,LOW_REPORTED,UNKNOWN_NO_CUSTOMER_VERBATIM_OR_SENTIMENT_LABEL,REVIEW_REPORTED_LOW_CSAT
7590,7591,,UNOBSERVED,UNKNOWN_NO_CUSTOMER_VERBATIM_OR_SENTIMENT_LABEL,FEEDBACK_NOT_OBSERVED
7591,7592,2,LOW_REPORTED,UNKNOWN_NO_CUSTOMER_VERBATIM_OR_SENTIMENT_LABEL,REVIEW_REPORTED_LOW_CSAT
7592,7593,2,LOW_REPORTED,UNKNOWN_NO_CUSTOMER_VERBATIM_OR_SENTIMENT_LABEL,REVIEW_REPORTED_LOW_CSAT
7593,7594,,UNOBSERVED,UNKNOWN_NO_CUSTOMER_VERBATIM_OR_SENTIMENT_LABEL,FEEDBACK_NOT_OBSERVED
7594,7595,,UNOBSERVED,UNKNOWN_NO_CUSTOMER_VERBATIM_OR_SENTIMENT_LABEL,FEEDBACK_NOT_OBSERVED
7595,7596,5,HIGH_REPORTED,UNKNOWN_NO_CUSTOMER_VERBATIM_OR_SENTIMENT_LABEL,KEEP_OBSERVED_SCORE
7596,7597,3,MIDDLE_REPORTED,UNKNOWN_NO_CUSTOMER_VERBATIM_OR_SENTIMENT_LABEL,KEEP_OBSERVED_SCORE
7597,7598,,UNOBSERVED,UNKNOWN_NO_CUSTOMER_VERBATIM_OR_SENTIMENT_LABEL,FEEDBACK_NOT_OBSERVED
7598,7599,,UNOBSERVED,UNKNOWN_NO_CUSTOMER_VERBATIM_OR_SENTIMENT_LABEL,FEEDBACK_NOT_OBSERVED
7599,7600,3,MIDDLE_REPORTED,UNKNOWN_NO_CUSTOMER_VERBATIM_OR_SENTIMENT_LABEL,KEEP_OBSERVED_SCORE
7600,7601,,UNOBSERVED,UNKNOWN_NO_CUSTOMER_VERBATIM_OR_SENTIMENT_LABEL,FEEDBACK_NOT_OBSERVED
7601,7602,5,HIGH_REPORTED,UNKNOWN_NO_CUSTOMER_VERBATIM_OR_SENTIMENT_LABEL,KEEP_OBSERVED_SCORE
7602,7603,5,HIGH_REPORTED,UNKNOWN_NO_CUSTOMER_VERBATIM_OR_SENTIMENT_LABEL,KEEP_OBSERVED_SCORE
7603,7604,,UNOBSERVED,UNKNOWN_NO_CUSTOMER_VERBATIM_OR_SENTIMENT_LABEL,FEEDBACK_NOT_OBSERVED
7604,7605,2,LOW_REPORTED,UNKNOWN_NO_CUSTOMER_VERBATIM_OR_SENTIMENT_LABEL,REVIEW_REPORTED_LOW_CSAT
7605,7606,,UNOBSERVED,UNKNOWN_NO_CUSTOMER_VERBATIM_OR_SENTIMENT_LABEL,FEEDBACK_NOT_OBSERVED
7606,7607,,UNOBSERVED,UNKNOWN_NO_CUSTOMER_VERBATIM_OR_SENTIMENT_LABEL,FEEDBACK_NOT_OBSERVED
7607,7608,,UNOBSERVED,UNKNOWN_NO_CUSTOMER_VERBATIM_OR_SENTIMENT_LABEL,FEEDBACK_NOT_OBSERVED
7608,7609,,UNOBSERVED,UNKNOWN_NO_CUSTOMER_VERBATIM_OR_SENTIMENT_LABEL,FEEDBACK_NOT_OBSERVED
7609,7610,2,LOW_REPORTED,UNKNOWN_NO_CUSTOMER_VERBATIM_OR_SENTIMENT_LABEL,REVIEW_REPORTED_LOW_CSAT
7610,7611,3,MIDDLE_REPORTED,UNKNOWN_NO_CUSTOMER_VERBATIM_OR_SENTIMENT_LABEL,KEEP_OBSERVED_SCORE
7611,7612,,UNOBSERVED,UNKNOWN_NO_CUSTOMER_VERBATIM_OR_SENTIMENT_LABEL,FEEDBACK_NOT_OBSERVED
7612,7613,,UNOBSERVED,UNKNOWN_NO_CUSTOMER_VERBATIM_OR_SENTIMENT_LABEL,FEEDBACK_NOT_OBSERVED
7613,7614,3,MIDDLE_REPORTED,UNKNOWN_NO_CUSTOMER_VERBATIM_OR_SENTIMENT_LABEL,KEEP_OBSERVED_SCORE
7614,7615,,UNOBSERVED,UNKNOWN_NO_CUSTOMER_VERBATIM_OR_SENTIMENT_LABEL,FEEDBACK_NOT_OBSERVED
7615,7616,2,LOW_REPORTED,UNKNOWN_NO_CUSTOMER_VERBATIM_OR_SENTIMENT_LABEL,REVIEW_REPORTED_LOW_CSAT
7616,7617,,UNOBSERVED,UNKNOWN_NO_CUSTOMER_VERBATIM_OR_SENTIMENT_LABEL,FEEDBACK_NOT_OBSERVED
7617,7618,,UNOBSERVED,UNKNOWN_NO_CUSTOMER_VERBATIM_OR_SENTIMENT_LABEL,FEEDBACK_NOT_OBSERVED
7618,7619,1,LOW_REPORTED,UNKNOWN_NO_CUSTOMER_VERBATIM_OR_SENTIMENT_LABEL,REVIEW_REPORTED_LOW_CSAT
7619,7620,1,LOW_REPORTED,UNKNOWN_NO_CUSTOMER_VERBATIM_OR_SENTIMENT_LABEL,REVIEW_REPORTED_LOW_CSAT
7620,7621,,UNOBSERVED,UNKNOWN_NO_CUSTOMER_VERBATIM_OR_SENTIMENT_LABEL,FEEDBACK_NOT_OBSERVED
7621,7622,,UNOBSERVED,UNKNOWN_NO_CUSTOMER_VERBATIM_OR_SENTIMENT_LABEL,FEEDBACK_NOT_OBSERVED
7622,7623,,UNOBSERVED,UNKNOWN_NO_CUSTOMER_VERBATIM_OR_SENTIMENT_LABEL,FEEDBACK_NOT_OBSERVED
7623,7624,,UNOBSERVED,UNKNOWN_NO_CUSTOMER_VERBATIM_OR_SENTIMENT_LABEL,FEEDBACK_NOT_OBSERVED
7624,7625,,UNOBSERVED,UNKNOWN_NO_CUSTOMER_VERBATIM_OR_SENTIMENT_LABEL,FEEDBACK_NOT_OBSERVED
7625,7626,2,LOW_REPORTED,UNKNOWN_NO_CUSTOMER_VERBATIM_OR_SENTIMENT_LABEL,REVIEW_REPORTED_LOW_CSAT
7626,7627,,UNOBSERVED,UNKNOWN_NO_CUSTOMER_VERBATIM_OR_SENTIMENT_LABEL,FEEDBACK_NOT_OBSERVED
7627,7628,,UNOBSERVED,UNKNOWN_NO_CUSTOMER_VERBATIM_OR_SENTIMENT_LABEL,FEEDBACK_NOT_OBSERVED
7628,7629,5,HIGH_REPORTED,UNKNOWN_NO_CUSTOMER_VERBATIM_OR_SENTIMENT_LABEL,KEEP_OBSERVED_SCORE
7629,7630,,UNOBSERVED,UNKNOWN_NO_CUSTOMER_VERBATIM_OR_SENTIMENT_LABEL,FEEDBACK_NOT_OBSERVED
7630,7631,5,HIGH_REPORTED,UNKNOWN_NO_CUSTOMER_VERBATIM_OR_SENTIMENT_LABEL,KEEP_OBSERVED_SCORE
7631,7632,,UNOBSERVED,UNKNOWN_NO_CUSTOMER_VERBATIM_OR_SENTIMENT_LABEL,FEEDBACK_NOT_OBSERVED
7632,7633,,UNOBSERVED,UNKNOWN_NO_CUSTOMER_VERBATIM_OR_SENTIMENT_LABEL,FEEDBACK_NOT_OBSERVED
7633,7634,,UNOBSERVED,UNKNOWN_NO_CUSTOMER_VERBATIM_OR_SENTIMENT_LABEL,FEEDBACK_NOT_OBSERVED
7634,7635,,UNOBSERVED,UNKNOWN_NO_CUSTOMER_VERBATIM_OR_SENTIMENT_LABEL,FEEDBACK_NOT_OBSERVED
7635,7636,4,HIGH_REPORTED,UNKNOWN_NO_CUSTOMER_VERBATIM_OR_SENTIMENT_LABEL,KEEP_OBSERVED_SCORE
7636,7637,,UNOBSERVED,UNKNOWN_NO_CUSTOMER_VERBATIM_OR_SENTIMENT_LABEL,FEEDBACK_NOT_OBSERVED
7637,7638,,UNOBSERVED,UNKNOWN_NO_CUSTOMER_VERBATIM_OR_SENTIMENT_LABEL,FEEDBACK_NOT_OBSERVED
7638,7639,,UNOBSERVED,UNKNOWN_NO_CUSTOMER_VERBATIM_OR_SENTIMENT_LABEL,FEEDBACK_NOT_OBSERVED
7639,7640,,UNOBSERVED,UNKNOWN_NO_CUSTOMER_VERBATIM_OR_SENTIMENT_LABEL,FEEDBACK_NOT_OBSERVED
7640,7641,,UNOBSERVED,UNKNOWN_NO_CUSTOMER_VERBATIM_OR_SENTIMENT_LABEL,FEEDBACK_NOT_OBSERVED
7641,7642,,UNOBSERVED,UNKNOWN_NO_CUSTOMER_VERBATIM_OR_SENTIMENT_LABEL,FEEDBACK_NOT_OBSERVED
7642,7643,,UNOBSERVED,UNKNOWN_NO_CUSTOMER_VERBATIM_OR_SENTIMENT_LABEL,FEEDBACK_NOT_OBSERVED
7643,7644,,UNOBSERVED,UNKNOWN_NO_CUSTOMER_VERBATIM_OR_SENTIMENT_LABEL,FEEDBACK_NOT_OBSERVED
7644,7645,,UNOBSERVED,UNKNOWN_NO_CUSTOMER_VERBATIM_OR_SENTIMENT_LABEL,FEEDBACK_NOT_OBSERVED
7645,7646,1,LOW_REPORTED,UNKNOWN_NO_CUSTOMER_VERBATIM_OR_SENTIMENT_LABEL,REVIEW_REPORTED_LOW_CSAT
7646,7647,,UNOBSERVED,UNKNOWN_NO_CUSTOMER_VERBATIM_OR_SENTIMENT_LABEL,FEEDBACK_NOT_OBSERVED
7647,7648,5,HIGH_REPORTED,UNKNOWN_NO_CUSTOMER_VERBATIM_OR_SENTIMENT_LABEL,KEEP_OBSERVED_SCORE
7648,7649,2,LOW_REPORTED,UNKNOWN_NO_CUSTOMER_VERBATIM_OR_SENTIMENT_LABEL,REVIEW_REPORTED_LOW_CSAT
7649,7650,1,LOW_REPORTED,UNKNOWN_NO_CUSTOMER_VERBATIM_OR_SENTIMENT_LABEL,REVIEW_REPORTED_LOW_CSAT
7650,7651,,UNOBSERVED,UNKNOWN_NO_CUSTOMER_VERBATIM_OR_SENTIMENT_LABEL,FEEDBACK_NOT_OBSERVED
7651,7652,,UNOBSERVED,UNKNOWN_NO_CUSTOMER_VERBATIM_OR_SENTIMENT_LABEL,FEEDBACK_NOT_OBSERVED
7652,7653,,UNOBSERVED,UNKNOWN_NO_CUSTOMER_VERBATIM_OR_SENTIMENT_LABEL,FEEDBACK_NOT_OBSERVED
7653,7654,,UNOBSERVED,UNKNOWN_NO_CUSTOMER_VERBATIM_OR_SENTIMENT_LABEL,FEEDBACK_NOT_OBSERVED
7654,7655,,UNOBSERVED,UNKNOWN_NO_CUSTOMER_VERBATIM_OR_SENTIMENT_LABEL,FEEDBACK_NOT_OBSERVED
7655,7656,5,HIGH_REPORTED,UNKNOWN_NO_CUSTOMER_VERBATIM_OR_SENTIMENT_LABEL,KEEP_OBSERVED_SCORE
7656,7657,,UNOBSERVED,UNKNOWN_NO_CUSTOMER_VERBATIM_OR_SENTIMENT_LABEL,FEEDBACK_NOT_OBSERVED
7657,7658,,UNOBSERVED,UNKNOWN_NO_CUSTOMER_VERBATIM_OR_SENTIMENT_LABEL,FEEDBACK_NOT_OBSERVED
7658,7659,,UNOBSERVED,UNKNOWN_NO_CUSTOMER_VERBATIM_OR_SENTIMENT_LABEL,FEEDBACK_NOT_OBSERVED
7659,7660,,UNOBSERVED,UNKNOWN_NO_CUSTOMER_VERBATIM_OR_SENTIMENT_LABEL,FEEDBACK_NOT_OBSERVED
7660,7661,,UNOBSERVED,UNKNOWN_NO_CUSTOMER_VERBATIM_OR_SENTIMENT_LABEL,FEEDBACK_NOT_OBSERVED
7661,7662,5,HIGH_REPORTED,UNKNOWN_NO_CUSTOMER_VERBATIM_OR_SENTIMENT_LABEL,KEEP_OBSERVED_SCORE
7662,7663,4,HIGH_REPORTED,UNKNOWN_NO_CUSTOMER_VERBATIM_OR_SENTIMENT_LABEL,KEEP_OBSERVED_SCORE
7663,7664,,UNOBSERVED,UNKNOWN_NO_CUSTOMER_VERBATIM_OR_SENTIMENT_LABEL,FEEDBACK_NOT_OBSERVED
7664,7665,,UNOBSERVED,UNKNOWN_NO_CUSTOMER_VERBATIM_OR_SENTIMENT_LABEL,FEEDBACK_NOT_OBSERVED
7665,7666,,UNOBSERVED,UNKNOWN_NO_CUSTOMER_VERBATIM_OR_SENTIMENT_LABEL,FEEDBACK_NOT_OBSERVED
7666,7667,5,HIGH_REPORTED,UNKNOWN_NO_CUSTOMER_VERBATIM_OR_SENTIMENT_LABEL,KEEP_OBSERVED_SCORE
7667,7668,,UNOBSERVED,UNKNOWN_NO_CUSTOMER_VERBATIM_OR_SENTIMENT_LABEL,FEEDBACK_NOT_OBSERVED
7668,7669,,UNOBSERVED,UNKNOWN_NO_CUSTOMER_VERBATIM_OR_SENTIMENT_LABEL,FEEDBACK_NOT_OBSERVED
7669,7670,,UNOBSERVED,UNKNOWN_NO_CUSTOMER_VERBATIM_OR_SENTIMENT_LABEL,FEEDBACK_NOT_OBSERVED
7670,7671,,UNOBSERVED,UNKNOWN_NO_CUSTOMER_VERBATIM_OR_SENTIMENT_LABEL,FEEDBACK_NOT_OBSERVED
7671,7672,,UNOBSERVED,UNKNOWN_NO_CUSTOMER_VERBATIM_OR_SENTIMENT_LABEL,FEEDBACK_NOT_OBSERVED
7672,7673,,UNOBSERVED,UNKNOWN_NO_CUSTOMER_VERBATIM_OR_SENTIMENT_LABEL,FEEDBACK_NOT_OBSERVED
7673,7674,,UNOBSERVED,UNKNOWN_NO_CUSTOMER_VERBATIM_OR_SENTIMENT_LABEL,FEEDBACK_NOT_OBSERVED
7674,7675,,UNOBSERVED,UNKNOWN_NO_CUSTOMER_VERBATIM_OR_SENTIMENT_LABEL,FEEDBACK_NOT_OBSERVED
7675,7676,,UNOBSERVED,UNKNOWN_NO_CUSTOMER_VERBATIM_OR_SENTIMENT_LABEL,FEEDBACK_NOT_OBSERVED
7676,7677,4,HIGH_REPORTED,UNKNOWN_NO_CUSTOMER_VERBATIM_OR_SENTIMENT_LABEL,KEEP_OBSERVED_SCORE
7677,7678,4,HIGH_REPORTED,UNKNOWN_NO_CUSTOMER_VERBATIM_OR_SENTIMENT_LABEL,KEEP_OBSERVED_SCORE
7678,7679,1,LOW_REPORTED,UNKNOWN_NO_CUSTOMER_VERBATIM_OR_SENTIMENT_LABEL,REVIEW_REPORTED_LOW_CSAT
7679,7680,3,MIDDLE_REPORTED,UNKNOWN_NO_CUSTOMER_VERBATIM_OR_SENTIMENT_LABEL,KEEP_OBSERVED_SCORE
7680,7681,,UNOBSERVED,UNKNOWN_NO_CUSTOMER_VERBATIM_OR_SENTIMENT_LABEL,FEEDBACK_NOT_OBSERVED
7681,7682,,UNOBSERVED,UNKNOWN_NO_CUSTOMER_VERBATIM_OR_SENTIMENT_LABEL,FEEDBACK_NOT_OBSERVED
7682,7683,,UNOBSERVED,UNKNOWN_NO_CUSTOMER_VERBATIM_OR_SENTIMENT_LABEL,FEEDBACK_NOT_OBSERVED
7683,7684,4,HIGH_REPORTED,UNKNOWN_NO_CUSTOMER_VERBATIM_OR_SENTIMENT_LABEL,KEEP_OBSERVED_SCORE
7684,7685,,UNOBSERVED,UNKNOWN_NO_CUSTOMER_VERBATIM_OR_SENTIMENT_LABEL,FEEDBACK_NOT_OBSERVED
7685,7686,,UNOBSERVED,UNKNOWN_NO_CUSTOMER_VERBATIM_OR_SENTIMENT_LABEL,FEEDBACK_NOT_OBSERVED
7686,7687,3,MIDDLE_REPORTED,UNKNOWN_NO_CUSTOMER_VERBATIM_OR_SENTIMENT_LABEL,KEEP_OBSERVED_SCORE
7687,7688,5,HIGH_REPORTED,UNKNOWN_NO_CUSTOMER_VERBATIM_OR_SENTIMENT_LABEL,KEEP_OBSERVED_SCORE
7688,7689,,UNOBSERVED,UNKNOWN_NO_CUSTOMER_VERBATIM_OR_SENTIMENT_LABEL,FEEDBACK_NOT_OBSERVED
7689,7690,,UNOBSERVED,UNKNOWN_NO_CUSTOMER_VERBATIM_OR_SENTIMENT_LABEL,FEEDBACK_NOT_OBSERVED
7690,7691,,UNOBSERVED,UNKNOWN_NO_CUSTOMER_VERBATIM_OR_SENTIMENT_LABEL,FEEDBACK_NOT_OBSERVED
7691,7692,,UNOBSERVED,UNKNOWN_NO_CUSTOMER_VERBATIM_OR_SENTIMENT_LABEL,FEEDBACK_NOT_OBSERVED
7692,7693,,UNOBSERVED,UNKNOWN_NO_CUSTOMER_VERBATIM_OR_SENTIMENT_LABEL,FEEDBACK_NOT_OBSERVED
7693,7694,1,LOW_REPORTED,UNKNOWN_NO_CUSTOMER_VERBATIM_OR_SENTIMENT_LABEL,REVIEW_REPORTED_LOW_CSAT
7694,7695,,UNOBSERVED,UNKNOWN_NO_CUSTOMER_VERBATIM_OR_SENTIMENT_LABEL,FEEDBACK_NOT_OBSERVED
7695,7696,,UNOBSERVED,UNKNOWN_NO_CUSTOMER_VERBATIM_OR_SENTIMENT_LABEL,FEEDBACK_NOT_OBSERVED
7696,7697,,UNOBSERVED,UNKNOWN_NO_CUSTOMER_VERBATIM_OR_SENTIMENT_LABEL,FEEDBACK_NOT_OBSERVED
7697,7698,5,HIGH_REPORTED,UNKNOWN_NO_CUSTOMER_VERBATIM_OR_SENTIMENT_LABEL,KEEP_OBSERVED_SCORE
7698,7699,,UNOBSERVED,UNKNOWN_NO_CUSTOMER_VERBATIM_OR_SENTIMENT_LABEL,FEEDBACK_NOT_OBSERVED
7699,7700,,UNOBSERVED,UNKNOWN_NO_CUSTOMER_VERBATIM_OR_SENTIMENT_LABEL,FEEDBACK_NOT_OBSERVED
7700,7701,1,LOW_REPORTED,UNKNOWN_NO_CUSTOMER_VERBATIM_OR_SENTIMENT_LABEL,REVIEW_REPORTED_LOW_CSAT
7701,7702,4,HIGH_REPORTED,UNKNOWN_NO_CUSTOMER_VERBATIM_OR_SENTIMENT_LABEL,KEEP_OBSERVED_SCORE
7702,7703,,UNOBSERVED,UNKNOWN_NO_CUSTOMER_VERBATIM_OR_SENTIMENT_LABEL,FEEDBACK_NOT_OBSERVED
7703,7704,3,MIDDLE_REPORTED,UNKNOWN_NO_CUSTOMER_VERBATIM_OR_SENTIMENT_LABEL,KEEP_OBSERVED_SCORE
7704,7705,,UNOBSERVED,UNKNOWN_NO_CUSTOMER_VERBATIM_OR_SENTIMENT_LABEL,FEEDBACK_NOT_OBSERVED
7705,7706,,UNOBSERVED,UNKNOWN_NO_CUSTOMER_VERBATIM_OR_SENTIMENT_LABEL,FEEDBACK_NOT_OBSERVED
7706,7707,,UNOBSERVED,UNKNOWN_NO_CUSTOMER_VERBATIM_OR_SENTIMENT_LABEL,FEEDBACK_NOT_OBSERVED
7707,7708,,UNOBSERVED,UNKNOWN_NO_CUSTOMER_VERBATIM_OR_SENTIMENT_LABEL,FEEDBACK_NOT_OBSERVED
7708,7709,,UNOBSERVED,UNKNOWN_NO_CUSTOMER_VERBATIM_OR_SENTIMENT_LABEL,FEEDBACK_NOT_OBSERVED
7709,7710,,UNOBSERVED,UNKNOWN_NO_CUSTOMER_VERBATIM_OR_SENTIMENT_LABEL,FEEDBACK_NOT_OBSERVED
7710,7711,,UNOBSERVED,UNKNOWN_NO_CUSTOMER_VERBATIM_OR_SENTIMENT_LABEL,FEEDBACK_NOT_OBSERVED
7711,7712,5,HIGH_REPORTED,UNKNOWN_NO_CUSTOMER_VERBATIM_OR_SENTIMENT_LABEL,KEEP_OBSERVED_SCORE
7712,7713,,UNOBSERVED,UNKNOWN_NO_CUSTOMER_VERBATIM_OR_SENTIMENT_LABEL,FEEDBACK_NOT_OBSERVED
7713,7714,,UNOBSERVED,UNKNOWN_NO_CUSTOMER_VERBATIM_OR_SENTIMENT_LABEL,FEEDBACK_NOT_OBSERVED
7714,7715,,UNOBSERVED,UNKNOWN_NO_CUSTOMER_VERBATIM_OR_SENTIMENT_LABEL,FEEDBACK_NOT_OBSERVED
7715,7716,,UNOBSERVED,UNKNOWN_NO_CUSTOMER_VERBATIM_OR_SENTIMENT_LABEL,FEEDBACK_NOT_OBSERVED
7716,7717,,UNOBSERVED,UNKNOWN_NO_CUSTOMER_VERBATIM_OR_SENTIMENT_LABEL,FEEDBACK_NOT_OBSERVED
7717,7718,,UNOBSERVED,UNKNOWN_NO_CUSTOMER_VERBATIM_OR_SENTIMENT_LABEL,FEEDBACK_NOT_OBSERVED
7718,7719,,UNOBSERVED,UNKNOWN_NO_CUSTOMER_VERBATIM_OR_SENTIMENT_LABEL,FEEDBACK_NOT_OBSERVED
7719,7720,,UNOBSERVED,UNKNOWN_NO_CUSTOMER_VERBATIM_OR_SENTIMENT_LABEL,FEEDBACK_NOT_OBSERVED
7720,7721,4,HIGH_REPORTED,UNKNOWN_NO_CUSTOMER_VERBATIM_OR_SENTIMENT_LABEL,KEEP_OBSERVED_SCORE
7721,7722,,UNOBSERVED,UNKNOWN_NO_CUSTOMER_VERBATIM_OR_SENTIMENT_LABEL,FEEDBACK_NOT_OBSERVED
7722,7723,,UNOBSERVED,UNKNOWN_NO_CUSTOMER_VERBATIM_OR_SENTIMENT_LABEL,FEEDBACK_NOT_OBSERVED
7723,7724,,UNOBSERVED,UNKNOWN_NO_CUSTOMER_VERBATIM_OR_SENTIMENT_LABEL,FEEDBACK_NOT_OBSERVED
7724,7725,,UNOBSERVED,UNKNOWN_NO_CUSTOMER_VERBATIM_OR_SENTIMENT_LABEL,FEEDBACK_NOT_OBSERVED
7725,7726,1,LOW_REPORTED,UNKNOWN_NO_CUSTOMER_VERBATIM_OR_SENTIMENT_LABEL,REVIEW_REPORTED_LOW_CSAT
7726,7727,,UNOBSERVED,UNKNOWN_NO_CUSTOMER_VERBATIM_OR_SENTIMENT_LABEL,FEEDBACK_NOT_OBSERVED
7727,7728,,UNOBSERVED,UNKNOWN_NO_CUSTOMER_VERBATIM_OR_SENTIMENT_LABEL,FEEDBACK_NOT_OBSERVED
7728,7729,,UNOBSERVED,UNKNOWN_NO_CUSTOMER_VERBATIM_OR_SENTIMENT_LABEL,FEEDBACK_NOT_OBSERVED
7729,7730,1,LOW_REPORTED,UNKNOWN_NO_CUSTOMER_VERBATIM_OR_SENTIMENT_LABEL,REVIEW_REPORTED_LOW_CSAT
7730,7731,5,HIGH_REPORTED,UNKNOWN_NO_CUSTOMER_VERBATIM_OR_SENTIMENT_LABEL,KEEP_OBSERVED_SCORE
7731,7732,,UNOBSERVED,UNKNOWN_NO_CUSTOMER_VERBATIM_OR_SENTIMENT_LABEL,FEEDBACK_NOT_OBSERVED
7732,7733,,UNOBSERVED,UNKNOWN_NO_CUSTOMER_VERBATIM_OR_SENTIMENT_LABEL,FEEDBACK_NOT_OBSERVED
7733,7734,,UNOBSERVED,UNKNOWN_NO_CUSTOMER_VERBATIM_OR_SENTIMENT_LABEL,FEEDBACK_NOT_OBSERVED
7734,7735,,UNOBSERVED,UNKNOWN_NO_CUSTOMER_VERBATIM_OR_SENTIMENT_LABEL,FEEDBACK_NOT_OBSERVED
7735,7736,,UNOBSERVED,UNKNOWN_NO_CUSTOMER_VERBATIM_OR_SENTIMENT_LABEL,FEEDBACK_NOT_OBSERVED
7736,7737,,UNOBSERVED,UNKNOWN_NO_CUSTOMER_VERBATIM_OR_SENTIMENT_LABEL,FEEDBACK_NOT_OBSERVED
7737,7738,,UNOBSERVED,UNKNOWN_NO_CUSTOMER_VERBATIM_OR_SENTIMENT_LABEL,FEEDBACK_NOT_OBSERVED
7738,7739,3,MIDDLE_REPORTED,UNKNOWN_NO_CUSTOMER_VERBATIM_OR_SENTIMENT_LABEL,KEEP_OBSERVED_SCORE
7739,7740,,UNOBSERVED,UNKNOWN_NO_CUSTOMER_VERBATIM_OR_SENTIMENT_LABEL,FEEDBACK_NOT_OBSERVED
7740,7741,,UNOBSERVED,UNKNOWN_NO_CUSTOMER_VERBATIM_OR_SENTIMENT_LABEL,FEEDBACK_NOT_OBSERVED
7741,7742,,UNOBSERVED,UNKNOWN_NO_CUSTOMER_VERBATIM_OR_SENTIMENT_LABEL,FEEDBACK_NOT_OBSERVED
7742,7743,,UNOBSERVED,UNKNOWN_NO_CUSTOMER_VERBATIM_OR_SENTIMENT_LABEL,FEEDBACK_NOT_OBSERVED
7743,7744,,UNOBSERVED,UNKNOWN_NO_CUSTOMER_VERBATIM_OR_SENTIMENT_LABEL,FEEDBACK_NOT_OBSERVED
7744,7745,,UNOBSERVED,UNKNOWN_NO_CUSTOMER_VERBATIM_OR_SENTIMENT_LABEL,FEEDBACK_NOT_OBSERVED
7745,7746,3,MIDDLE_REPORTED,UNKNOWN_NO_CUSTOMER_VERBATIM_OR_SENTIMENT_LABEL,KEEP_OBSERVED_SCORE
7746,7747,,UNOBSERVED,UNKNOWN_NO_CUSTOMER_VERBATIM_OR_SENTIMENT_LABEL,FEEDBACK_NOT_OBSERVED
7747,7748,,UNOBSERVED,UNKNOWN_NO_CUSTOMER_VERBATIM_OR_SENTIMENT_LABEL,FEEDBACK_NOT_OBSERVED
7748,7749,,UNOBSERVED,UNKNOWN_NO_CUSTOMER_VERBATIM_OR_SENTIMENT_LABEL,FEEDBACK_NOT_OBSERVED
7749,7750,,UNOBSERVED,UNKNOWN_NO_CUSTOMER_VERBATIM_OR_SENTIMENT_LABEL,FEEDBACK_NOT_OBSERVED
7750,7751,,UNOBSERVED,UNKNOWN_NO_CUSTOMER_VERBATIM_OR_SENTIMENT_LABEL,FEEDBACK_NOT_OBSERVED
7751,7752,3,MIDDLE_REPORTED,UNKNOWN_NO_CUSTOMER_VERBATIM_OR_SENTIMENT_LABEL,KEEP_OBSERVED_SCORE
7752,7753,,UNOBSERVED,UNKNOWN_NO_CUSTOMER_VERBATIM_OR_SENTIMENT_LABEL,FEEDBACK_NOT_OBSERVED
7753,7754,,UNOBSERVED,UNKNOWN_NO_CUSTOMER_VERBATIM_OR_SENTIMENT_LABEL,FEEDBACK_NOT_OBSERVED
7754,7755,,UNOBSERVED,UNKNOWN_NO_CUSTOMER_VERBATIM_OR_SENTIMENT_LABEL,FEEDBACK_NOT_OBSERVED
7755,7756,,UNOBSERVED,UNKNOWN_NO_CUSTOMER_VERBATIM_OR_SENTIMENT_LABEL,FEEDBACK_NOT_OBSERVED
7756,7757,,UNOBSERVED,UNKNOWN_NO_CUSTOMER_VERBATIM_OR_SENTIMENT_LABEL,FEEDBACK_NOT_OBSERVED
7757,7758,3,MIDDLE_REPORTED,UNKNOWN_NO_CUSTOMER_VERBATIM_OR_SENTIMENT_LABEL,KEEP_OBSERVED_SCORE
7758,7759,,UNOBSERVED,UNKNOWN_NO_CUSTOMER_VERBATIM_OR_SENTIMENT_LABEL,FEEDBACK_NOT_OBSERVED
7759,7760,,UNOBSERVED,UNKNOWN_NO_CUSTOMER_VERBATIM_OR_SENTIMENT_LABEL,FEEDBACK_NOT_OBSERVED
7760,7761,,UNOBSERVED,UNKNOWN_NO_CUSTOMER_VERBATIM_OR_SENTIMENT_LABEL,FEEDBACK_NOT_OBSERVED
7761,7762,,UNOBSERVED,UNKNOWN_NO_CUSTOMER_VERBATIM_OR_SENTIMENT_LABEL,FEEDBACK_NOT_OBSERVED
7762,7763,,UNOBSERVED,UNKNOWN_NO_CUSTOMER_VERBATIM_OR_SENTIMENT_LABEL,FEEDBACK_NOT_OBSERVED
7763,7764,,UNOBSERVED,UNKNOWN_NO_CUSTOMER_VERBATIM_OR_SENTIMENT_LABEL,FEEDBACK_NOT_OBSERVED
7764,7765,,UNOBSERVED,UNKNOWN_NO_CUSTOMER_VERBATIM_OR_SENTIMENT_LABEL,FEEDBACK_NOT_OBSERVED
7765,7766,3,MIDDLE_REPORTED,UNKNOWN_NO_CUSTOMER_VERBATIM_OR_SENTIMENT_LABEL,KEEP_OBSERVED_SCORE
7766,7767,4,HIGH_REPORTED,UNKNOWN_NO_CUSTOMER_VERBATIM_OR_SENTIMENT_LABEL,KEEP_OBSERVED_SCORE
7767,7768,4,HIGH_REPORTED,UNKNOWN_NO_CUSTOMER_VERBATIM_OR_SENTIMENT_LABEL,KEEP_OBSERVED_SCORE
7768,7769,,UNOBSERVED,UNKNOWN_NO_CUSTOMER_VERBATIM_OR_SENTIMENT_LABEL,FEEDBACK_NOT_OBSERVED
7769,7770,2,LOW_REPORTED,UNKNOWN_NO_CUSTOMER_VERBATIM_OR_SENTIMENT_LABEL,REVIEW_REPORTED_LOW_CSAT
7770,7771,,UNOBSERVED,UNKNOWN_NO_CUSTOMER_VERBATIM_OR_SENTIMENT_LABEL,FEEDBACK_NOT_OBSERVED
7771,7772,,UNOBSERVED,UNKNOWN_NO_CUSTOMER_VERBATIM_OR_SENTIMENT_LABEL,FEEDBACK_NOT_OBSERVED
7772,7773,,UNOBSERVED,UNKNOWN_NO_CUSTOMER_VERBATIM_OR_SENTIMENT_LABEL,FEEDBACK_NOT_OBSERVED
7773,7774,,UNOBSERVED,UNKNOWN_NO_CUSTOMER_VERBATIM_OR_SENTIMENT_LABEL,FEEDBACK_NOT_OBSERVED
7774,7775,,UNOBSERVED,UNKNOWN_NO_CUSTOMER_VERBATIM_OR_SENTIMENT_LABEL,FEEDBACK_NOT_OBSERVED
7775,7776,2,LOW_REPORTED,UNKNOWN_NO_CUSTOMER_VERBATIM_OR_SENTIMENT_LABEL,REVIEW_REPORTED_LOW_CSAT
7776,7777,,UNOBSERVED,UNKNOWN_NO_CUSTOMER_VERBATIM_OR_SENTIMENT_LABEL,FEEDBACK_NOT_OBSERVED
7777,7778,,UNOBSERVED,UNKNOWN_NO_CUSTOMER_VERBATIM_OR_SENTIMENT_LABEL,FEEDBACK_NOT_OBSERVED
7778,7779,1,LOW_REPORTED,UNKNOWN_NO_CUSTOMER_VERBATIM_OR_SENTIMENT_LABEL,REVIEW_REPORTED_LOW_CSAT
7779,7780,2,LOW_REPORTED,UNKNOWN_NO_CUSTOMER_VERBATIM_OR_SENTIMENT_LABEL,REVIEW_REPORTED_LOW_CSAT
7780,7781,,UNOBSERVED,UNKNOWN_NO_CUSTOMER_VERBATIM_OR_SENTIMENT_LABEL,FEEDBACK_NOT_OBSERVED
7781,7782,,UNOBSERVED,UNKNOWN_NO_CUSTOMER_VERBATIM_OR_SENTIMENT_LABEL,FEEDBACK_NOT_OBSERVED
7782,7783,,UNOBSERVED,UNKNOWN_NO_CUSTOMER_VERBATIM_OR_SENTIMENT_LABEL,FEEDBACK_NOT_OBSERVED
7783,7784,4,HIGH_REPORTED,UNKNOWN_NO_CUSTOMER_VERBATIM_OR_SENTIMENT_LABEL,KEEP_OBSERVED_SCORE
7784,7785,,UNOBSERVED,UNKNOWN_NO_CUSTOMER_VERBATIM_OR_SENTIMENT_LABEL,FEEDBACK_NOT_OBSERVED
7785,7786,,UNOBSERVED,UNKNOWN_NO_CUSTOMER_VERBATIM_OR_SENTIMENT_LABEL,FEEDBACK_NOT_OBSERVED
7786,7787,,UNOBSERVED,UNKNOWN_NO_CUSTOMER_VERBATIM_OR_SENTIMENT_LABEL,FEEDBACK_NOT_OBSERVED
7787,7788,,UNOBSERVED,UNKNOWN_NO_CUSTOMER_VERBATIM_OR_SENTIMENT_LABEL,FEEDBACK_NOT_OBSERVED
7788,7789,,UNOBSERVED,UNKNOWN_NO_CUSTOMER_VERBATIM_OR_SENTIMENT_LABEL,FEEDBACK_NOT_OBSERVED
7789,7790,5,HIGH_REPORTED,UNKNOWN_NO_CUSTOMER_VERBATIM_OR_SENTIMENT_LABEL,KEEP_OBSERVED_SCORE
7790,7791,,UNOBSERVED,UNKNOWN_NO_CUSTOMER_VERBATIM_OR_SENTIMENT_LABEL,FEEDBACK_NOT_OBSERVED
7791,7792,,UNOBSERVED,UNKNOWN_NO_CUSTOMER_VERBATIM_OR_SENTIMENT_LABEL,FEEDBACK_NOT_OBSERVED
7792,7793,,UNOBSERVED,UNKNOWN_NO_CUSTOMER_VERBATIM_OR_SENTIMENT_LABEL,FEEDBACK_NOT_OBSERVED
7793,7794,2,LOW_REPORTED,UNKNOWN_NO_CUSTOMER_VERBATIM_OR_SENTIMENT_LABEL,REVIEW_REPORTED_LOW_CSAT
7794,7795,,UNOBSERVED,UNKNOWN_NO_CUSTOMER_VERBATIM_OR_SENTIMENT_LABEL,FEEDBACK_NOT_OBSERVED
7795,7796,5,HIGH_REPORTED,UNKNOWN_NO_CUSTOMER_VERBATIM_OR_SENTIMENT_LABEL,KEEP_OBSERVED_SCORE
7796,7797,,UNOBSERVED,UNKNOWN_NO_CUSTOMER_VERBATIM_OR_SENTIMENT_LABEL,FEEDBACK_NOT_OBSERVED
7797,7798,,UNOBSERVED,UNKNOWN_NO_CUSTOMER_VERBATIM_OR_SENTIMENT_LABEL,FEEDBACK_NOT_OBSERVED
7798,7799,,UNOBSERVED,UNKNOWN_NO_CUSTOMER_VERBATIM_OR_SENTIMENT_LABEL,FEEDBACK_NOT_OBSERVED
7799,7800,4,HIGH_REPORTED,UNKNOWN_NO_CUSTOMER_VERBATIM_OR_SENTIMENT_LABEL,KEEP_OBSERVED_SCORE
7800,7801,,UNOBSERVED,UNKNOWN_NO_CUSTOMER_VERBATIM_OR_SENTIMENT_LABEL,FEEDBACK_NOT_OBSERVED
7801,7802,2,LOW_REPORTED,UNKNOWN_NO_CUSTOMER_VERBATIM_OR_SENTIMENT_LABEL,REVIEW_REPORTED_LOW_CSAT
7802,7803,,UNOBSERVED,UNKNOWN_NO_CUSTOMER_VERBATIM_OR_SENTIMENT_LABEL,FEEDBACK_NOT_OBSERVED
7803,7804,,UNOBSERVED,UNKNOWN_NO_CUSTOMER_VERBATIM_OR_SENTIMENT_LABEL,FEEDBACK_NOT_OBSERVED
7804,7805,5,HIGH_REPORTED,UNKNOWN_NO_CUSTOMER_VERBATIM_OR_SENTIMENT_LABEL,KEEP_OBSERVED_SCORE
7805,7806,,UNOBSERVED,UNKNOWN_NO_CUSTOMER_VERBATIM_OR_SENTIMENT_LABEL,FEEDBACK_NOT_OBSERVED
7806,7807,5,HIGH_REPORTED,UNKNOWN_NO_CUSTOMER_VERBATIM_OR_SENTIMENT_LABEL,KEEP_OBSERVED_SCORE
7807,7808,,UNOBSERVED,UNKNOWN_NO_CUSTOMER_VERBATIM_OR_SENTIMENT_LABEL,FEEDBACK_NOT_OBSERVED
7808,7809,,UNOBSERVED,UNKNOWN_NO_CUSTOMER_VERBATIM_OR_SENTIMENT_LABEL,FEEDBACK_NOT_OBSERVED
7809,7810,,UNOBSERVED,UNKNOWN_NO_CUSTOMER_VERBATIM_OR_SENTIMENT_LABEL,FEEDBACK_NOT_OBSERVED
7810,7811,,UNOBSERVED,UNKNOWN_NO_CUSTOMER_VERBATIM_OR_SENTIMENT_LABEL,FEEDBACK_NOT_OBSERVED
7811,7812,,UNOBSERVED,UNKNOWN_NO_CUSTOMER_VERBATIM_OR_SENTIMENT_LABEL,FEEDBACK_NOT_OBSERVED
7812,7813,,UNOBSERVED,UNKNOWN_NO_CUSTOMER_VERBATIM_OR_SENTIMENT_LABEL,FEEDBACK_NOT_OBSERVED
7813,7814,3,MIDDLE_REPORTED,UNKNOWN_NO_CUSTOMER_VERBATIM_OR_SENTIMENT_LABEL,KEEP_OBSERVED_SCORE
7814,7815,,UNOBSERVED,UNKNOWN_NO_CUSTOMER_VERBATIM_OR_SENTIMENT_LABEL,FEEDBACK_NOT_OBSERVED
7815,7816,,UNOBSERVED,UNKNOWN_NO_CUSTOMER_VERBATIM_OR_SENTIMENT_LABEL,FEEDBACK_NOT_OBSERVED
7816,7817,,UNOBSERVED,UNKNOWN_NO_CUSTOMER_VERBATIM_OR_SENTIMENT_LABEL,FEEDBACK_NOT_OBSERVED
7817,7818,,UNOBSERVED,UNKNOWN_NO_CUSTOMER_VERBATIM_OR_SENTIMENT_LABEL,FEEDBACK_NOT_OBSERVED
7818,7819,,UNOBSERVED,UNKNOWN_NO_CUSTOMER_VERBATIM_OR_SENTIMENT_LABEL,FEEDBACK_NOT_OBSERVED
7819,7820,,UNOBSERVED,UNKNOWN_NO_CUSTOMER_VERBATIM_OR_SENTIMENT_LABEL,FEEDBACK_NOT_OBSERVED
7820,7821,,UNOBSERVED,UNKNOWN_NO_CUSTOMER_VERBATIM_OR_SENTIMENT_LABEL,FEEDBACK_NOT_OBSERVED
7821,7822,4,HIGH_REPORTED,UNKNOWN_NO_CUSTOMER_VERBATIM_OR_SENTIMENT_LABEL,KEEP_OBSERVED_SCORE
7822,7823,,UNOBSERVED,UNKNOWN_NO_CUSTOMER_VERBATIM_OR_SENTIMENT_LABEL,FEEDBACK_NOT_OBSERVED
7823,7824,2,LOW_REPORTED,UNKNOWN_NO_CUSTOMER_VERBATIM_OR_SENTIMENT_LABEL,REVIEW_REPORTED_LOW_CSAT
7824,7825,,UNOBSERVED,UNKNOWN_NO_CUSTOMER_VERBATIM_OR_SENTIMENT_LABEL,FEEDBACK_NOT_OBSERVED
7825,7826,,UNOBSERVED,UNKNOWN_NO_CUSTOMER_VERBATIM_OR_SENTIMENT_LABEL,FEEDBACK_NOT_OBSERVED
7826,7827,,UNOBSERVED,UNKNOWN_NO_CUSTOMER_VERBATIM_OR_SENTIMENT_LABEL,FEEDBACK_NOT_OBSERVED
7827,7828,1,LOW_REPORTED,UNKNOWN_NO_CUSTOMER_VERBATIM_OR_SENTIMENT_LABEL,REVIEW_REPORTED_LOW_CSAT
7828,7829,,UNOBSERVED,UNKNOWN_NO_CUSTOMER_VERBATIM_OR_SENTIMENT_LABEL,FEEDBACK_NOT_OBSERVED
7829,7830,,UNOBSERVED,UNKNOWN_NO_CUSTOMER_VERBATIM_OR_SENTIMENT_LABEL,FEEDBACK_NOT_OBSERVED
7830,7831,,UNOBSERVED,UNKNOWN_NO_CUSTOMER_VERBATIM_OR_SENTIMENT_LABEL,FEEDBACK_NOT_OBSERVED
7831,7832,,UNOBSERVED,UNKNOWN_NO_CUSTOMER_VERBATIM_OR_SENTIMENT_LABEL,FEEDBACK_NOT_OBSERVED
7832,7833,,UNOBSERVED,UNKNOWN_NO_CUSTOMER_VERBATIM_OR_SENTIMENT_LABEL,FEEDBACK_NOT_OBSERVED
7833,7834,,UNOBSERVED,UNKNOWN_NO_CUSTOMER_VERBATIM_OR_SENTIMENT_LABEL,FEEDBACK_NOT_OBSERVED
7834,7835,,UNOBSERVED,UNKNOWN_NO_CUSTOMER_VERBATIM_OR_SENTIMENT_LABEL,FEEDBACK_NOT_OBSERVED
7835,7836,4,HIGH_REPORTED,UNKNOWN_NO_CUSTOMER_VERBATIM_OR_SENTIMENT_LABEL,KEEP_OBSERVED_SCORE
7836,7837,,UNOBSERVED,UNKNOWN_NO_CUSTOMER_VERBATIM_OR_SENTIMENT_LABEL,FEEDBACK_NOT_OBSERVED
7837,7838,,UNOBSERVED,UNKNOWN_NO_CUSTOMER_VERBATIM_OR_SENTIMENT_LABEL,FEEDBACK_NOT_OBSERVED
7838,7839,4,HIGH_REPORTED,UNKNOWN_NO_CUSTOMER_VERBATIM_OR_SENTIMENT_LABEL,KEEP_OBSERVED_SCORE
7839,7840,,UNOBSERVED,UNKNOWN_NO_CUSTOMER_VERBATIM_OR_SENTIMENT_LABEL,FEEDBACK_NOT_OBSERVED
7840,7841,,UNOBSERVED,UNKNOWN_NO_CUSTOMER_VERBATIM_OR_SENTIMENT_LABEL,FEEDBACK_NOT_OBSERVED
7841,7842,,UNOBSERVED,UNKNOWN_NO_CUSTOMER_VERBATIM_OR_SENTIMENT_LABEL,FEEDBACK_NOT_OBSERVED
7842,7843,4,HIGH_REPORTED,UNKNOWN_NO_CUSTOMER_VERBATIM_OR_SENTIMENT_LABEL,KEEP_OBSERVED_SCORE
7843,7844,1,LOW_REPORTED,UNKNOWN_NO_CUSTOMER_VERBATIM_OR_SENTIMENT_LABEL,REVIEW_REPORTED_LOW_CSAT
7844,7845,,UNOBSERVED,UNKNOWN_NO_CUSTOMER_VERBATIM_OR_SENTIMENT_LABEL,FEEDBACK_NOT_OBSERVED
7845,7846,,UNOBSERVED,UNKNOWN_NO_CUSTOMER_VERBATIM_OR_SENTIMENT_LABEL,FEEDBACK_NOT_OBSERVED
7846,7847,,UNOBSERVED,UNKNOWN_NO_CUSTOMER_VERBATIM_OR_SENTIMENT_LABEL,FEEDBACK_NOT_OBSERVED
7847,7848,,UNOBSERVED,UNKNOWN_NO_CUSTOMER_VERBATIM_OR_SENTIMENT_LABEL,FEEDBACK_NOT_OBSERVED
7848,7849,,UNOBSERVED,UNKNOWN_NO_CUSTOMER_VERBATIM_OR_SENTIMENT_LABEL,FEEDBACK_NOT_OBSERVED
7849,7850,,UNOBSERVED,UNKNOWN_NO_CUSTOMER_VERBATIM_OR_SENTIMENT_LABEL,FEEDBACK_NOT_OBSERVED
7850,7851,,UNOBSERVED,UNKNOWN_NO_CUSTOMER_VERBATIM_OR_SENTIMENT_LABEL,FEEDBACK_NOT_OBSERVED
7851,7852,5,HIGH_REPORTED,UNKNOWN_NO_CUSTOMER_VERBATIM_OR_SENTIMENT_LABEL,KEEP_OBSERVED_SCORE
7852,7853,,UNOBSERVED,UNKNOWN_NO_CUSTOMER_VERBATIM_OR_SENTIMENT_LABEL,FEEDBACK_NOT_OBSERVED
7853,7854,,UNOBSERVED,UNKNOWN_NO_CUSTOMER_VERBATIM_OR_SENTIMENT_LABEL,FEEDBACK_NOT_OBSERVED
7854,7855,,UNOBSERVED,UNKNOWN_NO_CUSTOMER_VERBATIM_OR_SENTIMENT_LABEL,FEEDBACK_NOT_OBSERVED
7855,7856,,UNOBSERVED,UNKNOWN_NO_CUSTOMER_VERBATIM_OR_SENTIMENT_LABEL,FEEDBACK_NOT_OBSERVED
7856,7857,,UNOBSERVED,UNKNOWN_NO_CUSTOMER_VERBATIM_OR_SENTIMENT_LABEL,FEEDBACK_NOT_OBSERVED
7857,7858,,UNOBSERVED,UNKNOWN_NO_CUSTOMER_VERBATIM_OR_SENTIMENT_LABEL,FEEDBACK_NOT_OBSERVED
7858,7859,,UNOBSERVED,UNKNOWN_NO_CUSTOMER_VERBATIM_OR_SENTIMENT_LABEL,FEEDBACK_NOT_OBSERVED
7859,7860,,UNOBSERVED,UNKNOWN_NO_CUSTOMER_VERBATIM_OR_SENTIMENT_LABEL,FEEDBACK_NOT_OBSERVED
7860,7861,5,HIGH_REPORTED,UNKNOWN_NO_CUSTOMER_VERBATIM_OR_SENTIMENT_LABEL,KEEP_OBSERVED_SCORE
7861,7862,,UNOBSERVED,UNKNOWN_NO_CUSTOMER_VERBATIM_OR_SENTIMENT_LABEL,FEEDBACK_NOT_OBSERVED
7862,7863,,UNOBSERVED,UNKNOWN_NO_CUSTOMER_VERBATIM_OR_SENTIMENT_LABEL,FEEDBACK_NOT_OBSERVED
7863,7864,,UNOBSERVED,UNKNOWN_NO_CUSTOMER_VERBATIM_OR_SENTIMENT_LABEL,FEEDBACK_NOT_OBSERVED
7864,7865,3,MIDDLE_REPORTED,UNKNOWN_NO_CUSTOMER_VERBATIM_OR_SENTIMENT_LABEL,KEEP_OBSERVED_SCORE
7865,7866,,UNOBSERVED,UNKNOWN_NO_CUSTOMER_VERBATIM_OR_SENTIMENT_LABEL,FEEDBACK_NOT_OBSERVED
7866,7867,,UNOBSERVED,UNKNOWN_NO_CUSTOMER_VERBATIM_OR_SENTIMENT_LABEL,FEEDBACK_NOT_OBSERVED
7867,7868,,UNOBSERVED,UNKNOWN_NO_CUSTOMER_VERBATIM_OR_SENTIMENT_LABEL,FEEDBACK_NOT_OBSERVED
7868,7869,,UNOBSERVED,UNKNOWN_NO_CUSTOMER_VERBATIM_OR_SENTIMENT_LABEL,FEEDBACK_NOT_OBSERVED
7869,7870,,UNOBSERVED,UNKNOWN_NO_CUSTOMER_VERBATIM_OR_SENTIMENT_LABEL,FEEDBACK_NOT_OBSERVED
7870,7871,,UNOBSERVED,UNKNOWN_NO_CUSTOMER_VERBATIM_OR_SENTIMENT_LABEL,FEEDBACK_NOT_OBSERVED
7871,7872,,UNOBSERVED,UNKNOWN_NO_CUSTOMER_VERBATIM_OR_SENTIMENT_LABEL,FEEDBACK_NOT_OBSERVED
7872,7873,,UNOBSERVED,UNKNOWN_NO_CUSTOMER_VERBATIM_OR_SENTIMENT_LABEL,FEEDBACK_NOT_OBSERVED
7873,7874,,UNOBSERVED,UNKNOWN_NO_CUSTOMER_VERBATIM_OR_SENTIMENT_LABEL,FEEDBACK_NOT_OBSERVED
7874,7875,,UNOBSERVED,UNKNOWN_NO_CUSTOMER_VERBATIM_OR_SENTIMENT_LABEL,FEEDBACK_NOT_OBSERVED
7875,7876,3,MIDDLE_REPORTED,UNKNOWN_NO_CUSTOMER_VERBATIM_OR_SENTIMENT_LABEL,KEEP_OBSERVED_SCORE
7876,7877,,UNOBSERVED,UNKNOWN_NO_CUSTOMER_VERBATIM_OR_SENTIMENT_LABEL,FEEDBACK_NOT_OBSERVED
7877,7878,2,LOW_REPORTED,UNKNOWN_NO_CUSTOMER_VERBATIM_OR_SENTIMENT_LABEL,REVIEW_REPORTED_LOW_CSAT
7878,7879,2,LOW_REPORTED,UNKNOWN_NO_CUSTOMER_VERBATIM_OR_SENTIMENT_LABEL,REVIEW_REPORTED_LOW_CSAT
7879,7880,,UNOBSERVED,UNKNOWN_NO_CUSTOMER_VERBATIM_OR_SENTIMENT_LABEL,FEEDBACK_NOT_OBSERVED
7880,7881,,UNOBSERVED,UNKNOWN_NO_CUSTOMER_VERBATIM_OR_SENTIMENT_LABEL,FEEDBACK_NOT_OBSERVED
7881,7882,,UNOBSERVED,UNKNOWN_NO_CUSTOMER_VERBATIM_OR_SENTIMENT_LABEL,FEEDBACK_NOT_OBSERVED
7882,7883,,UNOBSERVED,UNKNOWN_NO_CUSTOMER_VERBATIM_OR_SENTIMENT_LABEL,FEEDBACK_NOT_OBSERVED
7883,7884,5,HIGH_REPORTED,UNKNOWN_NO_CUSTOMER_VERBATIM_OR_SENTIMENT_LABEL,KEEP_OBSERVED_SCORE
7884,7885,5,HIGH_REPORTED,UNKNOWN_NO_CUSTOMER_VERBATIM_OR_SENTIMENT_LABEL,KEEP_OBSERVED_SCORE
7885,7886,1,LOW_REPORTED,UNKNOWN_NO_CUSTOMER_VERBATIM_OR_SENTIMENT_LABEL,REVIEW_REPORTED_LOW_CSAT
7886,7887,,UNOBSERVED,UNKNOWN_NO_CUSTOMER_VERBATIM_OR_SENTIMENT_LABEL,FEEDBACK_NOT_OBSERVED
7887,7888,,UNOBSERVED,UNKNOWN_NO_CUSTOMER_VERBATIM_OR_SENTIMENT_LABEL,FEEDBACK_NOT_OBSERVED
7888,7889,1,LOW_REPORTED,UNKNOWN_NO_CUSTOMER_VERBATIM_OR_SENTIMENT_LABEL,REVIEW_REPORTED_LOW_CSAT
7889,7890,3,MIDDLE_REPORTED,UNKNOWN_NO_CUSTOMER_VERBATIM_OR_SENTIMENT_LABEL,KEEP_OBSERVED_SCORE
7890,7891,,UNOBSERVED,UNKNOWN_NO_CUSTOMER_VERBATIM_OR_SENTIMENT_LABEL,FEEDBACK_NOT_OBSERVED
7891,7892,,UNOBSERVED,UNKNOWN_NO_CUSTOMER_VERBATIM_OR_SENTIMENT_LABEL,FEEDBACK_NOT_OBSERVED
7892,7893,,UNOBSERVED,UNKNOWN_NO_CUSTOMER_VERBATIM_OR_SENTIMENT_LABEL,FEEDBACK_NOT_OBSERVED
7893,7894,,UNOBSERVED,UNKNOWN_NO_CUSTOMER_VERBATIM_OR_SENTIMENT_LABEL,FEEDBACK_NOT_OBSERVED
7894,7895,5,HIGH_REPORTED,UNKNOWN_NO_CUSTOMER_VERBATIM_OR_SENTIMENT_LABEL,KEEP_OBSERVED_SCORE
7895,7896,5,HIGH_REPORTED,UNKNOWN_NO_CUSTOMER_VERBATIM_OR_SENTIMENT_LABEL,KEEP_OBSERVED_SCORE
7896,7897,2,LOW_REPORTED,UNKNOWN_NO_CUSTOMER_VERBATIM_OR_SENTIMENT_LABEL,REVIEW_REPORTED_LOW_CSAT
7897,7898,3,MIDDLE_REPORTED,UNKNOWN_NO_CUSTOMER_VERBATIM_OR_SENTIMENT_LABEL,KEEP_OBSERVED_SCORE
7898,7899,,UNOBSERVED,UNKNOWN_NO_CUSTOMER_VERBATIM_OR_SENTIMENT_LABEL,FEEDBACK_NOT_OBSERVED
7899,7900,,UNOBSERVED,UNKNOWN_NO_CUSTOMER_VERBATIM_OR_SENTIMENT_LABEL,FEEDBACK_NOT_OBSERVED
7900,7901,,UNOBSERVED,UNKNOWN_NO_CUSTOMER_VERBATIM_OR_SENTIMENT_LABEL,FEEDBACK_NOT_OBSERVED
7901,7902,,UNOBSERVED,UNKNOWN_NO_CUSTOMER_VERBATIM_OR_SENTIMENT_LABEL,FEEDBACK_NOT_OBSERVED
7902,7903,,UNOBSERVED,UNKNOWN_NO_CUSTOMER_VERBATIM_OR_SENTIMENT_LABEL,FEEDBACK_NOT_OBSERVED
7903,7904,,UNOBSERVED,UNKNOWN_NO_CUSTOMER_VERBATIM_OR_SENTIMENT_LABEL,FEEDBACK_NOT_OBSERVED
7904,7905,4,HIGH_REPORTED,UNKNOWN_NO_CUSTOMER_VERBATIM_OR_SENTIMENT_LABEL,KEEP_OBSERVED_SCORE
7905,7906,2,LOW_REPORTED,UNKNOWN_NO_CUSTOMER_VERBATIM_OR_SENTIMENT_LABEL,REVIEW_REPORTED_LOW_CSAT
7906,7907,,UNOBSERVED,UNKNOWN_NO_CUSTOMER_VERBATIM_OR_SENTIMENT_LABEL,FEEDBACK_NOT_OBSERVED
7907,7908,4,HIGH_REPORTED,UNKNOWN_NO_CUSTOMER_VERBATIM_OR_SENTIMENT_LABEL,KEEP_OBSERVED_SCORE
7908,7909,4,HIGH_REPORTED,UNKNOWN_NO_CUSTOMER_VERBATIM_OR_SENTIMENT_LABEL,KEEP_OBSERVED_SCORE
7909,7910,4,HIGH_REPORTED,UNKNOWN_NO_CUSTOMER_VERBATIM_OR_SENTIMENT_LABEL,KEEP_OBSERVED_SCORE
7910,7911,2,LOW_REPORTED,UNKNOWN_NO_CUSTOMER_VERBATIM_OR_SENTIMENT_LABEL,REVIEW_REPORTED_LOW_CSAT
7911,7912,1,LOW_REPORTED,UNKNOWN_NO_CUSTOMER_VERBATIM_OR_SENTIMENT_LABEL,REVIEW_REPORTED_LOW_CSAT
7912,7913,,UNOBSERVED,UNKNOWN_NO_CUSTOMER_VERBATIM_OR_SENTIMENT_LABEL,FEEDBACK_NOT_OBSERVED
7913,7914,,UNOBSERVED,UNKNOWN_NO_CUSTOMER_VERBATIM_OR_SENTIMENT_LABEL,FEEDBACK_NOT_OBSERVED
7914,7915,,UNOBSERVED,UNKNOWN_NO_CUSTOMER_VERBATIM_OR_SENTIMENT_LABEL,FEEDBACK_NOT_OBSERVED
7915,7916,,UNOBSERVED,UNKNOWN_NO_CUSTOMER_VERBATIM_OR_SENTIMENT_LABEL,FEEDBACK_NOT_OBSERVED
7916,7917,,UNOBSERVED,UNKNOWN_NO_CUSTOMER_VERBATIM_OR_SENTIMENT_LABEL,FEEDBACK_NOT_OBSERVED
7917,7918,,UNOBSERVED,UNKNOWN_NO_CUSTOMER_VERBATIM_OR_SENTIMENT_LABEL,FEEDBACK_NOT_OBSERVED
7918,7919,,UNOBSERVED,UNKNOWN_NO_CUSTOMER_VERBATIM_OR_SENTIMENT_LABEL,FEEDBACK_NOT_OBSERVED
7919,7920,3,MIDDLE_REPORTED,UNKNOWN_NO_CUSTOMER_VERBATIM_OR_SENTIMENT_LABEL,KEEP_OBSERVED_SCORE
7920,7921,5,HIGH_REPORTED,UNKNOWN_NO_CUSTOMER_VERBATIM_OR_SENTIMENT_LABEL,KEEP_OBSERVED_SCORE
7921,7922,4,HIGH_REPORTED,UNKNOWN_NO_CUSTOMER_VERBATIM_OR_SENTIMENT_LABEL,KEEP_OBSERVED_SCORE
7922,7923,,UNOBSERVED,UNKNOWN_NO_CUSTOMER_VERBATIM_OR_SENTIMENT_LABEL,FEEDBACK_NOT_OBSERVED
7923,7924,1,LOW_REPORTED,UNKNOWN_NO_CUSTOMER_VERBATIM_OR_SENTIMENT_LABEL,REVIEW_REPORTED_LOW_CSAT
7924,7925,,UNOBSERVED,UNKNOWN_NO_CUSTOMER_VERBATIM_OR_SENTIMENT_LABEL,FEEDBACK_NOT_OBSERVED
7925,7926,3,MIDDLE_REPORTED,UNKNOWN_NO_CUSTOMER_VERBATIM_OR_SENTIMENT_LABEL,KEEP_OBSERVED_SCORE
7926,7927,3,MIDDLE_REPORTED,UNKNOWN_NO_CUSTOMER_VERBATIM_OR_SENTIMENT_LABEL,KEEP_OBSERVED_SCORE
7927,7928,,UNOBSERVED,UNKNOWN_NO_CUSTOMER_VERBATIM_OR_SENTIMENT_LABEL,FEEDBACK_NOT_OBSERVED
7928,7929,,UNOBSERVED,UNKNOWN_NO_CUSTOMER_VERBATIM_OR_SENTIMENT_LABEL,FEEDBACK_NOT_OBSERVED
7929,7930,,UNOBSERVED,UNKNOWN_NO_CUSTOMER_VERBATIM_OR_SENTIMENT_LABEL,FEEDBACK_NOT_OBSERVED
7930,7931,4,HIGH_REPORTED,UNKNOWN_NO_CUSTOMER_VERBATIM_OR_SENTIMENT_LABEL,KEEP_OBSERVED_SCORE
7931,7932,,UNOBSERVED,UNKNOWN_NO_CUSTOMER_VERBATIM_OR_SENTIMENT_LABEL,FEEDBACK_NOT_OBSERVED
7932,7933,,UNOBSERVED,UNKNOWN_NO_CUSTOMER_VERBATIM_OR_SENTIMENT_LABEL,FEEDBACK_NOT_OBSERVED
7933,7934,,UNOBSERVED,UNKNOWN_NO_CUSTOMER_VERBATIM_OR_SENTIMENT_LABEL,FEEDBACK_NOT_OBSERVED
7934,7935,,UNOBSERVED,UNKNOWN_NO_CUSTOMER_VERBATIM_OR_SENTIMENT_LABEL,FEEDBACK_NOT_OBSERVED
7935,7936,2,LOW_REPORTED,UNKNOWN_NO_CUSTOMER_VERBATIM_OR_SENTIMENT_LABEL,REVIEW_REPORTED_LOW_CSAT
7936,7937,,UNOBSERVED,UNKNOWN_NO_CUSTOMER_VERBATIM_OR_SENTIMENT_LABEL,FEEDBACK_NOT_OBSERVED
7937,7938,,UNOBSERVED,UNKNOWN_NO_CUSTOMER_VERBATIM_OR_SENTIMENT_LABEL,FEEDBACK_NOT_OBSERVED
7938,7939,,UNOBSERVED,UNKNOWN_NO_CUSTOMER_VERBATIM_OR_SENTIMENT_LABEL,FEEDBACK_NOT_OBSERVED
7939,7940,,UNOBSERVED,UNKNOWN_NO_CUSTOMER_VERBATIM_OR_SENTIMENT_LABEL,FEEDBACK_NOT_OBSERVED
7940,7941,5,HIGH_REPORTED,UNKNOWN_NO_CUSTOMER_VERBATIM_OR_SENTIMENT_LABEL,KEEP_OBSERVED_SCORE
7941,7942,,UNOBSERVED,UNKNOWN_NO_CUSTOMER_VERBATIM_OR_SENTIMENT_LABEL,FEEDBACK_NOT_OBSERVED
7942,7943,,UNOBSERVED,UNKNOWN_NO_CUSTOMER_VERBATIM_OR_SENTIMENT_LABEL,FEEDBACK_NOT_OBSERVED
7943,7944,,UNOBSERVED,UNKNOWN_NO_CUSTOMER_VERBATIM_OR_SENTIMENT_LABEL,FEEDBACK_NOT_OBSERVED
7944,7945,,UNOBSERVED,UNKNOWN_NO_CUSTOMER_VERBATIM_OR_SENTIMENT_LABEL,FEEDBACK_NOT_OBSERVED
7945,7946,1,LOW_REPORTED,UNKNOWN_NO_CUSTOMER_VERBATIM_OR_SENTIMENT_LABEL,REVIEW_REPORTED_LOW_CSAT
7946,7947,,UNOBSERVED,UNKNOWN_NO_CUSTOMER_VERBATIM_OR_SENTIMENT_LABEL,FEEDBACK_NOT_OBSERVED
7947,7948,,UNOBSERVED,UNKNOWN_NO_CUSTOMER_VERBATIM_OR_SENTIMENT_LABEL,FEEDBACK_NOT_OBSERVED
7948,7949,4,HIGH_REPORTED,UNKNOWN_NO_CUSTOMER_VERBATIM_OR_SENTIMENT_LABEL,KEEP_OBSERVED_SCORE
7949,7950,5,HIGH_REPORTED,UNKNOWN_NO_CUSTOMER_VERBATIM_OR_SENTIMENT_LABEL,KEEP_OBSERVED_SCORE
7950,7951,,UNOBSERVED,UNKNOWN_NO_CUSTOMER_VERBATIM_OR_SENTIMENT_LABEL,FEEDBACK_NOT_OBSERVED
7951,7952,,UNOBSERVED,UNKNOWN_NO_CUSTOMER_VERBATIM_OR_SENTIMENT_LABEL,FEEDBACK_NOT_OBSERVED
7952,7953,,UNOBSERVED,UNKNOWN_NO_CUSTOMER_VERBATIM_OR_SENTIMENT_LABEL,FEEDBACK_NOT_OBSERVED
7953,7954,,UNOBSERVED,UNKNOWN_NO_CUSTOMER_VERBATIM_OR_SENTIMENT_LABEL,FEEDBACK_NOT_OBSERVED
7954,7955,4,HIGH_REPORTED,UNKNOWN_NO_CUSTOMER_VERBATIM_OR_SENTIMENT_LABEL,KEEP_OBSERVED_SCORE
7955,7956,,UNOBSERVED,UNKNOWN_NO_CUSTOMER_VERBATIM_OR_SENTIMENT_LABEL,FEEDBACK_NOT_OBSERVED
7956,7957,4,HIGH_REPORTED,UNKNOWN_NO_CUSTOMER_VERBATIM_OR_SENTIMENT_LABEL,KEEP_OBSERVED_SCORE
7957,7958,3,MIDDLE_REPORTED,UNKNOWN_NO_CUSTOMER_VERBATIM_OR_SENTIMENT_LABEL,KEEP_OBSERVED_SCORE
7958,7959,,UNOBSERVED,UNKNOWN_NO_CUSTOMER_VERBATIM_OR_SENTIMENT_LABEL,FEEDBACK_NOT_OBSERVED
7959,7960,,UNOBSERVED,UNKNOWN_NO_CUSTOMER_VERBATIM_OR_SENTIMENT_LABEL,FEEDBACK_NOT_OBSERVED
7960,7961,,UNOBSERVED,UNKNOWN_NO_CUSTOMER_VERBATIM_OR_SENTIMENT_LABEL,FEEDBACK_NOT_OBSERVED
7961,7962,3,MIDDLE_REPORTED,UNKNOWN_NO_CUSTOMER_VERBATIM_OR_SENTIMENT_LABEL,KEEP_OBSERVED_SCORE
7962,7963,,UNOBSERVED,UNKNOWN_NO_CUSTOMER_VERBATIM_OR_SENTIMENT_LABEL,FEEDBACK_NOT_OBSERVED
7963,7964,,UNOBSERVED,UNKNOWN_NO_CUSTOMER_VERBATIM_OR_SENTIMENT_LABEL,FEEDBACK_NOT_OBSERVED
7964,7965,,UNOBSERVED,UNKNOWN_NO_CUSTOMER_VERBATIM_OR_SENTIMENT_LABEL,FEEDBACK_NOT_OBSERVED
7965,7966,4,HIGH_REPORTED,UNKNOWN_NO_CUSTOMER_VERBATIM_OR_SENTIMENT_LABEL,KEEP_OBSERVED_SCORE
7966,7967,,UNOBSERVED,UNKNOWN_NO_CUSTOMER_VERBATIM_OR_SENTIMENT_LABEL,FEEDBACK_NOT_OBSERVED
7967,7968,,UNOBSERVED,UNKNOWN_NO_CUSTOMER_VERBATIM_OR_SENTIMENT_LABEL,FEEDBACK_NOT_OBSERVED
7968,7969,,UNOBSERVED,UNKNOWN_NO_CUSTOMER_VERBATIM_OR_SENTIMENT_LABEL,FEEDBACK_NOT_OBSERVED
7969,7970,,UNOBSERVED,UNKNOWN_NO_CUSTOMER_VERBATIM_OR_SENTIMENT_LABEL,FEEDBACK_NOT_OBSERVED
7970,7971,1,LOW_REPORTED,UNKNOWN_NO_CUSTOMER_VERBATIM_OR_SENTIMENT_LABEL,REVIEW_REPORTED_LOW_CSAT
7971,7972,,UNOBSERVED,UNKNOWN_NO_CUSTOMER_VERBATIM_OR_SENTIMENT_LABEL,FEEDBACK_NOT_OBSERVED
7972,7973,,UNOBSERVED,UNKNOWN_NO_CUSTOMER_VERBATIM_OR_SENTIMENT_LABEL,FEEDBACK_NOT_OBSERVED
7973,7974,,UNOBSERVED,UNKNOWN_NO_CUSTOMER_VERBATIM_OR_SENTIMENT_LABEL,FEEDBACK_NOT_OBSERVED
7974,7975,,UNOBSERVED,UNKNOWN_NO_CUSTOMER_VERBATIM_OR_SENTIMENT_LABEL,FEEDBACK_NOT_OBSERVED
7975,7976,3,MIDDLE_REPORTED,UNKNOWN_NO_CUSTOMER_VERBATIM_OR_SENTIMENT_LABEL,KEEP_OBSERVED_SCORE
7976,7977,,UNOBSERVED,UNKNOWN_NO_CUSTOMER_VERBATIM_OR_SENTIMENT_LABEL,FEEDBACK_NOT_OBSERVED
7977,7978,,UNOBSERVED,UNKNOWN_NO_CUSTOMER_VERBATIM_OR_SENTIMENT_LABEL,FEEDBACK_NOT_OBSERVED
7978,7979,1,LOW_REPORTED,UNKNOWN_NO_CUSTOMER_VERBATIM_OR_SENTIMENT_LABEL,REVIEW_REPORTED_LOW_CSAT
7979,7980,,UNOBSERVED,UNKNOWN_NO_CUSTOMER_VERBATIM_OR_SENTIMENT_LABEL,FEEDBACK_NOT_OBSERVED
7980,7981,,UNOBSERVED,UNKNOWN_NO_CUSTOMER_VERBATIM_OR_SENTIMENT_LABEL,FEEDBACK_NOT_OBSERVED
7981,7982,,UNOBSERVED,UNKNOWN_NO_CUSTOMER_VERBATIM_OR_SENTIMENT_LABEL,FEEDBACK_NOT_OBSERVED
7982,7983,,UNOBSERVED,UNKNOWN_NO_CUSTOMER_VERBATIM_OR_SENTIMENT_LABEL,FEEDBACK_NOT_OBSERVED
7983,7984,2,LOW_REPORTED,UNKNOWN_NO_CUSTOMER_VERBATIM_OR_SENTIMENT_LABEL,REVIEW_REPORTED_LOW_CSAT
7984,7985,,UNOBSERVED,UNKNOWN_NO_CUSTOMER_VERBATIM_OR_SENTIMENT_LABEL,FEEDBACK_NOT_OBSERVED
7985,7986,,UNOBSERVED,UNKNOWN_NO_CUSTOMER_VERBATIM_OR_SENTIMENT_LABEL,FEEDBACK_NOT_OBSERVED
7986,7987,,UNOBSERVED,UNKNOWN_NO_CUSTOMER_VERBATIM_OR_SENTIMENT_LABEL,FEEDBACK_NOT_OBSERVED
7987,7988,3,MIDDLE_REPORTED,UNKNOWN_NO_CUSTOMER_VERBATIM_OR_SENTIMENT_LABEL,KEEP_OBSERVED_SCORE
7988,7989,,UNOBSERVED,UNKNOWN_NO_CUSTOMER_VERBATIM_OR_SENTIMENT_LABEL,FEEDBACK_NOT_OBSERVED
7989,7990,,UNOBSERVED,UNKNOWN_NO_CUSTOMER_VERBATIM_OR_SENTIMENT_LABEL,FEEDBACK_NOT_OBSERVED
7990,7991,,UNOBSERVED,UNKNOWN_NO_CUSTOMER_VERBATIM_OR_SENTIMENT_LABEL,FEEDBACK_NOT_OBSERVED
7991,7992,,UNOBSERVED,UNKNOWN_NO_CUSTOMER_VERBATIM_OR_SENTIMENT_LABEL,FEEDBACK_NOT_OBSERVED
7992,7993,,UNOBSERVED,UNKNOWN_NO_CUSTOMER_VERBATIM_OR_SENTIMENT_LABEL,FEEDBACK_NOT_OBSERVED
7993,7994,,UNOBSERVED,UNKNOWN_NO_CUSTOMER_VERBATIM_OR_SENTIMENT_LABEL,FEEDBACK_NOT_OBSERVED
7994,7995,,UNOBSERVED,UNKNOWN_NO_CUSTOMER_VERBATIM_OR_SENTIMENT_LABEL,FEEDBACK_NOT_OBSERVED
7995,7996,,UNOBSERVED,UNKNOWN_NO_CUSTOMER_VERBATIM_OR_SENTIMENT_LABEL,FEEDBACK_NOT_OBSERVED
7996,7997,,UNOBSERVED,UNKNOWN_NO_CUSTOMER_VERBATIM_OR_SENTIMENT_LABEL,FEEDBACK_NOT_OBSERVED
7997,7998,,UNOBSERVED,UNKNOWN_NO_CUSTOMER_VERBATIM_OR_SENTIMENT_LABEL,FEEDBACK_NOT_OBSERVED
7998,7999,5,HIGH_REPORTED,UNKNOWN_NO_CUSTOMER_VERBATIM_OR_SENTIMENT_LABEL,KEEP_OBSERVED_SCORE
7999,8000,,UNOBSERVED,UNKNOWN_NO_CUSTOMER_VERBATIM_OR_SENTIMENT_LABEL,FEEDBACK_NOT_OBSERVED
8000,8001,,UNOBSERVED,UNKNOWN_NO_CUSTOMER_VERBATIM_OR_SENTIMENT_LABEL,FEEDBACK_NOT_OBSERVED
8001,8002,,UNOBSERVED,UNKNOWN_NO_CUSTOMER_VERBATIM_OR_SENTIMENT_LABEL,FEEDBACK_NOT_OBSERVED
8002,8003,2,LOW_REPORTED,UNKNOWN_NO_CUSTOMER_VERBATIM_OR_SENTIMENT_LABEL,REVIEW_REPORTED_LOW_CSAT
8003,8004,3,MIDDLE_REPORTED,UNKNOWN_NO_CUSTOMER_VERBATIM_OR_SENTIMENT_LABEL,KEEP_OBSERVED_SCORE
8004,8005,,UNOBSERVED,UNKNOWN_NO_CUSTOMER_VERBATIM_OR_SENTIMENT_LABEL,FEEDBACK_NOT_OBSERVED
8005,8006,,UNOBSERVED,UNKNOWN_NO_CUSTOMER_VERBATIM_OR_SENTIMENT_LABEL,FEEDBACK_NOT_OBSERVED
8006,8007,,UNOBSERVED,UNKNOWN_NO_CUSTOMER_VERBATIM_OR_SENTIMENT_LABEL,FEEDBACK_NOT_OBSERVED
8007,8008,,UNOBSERVED,UNKNOWN_NO_CUSTOMER_VERBATIM_OR_SENTIMENT_LABEL,FEEDBACK_NOT_OBSERVED
8008,8009,,UNOBSERVED,UNKNOWN_NO_CUSTOMER_VERBATIM_OR_SENTIMENT_LABEL,FEEDBACK_NOT_OBSERVED
8009,8010,,UNOBSERVED,UNKNOWN_NO_CUSTOMER_VERBATIM_OR_SENTIMENT_LABEL,FEEDBACK_NOT_OBSERVED
8010,8011,,UNOBSERVED,UNKNOWN_NO_CUSTOMER_VERBATIM_OR_SENTIMENT_LABEL,FEEDBACK_NOT_OBSERVED
8011,8012,3,MIDDLE_REPORTED,UNKNOWN_NO_CUSTOMER_VERBATIM_OR_SENTIMENT_LABEL,KEEP_OBSERVED_SCORE
8012,8013,,UNOBSERVED,UNKNOWN_NO_CUSTOMER_VERBATIM_OR_SENTIMENT_LABEL,FEEDBACK_NOT_OBSERVED
8013,8014,5,HIGH_REPORTED,UNKNOWN_NO_CUSTOMER_VERBATIM_OR_SENTIMENT_LABEL,KEEP_OBSERVED_SCORE
8014,8015,,UNOBSERVED,UNKNOWN_NO_CUSTOMER_VERBATIM_OR_SENTIMENT_LABEL,FEEDBACK_NOT_OBSERVED
8015,8016,5,HIGH_REPORTED,UNKNOWN_NO_CUSTOMER_VERBATIM_OR_SENTIMENT_LABEL,KEEP_OBSERVED_SCORE
8016,8017,1,LOW_REPORTED,UNKNOWN_NO_CUSTOMER_VERBATIM_OR_SENTIMENT_LABEL,REVIEW_REPORTED_LOW_CSAT
8017,8018,,UNOBSERVED,UNKNOWN_NO_CUSTOMER_VERBATIM_OR_SENTIMENT_LABEL,FEEDBACK_NOT_OBSERVED
8018,8019,,UNOBSERVED,UNKNOWN_NO_CUSTOMER_VERBATIM_OR_SENTIMENT_LABEL,FEEDBACK_NOT_OBSERVED
8019,8020,,UNOBSERVED,UNKNOWN_NO_CUSTOMER_VERBATIM_OR_SENTIMENT_LABEL,FEEDBACK_NOT_OBSERVED
8020,8021,2,LOW_REPORTED,UNKNOWN_NO_CUSTOMER_VERBATIM_OR_SENTIMENT_LABEL,REVIEW_REPORTED_LOW_CSAT
8021,8022,4,HIGH_REPORTED,UNKNOWN_NO_CUSTOMER_VERBATIM_OR_SENTIMENT_LABEL,KEEP_OBSERVED_SCORE
8022,8023,,UNOBSERVED,UNKNOWN_NO_CUSTOMER_VERBATIM_OR_SENTIMENT_LABEL,FEEDBACK_NOT_OBSERVED
8023,8024,,UNOBSERVED,UNKNOWN_NO_CUSTOMER_VERBATIM_OR_SENTIMENT_LABEL,FEEDBACK_NOT_OBSERVED
8024,8025,5,HIGH_REPORTED,UNKNOWN_NO_CUSTOMER_VERBATIM_OR_SENTIMENT_LABEL,KEEP_OBSERVED_SCORE
8025,8026,,UNOBSERVED,UNKNOWN_NO_CUSTOMER_VERBATIM_OR_SENTIMENT_LABEL,FEEDBACK_NOT_OBSERVED
8026,8027,,UNOBSERVED,UNKNOWN_NO_CUSTOMER_VERBATIM_OR_SENTIMENT_LABEL,FEEDBACK_NOT_OBSERVED
8027,8028,5,HIGH_REPORTED,UNKNOWN_NO_CUSTOMER_VERBATIM_OR_SENTIMENT_LABEL,KEEP_OBSERVED_SCORE
8028,8029,2,LOW_REPORTED,UNKNOWN_NO_CUSTOMER_VERBATIM_OR_SENTIMENT_LABEL,REVIEW_REPORTED_LOW_CSAT
8029,8030,3,MIDDLE_REPORTED,UNKNOWN_NO_CUSTOMER_VERBATIM_OR_SENTIMENT_LABEL,KEEP_OBSERVED_SCORE
8030,8031,,UNOBSERVED,UNKNOWN_NO_CUSTOMER_VERBATIM_OR_SENTIMENT_LABEL,FEEDBACK_NOT_OBSERVED
8031,8032,,UNOBSERVED,UNKNOWN_NO_CUSTOMER_VERBATIM_OR_SENTIMENT_LABEL,FEEDBACK_NOT_OBSERVED
8032,8033,4,HIGH_REPORTED,UNKNOWN_NO_CUSTOMER_VERBATIM_OR_SENTIMENT_LABEL,KEEP_OBSERVED_SCORE
8033,8034,,UNOBSERVED,UNKNOWN_NO_CUSTOMER_VERBATIM_OR_SENTIMENT_LABEL,FEEDBACK_NOT_OBSERVED
8034,8035,,UNOBSERVED,UNKNOWN_NO_CUSTOMER_VERBATIM_OR_SENTIMENT_LABEL,FEEDBACK_NOT_OBSERVED
8035,8036,3,MIDDLE_REPORTED,UNKNOWN_NO_CUSTOMER_VERBATIM_OR_SENTIMENT_LABEL,KEEP_OBSERVED_SCORE
8036,8037,4,HIGH_REPORTED,UNKNOWN_NO_CUSTOMER_VERBATIM_OR_SENTIMENT_LABEL,KEEP_OBSERVED_SCORE
8037,8038,,UNOBSERVED,UNKNOWN_NO_CUSTOMER_VERBATIM_OR_SENTIMENT_LABEL,FEEDBACK_NOT_OBSERVED
8038,8039,,UNOBSERVED,UNKNOWN_NO_CUSTOMER_VERBATIM_OR_SENTIMENT_LABEL,FEEDBACK_NOT_OBSERVED
8039,8040,,UNOBSERVED,UNKNOWN_NO_CUSTOMER_VERBATIM_OR_SENTIMENT_LABEL,FEEDBACK_NOT_OBSERVED
8040,8041,4,HIGH_REPORTED,UNKNOWN_NO_CUSTOMER_VERBATIM_OR_SENTIMENT_LABEL,KEEP_OBSERVED_SCORE
8041,8042,,UNOBSERVED,UNKNOWN_NO_CUSTOMER_VERBATIM_OR_SENTIMENT_LABEL,FEEDBACK_NOT_OBSERVED
8042,8043,,UNOBSERVED,UNKNOWN_NO_CUSTOMER_VERBATIM_OR_SENTIMENT_LABEL,FEEDBACK_NOT_OBSERVED
8043,8044,,UNOBSERVED,UNKNOWN_NO_CUSTOMER_VERBATIM_OR_SENTIMENT_LABEL,FEEDBACK_NOT_OBSERVED
8044,8045,4,HIGH_REPORTED,UNKNOWN_NO_CUSTOMER_VERBATIM_OR_SENTIMENT_LABEL,KEEP_OBSERVED_SCORE
8045,8046,1,LOW_REPORTED,UNKNOWN_NO_CUSTOMER_VERBATIM_OR_SENTIMENT_LABEL,REVIEW_REPORTED_LOW_CSAT
8046,8047,,UNOBSERVED,UNKNOWN_NO_CUSTOMER_VERBATIM_OR_SENTIMENT_LABEL,FEEDBACK_NOT_OBSERVED
8047,8048,,UNOBSERVED,UNKNOWN_NO_CUSTOMER_VERBATIM_OR_SENTIMENT_LABEL,FEEDBACK_NOT_OBSERVED
8048,8049,2,LOW_REPORTED,UNKNOWN_NO_CUSTOMER_VERBATIM_OR_SENTIMENT_LABEL,REVIEW_REPORTED_LOW_CSAT
8049,8050,,UNOBSERVED,UNKNOWN_NO_CUSTOMER_VERBATIM_OR_SENTIMENT_LABEL,FEEDBACK_NOT_OBSERVED
8050,8051,,UNOBSERVED,UNKNOWN_NO_CUSTOMER_VERBATIM_OR_SENTIMENT_LABEL,FEEDBACK_NOT_OBSERVED
8051,8052,2,LOW_REPORTED,UNKNOWN_NO_CUSTOMER_VERBATIM_OR_SENTIMENT_LABEL,REVIEW_REPORTED_LOW_CSAT
8052,8053,,UNOBSERVED,UNKNOWN_NO_CUSTOMER_VERBATIM_OR_SENTIMENT_LABEL,FEEDBACK_NOT_OBSERVED
8053,8054,2,LOW_REPORTED,UNKNOWN_NO_CUSTOMER_VERBATIM_OR_SENTIMENT_LABEL,REVIEW_REPORTED_LOW_CSAT
8054,8055,,UNOBSERVED,UNKNOWN_NO_CUSTOMER_VERBATIM_OR_SENTIMENT_LABEL,FEEDBACK_NOT_OBSERVED
8055,8056,,UNOBSERVED,UNKNOWN_NO_CUSTOMER_VERBATIM_OR_SENTIMENT_LABEL,FEEDBACK_NOT_OBSERVED
8056,8057,,UNOBSERVED,UNKNOWN_NO_CUSTOMER_VERBATIM_OR_SENTIMENT_LABEL,FEEDBACK_NOT_OBSERVED
8057,8058,4,HIGH_REPORTED,UNKNOWN_NO_CUSTOMER_VERBATIM_OR_SENTIMENT_LABEL,KEEP_OBSERVED_SCORE
8058,8059,,UNOBSERVED,UNKNOWN_NO_CUSTOMER_VERBATIM_OR_SENTIMENT_LABEL,FEEDBACK_NOT_OBSERVED
8059,8060,,UNOBSERVED,UNKNOWN_NO_CUSTOMER_VERBATIM_OR_SENTIMENT_LABEL,FEEDBACK_NOT_OBSERVED
8060,8061,3,MIDDLE_REPORTED,UNKNOWN_NO_CUSTOMER_VERBATIM_OR_SENTIMENT_LABEL,KEEP_OBSERVED_SCORE
8061,8062,,UNOBSERVED,UNKNOWN_NO_CUSTOMER_VERBATIM_OR_SENTIMENT_LABEL,FEEDBACK_NOT_OBSERVED
8062,8063,3,MIDDLE_REPORTED,UNKNOWN_NO_CUSTOMER_VERBATIM_OR_SENTIMENT_LABEL,KEEP_OBSERVED_SCORE
8063,8064,,UNOBSERVED,UNKNOWN_NO_CUSTOMER_VERBATIM_OR_SENTIMENT_LABEL,FEEDBACK_NOT_OBSERVED
8064,8065,,UNOBSERVED,UNKNOWN_NO_CUSTOMER_VERBATIM_OR_SENTIMENT_LABEL,FEEDBACK_NOT_OBSERVED
8065,8066,,UNOBSERVED,UNKNOWN_NO_CUSTOMER_VERBATIM_OR_SENTIMENT_LABEL,FEEDBACK_NOT_OBSERVED
8066,8067,1,LOW_REPORTED,UNKNOWN_NO_CUSTOMER_VERBATIM_OR_SENTIMENT_LABEL,REVIEW_REPORTED_LOW_CSAT
8067,8068,3,MIDDLE_REPORTED,UNKNOWN_NO_CUSTOMER_VERBATIM_OR_SENTIMENT_LABEL,KEEP_OBSERVED_SCORE
8068,8069,,UNOBSERVED,UNKNOWN_NO_CUSTOMER_VERBATIM_OR_SENTIMENT_LABEL,FEEDBACK_NOT_OBSERVED
8069,8070,,UNOBSERVED,UNKNOWN_NO_CUSTOMER_VERBATIM_OR_SENTIMENT_LABEL,FEEDBACK_NOT_OBSERVED
8070,8071,,UNOBSERVED,UNKNOWN_NO_CUSTOMER_VERBATIM_OR_SENTIMENT_LABEL,FEEDBACK_NOT_OBSERVED
8071,8072,3,MIDDLE_REPORTED,UNKNOWN_NO_CUSTOMER_VERBATIM_OR_SENTIMENT_LABEL,KEEP_OBSERVED_SCORE
8072,8073,,UNOBSERVED,UNKNOWN_NO_CUSTOMER_VERBATIM_OR_SENTIMENT_LABEL,FEEDBACK_NOT_OBSERVED
8073,8074,,UNOBSERVED,UNKNOWN_NO_CUSTOMER_VERBATIM_OR_SENTIMENT_LABEL,FEEDBACK_NOT_OBSERVED
8074,8075,3,MIDDLE_REPORTED,UNKNOWN_NO_CUSTOMER_VERBATIM_OR_SENTIMENT_LABEL,KEEP_OBSERVED_SCORE
8075,8076,,UNOBSERVED,UNKNOWN_NO_CUSTOMER_VERBATIM_OR_SENTIMENT_LABEL,FEEDBACK_NOT_OBSERVED
8076,8077,,UNOBSERVED,UNKNOWN_NO_CUSTOMER_VERBATIM_OR_SENTIMENT_LABEL,FEEDBACK_NOT_OBSERVED
8077,8078,2,LOW_REPORTED,UNKNOWN_NO_CUSTOMER_VERBATIM_OR_SENTIMENT_LABEL,REVIEW_REPORTED_LOW_CSAT
8078,8079,,UNOBSERVED,UNKNOWN_NO_CUSTOMER_VERBATIM_OR_SENTIMENT_LABEL,FEEDBACK_NOT_OBSERVED
8079,8080,,UNOBSERVED,UNKNOWN_NO_CUSTOMER_VERBATIM_OR_SENTIMENT_LABEL,FEEDBACK_NOT_OBSERVED
8080,8081,5,HIGH_REPORTED,UNKNOWN_NO_CUSTOMER_VERBATIM_OR_SENTIMENT_LABEL,KEEP_OBSERVED_SCORE
8081,8082,,UNOBSERVED,UNKNOWN_NO_CUSTOMER_VERBATIM_OR_SENTIMENT_LABEL,FEEDBACK_NOT_OBSERVED
8082,8083,,UNOBSERVED,UNKNOWN_NO_CUSTOMER_VERBATIM_OR_SENTIMENT_LABEL,FEEDBACK_NOT_OBSERVED
8083,8084,3,MIDDLE_REPORTED,UNKNOWN_NO_CUSTOMER_VERBATIM_OR_SENTIMENT_LABEL,KEEP_OBSERVED_SCORE
8084,8085,4,HIGH_REPORTED,UNKNOWN_NO_CUSTOMER_VERBATIM_OR_SENTIMENT_LABEL,KEEP_OBSERVED_SCORE
8085,8086,1,LOW_REPORTED,UNKNOWN_NO_CUSTOMER_VERBATIM_OR_SENTIMENT_LABEL,REVIEW_REPORTED_LOW_CSAT
8086,8087,1,LOW_REPORTED,UNKNOWN_NO_CUSTOMER_VERBATIM_OR_SENTIMENT_LABEL,REVIEW_REPORTED_LOW_CSAT
8087,8088,,UNOBSERVED,UNKNOWN_NO_CUSTOMER_VERBATIM_OR_SENTIMENT_LABEL,FEEDBACK_NOT_OBSERVED
8088,8089,4,HIGH_REPORTED,UNKNOWN_NO_CUSTOMER_VERBATIM_OR_SENTIMENT_LABEL,KEEP_OBSERVED_SCORE
8089,8090,,UNOBSERVED,UNKNOWN_NO_CUSTOMER_VERBATIM_OR_SENTIMENT_LABEL,FEEDBACK_NOT_OBSERVED
8090,8091,,UNOBSERVED,UNKNOWN_NO_CUSTOMER_VERBATIM_OR_SENTIMENT_LABEL,FEEDBACK_NOT_OBSERVED
8091,8092,1,LOW_REPORTED,UNKNOWN_NO_CUSTOMER_VERBATIM_OR_SENTIMENT_LABEL,REVIEW_REPORTED_LOW_CSAT
8092,8093,,UNOBSERVED,UNKNOWN_NO_CUSTOMER_VERBATIM_OR_SENTIMENT_LABEL,FEEDBACK_NOT_OBSERVED
8093,8094,,UNOBSERVED,UNKNOWN_NO_CUSTOMER_VERBATIM_OR_SENTIMENT_LABEL,FEEDBACK_NOT_OBSERVED
8094,8095,,UNOBSERVED,UNKNOWN_NO_CUSTOMER_VERBATIM_OR_SENTIMENT_LABEL,FEEDBACK_NOT_OBSERVED
8095,8096,,UNOBSERVED,UNKNOWN_NO_CUSTOMER_VERBATIM_OR_SENTIMENT_LABEL,FEEDBACK_NOT_OBSERVED
8096,8097,,UNOBSERVED,UNKNOWN_NO_CUSTOMER_VERBATIM_OR_SENTIMENT_LABEL,FEEDBACK_NOT_OBSERVED
8097,8098,2,LOW_REPORTED,UNKNOWN_NO_CUSTOMER_VERBATIM_OR_SENTIMENT_LABEL,REVIEW_REPORTED_LOW_CSAT
8098,8099,5,HIGH_REPORTED,UNKNOWN_NO_CUSTOMER_VERBATIM_OR_SENTIMENT_LABEL,KEEP_OBSERVED_SCORE
8099,8100,,UNOBSERVED,UNKNOWN_NO_CUSTOMER_VERBATIM_OR_SENTIMENT_LABEL,FEEDBACK_NOT_OBSERVED
8100,8101,,UNOBSERVED,UNKNOWN_NO_CUSTOMER_VERBATIM_OR_SENTIMENT_LABEL,FEEDBACK_NOT_OBSERVED
8101,8102,,UNOBSERVED,UNKNOWN_NO_CUSTOMER_VERBATIM_OR_SENTIMENT_LABEL,FEEDBACK_NOT_OBSERVED
8102,8103,2,LOW_REPORTED,UNKNOWN_NO_CUSTOMER_VERBATIM_OR_SENTIMENT_LABEL,REVIEW_REPORTED_LOW_CSAT
8103,8104,,UNOBSERVED,UNKNOWN_NO_CUSTOMER_VERBATIM_OR_SENTIMENT_LABEL,FEEDBACK_NOT_OBSERVED
8104,8105,1,LOW_REPORTED,UNKNOWN_NO_CUSTOMER_VERBATIM_OR_SENTIMENT_LABEL,REVIEW_REPORTED_LOW_CSAT
8105,8106,,UNOBSERVED,UNKNOWN_NO_CUSTOMER_VERBATIM_OR_SENTIMENT_LABEL,FEEDBACK_NOT_OBSERVED
8106,8107,,UNOBSERVED,UNKNOWN_NO_CUSTOMER_VERBATIM_OR_SENTIMENT_LABEL,FEEDBACK_NOT_OBSERVED
8107,8108,,UNOBSERVED,UNKNOWN_NO_CUSTOMER_VERBATIM_OR_SENTIMENT_LABEL,FEEDBACK_NOT_OBSERVED
8108,8109,,UNOBSERVED,UNKNOWN_NO_CUSTOMER_VERBATIM_OR_SENTIMENT_LABEL,FEEDBACK_NOT_OBSERVED
8109,8110,,UNOBSERVED,UNKNOWN_NO_CUSTOMER_VERBATIM_OR_SENTIMENT_LABEL,FEEDBACK_NOT_OBSERVED
8110,8111,2,LOW_REPORTED,UNKNOWN_NO_CUSTOMER_VERBATIM_OR_SENTIMENT_LABEL,REVIEW_REPORTED_LOW_CSAT
8111,8112,,UNOBSERVED,UNKNOWN_NO_CUSTOMER_VERBATIM_OR_SENTIMENT_LABEL,FEEDBACK_NOT_OBSERVED
8112,8113,,UNOBSERVED,UNKNOWN_NO_CUSTOMER_VERBATIM_OR_SENTIMENT_LABEL,FEEDBACK_NOT_OBSERVED
8113,8114,5,HIGH_REPORTED,UNKNOWN_NO_CUSTOMER_VERBATIM_OR_SENTIMENT_LABEL,KEEP_OBSERVED_SCORE
8114,8115,,UNOBSERVED,UNKNOWN_NO_CUSTOMER_VERBATIM_OR_SENTIMENT_LABEL,FEEDBACK_NOT_OBSERVED
8115,8116,,UNOBSERVED,UNKNOWN_NO_CUSTOMER_VERBATIM_OR_SENTIMENT_LABEL,FEEDBACK_NOT_OBSERVED
8116,8117,,UNOBSERVED,UNKNOWN_NO_CUSTOMER_VERBATIM_OR_SENTIMENT_LABEL,FEEDBACK_NOT_OBSERVED
8117,8118,,UNOBSERVED,UNKNOWN_NO_CUSTOMER_VERBATIM_OR_SENTIMENT_LABEL,FEEDBACK_NOT_OBSERVED
8118,8119,,UNOBSERVED,UNKNOWN_NO_CUSTOMER_VERBATIM_OR_SENTIMENT_LABEL,FEEDBACK_NOT_OBSERVED
8119,8120,,UNOBSERVED,UNKNOWN_NO_CUSTOMER_VERBATIM_OR_SENTIMENT_LABEL,FEEDBACK_NOT_OBSERVED
8120,8121,,UNOBSERVED,UNKNOWN_NO_CUSTOMER_VERBATIM_OR_SENTIMENT_LABEL,FEEDBACK_NOT_OBSERVED
8121,8122,2,LOW_REPORTED,UNKNOWN_NO_CUSTOMER_VERBATIM_OR_SENTIMENT_LABEL,REVIEW_REPORTED_LOW_CSAT
8122,8123,2,LOW_REPORTED,UNKNOWN_NO_CUSTOMER_VERBATIM_OR_SENTIMENT_LABEL,REVIEW_REPORTED_LOW_CSAT
8123,8124,,UNOBSERVED,UNKNOWN_NO_CUSTOMER_VERBATIM_OR_SENTIMENT_LABEL,FEEDBACK_NOT_OBSERVED
8124,8125,3,MIDDLE_REPORTED,UNKNOWN_NO_CUSTOMER_VERBATIM_OR_SENTIMENT_LABEL,KEEP_OBSERVED_SCORE
8125,8126,,UNOBSERVED,UNKNOWN_NO_CUSTOMER_VERBATIM_OR_SENTIMENT_LABEL,FEEDBACK_NOT_OBSERVED
8126,8127,,UNOBSERVED,UNKNOWN_NO_CUSTOMER_VERBATIM_OR_SENTIMENT_LABEL,FEEDBACK_NOT_OBSERVED
8127,8128,,UNOBSERVED,UNKNOWN_NO_CUSTOMER_VERBATIM_OR_SENTIMENT_LABEL,FEEDBACK_NOT_OBSERVED
8128,8129,1,LOW_REPORTED,UNKNOWN_NO_CUSTOMER_VERBATIM_OR_SENTIMENT_LABEL,REVIEW_REPORTED_LOW_CSAT
8129,8130,,UNOBSERVED,UNKNOWN_NO_CUSTOMER_VERBATIM_OR_SENTIMENT_LABEL,FEEDBACK_NOT_OBSERVED
8130,8131,,UNOBSERVED,UNKNOWN_NO_CUSTOMER_VERBATIM_OR_SENTIMENT_LABEL,FEEDBACK_NOT_OBSERVED
8131,8132,,UNOBSERVED,UNKNOWN_NO_CUSTOMER_VERBATIM_OR_SENTIMENT_LABEL,FEEDBACK_NOT_OBSERVED
8132,8133,1,LOW_REPORTED,UNKNOWN_NO_CUSTOMER_VERBATIM_OR_SENTIMENT_LABEL,REVIEW_REPORTED_LOW_CSAT
8133,8134,,UNOBSERVED,UNKNOWN_NO_CUSTOMER_VERBATIM_OR_SENTIMENT_LABEL,FEEDBACK_NOT_OBSERVED
8134,8135,,UNOBSERVED,UNKNOWN_NO_CUSTOMER_VERBATIM_OR_SENTIMENT_LABEL,FEEDBACK_NOT_OBSERVED
8135,8136,2,LOW_REPORTED,UNKNOWN_NO_CUSTOMER_VERBATIM_OR_SENTIMENT_LABEL,REVIEW_REPORTED_LOW_CSAT
8136,8137,4,HIGH_REPORTED,UNKNOWN_NO_CUSTOMER_VERBATIM_OR_SENTIMENT_LABEL,KEEP_OBSERVED_SCORE
8137,8138,1,LOW_REPORTED,UNKNOWN_NO_CUSTOMER_VERBATIM_OR_SENTIMENT_LABEL,REVIEW_REPORTED_LOW_CSAT
8138,8139,,UNOBSERVED,UNKNOWN_NO_CUSTOMER_VERBATIM_OR_SENTIMENT_LABEL,FEEDBACK_NOT_OBSERVED
8139,8140,,UNOBSERVED,UNKNOWN_NO_CUSTOMER_VERBATIM_OR_SENTIMENT_LABEL,FEEDBACK_NOT_OBSERVED
8140,8141,4,HIGH_REPORTED,UNKNOWN_NO_CUSTOMER_VERBATIM_OR_SENTIMENT_LABEL,KEEP_OBSERVED_SCORE
8141,8142,2,LOW_REPORTED,UNKNOWN_NO_CUSTOMER_VERBATIM_OR_SENTIMENT_LABEL,REVIEW_REPORTED_LOW_CSAT
8142,8143,3,MIDDLE_REPORTED,UNKNOWN_NO_CUSTOMER_VERBATIM_OR_SENTIMENT_LABEL,KEEP_OBSERVED_SCORE
8143,8144,,UNOBSERVED,UNKNOWN_NO_CUSTOMER_VERBATIM_OR_SENTIMENT_LABEL,FEEDBACK_NOT_OBSERVED
8144,8145,,UNOBSERVED,UNKNOWN_NO_CUSTOMER_VERBATIM_OR_SENTIMENT_LABEL,FEEDBACK_NOT_OBSERVED
8145,8146,,UNOBSERVED,UNKNOWN_NO_CUSTOMER_VERBATIM_OR_SENTIMENT_LABEL,FEEDBACK_NOT_OBSERVED
8146,8147,4,HIGH_REPORTED,UNKNOWN_NO_CUSTOMER_VERBATIM_OR_SENTIMENT_LABEL,KEEP_OBSERVED_SCORE
8147,8148,3,MIDDLE_REPORTED,UNKNOWN_NO_CUSTOMER_VERBATIM_OR_SENTIMENT_LABEL,KEEP_OBSERVED_SCORE
8148,8149,4,HIGH_REPORTED,UNKNOWN_NO_CUSTOMER_VERBATIM_OR_SENTIMENT_LABEL,KEEP_OBSERVED_SCORE
8149,8150,,UNOBSERVED,UNKNOWN_NO_CUSTOMER_VERBATIM_OR_SENTIMENT_LABEL,FEEDBACK_NOT_OBSERVED
8150,8151,,UNOBSERVED,UNKNOWN_NO_CUSTOMER_VERBATIM_OR_SENTIMENT_LABEL,FEEDBACK_NOT_OBSERVED
8151,8152,,UNOBSERVED,UNKNOWN_NO_CUSTOMER_VERBATIM_OR_SENTIMENT_LABEL,FEEDBACK_NOT_OBSERVED
8152,8153,,UNOBSERVED,UNKNOWN_NO_CUSTOMER_VERBATIM_OR_SENTIMENT_LABEL,FEEDBACK_NOT_OBSERVED
8153,8154,,UNOBSERVED,UNKNOWN_NO_CUSTOMER_VERBATIM_OR_SENTIMENT_LABEL,FEEDBACK_NOT_OBSERVED
8154,8155,,UNOBSERVED,UNKNOWN_NO_CUSTOMER_VERBATIM_OR_SENTIMENT_LABEL,FEEDBACK_NOT_OBSERVED
8155,8156,,UNOBSERVED,UNKNOWN_NO_CUSTOMER_VERBATIM_OR_SENTIMENT_LABEL,FEEDBACK_NOT_OBSERVED
8156,8157,,UNOBSERVED,UNKNOWN_NO_CUSTOMER_VERBATIM_OR_SENTIMENT_LABEL,FEEDBACK_NOT_OBSERVED
8157,8158,1,LOW_REPORTED,UNKNOWN_NO_CUSTOMER_VERBATIM_OR_SENTIMENT_LABEL,REVIEW_REPORTED_LOW_CSAT
8158,8159,,UNOBSERVED,UNKNOWN_NO_CUSTOMER_VERBATIM_OR_SENTIMENT_LABEL,FEEDBACK_NOT_OBSERVED
8159,8160,2,LOW_REPORTED,UNKNOWN_NO_CUSTOMER_VERBATIM_OR_SENTIMENT_LABEL,REVIEW_REPORTED_LOW_CSAT
8160,8161,,UNOBSERVED,UNKNOWN_NO_CUSTOMER_VERBATIM_OR_SENTIMENT_LABEL,FEEDBACK_NOT_OBSERVED
8161,8162,,UNOBSERVED,UNKNOWN_NO_CUSTOMER_VERBATIM_OR_SENTIMENT_LABEL,FEEDBACK_NOT_OBSERVED
8162,8163,,UNOBSERVED,UNKNOWN_NO_CUSTOMER_VERBATIM_OR_SENTIMENT_LABEL,FEEDBACK_NOT_OBSERVED
8163,8164,,UNOBSERVED,UNKNOWN_NO_CUSTOMER_VERBATIM_OR_SENTIMENT_LABEL,FEEDBACK_NOT_OBSERVED
8164,8165,,UNOBSERVED,UNKNOWN_NO_CUSTOMER_VERBATIM_OR_SENTIMENT_LABEL,FEEDBACK_NOT_OBSERVED
8165,8166,1,LOW_REPORTED,UNKNOWN_NO_CUSTOMER_VERBATIM_OR_SENTIMENT_LABEL,REVIEW_REPORTED_LOW_CSAT
8166,8167,1,LOW_REPORTED,UNKNOWN_NO_CUSTOMER_VERBATIM_OR_SENTIMENT_LABEL,REVIEW_REPORTED_LOW_CSAT
8167,8168,,UNOBSERVED,UNKNOWN_NO_CUSTOMER_VERBATIM_OR_SENTIMENT_LABEL,FEEDBACK_NOT_OBSERVED
8168,8169,,UNOBSERVED,UNKNOWN_NO_CUSTOMER_VERBATIM_OR_SENTIMENT_LABEL,FEEDBACK_NOT_OBSERVED
8169,8170,,UNOBSERVED,UNKNOWN_NO_CUSTOMER_VERBATIM_OR_SENTIMENT_LABEL,FEEDBACK_NOT_OBSERVED
8170,8171,4,HIGH_REPORTED,UNKNOWN_NO_CUSTOMER_VERBATIM_OR_SENTIMENT_LABEL,KEEP_OBSERVED_SCORE
8171,8172,2,LOW_REPORTED,UNKNOWN_NO_CUSTOMER_VERBATIM_OR_SENTIMENT_LABEL,REVIEW_REPORTED_LOW_CSAT
8172,8173,2,LOW_REPORTED,UNKNOWN_NO_CUSTOMER_VERBATIM_OR_SENTIMENT_LABEL,REVIEW_REPORTED_LOW_CSAT
8173,8174,,UNOBSERVED,UNKNOWN_NO_CUSTOMER_VERBATIM_OR_SENTIMENT_LABEL,FEEDBACK_NOT_OBSERVED
8174,8175,,UNOBSERVED,UNKNOWN_NO_CUSTOMER_VERBATIM_OR_SENTIMENT_LABEL,FEEDBACK_NOT_OBSERVED
8175,8176,,UNOBSERVED,UNKNOWN_NO_CUSTOMER_VERBATIM_OR_SENTIMENT_LABEL,FEEDBACK_NOT_OBSERVED
8176,8177,5,HIGH_REPORTED,UNKNOWN_NO_CUSTOMER_VERBATIM_OR_SENTIMENT_LABEL,KEEP_OBSERVED_SCORE
8177,8178,,UNOBSERVED,UNKNOWN_NO_CUSTOMER_VERBATIM_OR_SENTIMENT_LABEL,FEEDBACK_NOT_OBSERVED
8178,8179,,UNOBSERVED,UNKNOWN_NO_CUSTOMER_VERBATIM_OR_SENTIMENT_LABEL,FEEDBACK_NOT_OBSERVED
8179,8180,,UNOBSERVED,UNKNOWN_NO_CUSTOMER_VERBATIM_OR_SENTIMENT_LABEL,FEEDBACK_NOT_OBSERVED
8180,8181,,UNOBSERVED,UNKNOWN_NO_CUSTOMER_VERBATIM_OR_SENTIMENT_LABEL,FEEDBACK_NOT_OBSERVED
8181,8182,,UNOBSERVED,UNKNOWN_NO_CUSTOMER_VERBATIM_OR_SENTIMENT_LABEL,FEEDBACK_NOT_OBSERVED
8182,8183,2,LOW_REPORTED,UNKNOWN_NO_CUSTOMER_VERBATIM_OR_SENTIMENT_LABEL,REVIEW_REPORTED_LOW_CSAT
8183,8184,,UNOBSERVED,UNKNOWN_NO_CUSTOMER_VERBATIM_OR_SENTIMENT_LABEL,FEEDBACK_NOT_OBSERVED
8184,8185,,UNOBSERVED,UNKNOWN_NO_CUSTOMER_VERBATIM_OR_SENTIMENT_LABEL,FEEDBACK_NOT_OBSERVED
8185,8186,,UNOBSERVED,UNKNOWN_NO_CUSTOMER_VERBATIM_OR_SENTIMENT_LABEL,FEEDBACK_NOT_OBSERVED
8186,8187,,UNOBSERVED,UNKNOWN_NO_CUSTOMER_VERBATIM_OR_SENTIMENT_LABEL,FEEDBACK_NOT_OBSERVED
8187,8188,,UNOBSERVED,UNKNOWN_NO_CUSTOMER_VERBATIM_OR_SENTIMENT_LABEL,FEEDBACK_NOT_OBSERVED
8188,8189,3,MIDDLE_REPORTED,UNKNOWN_NO_CUSTOMER_VERBATIM_OR_SENTIMENT_LABEL,KEEP_OBSERVED_SCORE
8189,8190,,UNOBSERVED,UNKNOWN_NO_CUSTOMER_VERBATIM_OR_SENTIMENT_LABEL,FEEDBACK_NOT_OBSERVED
8190,8191,,UNOBSERVED,UNKNOWN_NO_CUSTOMER_VERBATIM_OR_SENTIMENT_LABEL,FEEDBACK_NOT_OBSERVED
8191,8192,,UNOBSERVED,UNKNOWN_NO_CUSTOMER_VERBATIM_OR_SENTIMENT_LABEL,FEEDBACK_NOT_OBSERVED
8192,8193,,UNOBSERVED,UNKNOWN_NO_CUSTOMER_VERBATIM_OR_SENTIMENT_LABEL,FEEDBACK_NOT_OBSERVED
8193,8194,,UNOBSERVED,UNKNOWN_NO_CUSTOMER_VERBATIM_OR_SENTIMENT_LABEL,FEEDBACK_NOT_OBSERVED
8194,8195,,UNOBSERVED,UNKNOWN_NO_CUSTOMER_VERBATIM_OR_SENTIMENT_LABEL,FEEDBACK_NOT_OBSERVED
8195,8196,2,LOW_REPORTED,UNKNOWN_NO_CUSTOMER_VERBATIM_OR_SENTIMENT_LABEL,REVIEW_REPORTED_LOW_CSAT
8196,8197,3,MIDDLE_REPORTED,UNKNOWN_NO_CUSTOMER_VERBATIM_OR_SENTIMENT_LABEL,KEEP_OBSERVED_SCORE
8197,8198,,UNOBSERVED,UNKNOWN_NO_CUSTOMER_VERBATIM_OR_SENTIMENT_LABEL,FEEDBACK_NOT_OBSERVED
8198,8199,,UNOBSERVED,UNKNOWN_NO_CUSTOMER_VERBATIM_OR_SENTIMENT_LABEL,FEEDBACK_NOT_OBSERVED
8199,8200,5,HIGH_REPORTED,UNKNOWN_NO_CUSTOMER_VERBATIM_OR_SENTIMENT_LABEL,KEEP_OBSERVED_SCORE
8200,8201,,UNOBSERVED,UNKNOWN_NO_CUSTOMER_VERBATIM_OR_SENTIMENT_LABEL,FEEDBACK_NOT_OBSERVED
8201,8202,5,HIGH_REPORTED,UNKNOWN_NO_CUSTOMER_VERBATIM_OR_SENTIMENT_LABEL,KEEP_OBSERVED_SCORE
8202,8203,3,MIDDLE_REPORTED,UNKNOWN_NO_CUSTOMER_VERBATIM_OR_SENTIMENT_LABEL,KEEP_OBSERVED_SCORE
8203,8204,,UNOBSERVED,UNKNOWN_NO_CUSTOMER_VERBATIM_OR_SENTIMENT_LABEL,FEEDBACK_NOT_OBSERVED
8204,8205,,UNOBSERVED,UNKNOWN_NO_CUSTOMER_VERBATIM_OR_SENTIMENT_LABEL,FEEDBACK_NOT_OBSERVED
8205,8206,,UNOBSERVED,UNKNOWN_NO_CUSTOMER_VERBATIM_OR_SENTIMENT_LABEL,FEEDBACK_NOT_OBSERVED
8206,8207,,UNOBSERVED,UNKNOWN_NO_CUSTOMER_VERBATIM_OR_SENTIMENT_LABEL,FEEDBACK_NOT_OBSERVED
8207,8208,,UNOBSERVED,UNKNOWN_NO_CUSTOMER_VERBATIM_OR_SENTIMENT_LABEL,FEEDBACK_NOT_OBSERVED
8208,8209,,UNOBSERVED,UNKNOWN_NO_CUSTOMER_VERBATIM_OR_SENTIMENT_LABEL,FEEDBACK_NOT_OBSERVED
8209,8210,,UNOBSERVED,UNKNOWN_NO_CUSTOMER_VERBATIM_OR_SENTIMENT_LABEL,FEEDBACK_NOT_OBSERVED
8210,8211,,UNOBSERVED,UNKNOWN_NO_CUSTOMER_VERBATIM_OR_SENTIMENT_LABEL,FEEDBACK_NOT_OBSERVED
8211,8212,,UNOBSERVED,UNKNOWN_NO_CUSTOMER_VERBATIM_OR_SENTIMENT_LABEL,FEEDBACK_NOT_OBSERVED
8212,8213,,UNOBSERVED,UNKNOWN_NO_CUSTOMER_VERBATIM_OR_SENTIMENT_LABEL,FEEDBACK_NOT_OBSERVED
8213,8214,,UNOBSERVED,UNKNOWN_NO_CUSTOMER_VERBATIM_OR_SENTIMENT_LABEL,FEEDBACK_NOT_OBSERVED
8214,8215,,UNOBSERVED,UNKNOWN_NO_CUSTOMER_VERBATIM_OR_SENTIMENT_LABEL,FEEDBACK_NOT_OBSERVED
8215,8216,,UNOBSERVED,UNKNOWN_NO_CUSTOMER_VERBATIM_OR_SENTIMENT_LABEL,FEEDBACK_NOT_OBSERVED
8216,8217,4,HIGH_REPORTED,UNKNOWN_NO_CUSTOMER_VERBATIM_OR_SENTIMENT_LABEL,KEEP_OBSERVED_SCORE
8217,8218,3,MIDDLE_REPORTED,UNKNOWN_NO_CUSTOMER_VERBATIM_OR_SENTIMENT_LABEL,KEEP_OBSERVED_SCORE
8218,8219,,UNOBSERVED,UNKNOWN_NO_CUSTOMER_VERBATIM_OR_SENTIMENT_LABEL,FEEDBACK_NOT_OBSERVED
8219,8220,,UNOBSERVED,UNKNOWN_NO_CUSTOMER_VERBATIM_OR_SENTIMENT_LABEL,FEEDBACK_NOT_OBSERVED
8220,8221,5,HIGH_REPORTED,UNKNOWN_NO_CUSTOMER_VERBATIM_OR_SENTIMENT_LABEL,KEEP_OBSERVED_SCORE
8221,8222,,UNOBSERVED,UNKNOWN_NO_CUSTOMER_VERBATIM_OR_SENTIMENT_LABEL,FEEDBACK_NOT_OBSERVED
8222,8223,,UNOBSERVED,UNKNOWN_NO_CUSTOMER_VERBATIM_OR_SENTIMENT_LABEL,FEEDBACK_NOT_OBSERVED
8223,8224,,UNOBSERVED,UNKNOWN_NO_CUSTOMER_VERBATIM_OR_SENTIMENT_LABEL,FEEDBACK_NOT_OBSERVED
8224,8225,,UNOBSERVED,UNKNOWN_NO_CUSTOMER_VERBATIM_OR_SENTIMENT_LABEL,FEEDBACK_NOT_OBSERVED
8225,8226,,UNOBSERVED,UNKNOWN_NO_CUSTOMER_VERBATIM_OR_SENTIMENT_LABEL,FEEDBACK_NOT_OBSERVED
8226,8227,,UNOBSERVED,UNKNOWN_NO_CUSTOMER_VERBATIM_OR_SENTIMENT_LABEL,FEEDBACK_NOT_OBSERVED
8227,8228,,UNOBSERVED,UNKNOWN_NO_CUSTOMER_VERBATIM_OR_SENTIMENT_LABEL,FEEDBACK_NOT_OBSERVED
8228,8229,,UNOBSERVED,UNKNOWN_NO_CUSTOMER_VERBATIM_OR_SENTIMENT_LABEL,FEEDBACK_NOT_OBSERVED
8229,8230,2,LOW_REPORTED,UNKNOWN_NO_CUSTOMER_VERBATIM_OR_SENTIMENT_LABEL,REVIEW_REPORTED_LOW_CSAT
8230,8231,,UNOBSERVED,UNKNOWN_NO_CUSTOMER_VERBATIM_OR_SENTIMENT_LABEL,FEEDBACK_NOT_OBSERVED
8231,8232,,UNOBSERVED,UNKNOWN_NO_CUSTOMER_VERBATIM_OR_SENTIMENT_LABEL,FEEDBACK_NOT_OBSERVED
8232,8233,3,MIDDLE_REPORTED,UNKNOWN_NO_CUSTOMER_VERBATIM_OR_SENTIMENT_LABEL,KEEP_OBSERVED_SCORE
8233,8234,,UNOBSERVED,UNKNOWN_NO_CUSTOMER_VERBATIM_OR_SENTIMENT_LABEL,FEEDBACK_NOT_OBSERVED
8234,8235,1,LOW_REPORTED,UNKNOWN_NO_CUSTOMER_VERBATIM_OR_SENTIMENT_LABEL,REVIEW_REPORTED_LOW_CSAT
8235,8236,,UNOBSERVED,UNKNOWN_NO_CUSTOMER_VERBATIM_OR_SENTIMENT_LABEL,FEEDBACK_NOT_OBSERVED
8236,8237,,UNOBSERVED,UNKNOWN_NO_CUSTOMER_VERBATIM_OR_SENTIMENT_LABEL,FEEDBACK_NOT_OBSERVED
8237,8238,,UNOBSERVED,UNKNOWN_NO_CUSTOMER_VERBATIM_OR_SENTIMENT_LABEL,FEEDBACK_NOT_OBSERVED
8238,8239,5,HIGH_REPORTED,UNKNOWN_NO_CUSTOMER_VERBATIM_OR_SENTIMENT_LABEL,KEEP_OBSERVED_SCORE
8239,8240,2,LOW_REPORTED,UNKNOWN_NO_CUSTOMER_VERBATIM_OR_SENTIMENT_LABEL,REVIEW_REPORTED_LOW_CSAT
8240,8241,,UNOBSERVED,UNKNOWN_NO_CUSTOMER_VERBATIM_OR_SENTIMENT_LABEL,FEEDBACK_NOT_OBSERVED
8241,8242,,UNOBSERVED,UNKNOWN_NO_CUSTOMER_VERBATIM_OR_SENTIMENT_LABEL,FEEDBACK_NOT_OBSERVED
8242,8243,,UNOBSERVED,UNKNOWN_NO_CUSTOMER_VERBATIM_OR_SENTIMENT_LABEL,FEEDBACK_NOT_OBSERVED
8243,8244,,UNOBSERVED,UNKNOWN_NO_CUSTOMER_VERBATIM_OR_SENTIMENT_LABEL,FEEDBACK_NOT_OBSERVED
8244,8245,4,HIGH_REPORTED,UNKNOWN_NO_CUSTOMER_VERBATIM_OR_SENTIMENT_LABEL,KEEP_OBSERVED_SCORE
8245,8246,,UNOBSERVED,UNKNOWN_NO_CUSTOMER_VERBATIM_OR_SENTIMENT_LABEL,FEEDBACK_NOT_OBSERVED
8246,8247,,UNOBSERVED,UNKNOWN_NO_CUSTOMER_VERBATIM_OR_SENTIMENT_LABEL,FEEDBACK_NOT_OBSERVED
8247,8248,4,HIGH_REPORTED,UNKNOWN_NO_CUSTOMER_VERBATIM_OR_SENTIMENT_LABEL,KEEP_OBSERVED_SCORE
8248,8249,,UNOBSERVED,UNKNOWN_NO_CUSTOMER_VERBATIM_OR_SENTIMENT_LABEL,FEEDBACK_NOT_OBSERVED
8249,8250,,UNOBSERVED,UNKNOWN_NO_CUSTOMER_VERBATIM_OR_SENTIMENT_LABEL,FEEDBACK_NOT_OBSERVED
8250,8251,4,HIGH_REPORTED,UNKNOWN_NO_CUSTOMER_VERBATIM_OR_SENTIMENT_LABEL,KEEP_OBSERVED_SCORE
8251,8252,1,LOW_REPORTED,UNKNOWN_NO_CUSTOMER_VERBATIM_OR_SENTIMENT_LABEL,REVIEW_REPORTED_LOW_CSAT
8252,8253,,UNOBSERVED,UNKNOWN_NO_CUSTOMER_VERBATIM_OR_SENTIMENT_LABEL,FEEDBACK_NOT_OBSERVED
8253,8254,,UNOBSERVED,UNKNOWN_NO_CUSTOMER_VERBATIM_OR_SENTIMENT_LABEL,FEEDBACK_NOT_OBSERVED
8254,8255,,UNOBSERVED,UNKNOWN_NO_CUSTOMER_VERBATIM_OR_SENTIMENT_LABEL,FEEDBACK_NOT_OBSERVED
8255,8256,,UNOBSERVED,UNKNOWN_NO_CUSTOMER_VERBATIM_OR_SENTIMENT_LABEL,FEEDBACK_NOT_OBSERVED
8256,8257,,UNOBSERVED,UNKNOWN_NO_CUSTOMER_VERBATIM_OR_SENTIMENT_LABEL,FEEDBACK_NOT_OBSERVED
8257,8258,,UNOBSERVED,UNKNOWN_NO_CUSTOMER_VERBATIM_OR_SENTIMENT_LABEL,FEEDBACK_NOT_OBSERVED
8258,8259,,UNOBSERVED,UNKNOWN_NO_CUSTOMER_VERBATIM_OR_SENTIMENT_LABEL,FEEDBACK_NOT_OBSERVED
8259,8260,1,LOW_REPORTED,UNKNOWN_NO_CUSTOMER_VERBATIM_OR_SENTIMENT_LABEL,REVIEW_REPORTED_LOW_CSAT
8260,8261,3,MIDDLE_REPORTED,UNKNOWN_NO_CUSTOMER_VERBATIM_OR_SENTIMENT_LABEL,KEEP_OBSERVED_SCORE
8261,8262,3,MIDDLE_REPORTED,UNKNOWN_NO_CUSTOMER_VERBATIM_OR_SENTIMENT_LABEL,KEEP_OBSERVED_SCORE
8262,8263,4,HIGH_REPORTED,UNKNOWN_NO_CUSTOMER_VERBATIM_OR_SENTIMENT_LABEL,KEEP_OBSERVED_SCORE
8263,8264,,UNOBSERVED,UNKNOWN_NO_CUSTOMER_VERBATIM_OR_SENTIMENT_LABEL,FEEDBACK_NOT_OBSERVED
8264,8265,2,LOW_REPORTED,UNKNOWN_NO_CUSTOMER_VERBATIM_OR_SENTIMENT_LABEL,REVIEW_REPORTED_LOW_CSAT
8265,8266,,UNOBSERVED,UNKNOWN_NO_CUSTOMER_VERBATIM_OR_SENTIMENT_LABEL,FEEDBACK_NOT_OBSERVED
8266,8267,4,HIGH_REPORTED,UNKNOWN_NO_CUSTOMER_VERBATIM_OR_SENTIMENT_LABEL,KEEP_OBSERVED_SCORE
8267,8268,,UNOBSERVED,UNKNOWN_NO_CUSTOMER_VERBATIM_OR_SENTIMENT_LABEL,FEEDBACK_NOT_OBSERVED
8268,8269,,UNOBSERVED,UNKNOWN_NO_CUSTOMER_VERBATIM_OR_SENTIMENT_LABEL,FEEDBACK_NOT_OBSERVED
8269,8270,2,LOW_REPORTED,UNKNOWN_NO_CUSTOMER_VERBATIM_OR_SENTIMENT_LABEL,REVIEW_REPORTED_LOW_CSAT
8270,8271,,UNOBSERVED,UNKNOWN_NO_CUSTOMER_VERBATIM_OR_SENTIMENT_LABEL,FEEDBACK_NOT_OBSERVED
8271,8272,,UNOBSERVED,UNKNOWN_NO_CUSTOMER_VERBATIM_OR_SENTIMENT_LABEL,FEEDBACK_NOT_OBSERVED
8272,8273,,UNOBSERVED,UNKNOWN_NO_CUSTOMER_VERBATIM_OR_SENTIMENT_LABEL,FEEDBACK_NOT_OBSERVED
8273,8274,,UNOBSERVED,UNKNOWN_NO_CUSTOMER_VERBATIM_OR_SENTIMENT_LABEL,FEEDBACK_NOT_OBSERVED
8274,8275,,UNOBSERVED,UNKNOWN_NO_CUSTOMER_VERBATIM_OR_SENTIMENT_LABEL,FEEDBACK_NOT_OBSERVED
8275,8276,,UNOBSERVED,UNKNOWN_NO_CUSTOMER_VERBATIM_OR_SENTIMENT_LABEL,FEEDBACK_NOT_OBSERVED
8276,8277,1,LOW_REPORTED,UNKNOWN_NO_CUSTOMER_VERBATIM_OR_SENTIMENT_LABEL,REVIEW_REPORTED_LOW_CSAT
8277,8278,3,MIDDLE_REPORTED,UNKNOWN_NO_CUSTOMER_VERBATIM_OR_SENTIMENT_LABEL,KEEP_OBSERVED_SCORE
8278,8279,,UNOBSERVED,UNKNOWN_NO_CUSTOMER_VERBATIM_OR_SENTIMENT_LABEL,FEEDBACK_NOT_OBSERVED
8279,8280,,UNOBSERVED,UNKNOWN_NO_CUSTOMER_VERBATIM_OR_SENTIMENT_LABEL,FEEDBACK_NOT_OBSERVED
8280,8281,,UNOBSERVED,UNKNOWN_NO_CUSTOMER_VERBATIM_OR_SENTIMENT_LABEL,FEEDBACK_NOT_OBSERVED
8281,8282,5,HIGH_REPORTED,UNKNOWN_NO_CUSTOMER_VERBATIM_OR_SENTIMENT_LABEL,KEEP_OBSERVED_SCORE
8282,8283,,UNOBSERVED,UNKNOWN_NO_CUSTOMER_VERBATIM_OR_SENTIMENT_LABEL,FEEDBACK_NOT_OBSERVED
8283,8284,4,HIGH_REPORTED,UNKNOWN_NO_CUSTOMER_VERBATIM_OR_SENTIMENT_LABEL,KEEP_OBSERVED_SCORE
8284,8285,,UNOBSERVED,UNKNOWN_NO_CUSTOMER_VERBATIM_OR_SENTIMENT_LABEL,FEEDBACK_NOT_OBSERVED
8285,8286,5,HIGH_REPORTED,UNKNOWN_NO_CUSTOMER_VERBATIM_OR_SENTIMENT_LABEL,KEEP_OBSERVED_SCORE
8286,8287,,UNOBSERVED,UNKNOWN_NO_CUSTOMER_VERBATIM_OR_SENTIMENT_LABEL,FEEDBACK_NOT_OBSERVED
8287,8288,,UNOBSERVED,UNKNOWN_NO_CUSTOMER_VERBATIM_OR_SENTIMENT_LABEL,FEEDBACK_NOT_OBSERVED
8288,8289,,UNOBSERVED,UNKNOWN_NO_CUSTOMER_VERBATIM_OR_SENTIMENT_LABEL,FEEDBACK_NOT_OBSERVED
8289,8290,3,MIDDLE_REPORTED,UNKNOWN_NO_CUSTOMER_VERBATIM_OR_SENTIMENT_LABEL,KEEP_OBSERVED_SCORE
8290,8291,3,MIDDLE_REPORTED,UNKNOWN_NO_CUSTOMER_VERBATIM_OR_SENTIMENT_LABEL,KEEP_OBSERVED_SCORE
8291,8292,,UNOBSERVED,UNKNOWN_NO_CUSTOMER_VERBATIM_OR_SENTIMENT_LABEL,FEEDBACK_NOT_OBSERVED
8292,8293,,UNOBSERVED,UNKNOWN_NO_CUSTOMER_VERBATIM_OR_SENTIMENT_LABEL,FEEDBACK_NOT_OBSERVED
8293,8294,1,LOW_REPORTED,UNKNOWN_NO_CUSTOMER_VERBATIM_OR_SENTIMENT_LABEL,REVIEW_REPORTED_LOW_CSAT
8294,8295,,UNOBSERVED,UNKNOWN_NO_CUSTOMER_VERBATIM_OR_SENTIMENT_LABEL,FEEDBACK_NOT_OBSERVED
8295,8296,5,HIGH_REPORTED,UNKNOWN_NO_CUSTOMER_VERBATIM_OR_SENTIMENT_LABEL,KEEP_OBSERVED_SCORE
8296,8297,4,HIGH_REPORTED,UNKNOWN_NO_CUSTOMER_VERBATIM_OR_SENTIMENT_LABEL,KEEP_OBSERVED_SCORE
8297,8298,,UNOBSERVED,UNKNOWN_NO_CUSTOMER_VERBATIM_OR_SENTIMENT_LABEL,FEEDBACK_NOT_OBSERVED
8298,8299,,UNOBSERVED,UNKNOWN_NO_CUSTOMER_VERBATIM_OR_SENTIMENT_LABEL,FEEDBACK_NOT_OBSERVED
8299,8300,,UNOBSERVED,UNKNOWN_NO_CUSTOMER_VERBATIM_OR_SENTIMENT_LABEL,FEEDBACK_NOT_OBSERVED
8300,8301,,UNOBSERVED,UNKNOWN_NO_CUSTOMER_VERBATIM_OR_SENTIMENT_LABEL,FEEDBACK_NOT_OBSERVED
8301,8302,,UNOBSERVED,UNKNOWN_NO_CUSTOMER_VERBATIM_OR_SENTIMENT_LABEL,FEEDBACK_NOT_OBSERVED
8302,8303,,UNOBSERVED,UNKNOWN_NO_CUSTOMER_VERBATIM_OR_SENTIMENT_LABEL,FEEDBACK_NOT_OBSERVED
8303,8304,,UNOBSERVED,UNKNOWN_NO_CUSTOMER_VERBATIM_OR_SENTIMENT_LABEL,FEEDBACK_NOT_OBSERVED
8304,8305,3,MIDDLE_REPORTED,UNKNOWN_NO_CUSTOMER_VERBATIM_OR_SENTIMENT_LABEL,KEEP_OBSERVED_SCORE
8305,8306,,UNOBSERVED,UNKNOWN_NO_CUSTOMER_VERBATIM_OR_SENTIMENT_LABEL,FEEDBACK_NOT_OBSERVED
8306,8307,,UNOBSERVED,UNKNOWN_NO_CUSTOMER_VERBATIM_OR_SENTIMENT_LABEL,FEEDBACK_NOT_OBSERVED
8307,8308,,UNOBSERVED,UNKNOWN_NO_CUSTOMER_VERBATIM_OR_SENTIMENT_LABEL,FEEDBACK_NOT_OBSERVED
8308,8309,,UNOBSERVED,UNKNOWN_NO_CUSTOMER_VERBATIM_OR_SENTIMENT_LABEL,FEEDBACK_NOT_OBSERVED
8309,8310,,UNOBSERVED,UNKNOWN_NO_CUSTOMER_VERBATIM_OR_SENTIMENT_LABEL,FEEDBACK_NOT_OBSERVED
8310,8311,,UNOBSERVED,UNKNOWN_NO_CUSTOMER_VERBATIM_OR_SENTIMENT_LABEL,FEEDBACK_NOT_OBSERVED
8311,8312,,UNOBSERVED,UNKNOWN_NO_CUSTOMER_VERBATIM_OR_SENTIMENT_LABEL,FEEDBACK_NOT_OBSERVED
8312,8313,1,LOW_REPORTED,UNKNOWN_NO_CUSTOMER_VERBATIM_OR_SENTIMENT_LABEL,REVIEW_REPORTED_LOW_CSAT
8313,8314,3,MIDDLE_REPORTED,UNKNOWN_NO_CUSTOMER_VERBATIM_OR_SENTIMENT_LABEL,KEEP_OBSERVED_SCORE
8314,8315,,UNOBSERVED,UNKNOWN_NO_CUSTOMER_VERBATIM_OR_SENTIMENT_LABEL,FEEDBACK_NOT_OBSERVED
8315,8316,5,HIGH_REPORTED,UNKNOWN_NO_CUSTOMER_VERBATIM_OR_SENTIMENT_LABEL,KEEP_OBSERVED_SCORE
8316,8317,,UNOBSERVED,UNKNOWN_NO_CUSTOMER_VERBATIM_OR_SENTIMENT_LABEL,FEEDBACK_NOT_OBSERVED
8317,8318,,UNOBSERVED,UNKNOWN_NO_CUSTOMER_VERBATIM_OR_SENTIMENT_LABEL,FEEDBACK_NOT_OBSERVED
8318,8319,3,MIDDLE_REPORTED,UNKNOWN_NO_CUSTOMER_VERBATIM_OR_SENTIMENT_LABEL,KEEP_OBSERVED_SCORE
8319,8320,,UNOBSERVED,UNKNOWN_NO_CUSTOMER_VERBATIM_OR_SENTIMENT_LABEL,FEEDBACK_NOT_OBSERVED
8320,8321,1,LOW_REPORTED,UNKNOWN_NO_CUSTOMER_VERBATIM_OR_SENTIMENT_LABEL,REVIEW_REPORTED_LOW_CSAT
8321,8322,1,LOW_REPORTED,UNKNOWN_NO_CUSTOMER_VERBATIM_OR_SENTIMENT_LABEL,REVIEW_REPORTED_LOW_CSAT
8322,8323,,UNOBSERVED,UNKNOWN_NO_CUSTOMER_VERBATIM_OR_SENTIMENT_LABEL,FEEDBACK_NOT_OBSERVED
8323,8324,5,HIGH_REPORTED,UNKNOWN_NO_CUSTOMER_VERBATIM_OR_SENTIMENT_LABEL,KEEP_OBSERVED_SCORE
8324,8325,3,MIDDLE_REPORTED,UNKNOWN_NO_CUSTOMER_VERBATIM_OR_SENTIMENT_LABEL,KEEP_OBSERVED_SCORE
8325,8326,,UNOBSERVED,UNKNOWN_NO_CUSTOMER_VERBATIM_OR_SENTIMENT_LABEL,FEEDBACK_NOT_OBSERVED
8326,8327,,UNOBSERVED,UNKNOWN_NO_CUSTOMER_VERBATIM_OR_SENTIMENT_LABEL,FEEDBACK_NOT_OBSERVED
8327,8328,,UNOBSERVED,UNKNOWN_NO_CUSTOMER_VERBATIM_OR_SENTIMENT_LABEL,FEEDBACK_NOT_OBSERVED
8328,8329,,UNOBSERVED,UNKNOWN_NO_CUSTOMER_VERBATIM_OR_SENTIMENT_LABEL,FEEDBACK_NOT_OBSERVED
8329,8330,,UNOBSERVED,UNKNOWN_NO_CUSTOMER_VERBATIM_OR_SENTIMENT_LABEL,FEEDBACK_NOT_OBSERVED
8330,8331,3,MIDDLE_REPORTED,UNKNOWN_NO_CUSTOMER_VERBATIM_OR_SENTIMENT_LABEL,KEEP_OBSERVED_SCORE
8331,8332,2,LOW_REPORTED,UNKNOWN_NO_CUSTOMER_VERBATIM_OR_SENTIMENT_LABEL,REVIEW_REPORTED_LOW_CSAT
8332,8333,,UNOBSERVED,UNKNOWN_NO_CUSTOMER_VERBATIM_OR_SENTIMENT_LABEL,FEEDBACK_NOT_OBSERVED
8333,8334,3,MIDDLE_REPORTED,UNKNOWN_NO_CUSTOMER_VERBATIM_OR_SENTIMENT_LABEL,KEEP_OBSERVED_SCORE
8334,8335,4,HIGH_REPORTED,UNKNOWN_NO_CUSTOMER_VERBATIM_OR_SENTIMENT_LABEL,KEEP_OBSERVED_SCORE
8335,8336,,UNOBSERVED,UNKNOWN_NO_CUSTOMER_VERBATIM_OR_SENTIMENT_LABEL,FEEDBACK_NOT_OBSERVED
8336,8337,3,MIDDLE_REPORTED,UNKNOWN_NO_CUSTOMER_VERBATIM_OR_SENTIMENT_LABEL,KEEP_OBSERVED_SCORE
8337,8338,,UNOBSERVED,UNKNOWN_NO_CUSTOMER_VERBATIM_OR_SENTIMENT_LABEL,FEEDBACK_NOT_OBSERVED
8338,8339,,UNOBSERVED,UNKNOWN_NO_CUSTOMER_VERBATIM_OR_SENTIMENT_LABEL,FEEDBACK_NOT_OBSERVED
8339,8340,,UNOBSERVED,UNKNOWN_NO_CUSTOMER_VERBATIM_OR_SENTIMENT_LABEL,FEEDBACK_NOT_OBSERVED
8340,8341,4,HIGH_REPORTED,UNKNOWN_NO_CUSTOMER_VERBATIM_OR_SENTIMENT_LABEL,KEEP_OBSERVED_SCORE
8341,8342,4,HIGH_REPORTED,UNKNOWN_NO_CUSTOMER_VERBATIM_OR_SENTIMENT_LABEL,KEEP_OBSERVED_SCORE
8342,8343,2,LOW_REPORTED,UNKNOWN_NO_CUSTOMER_VERBATIM_OR_SENTIMENT_LABEL,REVIEW_REPORTED_LOW_CSAT
8343,8344,,UNOBSERVED,UNKNOWN_NO_CUSTOMER_VERBATIM_OR_SENTIMENT_LABEL,FEEDBACK_NOT_OBSERVED
8344,8345,,UNOBSERVED,UNKNOWN_NO_CUSTOMER_VERBATIM_OR_SENTIMENT_LABEL,FEEDBACK_NOT_OBSERVED
8345,8346,,UNOBSERVED,UNKNOWN_NO_CUSTOMER_VERBATIM_OR_SENTIMENT_LABEL,FEEDBACK_NOT_OBSERVED
8346,8347,3,MIDDLE_REPORTED,UNKNOWN_NO_CUSTOMER_VERBATIM_OR_SENTIMENT_LABEL,KEEP_OBSERVED_SCORE
8347,8348,,UNOBSERVED,UNKNOWN_NO_CUSTOMER_VERBATIM_OR_SENTIMENT_LABEL,FEEDBACK_NOT_OBSERVED
8348,8349,,UNOBSERVED,UNKNOWN_NO_CUSTOMER_VERBATIM_OR_SENTIMENT_LABEL,FEEDBACK_NOT_OBSERVED
8349,8350,5,HIGH_REPORTED,UNKNOWN_NO_CUSTOMER_VERBATIM_OR_SENTIMENT_LABEL,KEEP_OBSERVED_SCORE
8350,8351,,UNOBSERVED,UNKNOWN_NO_CUSTOMER_VERBATIM_OR_SENTIMENT_LABEL,FEEDBACK_NOT_OBSERVED
8351,8352,5,HIGH_REPORTED,UNKNOWN_NO_CUSTOMER_VERBATIM_OR_SENTIMENT_LABEL,KEEP_OBSERVED_SCORE
8352,8353,,UNOBSERVED,UNKNOWN_NO_CUSTOMER_VERBATIM_OR_SENTIMENT_LABEL,FEEDBACK_NOT_OBSERVED
8353,8354,,UNOBSERVED,UNKNOWN_NO_CUSTOMER_VERBATIM_OR_SENTIMENT_LABEL,FEEDBACK_NOT_OBSERVED
8354,8355,,UNOBSERVED,UNKNOWN_NO_CUSTOMER_VERBATIM_OR_SENTIMENT_LABEL,FEEDBACK_NOT_OBSERVED
8355,8356,,UNOBSERVED,UNKNOWN_NO_CUSTOMER_VERBATIM_OR_SENTIMENT_LABEL,FEEDBACK_NOT_OBSERVED
8356,8357,,UNOBSERVED,UNKNOWN_NO_CUSTOMER_VERBATIM_OR_SENTIMENT_LABEL,FEEDBACK_NOT_OBSERVED
8357,8358,,UNOBSERVED,UNKNOWN_NO_CUSTOMER_VERBATIM_OR_SENTIMENT_LABEL,FEEDBACK_NOT_OBSERVED
8358,8359,,UNOBSERVED,UNKNOWN_NO_CUSTOMER_VERBATIM_OR_SENTIMENT_LABEL,FEEDBACK_NOT_OBSERVED
8359,8360,,UNOBSERVED,UNKNOWN_NO_CUSTOMER_VERBATIM_OR_SENTIMENT_LABEL,FEEDBACK_NOT_OBSERVED
8360,8361,,UNOBSERVED,UNKNOWN_NO_CUSTOMER_VERBATIM_OR_SENTIMENT_LABEL,FEEDBACK_NOT_OBSERVED
8361,8362,,UNOBSERVED,UNKNOWN_NO_CUSTOMER_VERBATIM_OR_SENTIMENT_LABEL,FEEDBACK_NOT_OBSERVED
8362,8363,2,LOW_REPORTED,UNKNOWN_NO_CUSTOMER_VERBATIM_OR_SENTIMENT_LABEL,REVIEW_REPORTED_LOW_CSAT
8363,8364,2,LOW_REPORTED,UNKNOWN_NO_CUSTOMER_VERBATIM_OR_SENTIMENT_LABEL,REVIEW_REPORTED_LOW_CSAT
8364,8365,,UNOBSERVED,UNKNOWN_NO_CUSTOMER_VERBATIM_OR_SENTIMENT_LABEL,FEEDBACK_NOT_OBSERVED
8365,8366,,UNOBSERVED,UNKNOWN_NO_CUSTOMER_VERBATIM_OR_SENTIMENT_LABEL,FEEDBACK_NOT_OBSERVED
8366,8367,3,MIDDLE_REPORTED,UNKNOWN_NO_CUSTOMER_VERBATIM_OR_SENTIMENT_LABEL,KEEP_OBSERVED_SCORE
8367,8368,,UNOBSERVED,UNKNOWN_NO_CUSTOMER_VERBATIM_OR_SENTIMENT_LABEL,FEEDBACK_NOT_OBSERVED
8368,8369,,UNOBSERVED,UNKNOWN_NO_CUSTOMER_VERBATIM_OR_SENTIMENT_LABEL,FEEDBACK_NOT_OBSERVED
8369,8370,,UNOBSERVED,UNKNOWN_NO_CUSTOMER_VERBATIM_OR_SENTIMENT_LABEL,FEEDBACK_NOT_OBSERVED
8370,8371,,UNOBSERVED,UNKNOWN_NO_CUSTOMER_VERBATIM_OR_SENTIMENT_LABEL,FEEDBACK_NOT_OBSERVED
8371,8372,1,LOW_REPORTED,UNKNOWN_NO_CUSTOMER_VERBATIM_OR_SENTIMENT_LABEL,REVIEW_REPORTED_LOW_CSAT
8372,8373,,UNOBSERVED,UNKNOWN_NO_CUSTOMER_VERBATIM_OR_SENTIMENT_LABEL,FEEDBACK_NOT_OBSERVED
8373,8374,,UNOBSERVED,UNKNOWN_NO_CUSTOMER_VERBATIM_OR_SENTIMENT_LABEL,FEEDBACK_NOT_OBSERVED
8374,8375,,UNOBSERVED,UNKNOWN_NO_CUSTOMER_VERBATIM_OR_SENTIMENT_LABEL,FEEDBACK_NOT_OBSERVED
8375,8376,2,LOW_REPORTED,UNKNOWN_NO_CUSTOMER_VERBATIM_OR_SENTIMENT_LABEL,REVIEW_REPORTED_LOW_CSAT
8376,8377,3,MIDDLE_REPORTED,UNKNOWN_NO_CUSTOMER_VERBATIM_OR_SENTIMENT_LABEL,KEEP_OBSERVED_SCORE
8377,8378,3,MIDDLE_REPORTED,UNKNOWN_NO_CUSTOMER_VERBATIM_OR_SENTIMENT_LABEL,KEEP_OBSERVED_SCORE
8378,8379,5,HIGH_REPORTED,UNKNOWN_NO_CUSTOMER_VERBATIM_OR_SENTIMENT_LABEL,KEEP_OBSERVED_SCORE
8379,8380,,UNOBSERVED,UNKNOWN_NO_CUSTOMER_VERBATIM_OR_SENTIMENT_LABEL,FEEDBACK_NOT_OBSERVED
8380,8381,,UNOBSERVED,UNKNOWN_NO_CUSTOMER_VERBATIM_OR_SENTIMENT_LABEL,FEEDBACK_NOT_OBSERVED
8381,8382,1,LOW_REPORTED,UNKNOWN_NO_CUSTOMER_VERBATIM_OR_SENTIMENT_LABEL,REVIEW_REPORTED_LOW_CSAT
8382,8383,,UNOBSERVED,UNKNOWN_NO_CUSTOMER_VERBATIM_OR_SENTIMENT_LABEL,FEEDBACK_NOT_OBSERVED
8383,8384,,UNOBSERVED,UNKNOWN_NO_CUSTOMER_VERBATIM_OR_SENTIMENT_LABEL,FEEDBACK_NOT_OBSERVED
8384,8385,4,HIGH_REPORTED,UNKNOWN_NO_CUSTOMER_VERBATIM_OR_SENTIMENT_LABEL,KEEP_OBSERVED_SCORE
8385,8386,2,LOW_REPORTED,UNKNOWN_NO_CUSTOMER_VERBATIM_OR_SENTIMENT_LABEL,REVIEW_REPORTED_LOW_CSAT
8386,8387,,UNOBSERVED,UNKNOWN_NO_CUSTOMER_VERBATIM_OR_SENTIMENT_LABEL,FEEDBACK_NOT_OBSERVED
8387,8388,,UNOBSERVED,UNKNOWN_NO_CUSTOMER_VERBATIM_OR_SENTIMENT_LABEL,FEEDBACK_NOT_OBSERVED
8388,8389,,UNOBSERVED,UNKNOWN_NO_CUSTOMER_VERBATIM_OR_SENTIMENT_LABEL,FEEDBACK_NOT_OBSERVED
8389,8390,5,HIGH_REPORTED,UNKNOWN_NO_CUSTOMER_VERBATIM_OR_SENTIMENT_LABEL,KEEP_OBSERVED_SCORE
8390,8391,,UNOBSERVED,UNKNOWN_NO_CUSTOMER_VERBATIM_OR_SENTIMENT_LABEL,FEEDBACK_NOT_OBSERVED
8391,8392,2,LOW_REPORTED,UNKNOWN_NO_CUSTOMER_VERBATIM_OR_SENTIMENT_LABEL,REVIEW_REPORTED_LOW_CSAT
8392,8393,5,HIGH_REPORTED,UNKNOWN_NO_CUSTOMER_VERBATIM_OR_SENTIMENT_LABEL,KEEP_OBSERVED_SCORE
8393,8394,,UNOBSERVED,UNKNOWN_NO_CUSTOMER_VERBATIM_OR_SENTIMENT_LABEL,FEEDBACK_NOT_OBSERVED
8394,8395,4,HIGH_REPORTED,UNKNOWN_NO_CUSTOMER_VERBATIM_OR_SENTIMENT_LABEL,KEEP_OBSERVED_SCORE
8395,8396,,UNOBSERVED,UNKNOWN_NO_CUSTOMER_VERBATIM_OR_SENTIMENT_LABEL,FEEDBACK_NOT_OBSERVED
8396,8397,,UNOBSERVED,UNKNOWN_NO_CUSTOMER_VERBATIM_OR_SENTIMENT_LABEL,FEEDBACK_NOT_OBSERVED
8397,8398,3,MIDDLE_REPORTED,UNKNOWN_NO_CUSTOMER_VERBATIM_OR_SENTIMENT_LABEL,KEEP_OBSERVED_SCORE
8398,8399,2,LOW_REPORTED,UNKNOWN_NO_CUSTOMER_VERBATIM_OR_SENTIMENT_LABEL,REVIEW_REPORTED_LOW_CSAT
8399,8400,1,LOW_REPORTED,UNKNOWN_NO_CUSTOMER_VERBATIM_OR_SENTIMENT_LABEL,REVIEW_REPORTED_LOW_CSAT
8400,8401,,UNOBSERVED,UNKNOWN_NO_CUSTOMER_VERBATIM_OR_SENTIMENT_LABEL,FEEDBACK_NOT_OBSERVED
8401,8402,2,LOW_REPORTED,UNKNOWN_NO_CUSTOMER_VERBATIM_OR_SENTIMENT_LABEL,REVIEW_REPORTED_LOW_CSAT
8402,8403,,UNOBSERVED,UNKNOWN_NO_CUSTOMER_VERBATIM_OR_SENTIMENT_LABEL,FEEDBACK_NOT_OBSERVED
8403,8404,,UNOBSERVED,UNKNOWN_NO_CUSTOMER_VERBATIM_OR_SENTIMENT_LABEL,FEEDBACK_NOT_OBSERVED
8404,8405,,UNOBSERVED,UNKNOWN_NO_CUSTOMER_VERBATIM_OR_SENTIMENT_LABEL,FEEDBACK_NOT_OBSERVED
8405,8406,,UNOBSERVED,UNKNOWN_NO_CUSTOMER_VERBATIM_OR_SENTIMENT_LABEL,FEEDBACK_NOT_OBSERVED
8406,8407,,UNOBSERVED,UNKNOWN_NO_CUSTOMER_VERBATIM_OR_SENTIMENT_LABEL,FEEDBACK_NOT_OBSERVED
8407,8408,,UNOBSERVED,UNKNOWN_NO_CUSTOMER_VERBATIM_OR_SENTIMENT_LABEL,FEEDBACK_NOT_OBSERVED
8408,8409,,UNOBSERVED,UNKNOWN_NO_CUSTOMER_VERBATIM_OR_SENTIMENT_LABEL,FEEDBACK_NOT_OBSERVED
8409,8410,,UNOBSERVED,UNKNOWN_NO_CUSTOMER_VERBATIM_OR_SENTIMENT_LABEL,FEEDBACK_NOT_OBSERVED
8410,8411,,UNOBSERVED,UNKNOWN_NO_CUSTOMER_VERBATIM_OR_SENTIMENT_LABEL,FEEDBACK_NOT_OBSERVED
8411,8412,,UNOBSERVED,UNKNOWN_NO_CUSTOMER_VERBATIM_OR_SENTIMENT_LABEL,FEEDBACK_NOT_OBSERVED
8412,8413,1,LOW_REPORTED,UNKNOWN_NO_CUSTOMER_VERBATIM_OR_SENTIMENT_LABEL,REVIEW_REPORTED_LOW_CSAT
8413,8414,,UNOBSERVED,UNKNOWN_NO_CUSTOMER_VERBATIM_OR_SENTIMENT_LABEL,FEEDBACK_NOT_OBSERVED
8414,8415,,UNOBSERVED,UNKNOWN_NO_CUSTOMER_VERBATIM_OR_SENTIMENT_LABEL,FEEDBACK_NOT_OBSERVED
8415,8416,2,LOW_REPORTED,UNKNOWN_NO_CUSTOMER_VERBATIM_OR_SENTIMENT_LABEL,REVIEW_REPORTED_LOW_CSAT
8416,8417,,UNOBSERVED,UNKNOWN_NO_CUSTOMER_VERBATIM_OR_SENTIMENT_LABEL,FEEDBACK_NOT_OBSERVED
8417,8418,,UNOBSERVED,UNKNOWN_NO_CUSTOMER_VERBATIM_OR_SENTIMENT_LABEL,FEEDBACK_NOT_OBSERVED
8418,8419,,UNOBSERVED,UNKNOWN_NO_CUSTOMER_VERBATIM_OR_SENTIMENT_LABEL,FEEDBACK_NOT_OBSERVED
8419,8420,,UNOBSERVED,UNKNOWN_NO_CUSTOMER_VERBATIM_OR_SENTIMENT_LABEL,FEEDBACK_NOT_OBSERVED
8420,8421,3,MIDDLE_REPORTED,UNKNOWN_NO_CUSTOMER_VERBATIM_OR_SENTIMENT_LABEL,KEEP_OBSERVED_SCORE
8421,8422,5,HIGH_REPORTED,UNKNOWN_NO_CUSTOMER_VERBATIM_OR_SENTIMENT_LABEL,KEEP_OBSERVED_SCORE
8422,8423,,UNOBSERVED,UNKNOWN_NO_CUSTOMER_VERBATIM_OR_SENTIMENT_LABEL,FEEDBACK_NOT_OBSERVED
8423,8424,,UNOBSERVED,UNKNOWN_NO_CUSTOMER_VERBATIM_OR_SENTIMENT_LABEL,FEEDBACK_NOT_OBSERVED
8424,8425,2,LOW_REPORTED,UNKNOWN_NO_CUSTOMER_VERBATIM_OR_SENTIMENT_LABEL,REVIEW_REPORTED_LOW_CSAT
8425,8426,,UNOBSERVED,UNKNOWN_NO_CUSTOMER_VERBATIM_OR_SENTIMENT_LABEL,FEEDBACK_NOT_OBSERVED
8426,8427,,UNOBSERVED,UNKNOWN_NO_CUSTOMER_VERBATIM_OR_SENTIMENT_LABEL,FEEDBACK_NOT_OBSERVED
8427,8428,3,MIDDLE_REPORTED,UNKNOWN_NO_CUSTOMER_VERBATIM_OR_SENTIMENT_LABEL,KEEP_OBSERVED_SCORE
8428,8429,3,MIDDLE_REPORTED,UNKNOWN_NO_CUSTOMER_VERBATIM_OR_SENTIMENT_LABEL,KEEP_OBSERVED_SCORE
8429,8430,,UNOBSERVED,UNKNOWN_NO_CUSTOMER_VERBATIM_OR_SENTIMENT_LABEL,FEEDBACK_NOT_OBSERVED
8430,8431,,UNOBSERVED,UNKNOWN_NO_CUSTOMER_VERBATIM_OR_SENTIMENT_LABEL,FEEDBACK_NOT_OBSERVED
8431,8432,2,LOW_REPORTED,UNKNOWN_NO_CUSTOMER_VERBATIM_OR_SENTIMENT_LABEL,REVIEW_REPORTED_LOW_CSAT
8432,8433,,UNOBSERVED,UNKNOWN_NO_CUSTOMER_VERBATIM_OR_SENTIMENT_LABEL,FEEDBACK_NOT_OBSERVED
8433,8434,3,MIDDLE_REPORTED,UNKNOWN_NO_CUSTOMER_VERBATIM_OR_SENTIMENT_LABEL,KEEP_OBSERVED_SCORE
8434,8435,,UNOBSERVED,UNKNOWN_NO_CUSTOMER_VERBATIM_OR_SENTIMENT_LABEL,FEEDBACK_NOT_OBSERVED
8435,8436,4,HIGH_REPORTED,UNKNOWN_NO_CUSTOMER_VERBATIM_OR_SENTIMENT_LABEL,KEEP_OBSERVED_SCORE
8436,8437,1,LOW_REPORTED,UNKNOWN_NO_CUSTOMER_VERBATIM_OR_SENTIMENT_LABEL,REVIEW_REPORTED_LOW_CSAT
8437,8438,,UNOBSERVED,UNKNOWN_NO_CUSTOMER_VERBATIM_OR_SENTIMENT_LABEL,FEEDBACK_NOT_OBSERVED
8438,8439,,UNOBSERVED,UNKNOWN_NO_CUSTOMER_VERBATIM_OR_SENTIMENT_LABEL,FEEDBACK_NOT_OBSERVED
8439,8440,,UNOBSERVED,UNKNOWN_NO_CUSTOMER_VERBATIM_OR_SENTIMENT_LABEL,FEEDBACK_NOT_OBSERVED
8440,8441,,UNOBSERVED,UNKNOWN_NO_CUSTOMER_VERBATIM_OR_SENTIMENT_LABEL,FEEDBACK_NOT_OBSERVED
8441,8442,1,LOW_REPORTED,UNKNOWN_NO_CUSTOMER_VERBATIM_OR_SENTIMENT_LABEL,REVIEW_REPORTED_LOW_CSAT
8442,8443,3,MIDDLE_REPORTED,UNKNOWN_NO_CUSTOMER_VERBATIM_OR_SENTIMENT_LABEL,KEEP_OBSERVED_SCORE
8443,8444,,UNOBSERVED,UNKNOWN_NO_CUSTOMER_VERBATIM_OR_SENTIMENT_LABEL,FEEDBACK_NOT_OBSERVED
8444,8445,,UNOBSERVED,UNKNOWN_NO_CUSTOMER_VERBATIM_OR_SENTIMENT_LABEL,FEEDBACK_NOT_OBSERVED
8445,8446,,UNOBSERVED,UNKNOWN_NO_CUSTOMER_VERBATIM_OR_SENTIMENT_LABEL,FEEDBACK_NOT_OBSERVED
8446,8447,,UNOBSERVED,UNKNOWN_NO_CUSTOMER_VERBATIM_OR_SENTIMENT_LABEL,FEEDBACK_NOT_OBSERVED
8447,8448,,UNOBSERVED,UNKNOWN_NO_CUSTOMER_VERBATIM_OR_SENTIMENT_LABEL,FEEDBACK_NOT_OBSERVED
8448,8449,,UNOBSERVED,UNKNOWN_NO_CUSTOMER_VERBATIM_OR_SENTIMENT_LABEL,FEEDBACK_NOT_OBSERVED
8449,8450,2,LOW_REPORTED,UNKNOWN_NO_CUSTOMER_VERBATIM_OR_SENTIMENT_LABEL,REVIEW_REPORTED_LOW_CSAT
8450,8451,,UNOBSERVED,UNKNOWN_NO_CUSTOMER_VERBATIM_OR_SENTIMENT_LABEL,FEEDBACK_NOT_OBSERVED
8451,8452,5,HIGH_REPORTED,UNKNOWN_NO_CUSTOMER_VERBATIM_OR_SENTIMENT_LABEL,KEEP_OBSERVED_SCORE
8452,8453,,UNOBSERVED,UNKNOWN_NO_CUSTOMER_VERBATIM_OR_SENTIMENT_LABEL,FEEDBACK_NOT_OBSERVED
8453,8454,3,MIDDLE_REPORTED,UNKNOWN_NO_CUSTOMER_VERBATIM_OR_SENTIMENT_LABEL,KEEP_OBSERVED_SCORE
8454,8455,5,HIGH_REPORTED,UNKNOWN_NO_CUSTOMER_VERBATIM_OR_SENTIMENT_LABEL,KEEP_OBSERVED_SCORE
8455,8456,,UNOBSERVED,UNKNOWN_NO_CUSTOMER_VERBATIM_OR_SENTIMENT_LABEL,FEEDBACK_NOT_OBSERVED
8456,8457,1,LOW_REPORTED,UNKNOWN_NO_CUSTOMER_VERBATIM_OR_SENTIMENT_LABEL,REVIEW_REPORTED_LOW_CSAT
8457,8458,,UNOBSERVED,UNKNOWN_NO_CUSTOMER_VERBATIM_OR_SENTIMENT_LABEL,FEEDBACK_NOT_OBSERVED
8458,8459,,UNOBSERVED,UNKNOWN_NO_CUSTOMER_VERBATIM_OR_SENTIMENT_LABEL,FEEDBACK_NOT_OBSERVED
8459,8460,,UNOBSERVED,UNKNOWN_NO_CUSTOMER_VERBATIM_OR_SENTIMENT_LABEL,FEEDBACK_NOT_OBSERVED
8460,8461,,UNOBSERVED,UNKNOWN_NO_CUSTOMER_VERBATIM_OR_SENTIMENT_LABEL,FEEDBACK_NOT_OBSERVED
8461,8462,,UNOBSERVED,UNKNOWN_NO_CUSTOMER_VERBATIM_OR_SENTIMENT_LABEL,FEEDBACK_NOT_OBSERVED
8462,8463,,UNOBSERVED,UNKNOWN_NO_CUSTOMER_VERBATIM_OR_SENTIMENT_LABEL,FEEDBACK_NOT_OBSERVED
8463,8464,,UNOBSERVED,UNKNOWN_NO_CUSTOMER_VERBATIM_OR_SENTIMENT_LABEL,FEEDBACK_NOT_OBSERVED
8464,8465,,UNOBSERVED,UNKNOWN_NO_CUSTOMER_VERBATIM_OR_SENTIMENT_LABEL,FEEDBACK_NOT_OBSERVED
8465,8466,,UNOBSERVED,UNKNOWN_NO_CUSTOMER_VERBATIM_OR_SENTIMENT_LABEL,FEEDBACK_NOT_OBSERVED
8466,8467,,UNOBSERVED,UNKNOWN_NO_CUSTOMER_VERBATIM_OR_SENTIMENT_LABEL,FEEDBACK_NOT_OBSERVED
8467,8468,3,MIDDLE_REPORTED,UNKNOWN_NO_CUSTOMER_VERBATIM_OR_SENTIMENT_LABEL,KEEP_OBSERVED_SCORE
8468,8469,3,MIDDLE_REPORTED,UNKNOWN_NO_CUSTOMER_VERBATIM_OR_SENTIMENT_LABEL,KEEP_OBSERVED_SCORE
8469,8470,,UNOBSERVED,UNKNOWN_NO_CUSTOMER_VERBATIM_OR_SENTIMENT_LABEL,FEEDBACK_NOT_OBSERVED
