ticket_id,source_row,customer_id,time_state,interval_hours,rating,identity_conflict,primary_eligible,Ticket Status,Product Purchased,Ticket Type,Ticket Priority,Ticket Channel,First Response Time,Time to Resolution,speed_group
3,4,CUST02581,POSITIVE_INTERVAL,6.85,3,False,True,Closed,Trello,Technical issue,Low,Social media,01-06-2023 11:14,01-06-2023 18:05,slow
5,6,CUST00741,POSITIVE_INTERVAL,19.683333333333334,1,False,True,Closed,Bitbucket,Billing inquiry,Low,Email,01-06-2023 00:12,01-06-2023 19:53,slow
20,21,CUST03199,POSITIVE_INTERVAL,19.716666666666665,5,False,True,Closed,Trello,Refund request,Low,Chat,01-06-2023 00:46,01-06-2023 20:29,slow
29,30,CUST02457,POSITIVE_INTERVAL,6.766666666666667,5,False,True,Closed,Confluence,Technical issue,Critical,Phone,31-05-2023 23:17,01-06-2023 06:03,slow
30,31,CUST06802,POSITIVE_INTERVAL,17.483333333333334,1,False,True,Closed,Jira,Cancellation request,Medium,Phone,01-06-2023 00:54,01-06-2023 18:23,slow
32,33,CUST08304,POSITIVE_INTERVAL,0.5666666666666667,3,False,True,Closed,Bitbucket,Technical issue,Medium,Social media,01-06-2023 06:42,01-06-2023 07:16,fast
34,35,CUST01640,POSITIVE_INTERVAL,16.4,5,False,True,Closed,Bitbucket,Refund request,Critical,Social media,01-06-2023 02:01,01-06-2023 18:25,slow
47,48,CUST00022,POSITIVE_INTERVAL,5.683333333333334,1,False,True,Closed,Confluence,Refund request,High,Phone,01-06-2023 03:43,01-06-2023 09:24,fast
53,54,CUST02850,POSITIVE_INTERVAL,19.083333333333332,3,False,True,Closed,Trello,Refund request,High,Social media,01-06-2023 01:54,01-06-2023 20:59,slow
54,55,CUST06551,POSITIVE_INTERVAL,9.766666666666667,4,False,True,Closed,Loom,Cancellation request,Low,Chat,01-06-2023 00:39,01-06-2023 10:25,slow
61,62,CUST02717,POSITIVE_INTERVAL,11.616666666666667,1,False,True,Closed,Confluence,Cancellation request,Medium,Chat,01-06-2023 00:18,01-06-2023 11:55,slow
63,64,CUST02331,POSITIVE_INTERVAL,13.066666666666666,4,False,True,Closed,Jira,Billing inquiry,High,Email,31-05-2023 23:37,01-06-2023 12:41,slow
67,68,CUST02534,POSITIVE_INTERVAL,5.183333333333334,5,False,True,Closed,Jira,Billing inquiry,High,Email,01-06-2023 05:06,01-06-2023 10:17,fast
83,84,CUST04187,POSITIVE_INTERVAL,14.916666666666666,1,False,True,Closed,Jira,Refund request,Low,Social media,01-06-2023 05:40,01-06-2023 20:35,slow
90,91,CUST02872,POSITIVE_INTERVAL,3.8666666666666667,5,False,True,Closed,Bitbucket,Product inquiry,Medium,Email,31-05-2023 23:17,01-06-2023 03:09,fast
96,97,CUST01734,POSITIVE_INTERVAL,18.516666666666666,5,False,True,Closed,Bitbucket,Product inquiry,High,Chat,01-06-2023 00:08,01-06-2023 18:39,slow
99,100,CUST06815,POSITIVE_INTERVAL,7.666666666666667,5,False,True,Closed,Confluence,Billing inquiry,High,Chat,01-06-2023 07:05,01-06-2023 14:45,slow
103,104,CUST03155,POSITIVE_INTERVAL,12.266666666666667,3,False,True,Closed,Trello,Refund request,Critical,Email,01-06-2023 03:07,01-06-2023 15:23,slow
109,110,CUST05324,POSITIVE_INTERVAL,5.333333333333333,4,False,True,Closed,Loom,Technical issue,Critical,Chat,01-06-2023 02:55,01-06-2023 08:15,fast
111,112,CUST00950,POSITIVE_INTERVAL,9.483333333333333,2,False,True,Closed,Bitbucket,Cancellation request,High,Email,01-06-2023 03:14,01-06-2023 12:43,slow
118,119,CUST04794,POSITIVE_INTERVAL,4.033333333333333,5,False,True,Closed,Bitbucket,Billing inquiry,Medium,Phone,01-06-2023 00:40,01-06-2023 04:42,fast
120,121,CUST03960,POSITIVE_INTERVAL,10.45,2,False,True,Closed,Confluence,Billing inquiry,Low,Phone,01-06-2023 04:22,01-06-2023 14:49,slow
129,130,CUST03295,POSITIVE_INTERVAL,2.283333333333333,3,False,True,Closed,Trello,Cancellation request,Medium,Email,31-05-2023 22:12,01-06-2023 00:29,fast
139,140,CUST00336,POSITIVE_INTERVAL,7.1,2,False,True,Closed,Trello,Product inquiry,Critical,Chat,31-05-2023 23:52,01-06-2023 06:58,slow
149,150,CUST06051,POSITIVE_INTERVAL,5.166666666666667,1,False,True,Closed,Confluence,Refund request,High,Chat,01-06-2023 08:45,01-06-2023 13:55,fast
150,151,CUST07306,POSITIVE_INTERVAL,3.466666666666667,3,False,True,Closed,Confluence,Technical issue,Critical,Email,01-06-2023 16:34,01-06-2023 20:02,fast
162,163,CUST02148,POSITIVE_INTERVAL,12.65,3,False,True,Closed,Loom,Refund request,High,Phone,01-06-2023 03:19,01-06-2023 15:58,slow
165,166,CUST00528,POSITIVE_INTERVAL,1.7833333333333334,5,False,True,Closed,Loom,Billing inquiry,Low,Social media,01-06-2023 19:39,01-06-2023 21:26,fast
167,168,CUST06466,POSITIVE_INTERVAL,2.9,3,False,True,Closed,Jira,Refund request,Medium,Email,01-06-2023 04:35,01-06-2023 07:29,fast
171,172,CUST00762,POSITIVE_INTERVAL,2.9,4,False,True,Closed,Loom,Billing inquiry,Low,Social media,01-06-2023 15:42,01-06-2023 18:36,fast
183,184,CUST05134,POSITIVE_INTERVAL,5.083333333333333,4,False,True,Closed,Confluence,Product inquiry,High,Chat,01-06-2023 01:29,01-06-2023 06:34,fast
184,185,CUST06092,POSITIVE_INTERVAL,4.216666666666667,4,False,True,Closed,Loom,Billing inquiry,Medium,Phone,31-05-2023 23:38,01-06-2023 03:51,fast
195,196,CUST06096,POSITIVE_INTERVAL,7.683333333333334,2,False,True,Closed,Confluence,Billing inquiry,Medium,Social media,01-06-2023 04:08,01-06-2023 11:49,slow
199,200,CUST01361,POSITIVE_INTERVAL,18.283333333333335,5,False,True,Closed,Bitbucket,Cancellation request,Critical,Chat,01-06-2023 01:07,01-06-2023 19:24,slow
200,201,CUST02814,POSITIVE_INTERVAL,7.916666666666667,5,False,True,Closed,Trello,Product inquiry,Medium,Chat,01-06-2023 12:39,01-06-2023 20:34,slow
205,206,CUST02198,POSITIVE_INTERVAL,0.05,3,False,True,Closed,Bitbucket,Cancellation request,High,Phone,01-06-2023 17:47,01-06-2023 17:50,fast
220,221,CUST07328,POSITIVE_INTERVAL,1.0833333333333333,2,False,True,Closed,Trello,Technical issue,Critical,Social media,01-06-2023 09:57,01-06-2023 11:02,fast
227,228,CUST07605,POSITIVE_INTERVAL,17.366666666666667,4,False,True,Closed,Jira,Billing inquiry,High,Phone,31-05-2023 22:49,01-06-2023 16:11,slow
230,231,CUST06918,POSITIVE_INTERVAL,2.5,2,False,True,Closed,Jira,Technical issue,Critical,Social media,01-06-2023 08:10,01-06-2023 10:40,fast
238,239,CUST04610,POSITIVE_INTERVAL,7.783333333333333,4,False,True,Closed,Bitbucket,Product inquiry,High,Social media,01-06-2023 00:51,01-06-2023 08:38,slow
242,243,CUST07351,POSITIVE_INTERVAL,13.65,2,False,True,Closed,Trello,Billing inquiry,Low,Social media,01-06-2023 08:10,01-06-2023 21:49,slow
251,252,CUST01322,POSITIVE_INTERVAL,4.816666666666666,2,False,True,Closed,Loom,Technical issue,Critical,Phone,01-06-2023 03:15,01-06-2023 08:04,fast
260,261,CUST04654,POSITIVE_INTERVAL,5.533333333333333,5,False,True,Closed,Jira,Billing inquiry,Low,Social media,01-06-2023 05:54,01-06-2023 11:26,fast
270,271,CUST01429,POSITIVE_INTERVAL,8.8,3,False,True,Closed,Confluence,Refund request,High,Social media,01-06-2023 07:21,01-06-2023 16:09,slow
281,282,CUST00268,POSITIVE_INTERVAL,1.7833333333333334,2,False,True,Closed,Loom,Product inquiry,Critical,Chat,01-06-2023 14:22,01-06-2023 16:09,fast
293,294,CUST06406,POSITIVE_INTERVAL,4.3,2,False,True,Closed,Confluence,Billing inquiry,High,Email,01-06-2023 05:29,01-06-2023 09:47,fast
298,299,CUST08223,POSITIVE_INTERVAL,13.433333333333334,2,False,True,Closed,Jira,Cancellation request,Critical,Phone,01-06-2023 04:14,01-06-2023 17:40,slow
303,304,CUST07221,POSITIVE_INTERVAL,1.0666666666666667,1,False,True,Closed,Bitbucket,Product inquiry,Medium,Phone,01-06-2023 00:49,01-06-2023 01:53,fast
305,306,CUST00845,POSITIVE_INTERVAL,8.933333333333334,5,False,True,Closed,Bitbucket,Cancellation request,Medium,Chat,01-06-2023 12:24,01-06-2023 21:20,slow
307,308,CUST02820,POSITIVE_INTERVAL,3.05,2,False,True,Closed,Bitbucket,Refund request,Low,Social media,01-06-2023 17:07,01-06-2023 20:10,fast
312,313,CUST02001,POSITIVE_INTERVAL,2.0,2,False,True,Closed,Jira,Refund request,Critical,Chat,01-06-2023 07:18,01-06-2023 09:18,fast
313,314,CUST01569,POSITIVE_INTERVAL,1.2666666666666666,1,False,True,Closed,Jira,Technical issue,Medium,Email,01-06-2023 00:13,01-06-2023 01:29,fast
326,327,CUST05014,POSITIVE_INTERVAL,10.783333333333333,4,False,True,Closed,Jira,Refund request,Low,Phone,01-06-2023 00:41,01-06-2023 11:28,slow
330,331,CUST06462,POSITIVE_INTERVAL,5.516666666666667,5,False,True,Closed,Jira,Refund request,Medium,Chat,01-06-2023 04:28,01-06-2023 09:59,fast
333,334,CUST03319,POSITIVE_INTERVAL,1.75,2,False,True,Closed,Trello,Technical issue,Medium,Social media,01-06-2023 18:11,01-06-2023 19:56,fast
339,340,CUST05674,POSITIVE_INTERVAL,7.966666666666667,3,False,True,Closed,Trello,Technical issue,Critical,Social media,01-06-2023 08:44,01-06-2023 16:42,slow
343,344,CUST00956,POSITIVE_INTERVAL,5.516666666666667,5,False,True,Closed,Loom,Cancellation request,Low,Chat,01-06-2023 15:44,01-06-2023 21:15,fast
345,346,CUST04643,POSITIVE_INTERVAL,12.016666666666667,3,False,True,Closed,Loom,Technical issue,High,Phone,01-06-2023 05:24,01-06-2023 17:25,slow
350,351,CUST05158,POSITIVE_INTERVAL,17.916666666666668,3,False,True,Closed,Loom,Billing inquiry,Critical,Email,31-05-2023 23:30,01-06-2023 17:25,slow
351,352,CUST01420,POSITIVE_INTERVAL,9.7,2,False,True,Closed,Jira,Cancellation request,Critical,Social media,01-06-2023 07:33,01-06-2023 17:15,slow
357,358,CUST03123,POSITIVE_INTERVAL,19.616666666666667,2,False,True,Closed,Trello,Technical issue,High,Chat,01-06-2023 01:05,01-06-2023 20:42,slow
361,362,CUST07114,POSITIVE_INTERVAL,2.3333333333333335,5,False,True,Closed,Confluence,Cancellation request,Medium,Email,01-06-2023 06:19,01-06-2023 08:39,fast
362,363,CUST00509,POSITIVE_INTERVAL,2.1166666666666667,4,False,True,Closed,Jira,Product inquiry,Medium,Chat,01-06-2023 12:47,01-06-2023 14:54,fast
372,373,CUST07977,POSITIVE_INTERVAL,0.65,1,False,True,Closed,Bitbucket,Cancellation request,Medium,Email,31-05-2023 22:20,31-05-2023 22:59,fast
373,374,CUST04970,POSITIVE_INTERVAL,6.266666666666667,5,False,True,Closed,Bitbucket,Refund request,Medium,Social media,01-06-2023 14:52,01-06-2023 21:08,fast
374,375,CUST01099,POSITIVE_INTERVAL,0.8333333333333334,1,False,True,Closed,Jira,Technical issue,Critical,Phone,01-06-2023 10:52,01-06-2023 11:42,fast
376,377,CUST06331,POSITIVE_INTERVAL,0.35,1,False,True,Closed,Jira,Product inquiry,Low,Phone,01-06-2023 19:50,01-06-2023 20:11,fast
381,382,CUST07778,POSITIVE_INTERVAL,6.016666666666667,5,False,True,Closed,Jira,Product inquiry,Low,Email,01-06-2023 07:09,01-06-2023 13:10,fast
384,385,CUST08123,POSITIVE_INTERVAL,4.683333333333334,3,False,True,Closed,Confluence,Refund request,High,Social media,01-06-2023 08:19,01-06-2023 13:00,fast
388,389,CUST03084,POSITIVE_INTERVAL,1.1833333333333333,4,False,True,Closed,Trello,Billing inquiry,High,Chat,01-06-2023 16:17,01-06-2023 17:28,fast
391,392,CUST06936,POSITIVE_INTERVAL,12.45,4,False,True,Closed,Loom,Technical issue,High,Phone,01-06-2023 05:20,01-06-2023 17:47,slow
396,397,CUST00582,POSITIVE_INTERVAL,10.6,2,False,True,Closed,Bitbucket,Technical issue,Low,Phone,31-05-2023 21:55,01-06-2023 08:31,slow
405,406,CUST07984,POSITIVE_INTERVAL,4.433333333333334,2,False,True,Closed,Trello,Cancellation request,Critical,Social media,01-06-2023 08:45,01-06-2023 13:11,fast
412,413,CUST08267,POSITIVE_INTERVAL,1.8666666666666667,4,False,True,Closed,Bitbucket,Refund request,Low,Phone,01-06-2023 05:07,01-06-2023 06:59,fast
419,420,CUST01750,POSITIVE_INTERVAL,22.35,2,False,True,Closed,Jira,Technical issue,Low,Chat,31-05-2023 22:20,01-06-2023 20:41,slow
430,431,CUST04428,POSITIVE_INTERVAL,1.2833333333333334,1,False,True,Closed,Confluence,Refund request,Low,Chat,01-06-2023 15:09,01-06-2023 16:26,fast
438,439,CUST07722,POSITIVE_INTERVAL,6.116666666666666,4,False,True,Closed,Trello,Cancellation request,Critical,Social media,01-06-2023 10:05,01-06-2023 16:12,fast
444,445,CUST07475,POSITIVE_INTERVAL,6.816666666666666,3,False,True,Closed,Trello,Refund request,Medium,Phone,01-06-2023 05:17,01-06-2023 12:06,slow
456,457,CUST00192,POSITIVE_INTERVAL,2.4,5,False,True,Closed,Trello,Refund request,Low,Social media,01-06-2023 04:01,01-06-2023 06:25,fast
462,463,CUST06268,POSITIVE_INTERVAL,14.233333333333333,3,False,True,Closed,Bitbucket,Billing inquiry,Critical,Email,31-05-2023 23:15,01-06-2023 13:29,slow
464,465,CUST01956,POSITIVE_INTERVAL,2.5166666666666666,2,False,True,Closed,Trello,Product inquiry,Medium,Social media,01-06-2023 05:55,01-06-2023 08:26,fast
486,487,CUST02438,POSITIVE_INTERVAL,11.75,5,False,True,Closed,Loom,Product inquiry,Medium,Phone,01-06-2023 00:38,01-06-2023 12:23,slow
496,497,CUST07751,POSITIVE_INTERVAL,15.366666666666667,1,False,True,Closed,Confluence,Technical issue,Low,Social media,01-06-2023 05:41,01-06-2023 21:03,slow
497,498,CUST00360,POSITIVE_INTERVAL,6.216666666666667,1,False,True,Closed,Loom,Technical issue,Medium,Phone,01-06-2023 05:25,01-06-2023 11:38,fast
501,502,CUST06782,POSITIVE_INTERVAL,8.516666666666667,5,False,True,Closed,Jira,Cancellation request,High,Chat,01-06-2023 07:59,01-06-2023 16:30,slow
502,503,CUST06788,POSITIVE_INTERVAL,0.23333333333333334,2,False,True,Closed,Trello,Billing inquiry,Critical,Phone,01-06-2023 17:38,01-06-2023 17:52,fast
504,505,CUST03025,POSITIVE_INTERVAL,3.433333333333333,3,False,True,Closed,Bitbucket,Technical issue,Medium,Phone,01-06-2023 13:38,01-06-2023 17:04,fast
510,511,CUST02371,POSITIVE_INTERVAL,7.233333333333333,5,False,True,Closed,Trello,Product inquiry,High,Chat,01-06-2023 09:28,01-06-2023 16:42,slow
512,513,CUST02265,POSITIVE_INTERVAL,5.433333333333334,2,False,True,Closed,Trello,Product inquiry,Low,Phone,01-06-2023 03:19,01-06-2023 08:45,fast
517,518,CUST08012,POSITIVE_INTERVAL,9.466666666666667,4,False,True,Closed,Loom,Billing inquiry,Critical,Phone,01-06-2023 03:20,01-06-2023 12:48,slow
519,520,CUST08275,POSITIVE_INTERVAL,7.0,3,False,True,Closed,Trello,Product inquiry,Critical,Chat,01-06-2023 11:17,01-06-2023 18:17,slow
527,528,CUST00378,POSITIVE_INTERVAL,18.766666666666666,1,False,True,Closed,Jira,Refund request,Critical,Social media,01-06-2023 02:32,01-06-2023 21:18,slow
537,538,CUST06351,POSITIVE_INTERVAL,4.066666666666666,3,False,True,Closed,Jira,Technical issue,Medium,Phone,01-06-2023 14:14,01-06-2023 18:18,fast
540,541,CUST02520,POSITIVE_INTERVAL,10.433333333333334,3,False,True,Closed,Trello,Cancellation request,Medium,Chat,01-06-2023 06:21,01-06-2023 16:47,slow
544,545,CUST02926,POSITIVE_INTERVAL,18.733333333333334,2,False,True,Closed,Jira,Refund request,Low,Email,31-05-2023 23:07,01-06-2023 17:51,slow
559,560,CUST06679,POSITIVE_INTERVAL,2.9166666666666665,3,False,True,Closed,Bitbucket,Product inquiry,Critical,Chat,01-06-2023 17:14,01-06-2023 20:09,fast
562,563,CUST00292,POSITIVE_INTERVAL,7.916666666666667,3,False,True,Closed,Loom,Technical issue,Medium,Phone,01-06-2023 03:59,01-06-2023 11:54,slow
569,570,CUST03819,POSITIVE_INTERVAL,12.2,4,False,True,Closed,Confluence,Product inquiry,Low,Social media,01-06-2023 05:21,01-06-2023 17:33,slow
581,582,CUST05601,POSITIVE_INTERVAL,2.6,2,False,True,Closed,Confluence,Cancellation request,Critical,Social media,01-06-2023 03:37,01-06-2023 06:13,fast
588,589,CUST01454,POSITIVE_INTERVAL,10.383333333333333,2,False,True,Closed,Loom,Refund request,Medium,Phone,01-06-2023 05:25,01-06-2023 15:48,slow
590,591,CUST02691,POSITIVE_INTERVAL,1.1833333333333333,5,False,True,Closed,Jira,Technical issue,High,Phone,01-06-2023 02:53,01-06-2023 04:04,fast
598,599,CUST06053,POSITIVE_INTERVAL,13.783333333333333,4,False,True,Closed,Jira,Technical issue,High,Phone,01-06-2023 00:32,01-06-2023 14:19,slow
599,600,CUST03944,POSITIVE_INTERVAL,9.3,2,False,True,Closed,Bitbucket,Technical issue,Critical,Social media,01-06-2023 09:54,01-06-2023 19:12,slow
601,602,CUST04570,POSITIVE_INTERVAL,8.283333333333333,4,False,True,Closed,Trello,Billing inquiry,Low,Email,01-06-2023 06:35,01-06-2023 14:52,slow
605,606,CUST07964,POSITIVE_INTERVAL,8.833333333333334,3,False,True,Closed,Loom,Product inquiry,Critical,Social media,01-06-2023 05:10,01-06-2023 14:00,slow
622,623,CUST03604,POSITIVE_INTERVAL,0.18333333333333332,2,False,True,Closed,Confluence,Product inquiry,Medium,Chat,01-06-2023 15:57,01-06-2023 16:08,fast
636,637,CUST04223,POSITIVE_INTERVAL,3.2666666666666666,3,False,True,Closed,Trello,Cancellation request,Medium,Chat,01-06-2023 08:35,01-06-2023 11:51,fast
644,645,CUST00571,POSITIVE_INTERVAL,16.516666666666666,5,False,True,Closed,Jira,Cancellation request,Critical,Email,01-06-2023 02:08,01-06-2023 18:39,slow
645,646,CUST07898,POSITIVE_INTERVAL,13.933333333333334,1,False,True,Closed,Confluence,Refund request,Medium,Social media,31-05-2023 22:37,01-06-2023 12:33,slow
649,650,CUST07282,POSITIVE_INTERVAL,12.116666666666667,3,False,True,Closed,Jira,Refund request,Medium,Phone,01-06-2023 05:07,01-06-2023 17:14,slow
655,656,CUST06469,POSITIVE_INTERVAL,6.533333333333333,1,False,True,Closed,Trello,Refund request,High,Email,01-06-2023 01:48,01-06-2023 08:20,slow
657,658,CUST00713,POSITIVE_INTERVAL,18.383333333333333,1,False,True,Closed,Loom,Refund request,Critical,Email,31-05-2023 22:21,01-06-2023 16:44,slow
658,659,CUST03227,POSITIVE_INTERVAL,15.516666666666667,2,False,True,Closed,Confluence,Technical issue,High,Social media,01-06-2023 00:01,01-06-2023 15:32,slow
663,664,CUST05425,POSITIVE_INTERVAL,1.8333333333333333,4,False,True,Closed,Bitbucket,Billing inquiry,High,Social media,31-05-2023 22:49,01-06-2023 00:39,fast
674,675,CUST07389,POSITIVE_INTERVAL,13.233333333333333,1,False,True,Closed,Bitbucket,Product inquiry,Medium,Email,01-06-2023 03:33,01-06-2023 16:47,slow
680,681,CUST07312,POSITIVE_INTERVAL,6.766666666666667,5,False,True,Closed,Bitbucket,Technical issue,Critical,Phone,01-06-2023 01:21,01-06-2023 08:07,slow
685,686,CUST04732,POSITIVE_INTERVAL,1.1166666666666667,3,False,True,Closed,Trello,Technical issue,Critical,Chat,01-06-2023 04:10,01-06-2023 05:17,fast
705,706,CUST01508,POSITIVE_INTERVAL,11.916666666666666,3,False,True,Closed,Trello,Refund request,High,Chat,01-06-2023 09:47,01-06-2023 21:42,slow
712,713,CUST04365,POSITIVE_INTERVAL,18.55,2,False,True,Closed,Trello,Technical issue,High,Phone,31-05-2023 23:52,01-06-2023 18:25,slow
713,714,CUST07366,POSITIVE_INTERVAL,8.016666666666667,1,False,True,Closed,Confluence,Product inquiry,High,Email,01-06-2023 05:35,01-06-2023 13:36,slow
721,722,CUST01408,POSITIVE_INTERVAL,2.0166666666666666,1,False,True,Closed,Trello,Billing inquiry,Critical,Phone,01-06-2023 10:25,01-06-2023 12:26,fast
723,724,CUST03610,POSITIVE_INTERVAL,18.383333333333333,1,False,True,Closed,Trello,Technical issue,Medium,Email,31-05-2023 23:50,01-06-2023 18:13,slow
729,730,CUST02101,POSITIVE_INTERVAL,14.166666666666666,2,False,True,Closed,Confluence,Cancellation request,High,Social media,31-05-2023 23:15,01-06-2023 13:25,slow
730,731,CUST00101,POSITIVE_INTERVAL,2.5,4,False,True,Closed,Bitbucket,Technical issue,Low,Chat,01-06-2023 16:18,01-06-2023 18:48,fast
734,735,CUST06305,POSITIVE_INTERVAL,5.116666666666666,4,False,True,Closed,Confluence,Cancellation request,Medium,Chat,01-06-2023 02:06,01-06-2023 07:13,fast
741,742,CUST02230,POSITIVE_INTERVAL,2.25,1,False,True,Closed,Bitbucket,Technical issue,Critical,Email,01-06-2023 00:37,01-06-2023 02:52,fast
744,745,CUST04543,POSITIVE_INTERVAL,3.933333333333333,4,False,True,Closed,Bitbucket,Cancellation request,Critical,Email,01-06-2023 16:44,01-06-2023 20:40,fast
749,750,CUST01248,POSITIVE_INTERVAL,17.916666666666668,2,False,True,Closed,Jira,Technical issue,Critical,Email,01-06-2023 01:27,01-06-2023 19:22,slow
755,756,CUST06915,POSITIVE_INTERVAL,9.75,4,False,True,Closed,Loom,Product inquiry,Medium,Phone,01-06-2023 09:51,01-06-2023 19:36,slow
756,757,CUST03384,POSITIVE_INTERVAL,20.666666666666668,2,False,True,Closed,Confluence,Refund request,High,Chat,31-05-2023 23:58,01-06-2023 20:38,slow
764,765,CUST05094,POSITIVE_INTERVAL,1.5666666666666667,5,False,True,Closed,Loom,Product inquiry,Medium,Social media,31-05-2023 22:56,01-06-2023 00:30,fast
765,766,CUST07627,POSITIVE_INTERVAL,7.833333333333333,1,False,True,Closed,Confluence,Billing inquiry,Medium,Email,01-06-2023 08:15,01-06-2023 16:05,slow
766,767,CUST03752,POSITIVE_INTERVAL,10.3,5,False,True,Closed,Trello,Refund request,Critical,Chat,31-05-2023 22:06,01-06-2023 08:24,slow
770,771,CUST04330,POSITIVE_INTERVAL,10.366666666666667,4,False,True,Closed,Trello,Product inquiry,High,Chat,01-06-2023 01:14,01-06-2023 11:36,slow
773,774,CUST06367,POSITIVE_INTERVAL,6.55,5,False,True,Closed,Trello,Cancellation request,Medium,Chat,01-06-2023 00:19,01-06-2023 06:52,slow
777,778,CUST06044,POSITIVE_INTERVAL,16.566666666666666,5,False,True,Closed,Trello,Cancellation request,Critical,Chat,01-06-2023 01:53,01-06-2023 18:27,slow
781,782,CUST05226,POSITIVE_INTERVAL,14.966666666666667,4,False,True,Closed,Loom,Refund request,Low,Phone,01-06-2023 02:58,01-06-2023 17:56,slow
787,788,CUST03625,POSITIVE_INTERVAL,0.3,1,False,True,Closed,Loom,Refund request,Critical,Phone,01-06-2023 07:14,01-06-2023 07:32,fast
792,793,CUST04192,POSITIVE_INTERVAL,13.183333333333334,3,False,True,Closed,Trello,Cancellation request,Critical,Email,01-06-2023 06:07,01-06-2023 19:18,slow
796,797,CUST01687,POSITIVE_INTERVAL,0.8166666666666667,1,False,True,Closed,Loom,Refund request,Critical,Chat,01-06-2023 08:55,01-06-2023 09:44,fast
807,808,CUST01169,POSITIVE_INTERVAL,15.533333333333333,2,False,True,Closed,Confluence,Technical issue,High,Email,01-06-2023 06:14,01-06-2023 21:46,slow
810,811,CUST03798,POSITIVE_INTERVAL,13.183333333333334,4,False,True,Closed,Bitbucket,Refund request,Medium,Social media,01-06-2023 06:36,01-06-2023 19:47,slow
816,817,CUST05475,POSITIVE_INTERVAL,21.133333333333333,4,False,True,Closed,Confluence,Product inquiry,Low,Social media,01-06-2023 00:42,01-06-2023 21:50,slow
819,820,CUST00394,POSITIVE_INTERVAL,15.9,3,False,True,Closed,Confluence,Refund request,High,Phone,01-06-2023 04:01,01-06-2023 19:55,slow
822,823,CUST04706,POSITIVE_INTERVAL,1.75,3,False,True,Closed,Jira,Cancellation request,Critical,Social media,01-06-2023 14:57,01-06-2023 16:42,fast
841,842,CUST08302,POSITIVE_INTERVAL,0.85,5,False,True,Closed,Confluence,Product inquiry,Critical,Phone,01-06-2023 12:16,01-06-2023 13:07,fast
847,848,CUST02170,POSITIVE_INTERVAL,2.9,4,False,True,Closed,Bitbucket,Billing inquiry,High,Phone,01-06-2023 01:21,01-06-2023 04:15,fast
851,852,CUST01134,POSITIVE_INTERVAL,2.533333333333333,1,False,True,Closed,Trello,Refund request,Low,Email,01-06-2023 14:08,01-06-2023 16:40,fast
853,854,CUST01982,POSITIVE_INTERVAL,3.2333333333333334,5,False,True,Closed,Confluence,Refund request,Medium,Email,01-06-2023 04:03,01-06-2023 07:17,fast
856,857,CUST07540,POSITIVE_INTERVAL,2.5166666666666666,2,False,True,Closed,Trello,Billing inquiry,High,Social media,01-06-2023 17:07,01-06-2023 19:38,fast
862,863,CUST01330,POSITIVE_INTERVAL,8.883333333333333,3,False,True,Closed,Jira,Refund request,Medium,Social media,01-06-2023 04:14,01-06-2023 13:07,slow
863,864,CUST01535,POSITIVE_INTERVAL,11.333333333333334,2,False,True,Closed,Trello,Refund request,Low,Email,01-06-2023 03:23,01-06-2023 14:43,slow
866,867,CUST06454,POSITIVE_INTERVAL,12.183333333333334,5,False,True,Closed,Trello,Cancellation request,High,Phone,01-06-2023 00:03,01-06-2023 12:14,slow
867,868,CUST02088,POSITIVE_INTERVAL,3.783333333333333,3,False,True,Closed,Trello,Refund request,Critical,Chat,01-06-2023 00:47,01-06-2023 04:34,fast
876,877,CUST06468,POSITIVE_INTERVAL,4.116666666666666,3,False,True,Closed,Jira,Cancellation request,Medium,Phone,01-06-2023 15:19,01-06-2023 19:26,fast
884,885,CUST08138,POSITIVE_INTERVAL,1.7333333333333334,4,False,True,Closed,Confluence,Product inquiry,Critical,Email,01-06-2023 09:44,01-06-2023 11:28,fast
893,894,CUST02709,POSITIVE_INTERVAL,13.833333333333334,4,False,True,Closed,Confluence,Technical issue,Medium,Phone,01-06-2023 00:59,01-06-2023 14:49,slow
895,896,CUST07399,POSITIVE_INTERVAL,2.933333333333333,2,False,True,Closed,Jira,Refund request,Critical,Phone,01-06-2023 18:43,01-06-2023 21:39,fast
898,899,CUST08187,POSITIVE_INTERVAL,0.6333333333333333,4,False,True,Closed,Jira,Technical issue,Low,Phone,01-06-2023 15:44,01-06-2023 16:22,fast
904,905,CUST01722,POSITIVE_INTERVAL,1.4333333333333333,3,False,True,Closed,Trello,Billing inquiry,Critical,Chat,01-06-2023 10:59,01-06-2023 12:25,fast
912,913,CUST05891,POSITIVE_INTERVAL,3.433333333333333,2,False,True,Closed,Jira,Refund request,Critical,Social media,01-06-2023 16:48,01-06-2023 20:14,fast
918,919,CUST06124,POSITIVE_INTERVAL,9.716666666666667,2,False,True,Closed,Jira,Cancellation request,Medium,Chat,01-06-2023 06:06,01-06-2023 15:49,slow
920,921,CUST01450,POSITIVE_INTERVAL,4.65,4,False,True,Closed,Trello,Technical issue,High,Email,31-05-2023 23:42,01-06-2023 04:21,fast
927,928,CUST04178,POSITIVE_INTERVAL,8.233333333333333,4,False,True,Closed,Bitbucket,Billing inquiry,High,Chat,01-06-2023 02:24,01-06-2023 10:38,slow
934,935,CUST05596,POSITIVE_INTERVAL,12.383333333333333,1,False,True,Closed,Loom,Technical issue,Medium,Phone,01-06-2023 00:45,01-06-2023 13:08,slow
939,940,CUST07914,POSITIVE_INTERVAL,8.8,3,False,True,Closed,Jira,Technical issue,Critical,Social media,01-06-2023 05:11,01-06-2023 13:59,slow
945,946,CUST03676,POSITIVE_INTERVAL,3.4166666666666665,5,False,True,Closed,Confluence,Cancellation request,Low,Email,01-06-2023 10:48,01-06-2023 14:13,fast
951,952,CUST07394,POSITIVE_INTERVAL,7.466666666666667,3,False,True,Closed,Jira,Cancellation request,Medium,Chat,01-06-2023 05:37,01-06-2023 13:05,slow
956,957,CUST04061,POSITIVE_INTERVAL,3.1333333333333333,5,False,True,Closed,Loom,Cancellation request,Critical,Phone,01-06-2023 11:45,01-06-2023 14:53,fast
957,958,CUST06579,POSITIVE_INTERVAL,7.5,1,False,True,Closed,Bitbucket,Product inquiry,Medium,Social media,01-06-2023 00:22,01-06-2023 07:52,slow
964,965,CUST02059,POSITIVE_INTERVAL,7.75,5,False,True,Closed,Trello,Cancellation request,Low,Email,01-06-2023 05:33,01-06-2023 13:18,slow
965,966,CUST03710,POSITIVE_INTERVAL,7.45,5,False,True,Closed,Loom,Billing inquiry,High,Chat,01-06-2023 11:02,01-06-2023 18:29,slow
987,988,CUST04753,POSITIVE_INTERVAL,6.666666666666667,4,False,True,Closed,Loom,Technical issue,Critical,Social media,31-05-2023 23:16,01-06-2023 05:56,slow
994,995,CUST04720,POSITIVE_INTERVAL,2.283333333333333,1,False,True,Closed,Trello,Billing inquiry,Critical,Social media,01-06-2023 00:53,01-06-2023 03:10,fast
998,999,CUST03844,POSITIVE_INTERVAL,4.416666666666667,4,False,True,Closed,Jira,Billing inquiry,Medium,Phone,01-06-2023 04:09,01-06-2023 08:34,fast
1000,1001,CUST04773,POSITIVE_INTERVAL,4.616666666666666,5,False,True,Closed,Bitbucket,Billing inquiry,High,Chat,01-06-2023 15:37,01-06-2023 20:14,fast
1007,1008,CUST02285,POSITIVE_INTERVAL,4.466666666666667,4,False,True,Closed,Bitbucket,Billing inquiry,Critical,Email,01-06-2023 02:58,01-06-2023 07:26,fast
1016,1017,CUST06600,POSITIVE_INTERVAL,15.783333333333333,1,False,True,Closed,Confluence,Product inquiry,Critical,Phone,01-06-2023 02:12,01-06-2023 17:59,slow
1020,1021,CUST07583,POSITIVE_INTERVAL,7.25,2,False,True,Closed,Jira,Cancellation request,Critical,Phone,01-06-2023 12:34,01-06-2023 19:49,slow
1022,1023,CUST03462,POSITIVE_INTERVAL,4.85,5,False,True,Closed,Trello,Product inquiry,Critical,Phone,01-06-2023 06:10,01-06-2023 11:01,fast
1030,1031,CUST01327,POSITIVE_INTERVAL,10.8,1,False,True,Closed,Jira,Cancellation request,Critical,Phone,01-06-2023 06:49,01-06-2023 17:37,slow
1031,1032,CUST03521,POSITIVE_INTERVAL,17.366666666666667,1,False,True,Closed,Bitbucket,Technical issue,Medium,Phone,31-05-2023 22:44,01-06-2023 16:06,slow
1033,1034,CUST03880,POSITIVE_INTERVAL,1.35,5,False,True,Closed,Loom,Refund request,Medium,Email,01-06-2023 04:56,01-06-2023 06:17,fast
1038,1039,CUST00972,POSITIVE_INTERVAL,14.316666666666666,5,False,True,Closed,Bitbucket,Technical issue,Low,Chat,01-06-2023 02:45,01-06-2023 17:04,slow
1040,1041,CUST06805,POSITIVE_INTERVAL,2.533333333333333,2,False,True,Closed,Jira,Billing inquiry,High,Chat,01-06-2023 02:18,01-06-2023 04:50,fast
1041,1042,CUST03667,POSITIVE_INTERVAL,2.283333333333333,1,False,True,Closed,Bitbucket,Refund request,Medium,Chat,01-06-2023 07:05,01-06-2023 09:22,fast
1048,1049,CUST02532,POSITIVE_INTERVAL,2.466666666666667,4,False,True,Closed,Jira,Product inquiry,High,Chat,01-06-2023 00:22,01-06-2023 02:50,fast
1063,1064,CUST07359,POSITIVE_INTERVAL,1.05,4,False,True,Closed,Bitbucket,Product inquiry,Medium,Phone,01-06-2023 09:17,01-06-2023 10:20,fast
1068,1069,CUST00451,POSITIVE_INTERVAL,14.983333333333333,5,False,True,Closed,Jira,Refund request,Low,Chat,31-05-2023 23:54,01-06-2023 14:53,slow
1069,1070,CUST04495,POSITIVE_INTERVAL,14.616666666666667,4,False,True,Closed,Jira,Refund request,Low,Email,01-06-2023 03:04,01-06-2023 17:41,slow
1070,1071,CUST04261,POSITIVE_INTERVAL,6.883333333333334,4,False,True,Closed,Confluence,Cancellation request,Medium,Social media,01-06-2023 07:45,01-06-2023 14:38,slow
1072,1073,CUST07445,POSITIVE_INTERVAL,2.683333333333333,5,False,True,Closed,Jira,Cancellation request,Low,Chat,01-06-2023 05:34,01-06-2023 08:15,fast
1090,1091,CUST06626,POSITIVE_INTERVAL,8.25,3,False,True,Closed,Confluence,Billing inquiry,Low,Social media,01-06-2023 03:57,01-06-2023 12:12,slow
1095,1096,CUST07955,POSITIVE_INTERVAL,3.1666666666666665,2,False,True,Closed,Loom,Refund request,Low,Social media,01-06-2023 16:17,01-06-2023 19:27,fast
1102,1103,CUST05100,POSITIVE_INTERVAL,3.3833333333333333,4,False,True,Closed,Trello,Cancellation request,Critical,Chat,01-06-2023 04:38,01-06-2023 08:01,fast
1110,1111,CUST04636,POSITIVE_INTERVAL,18.9,1,False,True,Closed,Trello,Cancellation request,Low,Email,01-06-2023 01:09,01-06-2023 20:03,slow
1114,1115,CUST00270,POSITIVE_INTERVAL,8.983333333333333,4,False,True,Closed,Loom,Product inquiry,Critical,Social media,01-06-2023 00:58,01-06-2023 09:57,slow
1118,1119,CUST03663,POSITIVE_INTERVAL,3.0166666666666666,5,False,True,Closed,Bitbucket,Technical issue,Critical,Social media,31-05-2023 22:42,01-06-2023 01:43,fast
1143,1144,CUST00339,POSITIVE_INTERVAL,4.766666666666667,2,False,True,Closed,Jira,Technical issue,Critical,Phone,01-06-2023 05:12,01-06-2023 09:58,fast
1146,1147,CUST03044,POSITIVE_INTERVAL,4.55,4,False,True,Closed,Loom,Product inquiry,High,Social media,01-06-2023 16:24,01-06-2023 20:57,fast
1151,1152,CUST03910,POSITIVE_INTERVAL,3.1,2,False,True,Closed,Confluence,Billing inquiry,High,Phone,01-06-2023 07:17,01-06-2023 10:23,fast
1154,1155,CUST08030,POSITIVE_INTERVAL,19.916666666666668,2,False,True,Closed,Loom,Refund request,High,Social media,01-06-2023 01:35,01-06-2023 21:30,slow
1166,1167,CUST03678,POSITIVE_INTERVAL,9.066666666666666,5,False,True,Closed,Confluence,Technical issue,Medium,Chat,31-05-2023 23:15,01-06-2023 08:19,slow
1172,1173,CUST05637,POSITIVE_INTERVAL,4.133333333333334,2,False,True,Closed,Bitbucket,Technical issue,High,Email,01-06-2023 13:55,01-06-2023 18:03,fast
1175,1176,CUST01121,POSITIVE_INTERVAL,5.633333333333334,1,False,True,Closed,Bitbucket,Cancellation request,High,Phone,01-06-2023 07:45,01-06-2023 13:23,fast
1178,1179,CUST06971,POSITIVE_INTERVAL,10.183333333333334,4,False,True,Closed,Bitbucket,Cancellation request,Low,Chat,01-06-2023 09:51,01-06-2023 20:02,slow
1184,1185,CUST00625,POSITIVE_INTERVAL,1.4,5,False,True,Closed,Loom,Technical issue,High,Chat,01-06-2023 17:53,01-06-2023 19:17,fast
1190,1191,CUST03808,POSITIVE_INTERVAL,6.016666666666667,5,False,True,Closed,Bitbucket,Cancellation request,Medium,Chat,01-06-2023 00:14,01-06-2023 06:15,fast
1191,1192,CUST06225,POSITIVE_INTERVAL,9.333333333333334,2,False,True,Closed,Jira,Technical issue,Low,Phone,01-06-2023 10:52,01-06-2023 20:12,slow
1206,1207,CUST05882,POSITIVE_INTERVAL,9.966666666666667,5,False,True,Closed,Confluence,Refund request,Low,Phone,01-06-2023 08:26,01-06-2023 18:24,slow
1208,1209,CUST06798,POSITIVE_INTERVAL,1.55,5,False,True,Closed,Confluence,Billing inquiry,Medium,Email,01-06-2023 15:07,01-06-2023 16:40,fast
1209,1210,CUST04499,POSITIVE_INTERVAL,1.5,3,False,True,Closed,Bitbucket,Product inquiry,Medium,Phone,01-06-2023 11:46,01-06-2023 13:16,fast
1213,1214,CUST02355,POSITIVE_INTERVAL,4.783333333333333,4,False,True,Closed,Jira,Billing inquiry,High,Chat,01-06-2023 09:24,01-06-2023 14:11,fast
1217,1218,CUST00477,POSITIVE_INTERVAL,19.4,5,False,True,Closed,Confluence,Refund request,Critical,Email,01-06-2023 02:43,01-06-2023 22:07,slow
1240,1241,CUST05427,POSITIVE_INTERVAL,20.666666666666668,1,False,True,Closed,Loom,Cancellation request,Critical,Email,01-06-2023 01:08,01-06-2023 21:48,slow
1256,1257,CUST05216,POSITIVE_INTERVAL,19.45,2,False,True,Closed,Jira,Technical issue,High,Social media,31-05-2023 23:09,01-06-2023 18:36,slow
1266,1267,CUST02731,POSITIVE_INTERVAL,4.2,5,False,True,Closed,Jira,Billing inquiry,Critical,Social media,01-06-2023 16:26,01-06-2023 20:38,fast
1270,1271,CUST06165,POSITIVE_INTERVAL,9.866666666666667,4,False,True,Closed,Trello,Billing inquiry,High,Phone,01-06-2023 06:48,01-06-2023 16:40,slow
1278,1279,CUST07724,POSITIVE_INTERVAL,4.833333333333333,1,False,True,Closed,Bitbucket,Product inquiry,Critical,Email,01-06-2023 10:08,01-06-2023 14:58,fast
1279,1280,CUST04728,POSITIVE_INTERVAL,10.516666666666667,4,False,True,Closed,Loom,Billing inquiry,Medium,Email,01-06-2023 02:38,01-06-2023 13:09,slow
1281,1282,CUST02979,POSITIVE_INTERVAL,9.6,1,False,True,Closed,Trello,Refund request,Medium,Email,01-06-2023 04:51,01-06-2023 14:27,slow
1283,1284,CUST04486,POSITIVE_INTERVAL,6.133333333333334,1,False,True,Closed,Bitbucket,Product inquiry,Critical,Phone,01-06-2023 14:48,01-06-2023 20:56,fast
1296,1297,CUST06451,POSITIVE_INTERVAL,2.0166666666666666,5,False,True,Closed,Loom,Cancellation request,Medium,Email,01-06-2023 03:40,01-06-2023 05:41,fast
1297,1298,CUST04848,POSITIVE_INTERVAL,2.1333333333333333,2,False,True,Closed,Bitbucket,Billing inquiry,Low,Social media,01-06-2023 05:42,01-06-2023 07:50,fast
1301,1302,CUST08009,POSITIVE_INTERVAL,6.466666666666667,2,False,True,Closed,Confluence,Refund request,Low,Social media,01-06-2023 07:16,01-06-2023 13:44,slow
1306,1307,CUST03905,POSITIVE_INTERVAL,4.816666666666666,4,False,True,Closed,Loom,Cancellation request,High,Phone,01-06-2023 04:08,01-06-2023 08:57,fast
1312,1313,CUST04627,POSITIVE_INTERVAL,2.0166666666666666,1,False,True,Closed,Confluence,Refund request,Medium,Social media,01-06-2023 03:05,01-06-2023 05:06,fast
1333,1334,CUST04814,POSITIVE_INTERVAL,17.066666666666666,5,False,True,Closed,Loom,Product inquiry,Low,Phone,01-06-2023 01:33,01-06-2023 18:37,slow
1342,1343,CUST04978,POSITIVE_INTERVAL,9.133333333333333,2,False,True,Closed,Bitbucket,Product inquiry,Low,Social media,01-06-2023 00:54,01-06-2023 10:02,slow
1355,1356,CUST07664,POSITIVE_INTERVAL,2.55,3,False,True,Closed,Trello,Billing inquiry,High,Chat,31-05-2023 22:55,01-06-2023 01:28,fast
1356,1357,CUST00018,POSITIVE_INTERVAL,7.016666666666667,1,False,True,Closed,Loom,Refund request,High,Phone,01-06-2023 13:04,01-06-2023 20:05,slow
1357,1358,CUST06849,POSITIVE_INTERVAL,15.233333333333333,2,False,True,Closed,Loom,Technical issue,Low,Chat,01-06-2023 06:58,01-06-2023 22:12,slow
1358,1359,CUST04780,POSITIVE_INTERVAL,15.483333333333333,3,False,True,Closed,Confluence,Billing inquiry,High,Chat,31-05-2023 23:56,01-06-2023 15:25,slow
1362,1363,CUST04366,POSITIVE_INTERVAL,5.45,3,False,True,Closed,Trello,Cancellation request,Medium,Phone,01-06-2023 00:55,01-06-2023 06:22,fast
1378,1379,CUST01459,POSITIVE_INTERVAL,12.233333333333333,3,False,True,Closed,Jira,Product inquiry,High,Email,01-06-2023 03:32,01-06-2023 15:46,slow
1383,1384,CUST02623,POSITIVE_INTERVAL,8.3,5,False,True,Closed,Confluence,Product inquiry,Critical,Email,01-06-2023 10:38,01-06-2023 18:56,slow
1384,1385,CUST05028,POSITIVE_INTERVAL,0.95,2,False,True,Closed,Bitbucket,Technical issue,Low,Social media,01-06-2023 00:34,01-06-2023 01:31,fast
1391,1392,CUST03513,POSITIVE_INTERVAL,15.466666666666667,1,False,True,Closed,Loom,Technical issue,High,Social media,31-05-2023 23:57,01-06-2023 15:25,slow
1400,1401,CUST04267,POSITIVE_INTERVAL,6.0,2,False,True,Closed,Bitbucket,Refund request,Medium,Phone,01-06-2023 14:28,01-06-2023 20:28,fast
1412,1413,CUST03952,POSITIVE_INTERVAL,5.4,5,False,True,Closed,Trello,Billing inquiry,Critical,Phone,01-06-2023 16:25,01-06-2023 21:49,fast
1435,1436,CUST00850,POSITIVE_INTERVAL,1.8,5,False,True,Closed,Trello,Billing inquiry,Medium,Email,01-06-2023 19:28,01-06-2023 21:16,fast
1444,1445,CUST01862,POSITIVE_INTERVAL,3.0,3,False,True,Closed,Loom,Technical issue,Critical,Chat,01-06-2023 15:43,01-06-2023 18:43,fast
1445,1446,CUST08001,POSITIVE_INTERVAL,8.9,3,False,True,Closed,Confluence,Refund request,Low,Social media,01-06-2023 07:15,01-06-2023 16:09,slow
1457,1458,CUST06123,POSITIVE_INTERVAL,5.833333333333333,5,False,True,Closed,Loom,Billing inquiry,High,Social media,01-06-2023 14:25,01-06-2023 20:15,fast
1458,1459,CUST03494,POSITIVE_INTERVAL,8.016666666666667,2,False,True,Closed,Confluence,Refund request,Low,Phone,01-06-2023 07:26,01-06-2023 15:27,slow
1466,1467,CUST04156,POSITIVE_INTERVAL,16.65,5,False,True,Closed,Loom,Refund request,Medium,Social media,01-06-2023 00:21,01-06-2023 17:00,slow
1469,1470,CUST06212,POSITIVE_INTERVAL,4.05,4,False,True,Closed,Jira,Technical issue,Critical,Social media,01-06-2023 11:55,01-06-2023 15:58,fast
1481,1482,CUST00861,POSITIVE_INTERVAL,8.316666666666666,4,False,True,Closed,Loom,Cancellation request,Medium,Chat,31-05-2023 23:42,01-06-2023 08:01,slow
1482,1483,CUST03799,POSITIVE_INTERVAL,3.3333333333333335,4,False,True,Closed,Confluence,Cancellation request,Medium,Email,31-05-2023 22:53,01-06-2023 02:13,fast
1484,1485,CUST07464,POSITIVE_INTERVAL,3.4,2,False,True,Closed,Bitbucket,Refund request,Critical,Email,31-05-2023 23:58,01-06-2023 03:22,fast
1490,1491,CUST03871,POSITIVE_INTERVAL,0.9833333333333333,3,False,True,Closed,Trello,Technical issue,Low,Chat,01-06-2023 12:30,01-06-2023 13:29,fast
1492,1493,CUST05993,POSITIVE_INTERVAL,3.3833333333333333,5,False,True,Closed,Confluence,Product inquiry,Critical,Email,01-06-2023 18:40,01-06-2023 22:03,fast
1493,1494,CUST01566,POSITIVE_INTERVAL,2.25,3,False,True,Closed,Jira,Refund request,Medium,Phone,01-06-2023 18:42,01-06-2023 20:57,fast
1494,1495,CUST03499,POSITIVE_INTERVAL,9.466666666666667,4,False,True,Closed,Trello,Billing inquiry,Low,Social media,01-06-2023 04:50,01-06-2023 14:18,slow
1504,1505,CUST02352,POSITIVE_INTERVAL,0.16666666666666666,2,False,True,Closed,Bitbucket,Technical issue,High,Chat,01-06-2023 16:03,01-06-2023 16:13,fast
1524,1525,CUST04833,POSITIVE_INTERVAL,6.05,5,False,True,Closed,Bitbucket,Cancellation request,Critical,Email,01-06-2023 13:15,01-06-2023 19:18,fast
1527,1528,CUST00886,POSITIVE_INTERVAL,7.116666666666666,4,False,True,Closed,Confluence,Product inquiry,High,Email,01-06-2023 07:44,01-06-2023 14:51,slow
1530,1531,CUST05409,POSITIVE_INTERVAL,10.016666666666667,1,False,True,Closed,Trello,Technical issue,Low,Phone,01-06-2023 08:05,01-06-2023 18:06,slow
1533,1534,CUST03102,POSITIVE_INTERVAL,4.166666666666667,4,False,True,Closed,Bitbucket,Refund request,Low,Email,01-06-2023 05:32,01-06-2023 09:42,fast
1536,1537,CUST01839,POSITIVE_INTERVAL,5.65,4,False,True,Closed,Jira,Product inquiry,Medium,Email,01-06-2023 14:04,01-06-2023 19:43,fast
1541,1542,CUST03259,POSITIVE_INTERVAL,0.18333333333333332,5,False,True,Closed,Bitbucket,Technical issue,Medium,Phone,01-06-2023 07:41,01-06-2023 07:52,fast
1545,1546,CUST05774,POSITIVE_INTERVAL,13.683333333333334,1,False,True,Closed,Confluence,Technical issue,Critical,Social media,01-06-2023 01:26,01-06-2023 15:07,slow
1549,1550,CUST04935,POSITIVE_INTERVAL,15.716666666666667,3,False,True,Closed,Trello,Product inquiry,Critical,Social media,31-05-2023 23:46,01-06-2023 15:29,slow
1564,1565,CUST06820,POSITIVE_INTERVAL,3.0,4,False,True,Closed,Jira,Product inquiry,High,Social media,01-06-2023 07:48,01-06-2023 10:48,fast
1574,1575,CUST05866,POSITIVE_INTERVAL,0.8666666666666667,4,False,True,Closed,Confluence,Billing inquiry,High,Social media,01-06-2023 09:47,01-06-2023 10:39,fast
1584,1585,CUST07024,POSITIVE_INTERVAL,3.85,2,False,True,Closed,Trello,Billing inquiry,Critical,Email,01-06-2023 07:29,01-06-2023 11:20,fast
1594,1595,CUST00879,POSITIVE_INTERVAL,14.233333333333333,1,False,True,Closed,Trello,Refund request,High,Email,31-05-2023 22:32,01-06-2023 12:46,slow
1596,1597,CUST02387,POSITIVE_INTERVAL,17.783333333333335,5,False,True,Closed,Loom,Product inquiry,Medium,Chat,01-06-2023 01:34,01-06-2023 19:21,slow
1597,1598,CUST01913,POSITIVE_INTERVAL,7.45,4,False,True,Closed,Loom,Technical issue,High,Email,01-06-2023 07:49,01-06-2023 15:16,slow
1603,1604,CUST05477,POSITIVE_INTERVAL,7.566666666666666,4,False,True,Closed,Confluence,Technical issue,Critical,Social media,01-06-2023 00:04,01-06-2023 07:38,slow
1604,1605,CUST01685,POSITIVE_INTERVAL,1.0333333333333334,5,False,True,Closed,Bitbucket,Technical issue,Low,Chat,01-06-2023 07:07,01-06-2023 08:09,fast
1613,1614,CUST03946,POSITIVE_INTERVAL,16.283333333333335,2,False,True,Closed,Bitbucket,Refund request,Medium,Social media,31-05-2023 23:42,01-06-2023 15:59,slow
1614,1615,CUST06314,POSITIVE_INTERVAL,1.8666666666666667,1,False,True,Closed,Bitbucket,Cancellation request,Critical,Phone,01-06-2023 05:42,01-06-2023 07:34,fast
1619,1620,CUST04906,POSITIVE_INTERVAL,2.4833333333333334,1,False,True,Closed,Trello,Refund request,Critical,Chat,01-06-2023 19:05,01-06-2023 21:34,fast
1623,1624,CUST04038,POSITIVE_INTERVAL,12.7,5,False,True,Closed,Loom,Billing inquiry,Low,Social media,01-06-2023 01:29,01-06-2023 14:11,slow
1624,1625,CUST06864,POSITIVE_INTERVAL,2.4166666666666665,4,False,True,Closed,Jira,Cancellation request,High,Phone,01-06-2023 10:42,01-06-2023 13:07,fast
1630,1631,CUST06980,POSITIVE_INTERVAL,9.283333333333333,4,False,True,Closed,Loom,Cancellation request,Critical,Social media,31-05-2023 22:40,01-06-2023 07:57,slow
1652,1653,CUST03608,POSITIVE_INTERVAL,4.266666666666667,2,False,True,Closed,Confluence,Technical issue,Low,Social media,01-06-2023 08:02,01-06-2023 12:18,fast
1653,1654,CUST07460,POSITIVE_INTERVAL,2.35,2,False,True,Closed,Loom,Product inquiry,Low,Email,01-06-2023 03:21,01-06-2023 05:42,fast
1656,1657,CUST02519,POSITIVE_INTERVAL,4.9,4,False,True,Closed,Jira,Refund request,High,Email,01-06-2023 09:08,01-06-2023 14:02,fast
1661,1662,CUST02760,POSITIVE_INTERVAL,18.333333333333332,5,False,True,Closed,Jira,Billing inquiry,High,Social media,01-06-2023 00:48,01-06-2023 19:08,slow
1663,1664,CUST01587,POSITIVE_INTERVAL,11.116666666666667,1,False,True,Closed,Trello,Technical issue,Medium,Social media,01-06-2023 00:57,01-06-2023 12:04,slow
1669,1670,CUST01075,POSITIVE_INTERVAL,4.366666666666666,4,False,True,Closed,Trello,Refund request,Medium,Chat,31-05-2023 23:25,01-06-2023 03:47,fast
1674,1675,CUST04112,POSITIVE_INTERVAL,14.5,5,False,True,Closed,Confluence,Billing inquiry,High,Phone,01-06-2023 03:58,01-06-2023 18:28,slow
1677,1678,CUST06800,POSITIVE_INTERVAL,3.9166666666666665,4,False,True,Closed,Jira,Refund request,Low,Phone,01-06-2023 09:58,01-06-2023 13:53,fast
1692,1693,CUST08051,POSITIVE_INTERVAL,17.016666666666666,3,False,True,Closed,Loom,Refund request,High,Chat,01-06-2023 04:35,01-06-2023 21:36,slow
1701,1702,CUST04182,POSITIVE_INTERVAL,9.8,5,False,True,Closed,Confluence,Billing inquiry,Medium,Email,01-06-2023 06:00,01-06-2023 15:48,slow
1703,1704,CUST05353,POSITIVE_INTERVAL,4.216666666666667,2,False,True,Closed,Trello,Refund request,Medium,Chat,01-06-2023 16:24,01-06-2023 20:37,fast
1704,1705,CUST02217,POSITIVE_INTERVAL,7.1,4,False,True,Closed,Jira,Cancellation request,Medium,Chat,01-06-2023 14:14,01-06-2023 21:20,slow
1716,1717,CUST06395,POSITIVE_INTERVAL,2.683333333333333,1,False,True,Closed,Loom,Refund request,Low,Phone,01-06-2023 18:10,01-06-2023 20:51,fast
1719,1720,CUST08283,POSITIVE_INTERVAL,3.45,5,False,True,Closed,Confluence,Cancellation request,Medium,Chat,01-06-2023 07:18,01-06-2023 10:45,fast
1722,1723,CUST06256,POSITIVE_INTERVAL,6.7,1,False,True,Closed,Trello,Refund request,Low,Phone,01-06-2023 12:56,01-06-2023 19:38,slow
1725,1726,CUST05745,POSITIVE_INTERVAL,1.7333333333333334,1,False,True,Closed,Trello,Refund request,Critical,Social media,01-06-2023 19:51,01-06-2023 21:35,fast
1735,1736,CUST02650,POSITIVE_INTERVAL,1.2833333333333334,3,False,True,Closed,Confluence,Technical issue,Medium,Chat,01-06-2023 06:51,01-06-2023 08:08,fast
1742,1743,CUST02081,POSITIVE_INTERVAL,1.4333333333333333,3,False,True,Closed,Jira,Technical issue,High,Chat,01-06-2023 08:58,01-06-2023 10:24,fast
1743,1744,CUST04372,POSITIVE_INTERVAL,3.15,5,False,True,Closed,Confluence,Technical issue,Medium,Chat,01-06-2023 03:15,01-06-2023 06:24,fast
1756,1757,CUST05083,POSITIVE_INTERVAL,7.083333333333333,3,False,True,Closed,Trello,Technical issue,Low,Chat,01-06-2023 11:40,01-06-2023 18:45,slow
1765,1766,CUST05206,POSITIVE_INTERVAL,20.75,2,False,True,Closed,Jira,Refund request,Low,Chat,01-06-2023 01:26,01-06-2023 22:11,slow
1768,1769,CUST03235,POSITIVE_INTERVAL,8.05,4,False,True,Closed,Bitbucket,Refund request,Low,Chat,01-06-2023 12:05,01-06-2023 20:08,slow
1773,1774,CUST06283,POSITIVE_INTERVAL,3.65,3,False,True,Closed,Trello,Product inquiry,Low,Phone,01-06-2023 15:27,01-06-2023 19:06,fast
1779,1780,CUST06966,POSITIVE_INTERVAL,9.5,3,False,True,Closed,Loom,Technical issue,High,Chat,01-06-2023 00:39,01-06-2023 10:09,slow
1782,1783,CUST00437,POSITIVE_INTERVAL,13.716666666666667,3,False,True,Closed,Bitbucket,Refund request,High,Social media,01-06-2023 05:00,01-06-2023 18:43,slow
1783,1784,CUST07919,POSITIVE_INTERVAL,1.7333333333333334,2,False,True,Closed,Confluence,Technical issue,Low,Phone,31-05-2023 23:07,01-06-2023 00:51,fast
1785,1786,CUST05270,POSITIVE_INTERVAL,2.683333333333333,3,False,True,Closed,Confluence,Refund request,Medium,Chat,01-06-2023 02:23,01-06-2023 05:04,fast
1786,1787,CUST02015,POSITIVE_INTERVAL,10.6,4,False,True,Closed,Bitbucket,Refund request,Low,Email,01-06-2023 05:04,01-06-2023 15:40,slow
1805,1806,CUST04467,POSITIVE_INTERVAL,0.36666666666666664,1,False,True,Closed,Confluence,Refund request,Critical,Social media,01-06-2023 12:37,01-06-2023 12:59,fast
1813,1814,CUST04355,POSITIVE_INTERVAL,1.8,5,False,True,Closed,Confluence,Billing inquiry,Critical,Email,01-06-2023 03:06,01-06-2023 04:54,fast
1820,1821,CUST06791,POSITIVE_INTERVAL,1.9,1,False,True,Closed,Trello,Technical issue,High,Social media,01-06-2023 14:16,01-06-2023 16:10,fast
1825,1826,CUST02000,POSITIVE_INTERVAL,5.116666666666666,1,False,True,Closed,Jira,Technical issue,High,Social media,01-06-2023 01:38,01-06-2023 06:45,fast
1836,1837,CUST06238,POSITIVE_INTERVAL,4.383333333333334,4,False,True,Closed,Loom,Technical issue,Critical,Chat,31-05-2023 23:15,01-06-2023 03:38,fast
1839,1840,CUST04786,POSITIVE_INTERVAL,22.366666666666667,4,False,True,Closed,Loom,Refund request,Low,Chat,31-05-2023 23:03,01-06-2023 21:25,slow
1853,1854,CUST03516,POSITIVE_INTERVAL,11.733333333333333,2,False,True,Closed,Confluence,Technical issue,Low,Phone,01-06-2023 00:05,01-06-2023 11:49,slow
1858,1859,CUST04232,POSITIVE_INTERVAL,15.2,2,False,True,Closed,Bitbucket,Technical issue,Critical,Social media,01-06-2023 04:23,01-06-2023 19:35,slow
1867,1868,CUST02533,POSITIVE_INTERVAL,0.11666666666666667,2,False,True,Closed,Confluence,Refund request,Low,Phone,01-06-2023 01:06,01-06-2023 01:13,fast
1876,1877,CUST05359,POSITIVE_INTERVAL,2.0166666666666666,4,False,True,Closed,Loom,Product inquiry,Low,Email,01-06-2023 14:29,01-06-2023 16:30,fast
1883,1884,CUST03086,POSITIVE_INTERVAL,4.2,2,False,True,Closed,Confluence,Product inquiry,High,Social media,01-06-2023 03:02,01-06-2023 07:14,fast
1885,1886,CUST01347,POSITIVE_INTERVAL,7.016666666666667,1,False,True,Closed,Jira,Refund request,High,Email,01-06-2023 04:20,01-06-2023 11:21,slow
1887,1888,CUST01270,POSITIVE_INTERVAL,1.6833333333333333,1,False,True,Closed,Confluence,Cancellation request,High,Chat,01-06-2023 03:24,01-06-2023 05:05,fast
1888,1889,CUST01101,POSITIVE_INTERVAL,12.05,2,False,True,Closed,Bitbucket,Cancellation request,High,Chat,01-06-2023 00:31,01-06-2023 12:34,slow
1902,1903,CUST00529,POSITIVE_INTERVAL,6.583333333333333,3,False,True,Closed,Loom,Cancellation request,Low,Phone,01-06-2023 01:57,01-06-2023 08:32,slow
1903,1904,CUST07339,POSITIVE_INTERVAL,8.1,3,False,True,Closed,Confluence,Cancellation request,Medium,Email,01-06-2023 09:47,01-06-2023 17:53,slow
1906,1907,CUST06117,POSITIVE_INTERVAL,0.11666666666666667,4,False,True,Closed,Jira,Refund request,Critical,Chat,01-06-2023 07:23,01-06-2023 07:30,fast
1919,1920,CUST07090,POSITIVE_INTERVAL,15.966666666666667,5,False,True,Closed,Trello,Product inquiry,Critical,Social media,01-06-2023 01:46,01-06-2023 17:44,slow
1920,1921,CUST00176,POSITIVE_INTERVAL,9.583333333333334,2,False,True,Closed,Loom,Billing inquiry,High,Chat,01-06-2023 10:01,01-06-2023 19:36,slow
1928,1929,CUST04622,POSITIVE_INTERVAL,10.95,5,False,True,Closed,Confluence,Technical issue,Medium,Email,01-06-2023 10:21,01-06-2023 21:18,slow
1933,1934,CUST04638,POSITIVE_INTERVAL,4.05,5,False,True,Closed,Trello,Product inquiry,High,Phone,01-06-2023 11:49,01-06-2023 15:52,fast
1939,1940,CUST04690,POSITIVE_INTERVAL,0.85,5,False,True,Closed,Bitbucket,Billing inquiry,Critical,Phone,01-06-2023 06:58,01-06-2023 07:49,fast
1955,1956,CUST07060,POSITIVE_INTERVAL,16.716666666666665,5,False,True,Closed,Bitbucket,Billing inquiry,Medium,Phone,31-05-2023 22:49,01-06-2023 15:32,slow
1957,1958,CUST01253,POSITIVE_INTERVAL,3.1666666666666665,1,False,True,Closed,Trello,Technical issue,Medium,Phone,01-06-2023 05:35,01-06-2023 08:45,fast
1958,1959,CUST01668,POSITIVE_INTERVAL,0.9166666666666666,3,False,True,Closed,Loom,Refund request,Medium,Email,01-06-2023 06:18,01-06-2023 07:13,fast
1978,1979,CUST06530,POSITIVE_INTERVAL,17.383333333333333,3,False,True,Closed,Confluence,Refund request,High,Chat,31-05-2023 23:54,01-06-2023 17:17,slow
1981,1982,CUST05769,POSITIVE_INTERVAL,12.05,1,False,True,Closed,Bitbucket,Technical issue,Low,Chat,01-06-2023 09:04,01-06-2023 21:07,slow
1985,1986,CUST03644,POSITIVE_INTERVAL,9.266666666666667,3,False,True,Closed,Confluence,Technical issue,High,Email,01-06-2023 00:51,01-06-2023 10:07,slow
2008,2009,CUST04899,POSITIVE_INTERVAL,15.283333333333333,3,False,True,Closed,Trello,Refund request,Critical,Social media,01-06-2023 00:31,01-06-2023 15:48,slow
2031,2032,CUST06281,POSITIVE_INTERVAL,0.06666666666666667,4,False,True,Closed,Confluence,Product inquiry,Critical,Email,01-06-2023 06:36,01-06-2023 06:40,fast
2036,2037,CUST01688,POSITIVE_INTERVAL,3.683333333333333,3,False,True,Closed,Trello,Cancellation request,Medium,Email,01-06-2023 17:38,01-06-2023 21:19,fast
2037,2038,CUST03293,POSITIVE_INTERVAL,4.1,4,False,True,Closed,Trello,Billing inquiry,Critical,Social media,01-06-2023 02:06,01-06-2023 06:12,fast
2062,2063,CUST04688,POSITIVE_INTERVAL,0.4,5,False,True,Closed,Confluence,Cancellation request,High,Email,01-06-2023 14:43,01-06-2023 15:07,fast
2064,2065,CUST06499,POSITIVE_INTERVAL,2.283333333333333,4,False,True,Closed,Confluence,Refund request,Low,Email,01-06-2023 05:31,01-06-2023 07:48,fast
2068,2069,CUST05507,POSITIVE_INTERVAL,8.383333333333333,5,False,True,Closed,Bitbucket,Refund request,High,Chat,01-06-2023 01:50,01-06-2023 10:13,slow
2086,2087,CUST00618,POSITIVE_INTERVAL,17.616666666666667,4,False,True,Closed,Bitbucket,Product inquiry,High,Social media,01-06-2023 04:11,01-06-2023 21:48,slow
2090,2091,CUST00084,POSITIVE_INTERVAL,2.783333333333333,4,False,True,Closed,Confluence,Refund request,Low,Social media,01-06-2023 10:47,01-06-2023 13:34,fast
2097,2098,CUST06034,POSITIVE_INTERVAL,6.416666666666667,3,False,True,Closed,Bitbucket,Refund request,Critical,Phone,01-06-2023 12:06,01-06-2023 18:31,slow
2101,2102,CUST05665,POSITIVE_INTERVAL,0.45,5,False,True,Closed,Bitbucket,Cancellation request,Medium,Phone,31-05-2023 22:37,31-05-2023 23:04,fast
2102,2103,CUST00684,POSITIVE_INTERVAL,7.183333333333334,4,False,True,Closed,Confluence,Billing inquiry,Critical,Email,01-06-2023 02:24,01-06-2023 09:35,slow
2104,2105,CUST04058,POSITIVE_INTERVAL,9.05,2,False,True,Closed,Confluence,Product inquiry,Medium,Email,01-06-2023 04:15,01-06-2023 13:18,slow
2110,2111,CUST05795,POSITIVE_INTERVAL,0.16666666666666666,4,False,True,Closed,Jira,Product inquiry,Low,Phone,01-06-2023 22:19,01-06-2023 22:29,fast
2116,2117,CUST03629,POSITIVE_INTERVAL,5.35,3,False,True,Closed,Trello,Refund request,Low,Social media,01-06-2023 04:20,01-06-2023 09:41,fast
2125,2126,CUST00609,POSITIVE_INTERVAL,4.516666666666667,3,False,True,Closed,Confluence,Technical issue,High,Social media,31-05-2023 23:28,01-06-2023 03:59,fast
2129,2130,CUST03548,POSITIVE_INTERVAL,14.333333333333334,3,False,True,Closed,Confluence,Cancellation request,Medium,Chat,01-06-2023 06:27,01-06-2023 20:47,slow
2130,2131,CUST01260,POSITIVE_INTERVAL,3.2333333333333334,5,False,True,Closed,Trello,Cancellation request,Critical,Social media,01-06-2023 03:27,01-06-2023 06:41,fast
2135,2136,CUST06716,POSITIVE_INTERVAL,3.0833333333333335,4,False,True,Closed,Jira,Product inquiry,Low,Social media,01-06-2023 04:24,01-06-2023 07:29,fast
2143,2144,CUST04953,POSITIVE_INTERVAL,0.5166666666666667,5,False,True,Closed,Trello,Technical issue,Critical,Chat,01-06-2023 10:53,01-06-2023 11:24,fast
2145,2146,CUST08200,POSITIVE_INTERVAL,2.566666666666667,2,False,True,Closed,Loom,Product inquiry,High,Social media,01-06-2023 14:44,01-06-2023 17:18,fast
2155,2156,CUST07544,POSITIVE_INTERVAL,13.033333333333333,5,False,True,Closed,Trello,Product inquiry,Medium,Email,01-06-2023 05:40,01-06-2023 18:42,slow
2156,2157,CUST04170,POSITIVE_INTERVAL,1.9833333333333334,5,False,True,Closed,Confluence,Billing inquiry,High,Chat,01-06-2023 06:48,01-06-2023 08:47,fast
2163,2164,CUST00604,POSITIVE_INTERVAL,2.033333333333333,5,False,True,Closed,Trello,Billing inquiry,Low,Email,01-06-2023 18:15,01-06-2023 20:17,fast
2178,2179,CUST00825,POSITIVE_INTERVAL,4.116666666666666,2,False,True,Closed,Loom,Billing inquiry,High,Phone,31-05-2023 22:40,01-06-2023 02:47,fast
2180,2181,CUST04127,POSITIVE_INTERVAL,15.133333333333333,4,False,True,Closed,Bitbucket,Product inquiry,High,Email,01-06-2023 04:46,01-06-2023 19:54,slow
2194,2195,CUST00046,POSITIVE_INTERVAL,9.416666666666666,5,False,True,Closed,Jira,Billing inquiry,Medium,Email,01-06-2023 08:51,01-06-2023 18:16,slow
2198,2199,CUST01401,POSITIVE_INTERVAL,6.483333333333333,4,False,True,Closed,Trello,Cancellation request,Low,Social media,01-06-2023 00:27,01-06-2023 06:56,slow
2203,2204,CUST07126,POSITIVE_INTERVAL,11.5,4,False,True,Closed,Confluence,Product inquiry,Medium,Chat,01-06-2023 08:54,01-06-2023 20:24,slow
2212,2213,CUST05485,POSITIVE_INTERVAL,6.183333333333334,3,False,True,Closed,Bitbucket,Refund request,High,Chat,01-06-2023 11:29,01-06-2023 17:40,fast
2222,2223,CUST07104,POSITIVE_INTERVAL,17.166666666666668,1,False,True,Closed,Confluence,Refund request,High,Chat,01-06-2023 00:33,01-06-2023 17:43,slow
2226,2227,CUST04257,POSITIVE_INTERVAL,2.85,5,False,True,Closed,Bitbucket,Cancellation request,Critical,Phone,01-06-2023 07:30,01-06-2023 10:21,fast
2229,2230,CUST00371,POSITIVE_INTERVAL,3.566666666666667,3,False,True,Closed,Loom,Technical issue,High,Phone,01-06-2023 05:26,01-06-2023 09:00,fast
2237,2238,CUST06258,POSITIVE_INTERVAL,15.8,3,False,True,Closed,Bitbucket,Technical issue,Medium,Email,01-06-2023 05:15,01-06-2023 21:03,slow
2246,2247,CUST07729,POSITIVE_INTERVAL,6.7,1,False,True,Closed,Bitbucket,Product inquiry,Medium,Chat,01-06-2023 10:52,01-06-2023 17:34,slow
2250,2251,CUST00878,POSITIVE_INTERVAL,3.316666666666667,4,False,True,Closed,Jira,Billing inquiry,Critical,Chat,01-06-2023 06:53,01-06-2023 10:12,fast
2252,2253,CUST06372,POSITIVE_INTERVAL,0.08333333333333333,3,False,True,Closed,Confluence,Product inquiry,High,Phone,01-06-2023 15:16,01-06-2023 15:21,fast
2255,2256,CUST03057,POSITIVE_INTERVAL,15.066666666666666,3,False,True,Closed,Confluence,Billing inquiry,High,Chat,01-06-2023 02:34,01-06-2023 17:38,slow
2263,2264,CUST02856,POSITIVE_INTERVAL,15.333333333333334,2,False,True,Closed,Loom,Refund request,High,Phone,31-05-2023 22:40,01-06-2023 14:00,slow
2270,2271,CUST00269,POSITIVE_INTERVAL,10.733333333333333,3,False,True,Closed,Loom,Technical issue,Critical,Email,01-06-2023 09:34,01-06-2023 20:18,slow
2272,2273,CUST04719,POSITIVE_INTERVAL,1.3833333333333333,4,False,True,Closed,Jira,Billing inquiry,Low,Chat,01-06-2023 07:18,01-06-2023 08:41,fast
2277,2278,CUST07067,POSITIVE_INTERVAL,6.166666666666667,1,False,True,Closed,Jira,Technical issue,Low,Social media,01-06-2023 15:25,01-06-2023 21:35,fast
2295,2296,CUST06643,POSITIVE_INTERVAL,5.566666666666666,1,False,True,Closed,Confluence,Cancellation request,High,Email,01-06-2023 01:12,01-06-2023 06:46,fast
2312,2313,CUST03052,POSITIVE_INTERVAL,18.366666666666667,1,False,True,Closed,Trello,Refund request,High,Phone,01-06-2023 01:41,01-06-2023 20:03,slow
2315,2316,CUST02862,POSITIVE_INTERVAL,8.466666666666667,1,False,True,Closed,Bitbucket,Technical issue,High,Social media,31-05-2023 23:12,01-06-2023 07:40,slow
2321,2322,CUST03431,POSITIVE_INTERVAL,4.616666666666666,3,False,True,Closed,Bitbucket,Technical issue,Medium,Chat,01-06-2023 13:04,01-06-2023 17:41,fast
2322,2323,CUST03202,POSITIVE_INTERVAL,9.45,1,False,True,Closed,Jira,Technical issue,Medium,Chat,01-06-2023 03:35,01-06-2023 13:02,slow
2323,2324,CUST05532,POSITIVE_INTERVAL,2.25,3,False,True,Closed,Bitbucket,Product inquiry,High,Social media,01-06-2023 12:50,01-06-2023 15:05,fast
2324,2325,CUST02210,POSITIVE_INTERVAL,14.966666666666667,5,False,True,Closed,Loom,Product inquiry,Low,Chat,01-06-2023 06:44,01-06-2023 21:42,slow
2329,2330,CUST07593,POSITIVE_INTERVAL,18.066666666666666,4,False,True,Closed,Jira,Billing inquiry,Critical,Phone,31-05-2023 23:48,01-06-2023 17:52,slow
2338,2339,CUST01065,POSITIVE_INTERVAL,6.3,1,False,True,Closed,Bitbucket,Technical issue,Critical,Chat,01-06-2023 10:56,01-06-2023 17:14,fast
2341,2342,CUST06956,POSITIVE_INTERVAL,16.516666666666666,3,False,True,Closed,Confluence,Technical issue,Low,Chat,01-06-2023 04:58,01-06-2023 21:29,slow
2345,2346,CUST03337,POSITIVE_INTERVAL,0.38333333333333336,3,False,True,Closed,Bitbucket,Cancellation request,Critical,Chat,01-06-2023 10:10,01-06-2023 10:33,fast
2352,2353,CUST03125,POSITIVE_INTERVAL,5.5,5,False,True,Closed,Jira,Billing inquiry,Medium,Phone,01-06-2023 09:32,01-06-2023 15:02,fast
2359,2360,CUST05305,POSITIVE_INTERVAL,14.116666666666667,1,False,True,Closed,Confluence,Technical issue,Low,Social media,01-06-2023 02:25,01-06-2023 16:32,slow
2361,2362,CUST03437,POSITIVE_INTERVAL,14.95,1,False,True,Closed,Trello,Technical issue,Medium,Phone,01-06-2023 00:15,01-06-2023 15:12,slow
2363,2364,CUST07187,POSITIVE_INTERVAL,8.95,1,False,True,Closed,Confluence,Billing inquiry,Critical,Chat,01-06-2023 05:13,01-06-2023 14:10,slow
2365,2366,CUST04704,POSITIVE_INTERVAL,7.416666666666667,4,False,True,Closed,Jira,Refund request,High,Social media,01-06-2023 06:55,01-06-2023 14:20,slow
2368,2369,CUST06254,POSITIVE_INTERVAL,2.9166666666666665,4,False,True,Closed,Trello,Refund request,Critical,Chat,01-06-2023 05:23,01-06-2023 08:18,fast
2372,2373,CUST02424,POSITIVE_INTERVAL,11.3,2,False,True,Closed,Confluence,Cancellation request,Low,Phone,01-06-2023 05:50,01-06-2023 17:08,slow
2378,2379,CUST04901,POSITIVE_INTERVAL,19.133333333333333,2,False,True,Closed,Confluence,Product inquiry,Low,Email,01-06-2023 02:48,01-06-2023 21:56,slow
2379,2380,CUST06861,POSITIVE_INTERVAL,2.5166666666666666,2,False,True,Closed,Confluence,Technical issue,Medium,Phone,01-06-2023 08:01,01-06-2023 10:32,fast
2391,2392,CUST01339,POSITIVE_INTERVAL,2.4166666666666665,1,False,True,Closed,Confluence,Technical issue,Critical,Phone,01-06-2023 08:33,01-06-2023 10:58,fast
2393,2394,CUST00523,POSITIVE_INTERVAL,2.0,4,False,True,Closed,Bitbucket,Refund request,Medium,Phone,01-06-2023 00:55,01-06-2023 02:55,fast
2395,2396,CUST05628,POSITIVE_INTERVAL,14.25,1,False,True,Closed,Trello,Refund request,High,Email,31-05-2023 23:22,01-06-2023 13:37,slow
2402,2403,CUST03734,POSITIVE_INTERVAL,0.35,2,False,True,Closed,Trello,Billing inquiry,Medium,Phone,01-06-2023 15:13,01-06-2023 15:34,fast
2410,2411,CUST01259,POSITIVE_INTERVAL,18.15,5,False,True,Closed,Bitbucket,Cancellation request,Low,Social media,01-06-2023 01:21,01-06-2023 19:30,slow
2411,2412,CUST03556,POSITIVE_INTERVAL,17.116666666666667,5,False,True,Closed,Loom,Technical issue,Critical,Phone,31-05-2023 23:00,01-06-2023 16:07,slow
2412,2413,CUST03718,POSITIVE_INTERVAL,1.5,2,False,True,Closed,Jira,Technical issue,Medium,Phone,01-06-2023 14:00,01-06-2023 15:30,fast
2413,2414,CUST02512,POSITIVE_INTERVAL,12.05,5,False,True,Closed,Confluence,Technical issue,High,Chat,01-06-2023 01:38,01-06-2023 13:41,slow
2416,2417,CUST04770,POSITIVE_INTERVAL,13.9,3,False,True,Closed,Jira,Technical issue,Low,Chat,01-06-2023 05:42,01-06-2023 19:36,slow
2422,2423,CUST00080,POSITIVE_INTERVAL,4.416666666666667,3,False,True,Closed,Bitbucket,Cancellation request,Critical,Email,01-06-2023 01:59,01-06-2023 06:24,fast
2426,2427,CUST02648,POSITIVE_INTERVAL,2.3,3,False,True,Closed,Trello,Product inquiry,Critical,Email,01-06-2023 01:12,01-06-2023 03:30,fast
2439,2440,CUST02301,POSITIVE_INTERVAL,15.233333333333333,5,False,True,Closed,Jira,Refund request,High,Chat,01-06-2023 02:10,01-06-2023 17:24,slow
2450,2451,CUST01198,POSITIVE_INTERVAL,2.5,3,False,True,Closed,Trello,Cancellation request,Low,Social media,01-06-2023 07:51,01-06-2023 10:21,fast
2465,2466,CUST01989,POSITIVE_INTERVAL,8.75,5,False,True,Closed,Loom,Product inquiry,Critical,Phone,01-06-2023 05:04,01-06-2023 13:49,slow
2467,2468,CUST04941,POSITIVE_INTERVAL,13.783333333333333,1,False,True,Closed,Jira,Billing inquiry,Medium,Social media,01-06-2023 04:39,01-06-2023 18:26,slow
2470,2471,CUST00634,POSITIVE_INTERVAL,5.5,4,False,True,Closed,Bitbucket,Billing inquiry,Critical,Chat,01-06-2023 11:40,01-06-2023 17:10,fast
2471,2472,CUST01799,POSITIVE_INTERVAL,11.416666666666666,1,False,True,Closed,Loom,Cancellation request,Low,Chat,01-06-2023 04:18,01-06-2023 15:43,slow
2472,2473,CUST07150,POSITIVE_INTERVAL,2.1166666666666667,3,False,True,Closed,Confluence,Technical issue,Medium,Email,31-05-2023 23:18,01-06-2023 01:25,fast
2473,2474,CUST00365,POSITIVE_INTERVAL,0.43333333333333335,4,False,True,Closed,Confluence,Technical issue,High,Social media,01-06-2023 15:08,01-06-2023 15:34,fast
2477,2478,CUST00783,POSITIVE_INTERVAL,17.933333333333334,2,False,True,Closed,Jira,Refund request,High,Email,01-06-2023 04:00,01-06-2023 21:56,slow
2479,2480,CUST02606,POSITIVE_INTERVAL,4.65,3,False,True,Closed,Confluence,Technical issue,Medium,Social media,01-06-2023 01:44,01-06-2023 06:23,fast
2486,2487,CUST07929,POSITIVE_INTERVAL,3.7,2,False,True,Closed,Loom,Technical issue,High,Social media,01-06-2023 04:02,01-06-2023 07:44,fast
2493,2494,CUST07395,POSITIVE_INTERVAL,15.666666666666666,2,False,True,Closed,Loom,Billing inquiry,Critical,Email,01-06-2023 01:20,01-06-2023 17:00,slow
2523,2524,CUST06561,POSITIVE_INTERVAL,10.216666666666667,4,False,True,Closed,Bitbucket,Technical issue,Low,Email,01-06-2023 10:31,01-06-2023 20:44,slow
2530,2531,CUST06691,POSITIVE_INTERVAL,1.5166666666666666,1,False,True,Closed,Bitbucket,Billing inquiry,Critical,Social media,01-06-2023 18:54,01-06-2023 20:25,fast
2532,2533,CUST02328,POSITIVE_INTERVAL,0.4666666666666667,5,False,True,Closed,Confluence,Technical issue,Critical,Chat,01-06-2023 02:59,01-06-2023 03:27,fast
2534,2535,CUST02736,POSITIVE_INTERVAL,2.216666666666667,1,False,True,Closed,Bitbucket,Billing inquiry,Low,Social media,01-06-2023 15:04,01-06-2023 17:17,fast
2549,2550,CUST05634,POSITIVE_INTERVAL,9.15,5,False,True,Closed,Confluence,Refund request,Low,Email,01-06-2023 01:00,01-06-2023 10:09,slow
2574,2575,CUST02702,POSITIVE_INTERVAL,7.866666666666666,1,False,True,Closed,Loom,Refund request,Critical,Email,01-06-2023 02:24,01-06-2023 10:16,slow
2587,2588,CUST05440,POSITIVE_INTERVAL,5.783333333333333,5,False,True,Closed,Confluence,Refund request,Medium,Social media,01-06-2023 11:47,01-06-2023 17:34,fast
2590,2591,CUST07596,POSITIVE_INTERVAL,12.766666666666667,4,False,True,Closed,Loom,Product inquiry,Medium,Email,01-06-2023 02:45,01-06-2023 15:31,slow
2597,2598,CUST03045,POSITIVE_INTERVAL,6.916666666666667,1,False,True,Closed,Jira,Cancellation request,Low,Email,01-06-2023 02:02,01-06-2023 08:57,slow
2608,2609,CUST04400,POSITIVE_INTERVAL,8.9,3,False,True,Closed,Trello,Refund request,Low,Email,01-06-2023 10:59,01-06-2023 19:53,slow
2610,2611,CUST04213,POSITIVE_INTERVAL,5.766666666666667,4,False,True,Closed,Trello,Cancellation request,Low,Social media,01-06-2023 04:29,01-06-2023 10:15,fast
2630,2631,CUST07373,POSITIVE_INTERVAL,4.566666666666666,5,False,True,Closed,Trello,Billing inquiry,Critical,Chat,01-06-2023 14:13,01-06-2023 18:47,fast
2639,2640,CUST05128,POSITIVE_INTERVAL,15.85,1,False,True,Closed,Bitbucket,Refund request,Critical,Email,01-06-2023 01:48,01-06-2023 17:39,slow
2645,2646,CUST03269,POSITIVE_INTERVAL,0.5,1,False,True,Closed,Jira,Product inquiry,Medium,Social media,01-06-2023 18:15,01-06-2023 18:45,fast
2646,2647,CUST00129,POSITIVE_INTERVAL,3.433333333333333,3,False,True,Closed,Confluence,Product inquiry,Low,Social media,01-06-2023 18:59,01-06-2023 22:25,fast
2649,2650,CUST02771,POSITIVE_INTERVAL,22.3,4,False,True,Closed,Bitbucket,Billing inquiry,Low,Social media,31-05-2023 23:25,01-06-2023 21:43,slow
2650,2651,CUST03049,POSITIVE_INTERVAL,12.533333333333333,3,False,True,Closed,Loom,Product inquiry,High,Social media,01-06-2023 06:59,01-06-2023 19:31,slow
2657,2658,CUST02987,POSITIVE_INTERVAL,2.3333333333333335,5,False,True,Closed,Bitbucket,Refund request,Medium,Email,01-06-2023 00:28,01-06-2023 02:48,fast
2662,2663,CUST00759,POSITIVE_INTERVAL,3.466666666666667,3,False,True,Closed,Jira,Cancellation request,Low,Phone,01-06-2023 09:06,01-06-2023 12:34,fast
2679,2680,CUST00175,POSITIVE_INTERVAL,14.783333333333333,3,False,True,Closed,Trello,Technical issue,Critical,Email,31-05-2023 23:12,01-06-2023 13:59,slow
2680,2681,CUST00613,POSITIVE_INTERVAL,10.2,3,False,True,Closed,Trello,Product inquiry,Low,Email,01-06-2023 09:06,01-06-2023 19:18,slow
2683,2684,CUST00216,POSITIVE_INTERVAL,3.216666666666667,2,False,True,Closed,Loom,Product inquiry,Medium,Chat,01-06-2023 05:54,01-06-2023 09:07,fast
2696,2697,CUST05983,POSITIVE_INTERVAL,2.2666666666666666,2,False,True,Closed,Loom,Cancellation request,Medium,Email,01-06-2023 14:48,01-06-2023 17:04,fast
2701,2702,CUST06687,POSITIVE_INTERVAL,10.533333333333333,1,False,True,Closed,Bitbucket,Technical issue,Critical,Social media,01-06-2023 03:02,01-06-2023 13:34,slow
2705,2706,CUST07820,POSITIVE_INTERVAL,4.033333333333333,4,False,True,Closed,Trello,Cancellation request,Low,Phone,01-06-2023 01:34,01-06-2023 05:36,fast
2716,2717,CUST06719,POSITIVE_INTERVAL,22.616666666666667,3,False,True,Closed,Jira,Technical issue,Low,Email,31-05-2023 23:04,01-06-2023 21:41,slow
2718,2719,CUST01517,POSITIVE_INTERVAL,4.366666666666666,5,False,True,Closed,Confluence,Cancellation request,Critical,Social media,01-06-2023 03:57,01-06-2023 08:19,fast
2737,2738,CUST04274,ZERO_INTERVAL,0.0,2,False,True,Closed,Loom,Product inquiry,Low,Email,01-06-2023 19:51,01-06-2023 19:51,fast
2739,2740,CUST03803,POSITIVE_INTERVAL,0.21666666666666667,5,False,True,Closed,Loom,Cancellation request,Low,Chat,01-06-2023 16:51,01-06-2023 17:04,fast
2740,2741,CUST01421,POSITIVE_INTERVAL,1.0,2,False,True,Closed,Jira,Billing inquiry,Medium,Email,01-06-2023 15:13,01-06-2023 16:13,fast
2752,2753,CUST03999,POSITIVE_INTERVAL,11.85,4,False,True,Closed,Jira,Product inquiry,Low,Chat,01-06-2023 08:46,01-06-2023 20:37,slow
2753,2754,CUST05708,POSITIVE_INTERVAL,3.4,1,False,True,Closed,Confluence,Product inquiry,Medium,Email,01-06-2023 12:42,01-06-2023 16:06,fast
2754,2755,CUST06859,POSITIVE_INTERVAL,18.583333333333332,1,False,True,Closed,Trello,Cancellation request,Low,Email,31-05-2023 23:17,01-06-2023 17:52,slow
2755,2756,CUST02388,POSITIVE_INTERVAL,2.783333333333333,1,False,True,Closed,Bitbucket,Refund request,Critical,Social media,01-06-2023 15:16,01-06-2023 18:03,fast
2760,2761,CUST06135,POSITIVE_INTERVAL,1.6,1,False,True,Closed,Jira,Product inquiry,Medium,Email,01-06-2023 07:26,01-06-2023 09:02,fast
2763,2764,CUST01049,POSITIVE_INTERVAL,10.916666666666666,3,False,True,Closed,Jira,Technical issue,High,Email,01-06-2023 11:16,01-06-2023 22:11,slow
2767,2768,CUST04207,POSITIVE_INTERVAL,9.216666666666667,5,False,True,Closed,Loom,Product inquiry,High,Phone,01-06-2023 08:53,01-06-2023 18:06,slow
2771,2772,CUST04764,POSITIVE_INTERVAL,10.4,3,False,True,Closed,Trello,Billing inquiry,Critical,Social media,01-06-2023 03:36,01-06-2023 14:00,slow
2773,2774,CUST04173,POSITIVE_INTERVAL,6.216666666666667,5,False,True,Closed,Loom,Technical issue,Critical,Phone,01-06-2023 08:07,01-06-2023 14:20,fast
2774,2775,CUST04395,POSITIVE_INTERVAL,10.2,3,False,True,Closed,Loom,Product inquiry,Low,Social media,01-06-2023 07:50,01-06-2023 18:02,slow
2780,2781,CUST06467,POSITIVE_INTERVAL,3.783333333333333,3,False,True,Closed,Confluence,Cancellation request,Medium,Chat,01-06-2023 17:04,01-06-2023 20:51,fast
2781,2782,CUST03907,POSITIVE_INTERVAL,17.666666666666668,5,False,True,Closed,Loom,Refund request,High,Chat,01-06-2023 00:46,01-06-2023 18:26,slow
2784,2785,CUST06694,POSITIVE_INTERVAL,14.816666666666666,5,False,True,Closed,Trello,Product inquiry,High,Social media,01-06-2023 01:45,01-06-2023 16:34,slow
2801,2802,CUST01316,POSITIVE_INTERVAL,7.783333333333333,4,False,True,Closed,Trello,Billing inquiry,Low,Chat,01-06-2023 07:20,01-06-2023 15:07,slow
2804,2805,CUST07056,POSITIVE_INTERVAL,6.983333333333333,4,False,True,Closed,Trello,Cancellation request,Medium,Chat,01-06-2023 03:33,01-06-2023 10:32,slow
2808,2809,CUST04414,POSITIVE_INTERVAL,12.933333333333334,5,False,True,Closed,Confluence,Technical issue,Critical,Email,01-06-2023 07:11,01-06-2023 20:07,slow
2809,2810,CUST00252,POSITIVE_INTERVAL,1.6666666666666667,5,False,True,Closed,Confluence,Technical issue,Critical,Email,01-06-2023 17:01,01-06-2023 18:41,fast
2810,2811,CUST07184,POSITIVE_INTERVAL,4.233333333333333,3,False,True,Closed,Trello,Product inquiry,Low,Social media,01-06-2023 10:18,01-06-2023 14:32,fast
2812,2813,CUST04450,POSITIVE_INTERVAL,6.883333333333334,3,False,True,Closed,Bitbucket,Technical issue,Critical,Social media,01-06-2023 07:17,01-06-2023 14:10,slow
2818,2819,CUST08239,POSITIVE_INTERVAL,7.966666666666667,5,False,True,Closed,Trello,Product inquiry,Low,Email,31-05-2023 23:29,01-06-2023 07:27,slow
2819,2820,CUST04717,POSITIVE_INTERVAL,3.5,3,False,True,Closed,Loom,Technical issue,Medium,Social media,01-06-2023 15:10,01-06-2023 18:40,fast
2823,2824,CUST04999,POSITIVE_INTERVAL,3.933333333333333,2,False,True,Closed,Jira,Product inquiry,Critical,Phone,01-06-2023 02:08,01-06-2023 06:04,fast
2829,2830,CUST07199,POSITIVE_INTERVAL,3.433333333333333,3,False,True,Closed,Bitbucket,Technical issue,Medium,Chat,01-06-2023 05:50,01-06-2023 09:16,fast
2839,2840,CUST02141,POSITIVE_INTERVAL,8.383333333333333,1,False,True,Closed,Trello,Billing inquiry,Medium,Phone,01-06-2023 02:06,01-06-2023 10:29,slow
2843,2844,CUST03331,POSITIVE_INTERVAL,8.583333333333334,4,False,True,Closed,Confluence,Billing inquiry,Low,Phone,01-06-2023 07:25,01-06-2023 16:00,slow
2846,2847,CUST00567,POSITIVE_INTERVAL,4.866666666666666,1,False,True,Closed,Trello,Technical issue,High,Chat,01-06-2023 03:27,01-06-2023 08:19,fast
2848,2849,CUST02772,POSITIVE_INTERVAL,5.5,2,False,True,Closed,Bitbucket,Technical issue,High,Chat,01-06-2023 02:42,01-06-2023 08:12,fast
2850,2851,CUST08116,POSITIVE_INTERVAL,1.2333333333333334,3,False,True,Closed,Loom,Refund request,Critical,Chat,01-06-2023 18:09,01-06-2023 19:23,fast
2857,2858,CUST03215,POSITIVE_INTERVAL,15.25,1,False,True,Closed,Confluence,Technical issue,High,Phone,01-06-2023 05:56,01-06-2023 21:11,slow
2875,2876,CUST02866,POSITIVE_INTERVAL,14.966666666666667,4,False,True,Closed,Trello,Technical issue,Medium,Chat,01-06-2023 00:10,01-06-2023 15:08,slow
2878,2879,CUST03059,POSITIVE_INTERVAL,14.283333333333333,1,False,True,Closed,Trello,Product inquiry,Medium,Phone,31-05-2023 23:50,01-06-2023 14:07,slow
2884,2885,CUST06873,POSITIVE_INTERVAL,6.8,2,False,True,Closed,Loom,Cancellation request,Low,Chat,01-06-2023 06:18,01-06-2023 13:06,slow
2904,2905,CUST03487,POSITIVE_INTERVAL,2.2666666666666666,5,False,True,Closed,Loom,Billing inquiry,Low,Chat,01-06-2023 15:06,01-06-2023 17:22,fast
2918,2919,CUST00374,POSITIVE_INTERVAL,1.2333333333333334,1,False,True,Closed,Confluence,Cancellation request,High,Chat,01-06-2023 10:21,01-06-2023 11:35,fast
2922,2923,CUST07877,POSITIVE_INTERVAL,7.433333333333334,2,False,True,Closed,Bitbucket,Billing inquiry,Low,Chat,31-05-2023 23:00,01-06-2023 06:26,slow
2929,2930,CUST07142,POSITIVE_INTERVAL,9.683333333333334,2,False,True,Closed,Trello,Refund request,Low,Email,01-06-2023 11:22,01-06-2023 21:03,slow
2930,2931,CUST07879,POSITIVE_INTERVAL,9.366666666666667,3,False,True,Closed,Confluence,Cancellation request,High,Email,01-06-2023 08:04,01-06-2023 17:26,slow
2934,2935,CUST05655,POSITIVE_INTERVAL,4.833333333333333,4,False,True,Closed,Confluence,Refund request,High,Email,01-06-2023 01:29,01-06-2023 06:19,fast
2935,2936,CUST02144,POSITIVE_INTERVAL,14.166666666666666,5,False,True,Closed,Jira,Cancellation request,High,Chat,01-06-2023 01:54,01-06-2023 16:04,slow
2938,2939,CUST00443,POSITIVE_INTERVAL,12.216666666666667,4,False,True,Closed,Trello,Technical issue,Critical,Email,01-06-2023 09:52,01-06-2023 22:05,slow
2939,2940,CUST01431,POSITIVE_INTERVAL,0.25,3,False,True,Closed,Bitbucket,Billing inquiry,Critical,Social media,01-06-2023 09:54,01-06-2023 10:09,fast
2947,2948,CUST02664,POSITIVE_INTERVAL,2.25,1,False,True,Closed,Jira,Technical issue,Medium,Phone,01-06-2023 11:18,01-06-2023 13:33,fast
2955,2956,CUST07750,POSITIVE_INTERVAL,19.716666666666665,1,False,True,Closed,Confluence,Technical issue,Low,Email,01-06-2023 03:07,01-06-2023 22:50,slow
2967,2968,CUST00256,POSITIVE_INTERVAL,14.9,4,False,True,Closed,Loom,Cancellation request,Critical,Chat,01-06-2023 06:15,01-06-2023 21:09,slow
2968,2969,CUST07325,POSITIVE_INTERVAL,4.816666666666666,2,False,True,Closed,Trello,Technical issue,Critical,Social media,01-06-2023 09:25,01-06-2023 14:14,fast
2969,2970,CUST03921,POSITIVE_INTERVAL,9.583333333333334,5,False,True,Closed,Confluence,Product inquiry,High,Chat,01-06-2023 09:53,01-06-2023 19:28,slow
2970,2971,CUST04255,POSITIVE_INTERVAL,14.416666666666666,2,False,True,Closed,Bitbucket,Product inquiry,Low,Phone,01-06-2023 01:57,01-06-2023 16:22,slow
2975,2976,CUST00449,POSITIVE_INTERVAL,3.3,1,False,True,Closed,Loom,Product inquiry,High,Social media,01-06-2023 05:09,01-06-2023 08:27,fast
2976,2977,CUST05992,POSITIVE_INTERVAL,7.766666666666667,3,False,True,Closed,Trello,Refund request,Low,Phone,31-05-2023 23:40,01-06-2023 07:26,slow
2985,2986,CUST07805,POSITIVE_INTERVAL,8.233333333333333,1,False,True,Closed,Bitbucket,Billing inquiry,Critical,Social media,01-06-2023 08:12,01-06-2023 16:26,slow
2989,2990,CUST01716,POSITIVE_INTERVAL,19.533333333333335,2,False,True,Closed,Trello,Product inquiry,Critical,Chat,01-06-2023 01:01,01-06-2023 20:33,slow
3000,3001,CUST01025,POSITIVE_INTERVAL,10.166666666666666,5,False,True,Closed,Bitbucket,Refund request,Medium,Social media,01-06-2023 12:37,01-06-2023 22:47,slow
3001,3002,CUST01840,POSITIVE_INTERVAL,6.316666666666666,5,False,True,Closed,Jira,Technical issue,Low,Social media,01-06-2023 00:34,01-06-2023 06:53,fast
3002,3003,CUST04225,POSITIVE_INTERVAL,10.283333333333333,4,False,True,Closed,Confluence,Product inquiry,Medium,Email,01-06-2023 06:06,01-06-2023 16:23,slow
3009,3010,CUST05786,POSITIVE_INTERVAL,20.716666666666665,5,False,True,Closed,Jira,Refund request,Low,Social media,01-06-2023 00:58,01-06-2023 21:41,slow
3012,3013,CUST04202,POSITIVE_INTERVAL,5.183333333333334,4,False,True,Closed,Trello,Refund request,Medium,Social media,01-06-2023 14:37,01-06-2023 19:48,fast
3014,3015,CUST05108,POSITIVE_INTERVAL,8.9,5,False,True,Closed,Bitbucket,Technical issue,Critical,Phone,01-06-2023 00:14,01-06-2023 09:08,slow
3031,3032,CUST07469,POSITIVE_INTERVAL,20.533333333333335,4,False,True,Closed,Bitbucket,Refund request,High,Email,31-05-2023 23:13,01-06-2023 19:45,slow
3037,3038,CUST04813,POSITIVE_INTERVAL,15.833333333333334,1,False,True,Closed,Confluence,Cancellation request,Low,Chat,01-06-2023 01:17,01-06-2023 17:07,slow
3041,3042,CUST01781,POSITIVE_INTERVAL,0.25,3,False,True,Closed,Bitbucket,Refund request,High,Email,01-06-2023 10:42,01-06-2023 10:57,fast
3042,3043,CUST00557,POSITIVE_INTERVAL,3.0,2,False,True,Closed,Trello,Billing inquiry,Critical,Social media,01-06-2023 09:15,01-06-2023 12:15,fast
3045,3046,CUST07557,POSITIVE_INTERVAL,3.05,4,False,True,Closed,Jira,Product inquiry,Low,Email,01-06-2023 03:41,01-06-2023 06:44,fast
3046,3047,CUST06001,POSITIVE_INTERVAL,4.466666666666667,1,False,True,Closed,Trello,Product inquiry,Medium,Social media,01-06-2023 12:22,01-06-2023 16:50,fast
3053,3054,CUST00346,POSITIVE_INTERVAL,15.566666666666666,1,False,True,Closed,Loom,Cancellation request,Medium,Phone,01-06-2023 01:10,01-06-2023 16:44,slow
3060,3061,CUST05566,POSITIVE_INTERVAL,12.166666666666666,2,False,True,Closed,Confluence,Product inquiry,Critical,Email,01-06-2023 09:54,01-06-2023 22:04,slow
3064,3065,CUST01526,POSITIVE_INTERVAL,7.15,5,False,True,Closed,Trello,Cancellation request,Medium,Social media,01-06-2023 11:24,01-06-2023 18:33,slow
3071,3072,CUST08072,POSITIVE_INTERVAL,3.8333333333333335,4,False,True,Closed,Loom,Billing inquiry,Critical,Social media,01-06-2023 15:40,01-06-2023 19:30,fast
3079,3080,CUST04306,POSITIVE_INTERVAL,0.48333333333333334,2,False,True,Closed,Trello,Technical issue,Low,Social media,01-06-2023 12:32,01-06-2023 13:01,fast
3094,3095,CUST04018,POSITIVE_INTERVAL,7.616666666666666,3,False,True,Closed,Loom,Technical issue,Critical,Chat,01-06-2023 10:15,01-06-2023 17:52,slow
3102,3103,CUST07518,POSITIVE_INTERVAL,5.65,3,False,True,Closed,Trello,Refund request,Medium,Phone,01-06-2023 02:03,01-06-2023 07:42,fast
3106,3107,CUST02365,POSITIVE_INTERVAL,7.783333333333333,4,False,True,Closed,Confluence,Product inquiry,Low,Email,01-06-2023 15:03,01-06-2023 22:50,slow
3117,3118,CUST07154,POSITIVE_INTERVAL,7.816666666666666,2,False,True,Closed,Jira,Cancellation request,Medium,Email,01-06-2023 09:00,01-06-2023 16:49,slow
3123,3124,CUST00807,POSITIVE_INTERVAL,7.766666666666667,5,False,True,Closed,Loom,Billing inquiry,High,Email,01-06-2023 02:29,01-06-2023 10:15,slow
3133,3134,CUST04195,POSITIVE_INTERVAL,11.616666666666667,3,False,True,Closed,Loom,Refund request,Medium,Email,01-06-2023 11:01,01-06-2023 22:38,slow
3155,3156,CUST06173,POSITIVE_INTERVAL,14.9,2,False,True,Closed,Jira,Billing inquiry,Critical,Phone,01-06-2023 01:29,01-06-2023 16:23,slow
3157,3158,CUST00050,POSITIVE_INTERVAL,0.7,2,False,True,Closed,Bitbucket,Product inquiry,High,Email,01-06-2023 10:47,01-06-2023 11:29,fast
3171,3172,CUST08055,POSITIVE_INTERVAL,1.1166666666666667,5,False,True,Closed,Trello,Technical issue,Low,Social media,01-06-2023 09:30,01-06-2023 10:37,fast
3173,3174,CUST06338,POSITIVE_INTERVAL,4.483333333333333,1,False,True,Closed,Trello,Technical issue,Medium,Phone,01-06-2023 11:34,01-06-2023 16:03,fast
3180,3181,CUST08272,POSITIVE_INTERVAL,2.6333333333333333,2,False,True,Closed,Confluence,Billing inquiry,Critical,Social media,01-06-2023 16:26,01-06-2023 19:04,fast
3186,3187,CUST02007,POSITIVE_INTERVAL,12.433333333333334,2,False,True,Closed,Loom,Cancellation request,High,Social media,01-06-2023 04:01,01-06-2023 16:27,slow
3188,3189,CUST02653,POSITIVE_INTERVAL,19.5,1,False,True,Closed,Jira,Technical issue,Critical,Chat,31-05-2023 23:28,01-06-2023 18:58,slow
3198,3199,CUST07708,POSITIVE_INTERVAL,11.116666666666667,2,False,True,Closed,Confluence,Billing inquiry,High,Email,01-06-2023 00:50,01-06-2023 11:57,slow
3210,3211,CUST02854,POSITIVE_INTERVAL,8.783333333333333,4,False,True,Closed,Confluence,Product inquiry,Critical,Chat,01-06-2023 05:17,01-06-2023 14:04,slow
3213,3214,CUST06381,POSITIVE_INTERVAL,21.5,1,False,True,Closed,Jira,Refund request,High,Social media,31-05-2023 23:12,01-06-2023 20:42,slow
3216,3217,CUST00335,POSITIVE_INTERVAL,0.5833333333333334,2,False,True,Closed,Loom,Billing inquiry,Low,Chat,01-06-2023 16:11,01-06-2023 16:46,fast
3223,3224,CUST05483,POSITIVE_INTERVAL,7.85,4,False,True,Closed,Bitbucket,Refund request,Low,Email,01-06-2023 03:55,01-06-2023 11:46,slow
3226,3227,CUST03252,POSITIVE_INTERVAL,15.45,4,False,True,Closed,Bitbucket,Product inquiry,Critical,Social media,31-05-2023 23:52,01-06-2023 15:19,slow
3230,3231,CUST04918,POSITIVE_INTERVAL,4.483333333333333,2,False,True,Closed,Jira,Product inquiry,Low,Social media,01-06-2023 13:00,01-06-2023 17:29,fast
3244,3245,CUST02614,POSITIVE_INTERVAL,0.1,1,False,True,Closed,Bitbucket,Billing inquiry,Low,Email,01-06-2023 11:01,01-06-2023 11:07,fast
3246,3247,CUST01423,POSITIVE_INTERVAL,0.9,2,False,True,Closed,Confluence,Product inquiry,Critical,Chat,01-06-2023 19:44,01-06-2023 20:38,fast
3251,3252,CUST05315,POSITIVE_INTERVAL,15.35,5,False,True,Closed,Confluence,Billing inquiry,Medium,Phone,01-06-2023 02:47,01-06-2023 18:08,slow
3252,3253,CUST03250,POSITIVE_INTERVAL,1.0666666666666667,3,False,True,Closed,Jira,Refund request,Medium,Chat,01-06-2023 21:47,01-06-2023 22:51,fast
3281,3282,CUST00422,POSITIVE_INTERVAL,17.133333333333333,3,False,True,Closed,Bitbucket,Refund request,Critical,Social media,01-06-2023 01:13,01-06-2023 18:21,slow
3286,3287,CUST07235,POSITIVE_INTERVAL,11.816666666666666,1,False,True,Closed,Confluence,Cancellation request,High,Chat,01-06-2023 08:46,01-06-2023 20:35,slow
3290,3291,CUST01414,POSITIVE_INTERVAL,17.7,1,False,True,Closed,Loom,Technical issue,High,Chat,01-06-2023 04:26,01-06-2023 22:08,slow
3293,3294,CUST01532,POSITIVE_INTERVAL,3.533333333333333,5,False,True,Closed,Confluence,Cancellation request,Low,Email,01-06-2023 18:16,01-06-2023 21:48,fast
3298,3299,CUST01505,POSITIVE_INTERVAL,19.416666666666668,4,False,True,Closed,Confluence,Refund request,Medium,Phone,01-06-2023 03:34,01-06-2023 22:59,slow
3299,3300,CUST04606,POSITIVE_INTERVAL,2.9166666666666665,4,False,True,Closed,Bitbucket,Billing inquiry,Critical,Social media,01-06-2023 16:03,01-06-2023 18:58,fast
3312,3313,CUST00073,POSITIVE_INTERVAL,15.366666666666667,1,False,True,Closed,Jira,Cancellation request,Low,Phone,01-06-2023 06:59,01-06-2023 22:21,slow
3318,3319,CUST06766,POSITIVE_INTERVAL,7.633333333333334,2,False,True,Closed,Jira,Technical issue,Medium,Email,01-06-2023 11:44,01-06-2023 19:22,slow
3322,3323,CUST03541,POSITIVE_INTERVAL,11.8,3,False,True,Closed,Confluence,Refund request,Critical,Phone,01-06-2023 11:14,01-06-2023 23:02,slow
3328,3329,CUST05349,POSITIVE_INTERVAL,20.816666666666666,5,False,True,Closed,Loom,Product inquiry,Critical,Social media,01-06-2023 02:02,01-06-2023 22:51,slow
3335,3336,CUST05455,POSITIVE_INTERVAL,8.983333333333333,4,False,True,Closed,Loom,Product inquiry,Low,Chat,01-06-2023 05:34,01-06-2023 14:33,slow
3337,3338,CUST06393,POSITIVE_INTERVAL,12.716666666666667,4,False,True,Closed,Trello,Technical issue,Low,Email,01-06-2023 00:18,01-06-2023 13:01,slow
3341,3342,CUST03563,POSITIVE_INTERVAL,8.933333333333334,3,False,True,Closed,Jira,Billing inquiry,High,Social media,01-06-2023 01:43,01-06-2023 10:39,slow
3351,3352,CUST03313,POSITIVE_INTERVAL,11.583333333333334,5,False,True,Closed,Confluence,Refund request,Critical,Email,01-06-2023 09:18,01-06-2023 20:53,slow
3360,3361,CUST01153,POSITIVE_INTERVAL,0.75,3,False,True,Closed,Bitbucket,Technical issue,Medium,Email,01-06-2023 14:40,01-06-2023 15:25,fast
3363,3364,CUST03744,POSITIVE_INTERVAL,15.733333333333333,1,False,True,Closed,Loom,Refund request,High,Phone,01-06-2023 06:35,01-06-2023 22:19,slow
3366,3367,CUST05223,POSITIVE_INTERVAL,1.6833333333333333,1,False,True,Closed,Trello,Cancellation request,Critical,Phone,01-06-2023 13:33,01-06-2023 15:14,fast
3370,3371,CUST03067,POSITIVE_INTERVAL,13.616666666666667,2,False,True,Closed,Bitbucket,Billing inquiry,Low,Chat,01-06-2023 01:13,01-06-2023 14:50,slow
3371,3372,CUST07078,POSITIVE_INTERVAL,14.0,2,False,True,Closed,Jira,Cancellation request,Low,Social media,01-06-2023 03:42,01-06-2023 17:42,slow
3375,3376,CUST03183,POSITIVE_INTERVAL,12.4,1,False,True,Closed,Bitbucket,Technical issue,Critical,Social media,01-06-2023 09:22,01-06-2023 21:46,slow
3377,3378,CUST02827,POSITIVE_INTERVAL,17.933333333333334,1,False,True,Closed,Loom,Technical issue,Low,Social media,01-06-2023 03:28,01-06-2023 21:24,slow
3379,3380,CUST05508,POSITIVE_INTERVAL,3.05,3,False,True,Closed,Confluence,Product inquiry,High,Phone,01-06-2023 14:50,01-06-2023 17:53,fast
3380,3381,CUST06033,POSITIVE_INTERVAL,4.633333333333334,4,False,True,Closed,Confluence,Refund request,Medium,Phone,01-06-2023 17:13,01-06-2023 21:51,fast
3382,3383,CUST05946,POSITIVE_INTERVAL,7.666666666666667,1,False,True,Closed,Trello,Cancellation request,Critical,Email,01-06-2023 12:20,01-06-2023 20:00,slow
3385,3386,CUST07872,POSITIVE_INTERVAL,6.516666666666667,4,False,True,Closed,Loom,Billing inquiry,Medium,Chat,01-06-2023 08:59,01-06-2023 15:30,slow
3390,3391,CUST01484,POSITIVE_INTERVAL,1.85,4,False,True,Closed,Bitbucket,Technical issue,Critical,Email,01-06-2023 07:58,01-06-2023 09:49,fast
3391,3392,CUST03414,POSITIVE_INTERVAL,18.266666666666666,2,False,True,Closed,Jira,Billing inquiry,Medium,Phone,01-06-2023 00:46,01-06-2023 19:02,slow
3396,3397,CUST01509,POSITIVE_INTERVAL,1.4333333333333333,1,False,True,Closed,Confluence,Cancellation request,High,Social media,01-06-2023 04:30,01-06-2023 05:56,fast
3398,3399,CUST05588,POSITIVE_INTERVAL,15.516666666666667,2,False,True,Closed,Confluence,Cancellation request,Critical,Phone,01-06-2023 03:45,01-06-2023 19:16,slow
3400,3401,CUST04097,POSITIVE_INTERVAL,2.6,1,False,True,Closed,Bitbucket,Refund request,Critical,Email,01-06-2023 08:44,01-06-2023 11:20,fast
3408,3409,CUST08293,POSITIVE_INTERVAL,0.45,2,False,True,Closed,Bitbucket,Refund request,Medium,Email,01-06-2023 21:56,01-06-2023 22:23,fast
3413,3414,CUST06642,POSITIVE_INTERVAL,9.183333333333334,3,False,True,Closed,Confluence,Billing inquiry,Medium,Chat,01-06-2023 00:12,01-06-2023 09:23,slow
3421,3422,CUST04020,POSITIVE_INTERVAL,18.433333333333334,4,False,True,Closed,Trello,Technical issue,Medium,Email,01-06-2023 00:58,01-06-2023 19:24,slow
3424,3425,CUST06856,POSITIVE_INTERVAL,18.45,5,False,True,Closed,Jira,Cancellation request,High,Social media,01-06-2023 01:06,01-06-2023 19:33,slow
3440,3441,CUST06048,POSITIVE_INTERVAL,1.9333333333333333,1,False,True,Closed,Loom,Product inquiry,Critical,Phone,01-06-2023 09:12,01-06-2023 11:08,fast
3447,3448,CUST06184,POSITIVE_INTERVAL,10.583333333333334,3,False,True,Closed,Loom,Product inquiry,High,Email,01-06-2023 06:34,01-06-2023 17:09,slow
3461,3462,CUST01919,POSITIVE_INTERVAL,2.0,5,False,True,Closed,Loom,Technical issue,Medium,Social media,01-06-2023 01:01,01-06-2023 03:01,fast
3477,3478,CUST00984,POSITIVE_INTERVAL,12.233333333333333,3,False,True,Closed,Jira,Billing inquiry,Low,Email,31-05-2023 23:44,01-06-2023 11:58,slow
3479,3480,CUST07309,POSITIVE_INTERVAL,12.333333333333334,5,False,True,Closed,Confluence,Refund request,Critical,Social media,01-06-2023 09:38,01-06-2023 21:58,slow
3484,3485,CUST04997,POSITIVE_INTERVAL,8.216666666666667,5,False,True,Closed,Jira,Technical issue,High,Social media,01-06-2023 06:54,01-06-2023 15:07,slow
3514,3515,CUST04270,POSITIVE_INTERVAL,1.1833333333333333,1,False,True,Closed,Jira,Technical issue,Low,Phone,01-06-2023 17:28,01-06-2023 18:39,fast
3519,3520,CUST02083,POSITIVE_INTERVAL,4.85,2,False,True,Closed,Loom,Technical issue,Critical,Phone,01-06-2023 13:33,01-06-2023 18:24,fast
3525,3526,CUST03342,POSITIVE_INTERVAL,5.766666666666667,4,False,True,Closed,Confluence,Cancellation request,High,Social media,01-06-2023 11:19,01-06-2023 17:05,fast
3527,3528,CUST07485,POSITIVE_INTERVAL,1.0666666666666667,5,False,True,Closed,Confluence,Technical issue,High,Social media,01-06-2023 01:24,01-06-2023 02:28,fast
3534,3535,CUST04961,POSITIVE_INTERVAL,6.133333333333334,1,False,True,Closed,Trello,Billing inquiry,High,Phone,01-06-2023 06:44,01-06-2023 12:52,fast
3539,3540,CUST01359,POSITIVE_INTERVAL,7.083333333333333,3,False,True,Closed,Bitbucket,Billing inquiry,Low,Chat,01-06-2023 01:59,01-06-2023 09:04,slow
3541,3542,CUST08164,POSITIVE_INTERVAL,11.716666666666667,5,False,True,Closed,Confluence,Product inquiry,Low,Email,01-06-2023 07:04,01-06-2023 18:47,slow
3549,3550,CUST06979,POSITIVE_INTERVAL,7.816666666666666,4,False,True,Closed,Jira,Refund request,Low,Phone,01-06-2023 08:52,01-06-2023 16:41,slow
3554,3555,CUST02568,POSITIVE_INTERVAL,7.316666666666666,5,False,True,Closed,Loom,Cancellation request,Low,Chat,01-06-2023 04:06,01-06-2023 11:25,slow
3559,3560,CUST00811,POSITIVE_INTERVAL,3.566666666666667,1,False,True,Closed,Confluence,Product inquiry,Critical,Social media,01-06-2023 10:35,01-06-2023 14:09,fast
3561,3562,CUST00462,POSITIVE_INTERVAL,1.8,5,False,True,Closed,Trello,Cancellation request,High,Social media,01-06-2023 07:02,01-06-2023 08:50,fast
3569,3570,CUST06765,POSITIVE_INTERVAL,10.033333333333333,3,False,True,Closed,Loom,Product inquiry,Medium,Social media,01-06-2023 08:20,01-06-2023 18:22,slow
3576,3577,CUST00781,POSITIVE_INTERVAL,18.95,5,False,True,Closed,Loom,Refund request,Low,Email,31-05-2023 23:09,01-06-2023 18:06,slow
3579,3580,CUST01476,POSITIVE_INTERVAL,13.666666666666666,4,False,True,Closed,Loom,Cancellation request,Critical,Phone,31-05-2023 23:28,01-06-2023 13:08,slow
3580,3581,CUST04138,POSITIVE_INTERVAL,1.6833333333333333,3,False,True,Closed,Trello,Refund request,Critical,Chat,01-06-2023 08:19,01-06-2023 10:00,fast
3583,3584,CUST04184,POSITIVE_INTERVAL,1.3,4,False,True,Closed,Jira,Technical issue,High,Email,01-06-2023 18:40,01-06-2023 19:58,fast
3590,3591,CUST05150,ZERO_INTERVAL,0.0,2,False,True,Closed,Bitbucket,Refund request,Low,Email,01-06-2023 19:50,01-06-2023 19:50,fast
3592,3593,CUST08022,POSITIVE_INTERVAL,8.166666666666666,2,False,True,Closed,Confluence,Refund request,Low,Phone,01-06-2023 12:48,01-06-2023 20:58,slow
3605,3606,CUST04242,POSITIVE_INTERVAL,1.0166666666666666,3,False,True,Closed,Loom,Technical issue,Critical,Social media,01-06-2023 19:42,01-06-2023 20:43,fast
3635,3636,CUST00309,POSITIVE_INTERVAL,6.983333333333333,3,False,True,Closed,Trello,Product inquiry,Critical,Email,01-06-2023 11:44,01-06-2023 18:43,slow
3649,3650,CUST02831,POSITIVE_INTERVAL,6.366666666666666,3,False,True,Closed,Jira,Cancellation request,High,Chat,01-06-2023 05:52,01-06-2023 12:14,fast
3650,3651,CUST02010,POSITIVE_INTERVAL,1.3666666666666667,5,False,True,Closed,Bitbucket,Cancellation request,Medium,Chat,01-06-2023 06:54,01-06-2023 08:16,fast
3653,3654,CUST04559,POSITIVE_INTERVAL,5.75,5,False,True,Closed,Confluence,Product inquiry,Medium,Phone,01-06-2023 04:31,01-06-2023 10:16,fast
3655,3656,CUST04089,POSITIVE_INTERVAL,17.85,3,False,True,Closed,Trello,Billing inquiry,Medium,Chat,01-06-2023 01:37,01-06-2023 19:28,slow
3657,3658,CUST03122,POSITIVE_INTERVAL,0.38333333333333336,3,False,True,Closed,Jira,Technical issue,High,Chat,01-06-2023 14:48,01-06-2023 15:11,fast
3668,3669,CUST00501,POSITIVE_INTERVAL,2.3833333333333333,3,False,True,Closed,Confluence,Product inquiry,Critical,Social media,01-06-2023 19:56,01-06-2023 22:19,fast
3669,3670,CUST04916,POSITIVE_INTERVAL,16.533333333333335,2,False,True,Closed,Jira,Refund request,Low,Social media,01-06-2023 05:22,01-06-2023 21:54,slow
3673,3674,CUST00016,POSITIVE_INTERVAL,8.666666666666666,5,False,True,Closed,Loom,Billing inquiry,Critical,Phone,01-06-2023 08:53,01-06-2023 17:33,slow
3675,3676,CUST04151,POSITIVE_INTERVAL,10.183333333333334,3,False,True,Closed,Bitbucket,Refund request,High,Social media,31-05-2023 23:31,01-06-2023 09:42,slow
3681,3682,CUST02605,POSITIVE_INTERVAL,1.6166666666666667,1,False,True,Closed,Jira,Technical issue,Critical,Email,01-06-2023 18:04,01-06-2023 19:41,fast
3682,3683,CUST01829,POSITIVE_INTERVAL,14.366666666666667,4,False,True,Closed,Confluence,Billing inquiry,Critical,Phone,01-06-2023 01:52,01-06-2023 16:14,slow
3698,3699,CUST01093,POSITIVE_INTERVAL,8.7,2,False,True,Closed,Jira,Technical issue,Medium,Social media,01-06-2023 13:20,01-06-2023 22:02,slow
3710,3711,CUST07800,POSITIVE_INTERVAL,2.65,3,False,True,Closed,Bitbucket,Cancellation request,Medium,Email,01-06-2023 15:28,01-06-2023 18:07,fast
3720,3721,CUST05347,POSITIVE_INTERVAL,5.0,3,False,True,Closed,Bitbucket,Cancellation request,Critical,Phone,01-06-2023 04:12,01-06-2023 09:12,fast
3722,3723,CUST04364,POSITIVE_INTERVAL,17.433333333333334,4,False,True,Closed,Confluence,Product inquiry,Medium,Email,31-05-2023 23:26,01-06-2023 16:52,slow
3727,3728,CUST05303,POSITIVE_INTERVAL,1.45,3,False,True,Closed,Jira,Technical issue,Medium,Email,01-06-2023 02:42,01-06-2023 04:09,fast
3732,3733,CUST03790,POSITIVE_INTERVAL,20.166666666666668,3,False,True,Closed,Confluence,Billing inquiry,Critical,Social media,01-06-2023 02:15,01-06-2023 22:25,slow
3748,3749,CUST06203,POSITIVE_INTERVAL,19.1,2,False,True,Closed,Confluence,Product inquiry,High,Phone,01-06-2023 01:11,01-06-2023 20:17,slow
3763,3764,CUST07665,POSITIVE_INTERVAL,0.4,1,False,True,Closed,Trello,Technical issue,High,Phone,01-06-2023 11:35,01-06-2023 11:59,fast
3766,3767,CUST03267,POSITIVE_INTERVAL,16.0,2,False,True,Closed,Trello,Billing inquiry,Medium,Social media,01-06-2023 05:47,01-06-2023 21:47,slow
3770,3771,CUST05372,POSITIVE_INTERVAL,11.033333333333333,3,False,True,Closed,Confluence,Refund request,High,Chat,01-06-2023 09:20,01-06-2023 20:22,slow
3771,3772,CUST04653,POSITIVE_INTERVAL,4.15,2,False,True,Closed,Jira,Technical issue,High,Email,01-06-2023 03:33,01-06-2023 07:42,fast
3791,3792,CUST02396,POSITIVE_INTERVAL,11.083333333333334,4,False,True,Closed,Jira,Cancellation request,Critical,Email,01-06-2023 03:44,01-06-2023 14:49,slow
3795,3796,CUST01911,POSITIVE_INTERVAL,4.45,1,False,True,Closed,Confluence,Product inquiry,Low,Phone,01-06-2023 03:36,01-06-2023 08:03,fast
3796,3797,CUST06113,POSITIVE_INTERVAL,13.283333333333333,1,False,True,Closed,Jira,Billing inquiry,Medium,Chat,01-06-2023 06:56,01-06-2023 20:13,slow
3799,3800,CUST04710,POSITIVE_INTERVAL,7.533333333333333,2,False,True,Closed,Confluence,Cancellation request,Low,Chat,01-06-2023 00:47,01-06-2023 08:19,slow
3822,3823,CUST04641,POSITIVE_INTERVAL,3.6666666666666665,3,False,True,Closed,Loom,Cancellation request,Low,Chat,01-06-2023 18:55,01-06-2023 22:35,fast
3827,3828,CUST04561,POSITIVE_INTERVAL,14.95,3,False,True,Closed,Jira,Billing inquiry,Critical,Chat,01-06-2023 02:45,01-06-2023 17:42,slow
3830,3831,CUST05018,POSITIVE_INTERVAL,12.883333333333333,5,False,True,Closed,Jira,Billing inquiry,High,Email,01-06-2023 01:33,01-06-2023 14:26,slow
3831,3832,CUST00159,POSITIVE_INTERVAL,7.333333333333333,5,False,True,Closed,Bitbucket,Billing inquiry,Low,Chat,01-06-2023 06:56,01-06-2023 14:16,slow
3834,3835,CUST03409,POSITIVE_INTERVAL,6.9,1,False,True,Closed,Loom,Product inquiry,Critical,Phone,01-06-2023 06:08,01-06-2023 13:02,slow
3835,3836,CUST05666,POSITIVE_INTERVAL,0.31666666666666665,3,False,True,Closed,Trello,Refund request,Low,Phone,01-06-2023 11:33,01-06-2023 11:52,fast
3844,3845,CUST01398,POSITIVE_INTERVAL,13.05,3,False,True,Closed,Trello,Product inquiry,Critical,Phone,01-06-2023 04:58,01-06-2023 18:01,slow
3845,3846,CUST08256,POSITIVE_INTERVAL,9.15,3,False,True,Closed,Confluence,Cancellation request,Medium,Email,01-06-2023 08:16,01-06-2023 17:25,slow
3852,3853,CUST03408,POSITIVE_INTERVAL,7.633333333333334,4,False,True,Closed,Trello,Refund request,High,Email,01-06-2023 01:25,01-06-2023 09:03,slow
3854,3855,CUST01142,POSITIVE_INTERVAL,3.1,2,False,True,Closed,Trello,Product inquiry,Low,Chat,01-06-2023 01:53,01-06-2023 04:59,fast
3859,3860,CUST01272,POSITIVE_INTERVAL,1.5166666666666666,3,False,True,Closed,Trello,Cancellation request,Medium,Email,01-06-2023 07:07,01-06-2023 08:38,fast
3864,3865,CUST03316,POSITIVE_INTERVAL,7.05,2,False,True,Closed,Bitbucket,Technical issue,Low,Social media,01-06-2023 05:24,01-06-2023 12:27,slow
3868,3869,CUST04788,POSITIVE_INTERVAL,2.1166666666666667,4,False,True,Closed,Confluence,Billing inquiry,Medium,Phone,01-06-2023 10:04,01-06-2023 12:11,fast
3877,3878,CUST05263,POSITIVE_INTERVAL,9.4,1,False,True,Closed,Trello,Product inquiry,Critical,Email,01-06-2023 07:08,01-06-2023 16:32,slow
3889,3890,CUST05052,POSITIVE_INTERVAL,14.583333333333334,4,False,True,Closed,Confluence,Product inquiry,Critical,Phone,01-06-2023 02:25,01-06-2023 17:00,slow
3890,3891,CUST02555,POSITIVE_INTERVAL,5.233333333333333,1,False,True,Closed,Loom,Billing inquiry,Medium,Email,01-06-2023 17:54,01-06-2023 23:08,fast
3892,3893,CUST01880,POSITIVE_INTERVAL,2.8,1,False,True,Closed,Jira,Refund request,Medium,Email,31-05-2023 23:24,01-06-2023 02:12,fast
3907,3908,CUST02569,POSITIVE_INTERVAL,7.833333333333333,5,False,True,Closed,Loom,Technical issue,Critical,Social media,01-06-2023 10:13,01-06-2023 18:03,slow
3909,3910,CUST07512,POSITIVE_INTERVAL,5.083333333333333,1,False,True,Closed,Loom,Technical issue,High,Social media,01-06-2023 02:38,01-06-2023 07:43,fast
3913,3914,CUST04917,POSITIVE_INTERVAL,1.5333333333333334,5,False,True,Closed,Bitbucket,Product inquiry,High,Email,01-06-2023 18:52,01-06-2023 20:24,fast
3914,3915,CUST07000,POSITIVE_INTERVAL,7.0,3,False,True,Closed,Jira,Technical issue,High,Social media,01-06-2023 01:58,01-06-2023 08:58,slow
3917,3918,CUST03325,POSITIVE_INTERVAL,8.933333333333334,4,False,True,Closed,Loom,Technical issue,Critical,Email,01-06-2023 05:40,01-06-2023 14:36,slow
3927,3928,CUST01718,POSITIVE_INTERVAL,5.816666666666666,3,False,True,Closed,Trello,Technical issue,Critical,Social media,01-06-2023 05:47,01-06-2023 11:36,fast
3932,3933,CUST00999,POSITIVE_INTERVAL,4.0,5,False,True,Closed,Jira,Technical issue,High,Phone,01-06-2023 07:11,01-06-2023 11:11,fast
3940,3941,CUST02051,POSITIVE_INTERVAL,3.466666666666667,4,False,True,Closed,Bitbucket,Refund request,Critical,Chat,01-06-2023 10:21,01-06-2023 13:49,fast
3942,3943,CUST06917,POSITIVE_INTERVAL,7.15,4,False,True,Closed,Confluence,Technical issue,High,Email,01-06-2023 07:08,01-06-2023 14:17,slow
3944,3945,CUST01298,POSITIVE_INTERVAL,17.25,4,False,True,Closed,Bitbucket,Refund request,High,Social media,01-06-2023 04:24,01-06-2023 21:39,slow
3946,3947,CUST02803,POSITIVE_INTERVAL,12.75,3,False,True,Closed,Bitbucket,Product inquiry,High,Phone,01-06-2023 03:33,01-06-2023 16:18,slow
3947,3948,CUST02318,POSITIVE_INTERVAL,2.816666666666667,5,False,True,Closed,Loom,Billing inquiry,High,Social media,01-06-2023 06:39,01-06-2023 09:28,fast
3951,3952,CUST00410,POSITIVE_INTERVAL,7.083333333333333,4,False,True,Closed,Trello,Technical issue,Medium,Phone,01-06-2023 09:33,01-06-2023 16:38,slow
3955,3956,CUST05277,POSITIVE_INTERVAL,2.0,2,False,True,Closed,Bitbucket,Refund request,High,Social media,01-06-2023 01:30,01-06-2023 03:30,fast
3961,3962,CUST01088,POSITIVE_INTERVAL,8.333333333333334,2,False,True,Closed,Jira,Cancellation request,Critical,Social media,01-06-2023 13:58,01-06-2023 22:18,slow
3966,3967,CUST06409,POSITIVE_INTERVAL,2.4,5,False,True,Closed,Bitbucket,Refund request,High,Phone,31-05-2023 23:36,01-06-2023 02:00,fast
3967,3968,CUST00658,POSITIVE_INTERVAL,13.316666666666666,2,False,True,Closed,Confluence,Refund request,Critical,Phone,31-05-2023 23:49,01-06-2023 13:08,slow
3970,3971,CUST06540,POSITIVE_INTERVAL,5.1,1,False,True,Closed,Jira,Cancellation request,Critical,Chat,01-06-2023 13:35,01-06-2023 18:41,fast
3981,3982,CUST00488,POSITIVE_INTERVAL,18.0,3,False,True,Closed,Bitbucket,Cancellation request,High,Chat,01-06-2023 01:25,01-06-2023 19:25,slow
3997,3998,CUST05403,POSITIVE_INTERVAL,10.083333333333334,5,False,True,Closed,Loom,Product inquiry,Critical,Chat,01-06-2023 10:21,01-06-2023 20:26,slow
4003,4004,CUST04975,POSITIVE_INTERVAL,8.683333333333334,5,False,True,Closed,Bitbucket,Refund request,Medium,Phone,01-06-2023 02:38,01-06-2023 11:19,slow
4012,4013,CUST00109,POSITIVE_INTERVAL,1.35,1,False,True,Closed,Trello,Billing inquiry,High,Phone,01-06-2023 06:32,01-06-2023 07:53,fast
4017,4018,CUST01938,POSITIVE_INTERVAL,7.633333333333334,3,False,True,Closed,Trello,Billing inquiry,Low,Chat,01-06-2023 03:41,01-06-2023 11:19,slow
4020,4021,CUST00952,POSITIVE_INTERVAL,6.133333333333334,3,False,True,Closed,Jira,Product inquiry,High,Social media,01-06-2023 16:38,01-06-2023 22:46,fast
4025,4026,CUST04569,POSITIVE_INTERVAL,8.9,5,False,True,Closed,Trello,Cancellation request,Low,Phone,01-06-2023 00:10,01-06-2023 09:04,slow
4040,4041,CUST07515,POSITIVE_INTERVAL,1.9833333333333334,1,False,True,Closed,Bitbucket,Technical issue,Medium,Social media,01-06-2023 08:13,01-06-2023 10:12,fast
4042,4043,CUST04888,POSITIVE_INTERVAL,0.5166666666666667,5,False,True,Closed,Trello,Technical issue,Critical,Phone,01-06-2023 16:51,01-06-2023 17:22,fast
4043,4044,CUST04427,POSITIVE_INTERVAL,2.1333333333333333,2,False,True,Closed,Bitbucket,Billing inquiry,High,Phone,01-06-2023 19:14,01-06-2023 21:22,fast
4044,4045,CUST00564,POSITIVE_INTERVAL,7.283333333333333,5,False,True,Closed,Bitbucket,Technical issue,Critical,Chat,01-06-2023 13:08,01-06-2023 20:25,slow
4059,4060,CUST01168,POSITIVE_INTERVAL,4.2,4,False,True,Closed,Bitbucket,Billing inquiry,Medium,Email,01-06-2023 15:59,01-06-2023 20:11,fast
4064,4065,CUST00797,POSITIVE_INTERVAL,9.216666666666667,2,False,True,Closed,Loom,Product inquiry,High,Chat,01-06-2023 09:18,01-06-2023 18:31,slow
4067,4068,CUST07676,POSITIVE_INTERVAL,5.083333333333333,5,False,True,Closed,Trello,Product inquiry,High,Phone,01-06-2023 14:50,01-06-2023 19:55,fast
4069,4070,CUST02347,POSITIVE_INTERVAL,7.533333333333333,5,False,True,Closed,Jira,Cancellation request,Low,Social media,01-06-2023 12:31,01-06-2023 20:03,slow
4075,4076,CUST00379,POSITIVE_INTERVAL,3.466666666666667,4,False,True,Closed,Confluence,Product inquiry,High,Email,01-06-2023 18:18,01-06-2023 21:46,fast
4080,4081,CUST04752,POSITIVE_INTERVAL,0.3333333333333333,2,False,True,Closed,Confluence,Cancellation request,High,Social media,01-06-2023 02:46,01-06-2023 03:06,fast
4090,4091,CUST04602,POSITIVE_INTERVAL,5.2,2,False,True,Closed,Bitbucket,Cancellation request,Critical,Phone,01-06-2023 06:38,01-06-2023 11:50,fast
4092,4093,CUST04738,POSITIVE_INTERVAL,1.6666666666666667,5,False,True,Closed,Jira,Cancellation request,High,Phone,01-06-2023 11:34,01-06-2023 13:14,fast
4103,4104,CUST02287,POSITIVE_INTERVAL,13.1,5,False,True,Closed,Jira,Refund request,Critical,Social media,01-06-2023 00:20,01-06-2023 13:26,slow
4121,4122,CUST01889,POSITIVE_INTERVAL,14.816666666666666,4,False,True,Closed,Jira,Cancellation request,High,Social media,01-06-2023 00:55,01-06-2023 15:44,slow
4123,4124,CUST02199,POSITIVE_INTERVAL,0.26666666666666666,2,False,True,Closed,Jira,Refund request,High,Email,01-06-2023 03:40,01-06-2023 03:56,fast
4124,4125,CUST00735,POSITIVE_INTERVAL,13.933333333333334,4,False,True,Closed,Bitbucket,Cancellation request,Critical,Chat,01-06-2023 01:29,01-06-2023 15:25,slow
4129,4130,CUST07356,POSITIVE_INTERVAL,5.066666666666666,2,False,True,Closed,Jira,Cancellation request,Low,Phone,01-06-2023 06:04,01-06-2023 11:08,fast
4134,4135,CUST02742,POSITIVE_INTERVAL,2.5833333333333335,4,False,True,Closed,Loom,Cancellation request,High,Chat,01-06-2023 15:41,01-06-2023 18:16,fast
4146,4147,CUST04657,POSITIVE_INTERVAL,12.916666666666666,1,False,True,Closed,Trello,Technical issue,Critical,Phone,01-06-2023 04:07,01-06-2023 17:02,slow
4151,4152,CUST05904,POSITIVE_INTERVAL,3.566666666666667,2,False,True,Closed,Jira,Refund request,Critical,Email,01-06-2023 19:40,01-06-2023 23:14,fast
4152,4153,CUST07582,POSITIVE_INTERVAL,8.466666666666667,4,False,True,Closed,Jira,Technical issue,Low,Phone,01-06-2023 12:01,01-06-2023 20:29,slow
4168,4169,CUST03800,POSITIVE_INTERVAL,9.0,2,False,True,Closed,Bitbucket,Billing inquiry,Critical,Email,01-06-2023 03:51,01-06-2023 12:51,slow
4179,4180,CUST07948,POSITIVE_INTERVAL,8.166666666666666,4,False,True,Closed,Bitbucket,Product inquiry,Low,Chat,01-06-2023 11:10,01-06-2023 19:20,slow
4201,4202,CUST03967,POSITIVE_INTERVAL,2.283333333333333,4,False,True,Closed,Jira,Cancellation request,Medium,Chat,01-06-2023 16:13,01-06-2023 18:30,fast
4211,4212,CUST00211,POSITIVE_INTERVAL,3.8333333333333335,1,False,True,Closed,Trello,Technical issue,Critical,Phone,01-06-2023 03:30,01-06-2023 07:20,fast
4212,4213,CUST07618,POSITIVE_INTERVAL,8.066666666666666,1,False,True,Closed,Confluence,Product inquiry,Low,Phone,01-06-2023 10:33,01-06-2023 18:37,slow
4230,4231,CUST01439,POSITIVE_INTERVAL,2.15,4,False,True,Closed,Trello,Product inquiry,Critical,Email,01-06-2023 13:34,01-06-2023 15:43,fast
4235,4236,CUST03989,POSITIVE_INTERVAL,5.383333333333334,1,False,True,Closed,Confluence,Cancellation request,High,Chat,01-06-2023 14:27,01-06-2023 19:50,fast
4242,4243,CUST00039,POSITIVE_INTERVAL,8.883333333333333,5,False,True,Closed,Loom,Billing inquiry,Medium,Chat,01-06-2023 11:31,01-06-2023 20:24,slow
4243,4244,CUST04628,POSITIVE_INTERVAL,18.766666666666666,4,False,True,Closed,Bitbucket,Cancellation request,Critical,Email,01-06-2023 00:30,01-06-2023 19:16,slow
4247,4248,CUST04284,POSITIVE_INTERVAL,4.716666666666667,2,False,True,Closed,Loom,Refund request,High,Social media,01-06-2023 15:05,01-06-2023 19:48,fast
4254,4255,CUST07289,POSITIVE_INTERVAL,13.033333333333333,5,False,True,Closed,Jira,Billing inquiry,High,Email,01-06-2023 01:30,01-06-2023 14:32,slow
4265,4266,CUST01969,POSITIVE_INTERVAL,0.5166666666666667,4,False,True,Closed,Jira,Cancellation request,Critical,Email,01-06-2023 18:04,01-06-2023 18:35,fast
4267,4268,CUST01357,POSITIVE_INTERVAL,10.316666666666666,4,False,True,Closed,Trello,Cancellation request,Critical,Email,01-06-2023 06:55,01-06-2023 17:14,slow
4268,4269,CUST06756,POSITIVE_INTERVAL,12.883333333333333,2,False,True,Closed,Confluence,Technical issue,Critical,Email,01-06-2023 03:50,01-06-2023 16:43,slow
4275,4276,CUST02128,POSITIVE_INTERVAL,3.566666666666667,2,False,True,Closed,Jira,Billing inquiry,Medium,Chat,01-06-2023 06:32,01-06-2023 10:06,fast
4285,4286,CUST08066,POSITIVE_INTERVAL,2.6166666666666667,3,False,True,Closed,Loom,Technical issue,Low,Phone,01-06-2023 05:38,01-06-2023 08:15,fast
4288,4289,CUST05875,POSITIVE_INTERVAL,7.35,4,False,True,Closed,Confluence,Technical issue,Critical,Chat,01-06-2023 08:52,01-06-2023 16:13,slow
4292,4293,CUST07155,POSITIVE_INTERVAL,0.13333333333333333,3,False,True,Closed,Loom,Billing inquiry,Low,Email,01-06-2023 22:33,01-06-2023 22:41,fast
4334,4335,CUST03309,POSITIVE_INTERVAL,9.383333333333333,5,False,True,Closed,Trello,Billing inquiry,Medium,Social media,01-06-2023 08:16,01-06-2023 17:39,slow
4336,4337,CUST01816,POSITIVE_INTERVAL,10.816666666666666,2,False,True,Closed,Bitbucket,Cancellation request,Critical,Email,01-06-2023 03:09,01-06-2023 13:58,slow
4337,4338,CUST01001,POSITIVE_INTERVAL,3.933333333333333,3,False,True,Closed,Confluence,Product inquiry,Critical,Chat,01-06-2023 05:14,01-06-2023 09:10,fast
4340,4341,CUST06149,POSITIVE_INTERVAL,3.15,4,False,True,Closed,Loom,Technical issue,High,Chat,01-06-2023 17:06,01-06-2023 20:15,fast
4343,4344,CUST00190,POSITIVE_INTERVAL,6.7,5,False,True,Closed,Confluence,Refund request,Low,Chat,01-06-2023 09:02,01-06-2023 15:44,slow
4352,4353,CUST04037,POSITIVE_INTERVAL,5.316666666666666,5,False,True,Closed,Loom,Cancellation request,High,Phone,01-06-2023 03:53,01-06-2023 09:12,fast
4355,4356,CUST05153,POSITIVE_INTERVAL,8.816666666666666,3,False,True,Closed,Loom,Billing inquiry,High,Chat,01-06-2023 07:34,01-06-2023 16:23,slow
4368,4369,CUST07313,POSITIVE_INTERVAL,4.05,4,False,True,Closed,Bitbucket,Product inquiry,High,Social media,01-06-2023 16:08,01-06-2023 20:11,fast
4375,4376,CUST03861,POSITIVE_INTERVAL,6.083333333333333,5,False,True,Closed,Loom,Billing inquiry,Critical,Social media,01-06-2023 09:20,01-06-2023 15:25,fast
4379,4380,CUST06664,POSITIVE_INTERVAL,21.583333333333332,4,False,True,Closed,Jira,Billing inquiry,Critical,Chat,01-06-2023 00:52,01-06-2023 22:27,slow
4383,4384,CUST00342,POSITIVE_INTERVAL,3.8666666666666667,2,False,True,Closed,Confluence,Billing inquiry,Critical,Email,01-06-2023 11:04,01-06-2023 14:56,fast
4384,4385,CUST04392,POSITIVE_INTERVAL,2.6333333333333333,5,False,True,Closed,Confluence,Billing inquiry,Critical,Phone,01-06-2023 17:57,01-06-2023 20:35,fast
4386,4387,CUST03458,POSITIVE_INTERVAL,0.11666666666666667,4,False,True,Closed,Loom,Billing inquiry,Medium,Email,01-06-2023 15:52,01-06-2023 15:59,fast
4389,4390,CUST02937,POSITIVE_INTERVAL,2.1166666666666667,4,False,True,Closed,Bitbucket,Cancellation request,Critical,Social media,01-06-2023 13:26,01-06-2023 15:33,fast
4391,4392,CUST02206,POSITIVE_INTERVAL,6.266666666666667,3,False,True,Closed,Confluence,Billing inquiry,Low,Chat,01-06-2023 11:45,01-06-2023 18:01,fast
4399,4400,CUST05030,POSITIVE_INTERVAL,6.466666666666667,5,False,True,Closed,Confluence,Refund request,Critical,Social media,01-06-2023 00:48,01-06-2023 07:16,slow
4400,4401,CUST06300,POSITIVE_INTERVAL,17.216666666666665,4,False,True,Closed,Trello,Refund request,Medium,Phone,01-06-2023 05:33,01-06-2023 22:46,slow
4401,4402,CUST02970,POSITIVE_INTERVAL,8.266666666666667,1,False,True,Closed,Bitbucket,Product inquiry,High,Chat,01-06-2023 14:51,01-06-2023 23:07,slow
4405,4406,CUST08105,POSITIVE_INTERVAL,2.15,2,False,True,Closed,Confluence,Product inquiry,High,Chat,31-05-2023 23:53,01-06-2023 02:02,fast
4411,4412,CUST05849,POSITIVE_INTERVAL,6.416666666666667,3,False,True,Closed,Bitbucket,Technical issue,High,Email,01-06-2023 08:11,01-06-2023 14:36,slow
4416,4417,CUST03561,POSITIVE_INTERVAL,3.566666666666667,3,False,True,Closed,Trello,Refund request,Medium,Phone,01-06-2023 14:38,01-06-2023 18:12,fast
4418,4419,CUST02092,POSITIVE_INTERVAL,7.583333333333333,5,False,True,Closed,Bitbucket,Refund request,Low,Email,01-06-2023 06:40,01-06-2023 14:15,slow
4424,4425,CUST05434,POSITIVE_INTERVAL,6.533333333333333,2,False,True,Closed,Jira,Cancellation request,Critical,Social media,01-06-2023 04:05,01-06-2023 10:37,slow
4426,4427,CUST03891,POSITIVE_INTERVAL,2.816666666666667,2,False,True,Closed,Loom,Billing inquiry,Critical,Chat,01-06-2023 03:35,01-06-2023 06:24,fast
4440,4441,CUST05964,POSITIVE_INTERVAL,8.3,4,False,True,Closed,Jira,Product inquiry,Critical,Chat,01-06-2023 02:31,01-06-2023 10:49,slow
4465,4466,CUST06539,POSITIVE_INTERVAL,4.6,4,False,True,Closed,Confluence,Billing inquiry,Low,Email,01-06-2023 10:47,01-06-2023 15:23,fast
4474,4475,CUST05274,POSITIVE_INTERVAL,1.65,1,False,True,Closed,Bitbucket,Technical issue,High,Email,01-06-2023 08:46,01-06-2023 10:25,fast
4478,4479,CUST01768,POSITIVE_INTERVAL,8.3,2,False,True,Closed,Trello,Product inquiry,Low,Chat,01-06-2023 02:42,01-06-2023 11:00,slow
4493,4494,CUST00328,POSITIVE_INTERVAL,1.0,1,False,True,Closed,Trello,Product inquiry,Critical,Phone,01-06-2023 09:22,01-06-2023 10:22,fast
4497,4498,CUST00638,POSITIVE_INTERVAL,1.7333333333333334,3,False,True,Closed,Loom,Technical issue,High,Email,01-06-2023 20:37,01-06-2023 22:21,fast
4504,4505,CUST06313,POSITIVE_INTERVAL,4.6,4,False,True,Closed,Trello,Billing inquiry,Low,Chat,01-06-2023 14:28,01-06-2023 19:04,fast
4505,4506,CUST02739,POSITIVE_INTERVAL,4.016666666666667,3,False,True,Closed,Trello,Product inquiry,Low,Phone,01-06-2023 07:05,01-06-2023 11:06,fast
4506,4507,CUST08265,POSITIVE_INTERVAL,9.083333333333334,1,False,True,Closed,Bitbucket,Refund request,High,Social media,01-06-2023 07:15,01-06-2023 16:20,slow
4507,4508,CUST06689,POSITIVE_INTERVAL,3.316666666666667,2,False,True,Closed,Bitbucket,Product inquiry,Critical,Chat,01-06-2023 09:49,01-06-2023 13:08,fast
4513,4514,CUST03592,POSITIVE_INTERVAL,14.133333333333333,2,False,True,Closed,Jira,Cancellation request,Low,Email,31-05-2023 23:54,01-06-2023 14:02,slow
4519,4520,CUST01149,POSITIVE_INTERVAL,0.2833333333333333,1,False,True,Closed,Jira,Cancellation request,High,Social media,01-06-2023 02:35,01-06-2023 02:52,fast
4525,4526,CUST04474,POSITIVE_INTERVAL,9.0,4,False,True,Closed,Trello,Cancellation request,Medium,Chat,01-06-2023 08:41,01-06-2023 17:41,slow
4526,4527,CUST01950,POSITIVE_INTERVAL,6.6,4,False,True,Closed,Loom,Refund request,Critical,Email,01-06-2023 04:20,01-06-2023 10:56,slow
4529,4530,CUST03064,POSITIVE_INTERVAL,3.5,5,False,True,Closed,Trello,Billing inquiry,Low,Email,01-06-2023 04:43,01-06-2023 08:13,fast
4530,4531,CUST02499,POSITIVE_INTERVAL,7.733333333333333,3,False,True,Closed,Confluence,Technical issue,Critical,Social media,01-06-2023 07:34,01-06-2023 15:18,slow
4531,4532,CUST00259,POSITIVE_INTERVAL,0.3333333333333333,4,False,True,Closed,Confluence,Refund request,Critical,Email,01-06-2023 19:53,01-06-2023 20:13,fast
4551,4552,CUST00117,POSITIVE_INTERVAL,3.05,1,False,True,Closed,Bitbucket,Billing inquiry,Low,Chat,01-06-2023 04:55,01-06-2023 07:58,fast
4559,4560,CUST08217,POSITIVE_INTERVAL,16.733333333333334,4,False,True,Closed,Jira,Product inquiry,High,Social media,01-06-2023 06:40,01-06-2023 23:24,slow
4562,4563,CUST06339,POSITIVE_INTERVAL,9.933333333333334,4,False,True,Closed,Bitbucket,Refund request,Low,Email,01-06-2023 07:25,01-06-2023 17:21,slow
4572,4573,CUST07555,POSITIVE_INTERVAL,5.133333333333334,5,False,True,Closed,Jira,Cancellation request,Low,Email,01-06-2023 02:56,01-06-2023 08:04,fast
4573,4574,CUST07257,POSITIVE_INTERVAL,3.8,1,False,True,Closed,Loom,Cancellation request,Low,Social media,01-06-2023 16:40,01-06-2023 20:28,fast
4574,4575,CUST05864,POSITIVE_INTERVAL,6.483333333333333,3,False,True,Closed,Confluence,Technical issue,High,Phone,01-06-2023 08:34,01-06-2023 15:03,slow
4577,4578,CUST04584,POSITIVE_INTERVAL,4.633333333333334,3,False,True,Closed,Trello,Billing inquiry,Critical,Phone,01-06-2023 14:01,01-06-2023 18:39,fast
4578,4579,CUST07937,POSITIVE_INTERVAL,1.3,3,False,True,Closed,Confluence,Product inquiry,Medium,Social media,01-06-2023 01:44,01-06-2023 03:02,fast
4583,4584,CUST07913,POSITIVE_INTERVAL,2.1166666666666667,5,False,True,Closed,Bitbucket,Billing inquiry,Medium,Chat,01-06-2023 19:25,01-06-2023 21:32,fast
4591,4592,CUST04327,POSITIVE_INTERVAL,5.516666666666667,4,False,True,Closed,Loom,Refund request,Critical,Social media,01-06-2023 04:53,01-06-2023 10:24,fast
4593,4594,CUST01091,POSITIVE_INTERVAL,8.75,5,False,True,Closed,Confluence,Cancellation request,High,Phone,01-06-2023 07:53,01-06-2023 16:38,slow
4594,4595,CUST07547,POSITIVE_INTERVAL,7.65,5,False,True,Closed,Trello,Technical issue,Low,Social media,01-06-2023 03:10,01-06-2023 10:49,slow
4596,4597,CUST00512,POSITIVE_INTERVAL,2.7,5,False,True,Closed,Confluence,Refund request,Critical,Email,01-06-2023 16:01,01-06-2023 18:43,fast
4612,4613,CUST05354,POSITIVE_INTERVAL,11.166666666666666,4,False,True,Closed,Jira,Refund request,Low,Social media,01-06-2023 01:19,01-06-2023 12:29,slow
4616,4617,CUST05867,POSITIVE_INTERVAL,8.433333333333334,3,False,True,Closed,Jira,Product inquiry,Low,Chat,01-06-2023 09:36,01-06-2023 18:02,slow
4620,4621,CUST02175,POSITIVE_INTERVAL,2.5166666666666666,5,False,True,Closed,Loom,Refund request,Low,Chat,01-06-2023 13:40,01-06-2023 16:11,fast
4643,4644,CUST02218,POSITIVE_INTERVAL,11.733333333333333,3,False,True,Closed,Confluence,Product inquiry,Low,Chat,01-06-2023 06:42,01-06-2023 18:26,slow
4653,4654,CUST01753,POSITIVE_INTERVAL,6.016666666666667,2,False,True,Closed,Loom,Billing inquiry,High,Email,01-06-2023 09:17,01-06-2023 15:18,fast
4656,4657,CUST01800,POSITIVE_INTERVAL,6.233333333333333,3,False,True,Closed,Trello,Product inquiry,Medium,Chat,01-06-2023 00:25,01-06-2023 06:39,fast
4664,4665,CUST07945,POSITIVE_INTERVAL,8.583333333333334,5,False,True,Closed,Bitbucket,Billing inquiry,Critical,Social media,01-06-2023 02:40,01-06-2023 11:15,slow
4665,4666,CUST01263,POSITIVE_INTERVAL,0.8166666666666667,1,False,True,Closed,Bitbucket,Refund request,Low,Chat,01-06-2023 05:32,01-06-2023 06:21,fast
4666,4667,CUST04626,POSITIVE_INTERVAL,22.383333333333333,5,False,True,Closed,Confluence,Billing inquiry,High,Chat,01-06-2023 01:08,01-06-2023 23:31,slow
4670,4671,CUST05822,POSITIVE_INTERVAL,3.2666666666666666,4,False,True,Closed,Jira,Billing inquiry,Critical,Phone,01-06-2023 12:40,01-06-2023 15:56,fast
4675,4676,CUST04322,POSITIVE_INTERVAL,8.35,2,False,True,Closed,Bitbucket,Product inquiry,Medium,Chat,01-06-2023 05:55,01-06-2023 14:16,slow
4689,4690,CUST03538,POSITIVE_INTERVAL,2.216666666666667,1,False,True,Closed,Loom,Billing inquiry,High,Phone,01-06-2023 01:21,01-06-2023 03:34,fast
4693,4694,CUST02547,POSITIVE_INTERVAL,4.8,3,False,True,Closed,Jira,Cancellation request,Critical,Chat,01-06-2023 10:44,01-06-2023 15:32,fast
4696,4697,CUST01081,POSITIVE_INTERVAL,8.516666666666667,3,False,True,Closed,Loom,Cancellation request,Low,Social media,01-06-2023 12:52,01-06-2023 21:23,slow
4701,4702,CUST04469,POSITIVE_INTERVAL,11.65,3,False,True,Closed,Jira,Billing inquiry,Critical,Social media,01-06-2023 11:30,01-06-2023 23:09,slow
4704,4705,CUST07934,POSITIVE_INTERVAL,6.733333333333333,1,False,True,Closed,Loom,Technical issue,High,Chat,01-06-2023 16:29,01-06-2023 23:13,slow
4706,4707,CUST03500,POSITIVE_INTERVAL,8.85,5,False,True,Closed,Bitbucket,Cancellation request,High,Chat,01-06-2023 02:18,01-06-2023 11:09,slow
4715,4716,CUST04035,POSITIVE_INTERVAL,3.1,5,False,True,Closed,Loom,Billing inquiry,High,Email,01-06-2023 01:25,01-06-2023 04:31,fast
4722,4723,CUST06554,POSITIVE_INTERVAL,12.883333333333333,2,False,True,Closed,Confluence,Technical issue,High,Email,01-06-2023 10:35,01-06-2023 23:28,slow
4730,4731,CUST01052,POSITIVE_INTERVAL,3.433333333333333,4,False,True,Closed,Confluence,Refund request,Low,Phone,01-06-2023 20:00,01-06-2023 23:26,fast
4734,4735,CUST00636,POSITIVE_INTERVAL,1.9166666666666667,5,False,True,Closed,Trello,Refund request,High,Email,01-06-2023 20:13,01-06-2023 22:08,fast
4736,4737,CUST04143,POSITIVE_INTERVAL,0.9166666666666666,3,False,True,Closed,Loom,Technical issue,Critical,Email,01-06-2023 20:56,01-06-2023 21:51,fast
4744,4745,CUST05853,POSITIVE_INTERVAL,4.983333333333333,2,False,True,Closed,Confluence,Product inquiry,High,Phone,01-06-2023 11:05,01-06-2023 16:04,fast
4749,4750,CUST01931,POSITIVE_INTERVAL,19.833333333333332,1,False,True,Closed,Bitbucket,Product inquiry,Critical,Phone,01-06-2023 01:13,01-06-2023 21:03,slow
4767,4768,CUST06209,POSITIVE_INTERVAL,16.266666666666666,3,False,True,Closed,Trello,Technical issue,Low,Phone,01-06-2023 02:24,01-06-2023 18:40,slow
4778,4779,CUST03347,POSITIVE_INTERVAL,9.566666666666666,5,False,True,Closed,Trello,Technical issue,High,Phone,01-06-2023 02:11,01-06-2023 11:45,slow
4779,4780,CUST07158,POSITIVE_INTERVAL,0.95,1,False,True,Closed,Loom,Technical issue,Critical,Chat,01-06-2023 04:32,01-06-2023 05:29,fast
4805,4806,CUST01538,POSITIVE_INTERVAL,11.466666666666667,4,False,True,Closed,Loom,Cancellation request,Medium,Email,01-06-2023 02:07,01-06-2023 13:35,slow
4817,4818,CUST00009,POSITIVE_INTERVAL,15.966666666666667,2,False,True,Closed,Confluence,Cancellation request,High,Email,01-06-2023 01:16,01-06-2023 17:14,slow
4818,4819,CUST07845,POSITIVE_INTERVAL,1.4333333333333333,5,False,True,Closed,Loom,Refund request,High,Social media,01-06-2023 09:58,01-06-2023 11:24,fast
4821,4822,CUST08298,POSITIVE_INTERVAL,11.35,1,False,True,Closed,Jira,Cancellation request,Low,Social media,01-06-2023 09:17,01-06-2023 20:38,slow
4833,4834,CUST03888,POSITIVE_INTERVAL,23.466666666666665,5,False,True,Closed,Confluence,Product inquiry,High,Email,31-05-2023 23:41,01-06-2023 23:09,slow
4835,4836,CUST05401,POSITIVE_INTERVAL,3.05,3,False,True,Closed,Jira,Cancellation request,Low,Email,01-06-2023 20:17,01-06-2023 23:20,fast
4842,4843,CUST00795,POSITIVE_INTERVAL,21.533333333333335,3,False,True,Closed,Loom,Cancellation request,Critical,Phone,01-06-2023 00:58,01-06-2023 22:30,slow
4843,4844,CUST07844,POSITIVE_INTERVAL,7.133333333333334,4,False,True,Closed,Jira,Product inquiry,Low,Phone,01-06-2023 03:48,01-06-2023 10:56,slow
4870,4871,CUST07673,POSITIVE_INTERVAL,15.416666666666666,2,False,True,Closed,Jira,Billing inquiry,Medium,Social media,01-06-2023 06:14,01-06-2023 21:39,slow
4884,4885,CUST01997,POSITIVE_INTERVAL,10.816666666666666,3,False,True,Closed,Confluence,Refund request,Medium,Email,01-06-2023 01:12,01-06-2023 12:01,slow
4885,4886,CUST07062,POSITIVE_INTERVAL,8.366666666666667,2,False,True,Closed,Loom,Technical issue,High,Social media,01-06-2023 06:00,01-06-2023 14:22,slow
4892,4893,CUST03902,POSITIVE_INTERVAL,5.766666666666667,4,False,True,Closed,Bitbucket,Refund request,Low,Chat,01-06-2023 00:06,01-06-2023 05:52,fast
4898,4899,CUST00668,POSITIVE_INTERVAL,4.65,3,False,True,Closed,Jira,Product inquiry,Low,Social media,01-06-2023 01:45,01-06-2023 06:24,fast
4902,4903,CUST05969,POSITIVE_INTERVAL,3.933333333333333,3,False,True,Closed,Confluence,Cancellation request,Medium,Social media,01-06-2023 09:44,01-06-2023 13:40,fast
4903,4904,CUST00189,POSITIVE_INTERVAL,14.05,5,False,True,Closed,Loom,Refund request,Critical,Email,01-06-2023 07:25,01-06-2023 21:28,slow
4920,4921,CUST03087,POSITIVE_INTERVAL,10.583333333333334,2,False,True,Closed,Loom,Product inquiry,Low,Social media,01-06-2023 07:51,01-06-2023 18:26,slow
4924,4925,CUST01084,POSITIVE_INTERVAL,0.7666666666666667,4,False,True,Closed,Confluence,Billing inquiry,Critical,Chat,01-06-2023 10:35,01-06-2023 11:21,fast
4930,4931,CUST01930,POSITIVE_INTERVAL,4.0,1,False,True,Closed,Loom,Refund request,Medium,Chat,01-06-2023 14:15,01-06-2023 18:15,fast
4931,4932,CUST07648,POSITIVE_INTERVAL,0.75,4,False,True,Closed,Trello,Product inquiry,Low,Social media,01-06-2023 08:52,01-06-2023 09:37,fast
4934,4935,CUST05789,POSITIVE_INTERVAL,3.6666666666666665,4,False,True,Closed,Trello,Technical issue,Critical,Chat,01-06-2023 12:52,01-06-2023 16:32,fast
4939,4940,CUST02399,POSITIVE_INTERVAL,15.05,4,False,True,Closed,Loom,Technical issue,Critical,Social media,01-06-2023 06:02,01-06-2023 21:05,slow
4946,4947,CUST02898,POSITIVE_INTERVAL,3.1666666666666665,1,False,True,Closed,Bitbucket,Refund request,Medium,Chat,01-06-2023 10:54,01-06-2023 14:04,fast
4954,4955,CUST03206,POSITIVE_INTERVAL,6.3,2,False,True,Closed,Trello,Product inquiry,Low,Social media,01-06-2023 08:40,01-06-2023 14:58,fast
4956,4957,CUST06653,POSITIVE_INTERVAL,22.183333333333334,3,False,True,Closed,Bitbucket,Billing inquiry,Medium,Email,01-06-2023 00:07,01-06-2023 22:18,slow
4957,4958,CUST07086,POSITIVE_INTERVAL,7.433333333333334,2,False,True,Closed,Confluence,Refund request,Critical,Email,01-06-2023 14:44,01-06-2023 22:10,slow
4967,4968,CUST03228,POSITIVE_INTERVAL,0.5,4,False,True,Closed,Bitbucket,Technical issue,Critical,Chat,01-06-2023 13:45,01-06-2023 14:15,fast
4976,4977,CUST02934,POSITIVE_INTERVAL,2.966666666666667,1,False,True,Closed,Bitbucket,Billing inquiry,High,Phone,01-06-2023 03:29,01-06-2023 06:27,fast
4986,4987,CUST00800,POSITIVE_INTERVAL,10.383333333333333,3,False,True,Closed,Bitbucket,Billing inquiry,Critical,Email,01-06-2023 12:08,01-06-2023 22:31,slow
4990,4991,CUST04682,POSITIVE_INTERVAL,0.05,2,False,True,Closed,Trello,Technical issue,Critical,Email,01-06-2023 22:05,01-06-2023 22:08,fast
4991,4992,CUST05032,POSITIVE_INTERVAL,6.75,3,False,True,Closed,Bitbucket,Cancellation request,Medium,Chat,01-06-2023 07:20,01-06-2023 14:05,slow
4997,4998,CUST01178,POSITIVE_INTERVAL,11.95,4,False,True,Closed,Jira,Billing inquiry,Medium,Chat,01-06-2023 03:09,01-06-2023 15:06,slow
5012,5013,CUST03290,POSITIVE_INTERVAL,3.716666666666667,5,False,True,Closed,Jira,Cancellation request,High,Chat,01-06-2023 00:27,01-06-2023 04:10,fast
5015,5016,CUST00974,POSITIVE_INTERVAL,8.616666666666667,4,False,True,Closed,Bitbucket,Refund request,High,Email,01-06-2023 12:52,01-06-2023 21:29,slow
5042,5043,CUST02752,POSITIVE_INTERVAL,16.0,1,False,True,Closed,Trello,Refund request,Critical,Phone,01-06-2023 01:50,01-06-2023 17:50,slow
5043,5044,CUST01560,POSITIVE_INTERVAL,19.783333333333335,2,False,True,Closed,Trello,Billing inquiry,Critical,Social media,01-06-2023 03:47,01-06-2023 23:34,slow
5047,5048,CUST05811,POSITIVE_INTERVAL,1.5,3,False,True,Closed,Loom,Cancellation request,Medium,Phone,01-06-2023 10:57,01-06-2023 12:27,fast
5077,5078,CUST07524,POSITIVE_INTERVAL,7.483333333333333,4,False,True,Closed,Confluence,Product inquiry,Medium,Phone,01-06-2023 12:55,01-06-2023 20:24,slow
5083,5084,CUST04724,POSITIVE_INTERVAL,3.5166666666666666,4,False,True,Closed,Bitbucket,Refund request,High,Chat,01-06-2023 12:37,01-06-2023 16:08,fast
5112,5113,CUST05155,POSITIVE_INTERVAL,3.1333333333333333,1,False,True,Closed,Loom,Refund request,Medium,Social media,01-06-2023 14:32,01-06-2023 17:40,fast
5114,5115,CUST00032,POSITIVE_INTERVAL,3.933333333333333,1,False,True,Closed,Bitbucket,Technical issue,High,Phone,01-06-2023 14:17,01-06-2023 18:13,fast
5119,5120,CUST01525,POSITIVE_INTERVAL,23.116666666666667,2,False,True,Closed,Bitbucket,Product inquiry,Medium,Social media,01-06-2023 00:01,01-06-2023 23:08,slow
5120,5121,CUST05147,POSITIVE_INTERVAL,2.0,3,False,True,Closed,Trello,Cancellation request,High,Email,01-06-2023 11:50,01-06-2023 13:50,fast
5123,5124,CUST01412,POSITIVE_INTERVAL,3.25,1,False,True,Closed,Confluence,Billing inquiry,Low,Chat,01-06-2023 08:24,01-06-2023 11:39,fast
5127,5128,CUST05378,POSITIVE_INTERVAL,14.383333333333333,3,False,True,Closed,Loom,Cancellation request,High,Chat,01-06-2023 02:04,01-06-2023 16:27,slow
5129,5130,CUST08062,POSITIVE_INTERVAL,10.633333333333333,5,False,True,Closed,Loom,Cancellation request,Low,Phone,01-06-2023 00:31,01-06-2023 11:09,slow
5134,5135,CUST02940,POSITIVE_INTERVAL,20.666666666666668,2,False,True,Closed,Confluence,Cancellation request,Medium,Email,01-06-2023 02:48,01-06-2023 23:28,slow
5139,5140,CUST00225,POSITIVE_INTERVAL,0.5166666666666667,5,False,True,Closed,Loom,Cancellation request,Low,Chat,01-06-2023 00:37,01-06-2023 01:08,fast
5148,5149,CUST02381,POSITIVE_INTERVAL,1.6166666666666667,2,False,True,Closed,Jira,Technical issue,Low,Social media,01-06-2023 14:08,01-06-2023 15:45,fast
5153,5154,CUST07338,POSITIVE_INTERVAL,0.05,1,False,True,Closed,Bitbucket,Technical issue,Critical,Email,01-06-2023 02:48,01-06-2023 02:51,fast
5154,5155,CUST03353,POSITIVE_INTERVAL,1.9833333333333334,4,False,True,Closed,Trello,Refund request,Critical,Phone,01-06-2023 16:24,01-06-2023 18:23,fast
5157,5158,CUST06672,POSITIVE_INTERVAL,12.65,3,False,True,Closed,Bitbucket,Product inquiry,Medium,Phone,01-06-2023 10:15,01-06-2023 22:54,slow
5158,5159,CUST03502,POSITIVE_INTERVAL,5.766666666666667,5,False,True,Closed,Confluence,Cancellation request,Critical,Social media,01-06-2023 00:40,01-06-2023 06:26,fast
5161,5162,CUST02888,POSITIVE_INTERVAL,7.583333333333333,2,False,True,Closed,Jira,Technical issue,Critical,Chat,01-06-2023 12:38,01-06-2023 20:13,slow
5164,5165,CUST00828,POSITIVE_INTERVAL,5.033333333333333,4,False,True,Closed,Loom,Cancellation request,Medium,Phone,01-06-2023 02:08,01-06-2023 07:10,fast
5170,5171,CUST00433,POSITIVE_INTERVAL,1.0833333333333333,4,False,True,Closed,Bitbucket,Billing inquiry,Low,Social media,01-06-2023 14:44,01-06-2023 15:49,fast
5171,5172,CUST01992,POSITIVE_INTERVAL,1.2166666666666666,3,False,True,Closed,Bitbucket,Billing inquiry,Low,Chat,01-06-2023 12:55,01-06-2023 14:08,fast
5174,5175,CUST01268,POSITIVE_INTERVAL,5.0,2,False,True,Closed,Trello,Refund request,Medium,Chat,01-06-2023 11:35,01-06-2023 16:35,fast
5180,5181,CUST07336,POSITIVE_INTERVAL,2.933333333333333,3,False,True,Closed,Bitbucket,Technical issue,Critical,Phone,01-06-2023 15:06,01-06-2023 18:02,fast
5187,5188,CUST07529,POSITIVE_INTERVAL,13.666666666666666,2,False,True,Closed,Loom,Cancellation request,Medium,Phone,01-06-2023 08:55,01-06-2023 22:35,slow
5190,5191,CUST01326,POSITIVE_INTERVAL,5.733333333333333,3,False,True,Closed,Bitbucket,Refund request,High,Email,01-06-2023 17:14,01-06-2023 22:58,fast
5203,5204,CUST00082,POSITIVE_INTERVAL,11.766666666666667,3,False,True,Closed,Bitbucket,Refund request,Medium,Email,01-06-2023 09:30,01-06-2023 21:16,slow
5211,5212,CUST07487,POSITIVE_INTERVAL,17.733333333333334,4,False,True,Closed,Trello,Product inquiry,Low,Chat,01-06-2023 05:00,01-06-2023 22:44,slow
5215,5216,CUST02792,POSITIVE_INTERVAL,17.7,4,False,True,Closed,Jira,Cancellation request,Low,Email,01-06-2023 00:30,01-06-2023 18:12,slow
5230,5231,CUST00427,POSITIVE_INTERVAL,12.4,5,False,True,Closed,Jira,Billing inquiry,Medium,Social media,01-06-2023 08:45,01-06-2023 21:09,slow
5231,5232,CUST03075,POSITIVE_INTERVAL,3.533333333333333,2,False,True,Closed,Loom,Billing inquiry,Medium,Email,01-06-2023 05:19,01-06-2023 08:51,fast
5241,5242,CUST06100,POSITIVE_INTERVAL,15.183333333333334,3,False,True,Closed,Loom,Cancellation request,Low,Chat,01-06-2023 04:40,01-06-2023 19:51,slow
5242,5243,CUST08038,POSITIVE_INTERVAL,8.333333333333334,5,False,True,Closed,Confluence,Technical issue,High,Email,01-06-2023 11:45,01-06-2023 20:05,slow
5245,5246,CUST01249,POSITIVE_INTERVAL,1.9,5,False,True,Closed,Trello,Cancellation request,High,Social media,01-06-2023 04:44,01-06-2023 06:38,fast
5248,5249,CUST04896,POSITIVE_INTERVAL,5.95,2,False,True,Closed,Confluence,Refund request,Critical,Email,01-06-2023 01:59,01-06-2023 07:56,fast
5264,5265,CUST06171,POSITIVE_INTERVAL,12.2,4,False,True,Closed,Loom,Technical issue,High,Phone,01-06-2023 01:48,01-06-2023 14:00,slow
5265,5266,CUST03334,POSITIVE_INTERVAL,3.25,3,False,True,Closed,Trello,Refund request,Low,Social media,01-06-2023 15:38,01-06-2023 18:53,fast
5269,5270,CUST02055,POSITIVE_INTERVAL,4.266666666666667,2,False,True,Closed,Bitbucket,Refund request,Low,Chat,01-06-2023 11:59,01-06-2023 16:15,fast
5290,5291,CUST07269,POSITIVE_INTERVAL,10.566666666666666,4,False,True,Closed,Loom,Cancellation request,Critical,Phone,01-06-2023 08:33,01-06-2023 19:07,slow
5293,5294,CUST04791,POSITIVE_INTERVAL,14.55,3,False,True,Closed,Confluence,Billing inquiry,Critical,Social media,01-06-2023 03:57,01-06-2023 18:30,slow
5308,5309,CUST03805,POSITIVE_INTERVAL,6.383333333333334,3,False,True,Closed,Trello,Product inquiry,Critical,Email,01-06-2023 01:34,01-06-2023 07:57,fast
5316,5317,CUST01984,POSITIVE_INTERVAL,16.433333333333334,2,False,True,Closed,Loom,Refund request,High,Social media,01-06-2023 04:12,01-06-2023 20:38,slow
5344,5345,CUST04684,POSITIVE_INTERVAL,1.4833333333333334,5,False,True,Closed,Confluence,Product inquiry,Medium,Social media,01-06-2023 00:57,01-06-2023 02:26,fast
5351,5352,CUST08128,POSITIVE_INTERVAL,0.6333333333333333,5,False,True,Closed,Loom,Cancellation request,Critical,Social media,01-06-2023 13:56,01-06-2023 14:34,fast
5371,5372,CUST07614,POSITIVE_INTERVAL,13.1,5,False,True,Closed,Bitbucket,Product inquiry,Critical,Chat,01-06-2023 03:00,01-06-2023 16:06,slow
5381,5382,CUST02876,POSITIVE_INTERVAL,7.333333333333333,4,False,True,Closed,Trello,Billing inquiry,Low,Phone,01-06-2023 04:30,01-06-2023 11:50,slow
5395,5396,CUST01467,POSITIVE_INTERVAL,7.75,3,False,True,Closed,Trello,Billing inquiry,Critical,Social media,01-06-2023 01:23,01-06-2023 09:08,slow
5410,5411,CUST03302,POSITIVE_INTERVAL,5.866666666666666,1,False,True,Closed,Bitbucket,Technical issue,Low,Phone,01-06-2023 08:47,01-06-2023 14:39,fast
5417,5418,CUST07536,POSITIVE_INTERVAL,12.333333333333334,2,False,True,Closed,Loom,Cancellation request,Medium,Phone,01-06-2023 06:17,01-06-2023 18:37,slow
5427,5428,CUST07986,POSITIVE_INTERVAL,1.1,2,False,True,Closed,Jira,Technical issue,Low,Phone,01-06-2023 17:40,01-06-2023 18:46,fast
5436,5437,CUST05724,POSITIVE_INTERVAL,3.066666666666667,2,False,True,Closed,Bitbucket,Technical issue,Low,Chat,01-06-2023 07:46,01-06-2023 10:50,fast
5437,5438,CUST02994,POSITIVE_INTERVAL,14.633333333333333,4,False,True,Closed,Confluence,Technical issue,Critical,Social media,31-05-2023 23:59,01-06-2023 14:37,slow
5441,5442,CUST05321,POSITIVE_INTERVAL,6.316666666666666,3,False,True,Closed,Loom,Cancellation request,Critical,Chat,01-06-2023 00:31,01-06-2023 06:50,fast
5444,5445,CUST05203,POSITIVE_INTERVAL,4.716666666666667,2,False,True,Closed,Loom,Technical issue,Medium,Social media,01-06-2023 12:10,01-06-2023 16:53,fast
5446,5447,CUST02182,POSITIVE_INTERVAL,1.8333333333333333,4,False,True,Closed,Jira,Billing inquiry,Medium,Phone,01-06-2023 11:10,01-06-2023 13:00,fast
5453,5454,CUST05024,POSITIVE_INTERVAL,3.0833333333333335,1,False,True,Closed,Trello,Refund request,Critical,Social media,01-06-2023 07:08,01-06-2023 10:13,fast
5456,5457,CUST07686,POSITIVE_INTERVAL,18.65,4,False,True,Closed,Jira,Product inquiry,High,Phone,01-06-2023 03:07,01-06-2023 21:46,slow
5467,5468,CUST05653,POSITIVE_INTERVAL,11.616666666666667,1,False,True,Closed,Jira,Product inquiry,Medium,Email,01-06-2023 05:50,01-06-2023 17:27,slow
5471,5472,CUST06335,POSITIVE_INTERVAL,4.616666666666666,5,False,True,Closed,Trello,Refund request,High,Email,01-06-2023 07:24,01-06-2023 12:01,fast
5473,5474,CUST06555,POSITIVE_INTERVAL,7.1,1,False,True,Closed,Bitbucket,Refund request,Medium,Social media,01-06-2023 04:43,01-06-2023 11:49,slow
5478,5479,CUST05716,POSITIVE_INTERVAL,3.3,5,False,True,Closed,Jira,Product inquiry,Medium,Social media,01-06-2023 14:07,01-06-2023 17:25,fast
5482,5483,CUST02822,POSITIVE_INTERVAL,19.733333333333334,1,False,True,Closed,Bitbucket,Product inquiry,Medium,Phone,01-06-2023 00:06,01-06-2023 19:50,slow
5492,5493,CUST00576,POSITIVE_INTERVAL,3.75,1,False,True,Closed,Trello,Cancellation request,Critical,Phone,01-06-2023 08:31,01-06-2023 12:16,fast
5504,5505,CUST02450,POSITIVE_INTERVAL,3.3,1,False,True,Closed,Jira,Technical issue,Medium,Email,01-06-2023 09:47,01-06-2023 13:05,fast
5523,5524,CUST01117,POSITIVE_INTERVAL,2.4,2,False,True,Closed,Jira,Refund request,High,Social media,01-06-2023 18:51,01-06-2023 21:15,fast
5524,5525,CUST02607,POSITIVE_INTERVAL,2.183333333333333,3,False,True,Closed,Trello,Cancellation request,Critical,Social media,01-06-2023 21:22,01-06-2023 23:33,fast
5538,5539,CUST08021,POSITIVE_INTERVAL,13.416666666666666,2,False,True,Closed,Confluence,Technical issue,Low,Phone,31-05-2023 23:53,01-06-2023 13:18,slow
5540,5541,CUST06079,POSITIVE_INTERVAL,7.383333333333334,5,False,True,Closed,Trello,Technical issue,High,Phone,01-06-2023 02:31,01-06-2023 09:54,slow
5543,5544,CUST00987,POSITIVE_INTERVAL,1.7666666666666666,4,False,True,Closed,Loom,Product inquiry,Medium,Phone,01-06-2023 02:18,01-06-2023 04:04,fast
5548,5549,CUST02142,POSITIVE_INTERVAL,1.2833333333333334,2,False,True,Closed,Trello,Refund request,High,Email,01-06-2023 17:14,01-06-2023 18:31,fast
5550,5551,CUST02091,POSITIVE_INTERVAL,5.133333333333334,3,False,True,Closed,Loom,Billing inquiry,High,Social media,01-06-2023 01:55,01-06-2023 07:03,fast
5553,5554,CUST07608,POSITIVE_INTERVAL,5.083333333333333,1,False,True,Closed,Confluence,Refund request,High,Phone,01-06-2023 17:39,01-06-2023 22:44,fast
5558,5559,CUST06260,POSITIVE_INTERVAL,3.033333333333333,1,False,True,Closed,Bitbucket,Technical issue,Low,Phone,01-06-2023 16:26,01-06-2023 19:28,fast
5569,5570,CUST05952,POSITIVE_INTERVAL,4.15,5,False,True,Closed,Jira,Product inquiry,High,Phone,01-06-2023 13:41,01-06-2023 17:50,fast
5578,5579,CUST08110,POSITIVE_INTERVAL,12.483333333333333,1,False,True,Closed,Bitbucket,Product inquiry,Critical,Email,01-06-2023 03:21,01-06-2023 15:50,slow
5589,5590,CUST06704,POSITIVE_INTERVAL,5.616666666666666,3,False,True,Closed,Jira,Product inquiry,Low,Chat,01-06-2023 10:09,01-06-2023 15:46,fast
5594,5595,CUST05472,POSITIVE_INTERVAL,8.3,2,False,True,Closed,Bitbucket,Refund request,Low,Chat,01-06-2023 08:36,01-06-2023 16:54,slow
5601,5602,CUST08129,POSITIVE_INTERVAL,12.3,4,False,True,Closed,Bitbucket,Technical issue,High,Social media,01-06-2023 09:35,01-06-2023 21:53,slow
5602,5603,CUST01190,POSITIVE_INTERVAL,6.533333333333333,4,False,True,Closed,Confluence,Product inquiry,High,Chat,01-06-2023 13:49,01-06-2023 20:21,slow
5612,5613,CUST07040,POSITIVE_INTERVAL,5.2,3,False,True,Closed,Trello,Billing inquiry,Critical,Phone,01-06-2023 06:37,01-06-2023 11:49,fast
5613,5614,CUST07331,POSITIVE_INTERVAL,6.316666666666666,4,False,True,Closed,Loom,Cancellation request,Critical,Chat,01-06-2023 08:54,01-06-2023 15:13,fast
5614,5615,CUST04531,POSITIVE_INTERVAL,15.433333333333334,2,False,True,Closed,Jira,Product inquiry,High,Social media,01-06-2023 02:34,01-06-2023 18:00,slow
5625,5626,CUST02838,POSITIVE_INTERVAL,3.65,4,False,True,Closed,Loom,Billing inquiry,High,Social media,01-06-2023 12:51,01-06-2023 16:30,fast
5626,5627,CUST05071,POSITIVE_INTERVAL,9.416666666666666,2,False,True,Closed,Trello,Cancellation request,Critical,Chat,01-06-2023 12:14,01-06-2023 21:39,slow
5628,5629,CUST07831,POSITIVE_INTERVAL,3.25,3,False,True,Closed,Jira,Refund request,High,Phone,01-06-2023 18:31,01-06-2023 21:46,fast
5630,5631,CUST04737,POSITIVE_INTERVAL,16.833333333333332,2,False,True,Closed,Loom,Product inquiry,Medium,Social media,01-06-2023 05:52,01-06-2023 22:42,slow
5637,5638,CUST05331,POSITIVE_INTERVAL,14.466666666666667,3,False,True,Closed,Confluence,Product inquiry,Low,Phone,01-06-2023 04:19,01-06-2023 18:47,slow
5641,5642,CUST07900,POSITIVE_INTERVAL,2.7333333333333334,3,False,True,Closed,Jira,Refund request,Medium,Email,01-06-2023 19:31,01-06-2023 22:15,fast
5643,5644,CUST08108,POSITIVE_INTERVAL,11.716666666666667,2,False,True,Closed,Confluence,Refund request,Low,Email,01-06-2023 01:55,01-06-2023 13:38,slow
5646,5647,CUST03009,POSITIVE_INTERVAL,3.85,3,False,True,Closed,Jira,Product inquiry,High,Chat,01-06-2023 01:02,01-06-2023 04:53,fast
5648,5649,CUST03420,POSITIVE_INTERVAL,0.08333333333333333,5,False,True,Closed,Trello,Product inquiry,Medium,Chat,01-06-2023 06:47,01-06-2023 06:52,fast
5663,5664,CUST00106,POSITIVE_INTERVAL,11.516666666666667,5,False,True,Closed,Confluence,Refund request,Medium,Email,01-06-2023 11:24,01-06-2023 22:55,slow
5665,5666,CUST02302,POSITIVE_INTERVAL,17.0,5,False,True,Closed,Loom,Technical issue,High,Chat,01-06-2023 03:30,01-06-2023 20:30,slow
5666,5667,CUST02036,POSITIVE_INTERVAL,1.4166666666666667,4,False,True,Closed,Trello,Product inquiry,Critical,Phone,01-06-2023 14:42,01-06-2023 16:07,fast
5669,5670,CUST02556,POSITIVE_INTERVAL,16.083333333333332,4,False,True,Closed,Jira,Technical issue,Low,Phone,01-06-2023 03:06,01-06-2023 19:11,slow
5684,5685,CUST05541,POSITIVE_INTERVAL,11.366666666666667,2,False,True,Closed,Confluence,Product inquiry,Medium,Chat,01-06-2023 11:04,01-06-2023 22:26,slow
5687,5688,CUST01105,POSITIVE_INTERVAL,10.966666666666667,2,False,True,Closed,Confluence,Technical issue,High,Chat,01-06-2023 03:12,01-06-2023 14:10,slow
5694,5695,CUST07677,POSITIVE_INTERVAL,2.75,4,False,True,Closed,Jira,Technical issue,Critical,Chat,01-06-2023 08:55,01-06-2023 11:40,fast
5706,5707,CUST00493,POSITIVE_INTERVAL,3.8,4,False,True,Closed,Loom,Cancellation request,Low,Social media,01-06-2023 00:38,01-06-2023 04:26,fast
5714,5715,CUST02095,POSITIVE_INTERVAL,5.366666666666666,4,False,True,Closed,Trello,Billing inquiry,Critical,Chat,01-06-2023 05:03,01-06-2023 10:25,fast
5716,5717,CUST03354,POSITIVE_INTERVAL,1.8333333333333333,3,False,True,Closed,Bitbucket,Refund request,Medium,Phone,01-06-2023 08:18,01-06-2023 10:08,fast
5717,5718,CUST02204,POSITIVE_INTERVAL,9.033333333333333,1,False,True,Closed,Jira,Refund request,Critical,Chat,01-06-2023 12:13,01-06-2023 21:15,slow
5731,5732,CUST02749,POSITIVE_INTERVAL,1.5333333333333334,4,False,True,Closed,Bitbucket,Billing inquiry,Low,Email,01-06-2023 07:04,01-06-2023 08:36,fast
5732,5733,CUST01250,POSITIVE_INTERVAL,2.0166666666666666,2,False,True,Closed,Bitbucket,Billing inquiry,Critical,Chat,01-06-2023 04:45,01-06-2023 06:46,fast
5733,5734,CUST05798,POSITIVE_INTERVAL,3.3,3,False,True,Closed,Jira,Technical issue,High,Chat,01-06-2023 02:48,01-06-2023 06:06,fast
5740,5741,CUST03410,POSITIVE_INTERVAL,1.2333333333333334,3,False,True,Closed,Trello,Product inquiry,Medium,Social media,01-06-2023 08:20,01-06-2023 09:34,fast
5741,5742,CUST08237,POSITIVE_INTERVAL,18.7,1,False,True,Closed,Trello,Cancellation request,Low,Email,01-06-2023 02:03,01-06-2023 20:45,slow
5744,5745,CUST00212,POSITIVE_INTERVAL,2.95,3,False,True,Closed,Jira,Technical issue,Critical,Chat,01-06-2023 08:39,01-06-2023 11:36,fast
5745,5746,CUST01430,POSITIVE_INTERVAL,5.983333333333333,3,False,True,Closed,Confluence,Technical issue,Critical,Email,01-06-2023 13:57,01-06-2023 19:56,fast
5761,5762,CUST04536,POSITIVE_INTERVAL,10.633333333333333,5,False,True,Closed,Confluence,Billing inquiry,Critical,Phone,01-06-2023 10:46,01-06-2023 21:24,slow
5782,5783,CUST01139,POSITIVE_INTERVAL,6.933333333333334,4,False,True,Closed,Trello,Cancellation request,Low,Social media,01-06-2023 12:21,01-06-2023 19:17,slow
5786,5787,CUST00144,POSITIVE_INTERVAL,1.3,3,False,True,Closed,Confluence,Billing inquiry,Critical,Phone,01-06-2023 02:42,01-06-2023 04:00,fast
5790,5791,CUST00662,POSITIVE_INTERVAL,7.55,1,False,True,Closed,Confluence,Refund request,Critical,Phone,01-06-2023 01:19,01-06-2023 08:52,slow
5792,5793,CUST03526,POSITIVE_INTERVAL,4.8,1,False,True,Closed,Loom,Refund request,Low,Email,01-06-2023 07:16,01-06-2023 12:04,fast
5793,5794,CUST03812,POSITIVE_INTERVAL,0.36666666666666664,4,False,True,Closed,Jira,Product inquiry,Critical,Social media,01-06-2023 11:59,01-06-2023 12:21,fast
5810,5811,CUST01005,POSITIVE_INTERVAL,5.033333333333333,5,False,True,Closed,Loom,Cancellation request,Medium,Social media,01-06-2023 05:10,01-06-2023 10:12,fast
5815,5816,CUST03170,POSITIVE_INTERVAL,10.566666666666666,5,False,True,Closed,Loom,Billing inquiry,Low,Social media,01-06-2023 09:42,01-06-2023 20:16,slow
5823,5824,CUST07991,POSITIVE_INTERVAL,0.8166666666666667,2,False,True,Closed,Confluence,Billing inquiry,Medium,Phone,01-06-2023 09:29,01-06-2023 10:18,fast
5826,5827,CUST07771,POSITIVE_INTERVAL,8.166666666666666,1,False,True,Closed,Loom,Refund request,Critical,Email,01-06-2023 00:43,01-06-2023 08:53,slow
5829,5830,CUST03370,POSITIVE_INTERVAL,18.15,2,False,True,Closed,Bitbucket,Billing inquiry,Medium,Social media,01-06-2023 03:48,01-06-2023 21:57,slow
5832,5833,CUST06082,POSITIVE_INTERVAL,1.35,4,False,True,Closed,Jira,Billing inquiry,Low,Phone,01-06-2023 14:14,01-06-2023 15:35,fast
5834,5835,CUST06347,POSITIVE_INTERVAL,8.966666666666667,5,False,True,Closed,Loom,Product inquiry,Low,Phone,01-06-2023 12:29,01-06-2023 21:27,slow
5840,5841,CUST06370,POSITIVE_INTERVAL,11.033333333333333,5,False,True,Closed,Bitbucket,Billing inquiry,Low,Chat,01-06-2023 08:15,01-06-2023 19:17,slow
5848,5849,CUST06611,POSITIVE_INTERVAL,5.866666666666666,4,False,True,Closed,Bitbucket,Cancellation request,Medium,Email,01-06-2023 14:22,01-06-2023 20:14,fast
5854,5855,CUST03674,POSITIVE_INTERVAL,15.066666666666666,5,False,True,Closed,Trello,Product inquiry,Medium,Phone,01-06-2023 06:39,01-06-2023 21:43,slow
5855,5856,CUST01455,POSITIVE_INTERVAL,19.366666666666667,3,False,True,Closed,Loom,Refund request,Critical,Social media,01-06-2023 03:14,01-06-2023 22:36,slow
5866,5867,CUST02541,POSITIVE_INTERVAL,4.866666666666666,4,False,True,Closed,Jira,Refund request,Critical,Phone,01-06-2023 13:22,01-06-2023 18:14,fast
5867,5868,CUST06369,POSITIVE_INTERVAL,1.85,1,False,True,Closed,Trello,Refund request,Critical,Email,01-06-2023 21:19,01-06-2023 23:10,fast
5870,5871,CUST02511,POSITIVE_INTERVAL,7.116666666666666,1,False,True,Closed,Trello,Product inquiry,High,Social media,01-06-2023 13:58,01-06-2023 21:05,slow
5876,5877,CUST01205,POSITIVE_INTERVAL,18.783333333333335,3,False,True,Closed,Jira,Technical issue,Medium,Social media,01-06-2023 00:14,01-06-2023 19:01,slow
5885,5886,CUST08125,POSITIVE_INTERVAL,5.2,1,False,True,Closed,Bitbucket,Product inquiry,Medium,Phone,01-06-2023 11:15,01-06-2023 16:27,fast
5890,5891,CUST06450,POSITIVE_INTERVAL,10.85,1,False,True,Closed,Confluence,Refund request,High,Email,01-06-2023 12:28,01-06-2023 23:19,slow
5893,5894,CUST02129,POSITIVE_INTERVAL,16.816666666666666,4,False,True,Closed,Jira,Product inquiry,Low,Social media,01-06-2023 04:14,01-06-2023 21:03,slow
5900,5901,CUST01394,POSITIVE_INTERVAL,14.9,1,False,True,Closed,Trello,Product inquiry,High,Chat,01-06-2023 04:16,01-06-2023 19:10,slow
5905,5906,CUST08257,POSITIVE_INTERVAL,9.1,4,False,True,Closed,Jira,Billing inquiry,Medium,Social media,01-06-2023 01:48,01-06-2023 10:54,slow
5910,5911,CUST01418,POSITIVE_INTERVAL,3.0,2,False,True,Closed,Jira,Product inquiry,Critical,Chat,01-06-2023 11:09,01-06-2023 14:09,fast
5912,5913,CUST03878,POSITIVE_INTERVAL,8.266666666666667,4,False,True,Closed,Loom,Billing inquiry,Low,Email,01-06-2023 08:30,01-06-2023 16:46,slow
5918,5919,CUST06228,POSITIVE_INTERVAL,2.7,1,False,True,Closed,Confluence,Technical issue,High,Email,01-06-2023 13:22,01-06-2023 16:04,fast
5919,5920,CUST06084,POSITIVE_INTERVAL,13.616666666666667,2,False,True,Closed,Jira,Billing inquiry,Critical,Email,01-06-2023 02:33,01-06-2023 16:10,slow
5920,5921,CUST07656,POSITIVE_INTERVAL,14.133333333333333,3,False,True,Closed,Bitbucket,Technical issue,Critical,Social media,01-06-2023 06:24,01-06-2023 20:32,slow
5931,5932,CUST07002,POSITIVE_INTERVAL,2.55,4,False,True,Closed,Jira,Billing inquiry,Low,Chat,01-06-2023 20:09,01-06-2023 22:42,fast
5950,5951,CUST05182,POSITIVE_INTERVAL,2.8833333333333333,3,False,True,Closed,Bitbucket,Cancellation request,Medium,Email,01-06-2023 00:48,01-06-2023 03:41,fast
5952,5953,CUST07615,POSITIVE_INTERVAL,2.783333333333333,4,False,True,Closed,Jira,Refund request,High,Chat,01-06-2023 19:53,01-06-2023 22:40,fast
5957,5958,CUST00043,POSITIVE_INTERVAL,3.283333333333333,3,False,True,Closed,Jira,Technical issue,High,Social media,01-06-2023 14:51,01-06-2023 18:08,fast
5966,5967,CUST00227,POSITIVE_INTERVAL,1.5,1,False,True,Closed,Confluence,Cancellation request,High,Chat,01-06-2023 00:43,01-06-2023 02:13,fast
5969,5970,CUST00728,POSITIVE_INTERVAL,3.4833333333333334,5,False,True,Closed,Loom,Technical issue,Medium,Social media,01-06-2023 09:38,01-06-2023 13:07,fast
5981,5982,CUST08229,POSITIVE_INTERVAL,10.066666666666666,4,False,True,Closed,Bitbucket,Product inquiry,Low,Social media,01-06-2023 06:20,01-06-2023 16:24,slow
5983,5984,CUST07816,POSITIVE_INTERVAL,3.75,1,False,True,Closed,Jira,Billing inquiry,Low,Chat,01-06-2023 07:10,01-06-2023 10:55,fast
5984,5985,CUST07022,POSITIVE_INTERVAL,0.06666666666666667,5,False,True,Closed,Trello,Technical issue,Low,Email,01-06-2023 09:14,01-06-2023 09:18,fast
5991,5992,CUST06389,POSITIVE_INTERVAL,2.4833333333333334,4,False,True,Closed,Confluence,Refund request,Low,Phone,01-06-2023 09:01,01-06-2023 11:30,fast
5997,5998,CUST07794,POSITIVE_INTERVAL,6.5,2,False,True,Closed,Bitbucket,Product inquiry,High,Phone,01-06-2023 04:46,01-06-2023 11:16,slow
6011,6012,CUST02160,POSITIVE_INTERVAL,11.733333333333333,4,False,True,Closed,Trello,Refund request,Medium,Phone,01-06-2023 01:54,01-06-2023 13:38,slow
6018,6019,CUST07297,POSITIVE_INTERVAL,7.95,2,False,True,Closed,Confluence,Billing inquiry,Critical,Phone,01-06-2023 00:49,01-06-2023 08:46,slow
6021,6022,CUST01891,POSITIVE_INTERVAL,18.05,2,False,True,Closed,Trello,Billing inquiry,Medium,Email,01-06-2023 03:07,01-06-2023 21:10,slow
6022,6023,CUST05950,POSITIVE_INTERVAL,8.383333333333333,1,False,True,Closed,Loom,Billing inquiry,Medium,Phone,01-06-2023 14:09,01-06-2023 22:32,slow
6024,6025,CUST02191,POSITIVE_INTERVAL,17.05,2,False,True,Closed,Jira,Cancellation request,Medium,Email,01-06-2023 05:20,01-06-2023 22:23,slow
6028,6029,CUST07280,POSITIVE_INTERVAL,6.766666666666667,4,False,True,Closed,Jira,Cancellation request,Medium,Phone,01-06-2023 02:50,01-06-2023 09:36,slow
6046,6047,CUST04394,POSITIVE_INTERVAL,4.15,2,False,True,Closed,Confluence,Billing inquiry,Low,Phone,01-06-2023 14:01,01-06-2023 18:10,fast
6048,6049,CUST01176,POSITIVE_INTERVAL,13.533333333333333,5,False,True,Closed,Trello,Technical issue,Critical,Chat,01-06-2023 04:55,01-06-2023 18:27,slow
6052,6053,CUST06531,POSITIVE_INTERVAL,1.8666666666666667,4,False,True,Closed,Loom,Product inquiry,Critical,Social media,01-06-2023 14:58,01-06-2023 16:50,fast
6053,6054,CUST08048,POSITIVE_INTERVAL,10.233333333333333,1,False,True,Closed,Confluence,Product inquiry,Low,Email,01-06-2023 10:53,01-06-2023 21:07,slow
6058,6059,CUST01819,POSITIVE_INTERVAL,5.35,3,False,True,Closed,Jira,Refund request,Low,Social media,01-06-2023 00:51,01-06-2023 06:12,fast
6072,6073,CUST04750,POSITIVE_INTERVAL,0.38333333333333336,3,False,True,Closed,Confluence,Billing inquiry,Critical,Email,01-06-2023 05:04,01-06-2023 05:27,fast
6078,6079,CUST04409,POSITIVE_INTERVAL,3.7333333333333334,1,False,True,Closed,Jira,Product inquiry,High,Email,01-06-2023 04:52,01-06-2023 08:36,fast
6079,6080,CUST03813,POSITIVE_INTERVAL,6.316666666666666,1,False,True,Closed,Jira,Technical issue,High,Social media,01-06-2023 00:12,01-06-2023 06:31,fast
6085,6086,CUST01039,POSITIVE_INTERVAL,6.466666666666667,4,False,True,Closed,Jira,Cancellation request,Medium,Social media,01-06-2023 00:48,01-06-2023 07:16,slow
6098,6099,CUST04508,POSITIVE_INTERVAL,9.066666666666666,2,False,True,Closed,Bitbucket,Technical issue,Critical,Chat,01-06-2023 08:10,01-06-2023 17:14,slow
6099,6100,CUST07019,POSITIVE_INTERVAL,0.4166666666666667,1,False,True,Closed,Bitbucket,Billing inquiry,High,Social media,01-06-2023 16:49,01-06-2023 17:14,fast
6102,6103,CUST00076,POSITIVE_INTERVAL,5.816666666666666,4,False,True,Closed,Bitbucket,Product inquiry,Critical,Social media,01-06-2023 18:03,01-06-2023 23:52,fast
6107,6108,CUST07294,POSITIVE_INTERVAL,0.7333333333333333,2,False,True,Closed,Bitbucket,Billing inquiry,High,Social media,01-06-2023 01:31,01-06-2023 02:15,fast
6112,6113,CUST00224,POSITIVE_INTERVAL,6.383333333333334,5,False,True,Closed,Trello,Technical issue,Medium,Social media,01-06-2023 04:44,01-06-2023 11:07,fast
6116,6117,CUST05433,POSITIVE_INTERVAL,18.666666666666668,2,False,True,Closed,Jira,Refund request,High,Phone,01-06-2023 05:10,01-06-2023 23:50,slow
6122,6123,CUST05201,POSITIVE_INTERVAL,9.383333333333333,3,False,True,Closed,Confluence,Technical issue,High,Chat,01-06-2023 02:01,01-06-2023 11:24,slow
6135,6136,CUST06384,POSITIVE_INTERVAL,5.383333333333334,3,False,True,Closed,Jira,Billing inquiry,Low,Social media,01-06-2023 01:52,01-06-2023 07:15,fast
6141,6142,CUST01572,POSITIVE_INTERVAL,3.3666666666666667,1,False,True,Closed,Trello,Technical issue,High,Email,01-06-2023 04:43,01-06-2023 08:05,fast
6143,6144,CUST05817,POSITIVE_INTERVAL,22.366666666666667,3,False,True,Closed,Jira,Cancellation request,Low,Phone,01-06-2023 01:11,01-06-2023 23:33,slow
6149,6150,CUST03117,POSITIVE_INTERVAL,18.683333333333334,4,False,True,Closed,Confluence,Technical issue,Low,Social media,01-06-2023 00:13,01-06-2023 18:54,slow
6151,6152,CUST00008,POSITIVE_INTERVAL,19.133333333333333,4,False,True,Closed,Confluence,Refund request,Medium,Email,01-06-2023 04:55,02-06-2023 00:03,slow
6154,6155,CUST01374,POSITIVE_INTERVAL,12.65,4,False,True,Closed,Confluence,Technical issue,High,Phone,01-06-2023 01:41,01-06-2023 14:20,slow
6155,6156,CUST03110,POSITIVE_INTERVAL,3.6166666666666667,4,False,True,Closed,Loom,Billing inquiry,Low,Chat,01-06-2023 00:49,01-06-2023 04:26,fast
6158,6159,CUST07711,POSITIVE_INTERVAL,8.9,4,False,True,Closed,Trello,Product inquiry,High,Email,01-06-2023 04:31,01-06-2023 13:25,slow
6159,6160,CUST02327,POSITIVE_INTERVAL,12.8,4,False,True,Closed,Bitbucket,Technical issue,Critical,Chat,01-06-2023 00:29,01-06-2023 13:17,slow
6166,6167,CUST04350,POSITIVE_INTERVAL,16.1,5,False,True,Closed,Confluence,Technical issue,High,Chat,01-06-2023 00:50,01-06-2023 16:56,slow
6168,6169,CUST04747,POSITIVE_INTERVAL,15.6,2,False,True,Closed,Loom,Refund request,High,Email,01-06-2023 03:58,01-06-2023 19:34,slow
6174,6175,CUST06453,POSITIVE_INTERVAL,17.4,4,False,True,Closed,Loom,Refund request,Medium,Email,01-06-2023 06:34,01-06-2023 23:58,slow
6175,6176,CUST04034,POSITIVE_INTERVAL,0.36666666666666664,5,False,True,Closed,Jira,Technical issue,Critical,Social media,01-06-2023 10:37,01-06-2023 10:59,fast
6177,6178,CUST03104,POSITIVE_INTERVAL,3.9833333333333334,4,False,True,Closed,Bitbucket,Billing inquiry,Medium,Chat,01-06-2023 19:29,01-06-2023 23:28,fast
6185,6186,CUST05300,POSITIVE_INTERVAL,7.45,1,False,True,Closed,Confluence,Cancellation request,High,Email,01-06-2023 11:15,01-06-2023 18:42,slow
6194,6195,CUST02983,POSITIVE_INTERVAL,22.016666666666666,3,False,True,Closed,Bitbucket,Technical issue,Low,Social media,01-06-2023 01:32,01-06-2023 23:33,slow
6197,6198,CUST07388,POSITIVE_INTERVAL,10.583333333333334,5,False,True,Closed,Trello,Cancellation request,Critical,Phone,01-06-2023 04:08,01-06-2023 14:43,slow
6199,6200,CUST08224,POSITIVE_INTERVAL,5.05,2,False,True,Closed,Loom,Refund request,High,Email,01-06-2023 00:47,01-06-2023 05:50,fast
6201,6202,CUST04944,POSITIVE_INTERVAL,8.25,2,False,True,Closed,Trello,Technical issue,High,Phone,01-06-2023 15:46,02-06-2023 00:01,slow
6205,6206,CUST03446,POSITIVE_INTERVAL,5.616666666666666,2,False,True,Closed,Jira,Technical issue,High,Email,01-06-2023 02:23,01-06-2023 08:00,fast
6217,6218,CUST04087,POSITIVE_INTERVAL,12.05,1,False,True,Closed,Trello,Cancellation request,Critical,Email,01-06-2023 00:15,01-06-2023 12:18,slow
6234,6235,CUST06830,POSITIVE_INTERVAL,4.8,2,False,True,Closed,Loom,Product inquiry,Critical,Social media,01-06-2023 11:56,01-06-2023 16:44,fast
6242,6243,CUST08176,POSITIVE_INTERVAL,7.683333333333334,4,False,True,Closed,Bitbucket,Technical issue,Critical,Social media,01-06-2023 04:41,01-06-2023 12:22,slow
6243,6244,CUST00669,POSITIVE_INTERVAL,17.7,5,False,True,Closed,Confluence,Refund request,Medium,Social media,01-06-2023 01:44,01-06-2023 19:26,slow
6248,6249,CUST04983,POSITIVE_INTERVAL,10.45,4,False,True,Closed,Trello,Cancellation request,Low,Chat,01-06-2023 12:44,01-06-2023 23:11,slow
6249,6250,CUST04036,POSITIVE_INTERVAL,7.0,4,False,True,Closed,Confluence,Refund request,Critical,Email,01-06-2023 13:20,01-06-2023 20:20,slow
6251,6252,CUST00905,POSITIVE_INTERVAL,5.266666666666667,3,False,True,Closed,Confluence,Billing inquiry,Critical,Social media,01-06-2023 04:33,01-06-2023 09:49,fast
6253,6254,CUST03857,POSITIVE_INTERVAL,16.933333333333334,5,False,True,Closed,Trello,Cancellation request,Low,Email,01-06-2023 05:58,01-06-2023 22:54,slow
6254,6255,CUST00304,POSITIVE_INTERVAL,7.833333333333333,3,False,True,Closed,Loom,Technical issue,High,Phone,01-06-2023 02:47,01-06-2023 10:37,slow
6256,6257,CUST01748,POSITIVE_INTERVAL,3.216666666666667,4,False,True,Closed,Loom,Cancellation request,Low,Email,01-06-2023 18:07,01-06-2023 21:20,fast
6265,6266,CUST01060,POSITIVE_INTERVAL,8.166666666666666,1,False,True,Closed,Trello,Refund request,High,Email,01-06-2023 08:58,01-06-2023 17:08,slow
6275,6276,CUST05049,POSITIVE_INTERVAL,12.866666666666667,4,False,True,Closed,Loom,Billing inquiry,High,Social media,01-06-2023 06:29,01-06-2023 19:21,slow
6276,6277,CUST05612,POSITIVE_INTERVAL,8.95,1,False,True,Closed,Jira,Product inquiry,Critical,Social media,01-06-2023 10:23,01-06-2023 19:20,slow
6278,6279,CUST04386,POSITIVE_INTERVAL,18.516666666666666,2,False,True,Closed,Trello,Billing inquiry,Critical,Social media,01-06-2023 04:59,01-06-2023 23:30,slow
6287,6288,CUST03127,POSITIVE_INTERVAL,12.333333333333334,1,False,True,Closed,Trello,Product inquiry,Low,Social media,01-06-2023 05:39,01-06-2023 17:59,slow
6293,6294,CUST00125,POSITIVE_INTERVAL,13.916666666666666,5,False,True,Closed,Jira,Refund request,High,Chat,01-06-2023 09:38,01-06-2023 23:33,slow
6294,6295,CUST02611,POSITIVE_INTERVAL,9.816666666666666,1,False,True,Closed,Jira,Product inquiry,Medium,Social media,01-06-2023 06:24,01-06-2023 16:13,slow
6310,6311,CUST03852,POSITIVE_INTERVAL,0.2,3,False,True,Closed,Loom,Billing inquiry,Medium,Social media,01-06-2023 14:39,01-06-2023 14:51,fast
6312,6313,CUST07634,POSITIVE_INTERVAL,11.283333333333333,3,False,True,Closed,Confluence,Refund request,Critical,Chat,01-06-2023 11:53,01-06-2023 23:10,slow
6324,6325,CUST08093,POSITIVE_INTERVAL,14.783333333333333,5,False,True,Closed,Trello,Cancellation request,Critical,Social media,01-06-2023 08:11,01-06-2023 22:58,slow
6329,6330,CUST04856,POSITIVE_INTERVAL,11.95,1,False,True,Closed,Jira,Refund request,Low,Chat,01-06-2023 08:28,01-06-2023 20:25,slow
6330,6331,CUST03672,POSITIVE_INTERVAL,12.483333333333333,3,False,True,Closed,Confluence,Refund request,Critical,Email,01-06-2023 00:24,01-06-2023 12:53,slow
6334,6335,CUST03447,POSITIVE_INTERVAL,9.766666666666667,3,False,True,Closed,Confluence,Product inquiry,Medium,Social media,01-06-2023 01:07,01-06-2023 10:53,slow
6337,6338,CUST02832,POSITIVE_INTERVAL,17.95,1,False,True,Closed,Jira,Cancellation request,Critical,Social media,01-06-2023 05:38,01-06-2023 23:35,slow
6338,6339,CUST03544,POSITIVE_INTERVAL,5.433333333333334,1,False,True,Closed,Jira,Refund request,Critical,Email,01-06-2023 09:38,01-06-2023 15:04,fast
6342,6343,CUST08212,POSITIVE_INTERVAL,5.683333333333334,1,False,True,Closed,Bitbucket,Refund request,Medium,Email,01-06-2023 11:17,01-06-2023 16:58,fast
6343,6344,CUST03412,POSITIVE_INTERVAL,10.766666666666667,2,False,True,Closed,Jira,Refund request,Medium,Email,01-06-2023 01:46,01-06-2023 12:32,slow
6345,6346,CUST01875,POSITIVE_INTERVAL,3.15,3,False,True,Closed,Confluence,Technical issue,Medium,Phone,01-06-2023 10:17,01-06-2023 13:26,fast
6350,6351,CUST02397,POSITIVE_INTERVAL,3.933333333333333,5,False,True,Closed,Loom,Technical issue,High,Chat,01-06-2023 15:15,01-06-2023 19:11,fast
6352,6353,CUST03020,POSITIVE_INTERVAL,15.216666666666667,1,False,True,Closed,Confluence,Refund request,Critical,Chat,01-06-2023 03:45,01-06-2023 18:58,slow
6363,6364,CUST06757,POSITIVE_INTERVAL,4.333333333333333,3,False,True,Closed,Jira,Technical issue,Medium,Chat,01-06-2023 04:50,01-06-2023 09:10,fast
6364,6365,CUST02394,POSITIVE_INTERVAL,4.016666666666667,2,False,True,Closed,Loom,Billing inquiry,Medium,Email,01-06-2023 04:12,01-06-2023 08:13,fast
6366,6367,CUST07344,POSITIVE_INTERVAL,1.95,2,False,True,Closed,Jira,Billing inquiry,Critical,Chat,01-06-2023 18:54,01-06-2023 20:51,fast
6371,6372,CUST01958,POSITIVE_INTERVAL,0.9666666666666667,4,False,True,Closed,Confluence,Billing inquiry,High,Chat,01-06-2023 06:37,01-06-2023 07:35,fast
6376,6377,CUST00243,POSITIVE_INTERVAL,1.5166666666666666,2,False,True,Closed,Confluence,Refund request,Critical,Social media,01-06-2023 18:16,01-06-2023 19:47,fast
6381,6382,CUST01471,POSITIVE_INTERVAL,10.016666666666667,3,False,True,Closed,Bitbucket,Product inquiry,Critical,Phone,01-06-2023 11:16,01-06-2023 21:17,slow
6384,6385,CUST03156,POSITIVE_INTERVAL,12.633333333333333,5,False,True,Closed,Trello,Billing inquiry,High,Chat,01-06-2023 08:33,01-06-2023 21:11,slow
6396,6397,CUST02342,POSITIVE_INTERVAL,10.616666666666667,5,False,True,Closed,Trello,Product inquiry,Medium,Social media,01-06-2023 01:39,01-06-2023 12:16,slow
6397,6398,CUST05606,POSITIVE_INTERVAL,5.116666666666666,1,False,True,Closed,Jira,Billing inquiry,Low,Phone,01-06-2023 08:29,01-06-2023 13:36,fast
6417,6418,CUST04533,POSITIVE_INTERVAL,9.933333333333334,5,False,True,Closed,Trello,Refund request,High,Email,01-06-2023 08:18,01-06-2023 18:14,slow
6419,6420,CUST06688,POSITIVE_INTERVAL,7.566666666666666,4,False,True,Closed,Trello,Product inquiry,High,Email,01-06-2023 05:31,01-06-2023 13:05,slow
6425,6426,CUST02303,POSITIVE_INTERVAL,10.266666666666667,1,False,True,Closed,Confluence,Technical issue,Medium,Email,01-06-2023 13:38,01-06-2023 23:54,slow
6435,6436,CUST06937,POSITIVE_INTERVAL,2.1666666666666665,2,False,True,Closed,Jira,Technical issue,High,Phone,01-06-2023 08:19,01-06-2023 10:29,fast
6438,6439,CUST07016,POSITIVE_INTERVAL,0.7666666666666667,1,False,True,Closed,Trello,Refund request,Medium,Phone,01-06-2023 20:36,01-06-2023 21:22,fast
6442,6443,CUST07291,POSITIVE_INTERVAL,15.666666666666666,5,False,True,Closed,Trello,Refund request,High,Email,01-06-2023 00:26,01-06-2023 16:06,slow
6456,6457,CUST07538,POSITIVE_INTERVAL,3.1666666666666665,5,False,True,Closed,Trello,Product inquiry,Critical,Phone,01-06-2023 06:28,01-06-2023 09:38,fast
6462,6463,CUST07808,POSITIVE_INTERVAL,14.966666666666667,1,False,True,Closed,Trello,Cancellation request,Critical,Social media,01-06-2023 04:13,01-06-2023 19:11,slow
6463,6464,CUST05791,POSITIVE_INTERVAL,4.266666666666667,5,False,True,Closed,Jira,Technical issue,Critical,Email,01-06-2023 02:29,01-06-2023 06:45,fast
6476,6477,CUST07467,POSITIVE_INTERVAL,16.35,3,False,True,Closed,Bitbucket,Cancellation request,Critical,Social media,01-06-2023 05:17,01-06-2023 21:38,slow
6492,6493,CUST02624,POSITIVE_INTERVAL,7.55,3,False,True,Closed,Jira,Billing inquiry,Low,Email,01-06-2023 09:38,01-06-2023 17:11,slow
6525,6526,CUST03519,POSITIVE_INTERVAL,22.616666666666667,1,False,True,Closed,Confluence,Product inquiry,Low,Social media,01-06-2023 00:18,01-06-2023 22:55,slow
6529,6530,CUST07216,POSITIVE_INTERVAL,7.583333333333333,2,False,True,Closed,Confluence,Billing inquiry,High,Phone,01-06-2023 07:42,01-06-2023 15:17,slow
6534,6535,CUST06954,POSITIVE_INTERVAL,1.4,4,False,True,Closed,Trello,Billing inquiry,Critical,Social media,01-06-2023 01:08,01-06-2023 02:32,fast
6536,6537,CUST05844,POSITIVE_INTERVAL,2.45,5,False,True,Closed,Trello,Cancellation request,High,Email,01-06-2023 15:44,01-06-2023 18:11,fast
6551,6552,CUST01368,POSITIVE_INTERVAL,0.21666666666666667,4,False,True,Closed,Trello,Technical issue,Low,Chat,01-06-2023 14:20,01-06-2023 14:33,fast
6568,6569,CUST05753,POSITIVE_INTERVAL,13.916666666666666,4,False,True,Closed,Loom,Technical issue,Critical,Email,01-06-2023 02:13,01-06-2023 16:08,slow
6570,6571,CUST06415,POSITIVE_INTERVAL,0.9333333333333333,4,False,True,Closed,Confluence,Technical issue,Critical,Social media,01-06-2023 16:36,01-06-2023 17:32,fast
6584,6585,CUST03716,POSITIVE_INTERVAL,2.5833333333333335,3,False,True,Closed,Trello,Billing inquiry,Low,Chat,01-06-2023 10:14,01-06-2023 12:49,fast
6587,6588,CUST00928,POSITIVE_INTERVAL,1.2,3,False,True,Closed,Confluence,Product inquiry,High,Social media,01-06-2023 15:22,01-06-2023 16:34,fast
6593,6594,CUST07826,POSITIVE_INTERVAL,11.216666666666667,2,False,True,Closed,Loom,Technical issue,Critical,Social media,01-06-2023 00:21,01-06-2023 11:34,slow
6598,6599,CUST01278,POSITIVE_INTERVAL,11.816666666666666,2,False,True,Closed,Trello,Cancellation request,Medium,Email,01-06-2023 06:57,01-06-2023 18:46,slow
6599,6600,CUST06163,POSITIVE_INTERVAL,2.5833333333333335,5,False,True,Closed,Bitbucket,Product inquiry,High,Email,01-06-2023 13:49,01-06-2023 16:24,fast
6607,6608,CUST02658,POSITIVE_INTERVAL,2.533333333333333,5,False,True,Closed,Loom,Cancellation request,Low,Chat,01-06-2023 17:03,01-06-2023 19:35,fast
6622,6623,CUST05178,POSITIVE_INTERVAL,6.583333333333333,2,False,True,Closed,Confluence,Technical issue,Medium,Phone,01-06-2023 15:24,01-06-2023 21:59,slow
6624,6625,CUST03998,POSITIVE_INTERVAL,3.8333333333333335,5,False,True,Closed,Trello,Refund request,High,Social media,01-06-2023 20:09,01-06-2023 23:59,fast
6630,6631,CUST07775,POSITIVE_INTERVAL,11.266666666666667,5,False,True,Closed,Confluence,Refund request,High,Email,01-06-2023 03:07,01-06-2023 14:23,slow
6638,6639,CUST00323,POSITIVE_INTERVAL,2.4,1,False,True,Closed,Jira,Technical issue,High,Chat,01-06-2023 08:35,01-06-2023 10:59,fast
6640,6641,CUST03862,POSITIVE_INTERVAL,0.4166666666666667,2,False,True,Closed,Jira,Cancellation request,High,Email,01-06-2023 19:45,01-06-2023 20:10,fast
6646,6647,CUST04962,POSITIVE_INTERVAL,11.283333333333333,2,False,True,Closed,Loom,Billing inquiry,Low,Phone,01-06-2023 10:43,01-06-2023 22:00,slow
6650,6651,CUST01235,POSITIVE_INTERVAL,22.866666666666667,3,False,True,Closed,Trello,Product inquiry,Critical,Social media,01-06-2023 00:51,01-06-2023 23:43,slow
6654,6655,CUST01358,POSITIVE_INTERVAL,2.35,5,False,True,Closed,Jira,Refund request,Low,Chat,01-06-2023 18:01,01-06-2023 20:22,fast
6657,6658,CUST05257,POSITIVE_INTERVAL,10.65,4,False,True,Closed,Trello,Billing inquiry,Low,Phone,01-06-2023 12:51,01-06-2023 23:30,slow
6670,6671,CUST02153,POSITIVE_INTERVAL,2.066666666666667,4,False,True,Closed,Jira,Product inquiry,Low,Email,01-06-2023 11:41,01-06-2023 13:45,fast
6680,6681,CUST00261,POSITIVE_INTERVAL,9.5,2,False,True,Closed,Jira,Product inquiry,High,Chat,01-06-2023 07:09,01-06-2023 16:39,slow
6691,6692,CUST07354,POSITIVE_INTERVAL,8.466666666666667,3,False,True,Closed,Confluence,Product inquiry,High,Phone,01-06-2023 04:19,01-06-2023 12:47,slow
6706,6707,CUST07103,POSITIVE_INTERVAL,3.316666666666667,2,False,True,Closed,Loom,Cancellation request,Low,Chat,01-06-2023 19:26,01-06-2023 22:45,fast
6709,6710,CUST07906,POSITIVE_INTERVAL,18.9,1,False,True,Closed,Loom,Billing inquiry,Medium,Email,01-06-2023 02:26,01-06-2023 21:20,slow
6712,6713,CUST07839,POSITIVE_INTERVAL,5.95,5,False,True,Closed,Confluence,Cancellation request,Medium,Email,01-06-2023 10:23,01-06-2023 16:20,fast
6716,6717,CUST06580,POSITIVE_INTERVAL,15.55,2,False,True,Closed,Jira,Billing inquiry,High,Email,01-06-2023 08:43,02-06-2023 00:16,slow
6727,6728,CUST07094,POSITIVE_INTERVAL,12.083333333333334,1,False,True,Closed,Trello,Cancellation request,Medium,Chat,01-06-2023 05:28,01-06-2023 17:33,slow
6737,6738,CUST01407,POSITIVE_INTERVAL,0.85,1,False,True,Closed,Jira,Billing inquiry,Low,Email,01-06-2023 18:40,01-06-2023 19:31,fast
6741,6742,CUST02252,POSITIVE_INTERVAL,2.966666666666667,2,False,True,Closed,Bitbucket,Cancellation request,High,Phone,01-06-2023 13:57,01-06-2023 16:55,fast
6754,6755,CUST00628,POSITIVE_INTERVAL,3.7,1,False,True,Closed,Loom,Refund request,Critical,Email,01-06-2023 00:57,01-06-2023 04:39,fast
6766,6767,CUST06629,POSITIVE_INTERVAL,15.183333333333334,3,False,True,Closed,Trello,Technical issue,High,Email,01-06-2023 03:35,01-06-2023 18:46,slow
6774,6775,CUST02418,POSITIVE_INTERVAL,19.2,2,False,True,Closed,Confluence,Billing inquiry,Medium,Social media,01-06-2023 02:27,01-06-2023 21:39,slow
6784,6785,CUST03482,POSITIVE_INTERVAL,1.0166666666666666,4,False,True,Closed,Loom,Billing inquiry,Low,Email,01-06-2023 05:29,01-06-2023 06:30,fast
6786,6787,CUST01106,POSITIVE_INTERVAL,19.533333333333335,5,False,True,Closed,Loom,Product inquiry,Medium,Phone,01-06-2023 01:22,01-06-2023 20:54,slow
6794,6795,CUST03753,POSITIVE_INTERVAL,5.35,2,False,True,Closed,Bitbucket,Refund request,Critical,Email,01-06-2023 10:20,01-06-2023 15:41,fast
6813,6814,CUST00105,POSITIVE_INTERVAL,10.816666666666666,3,False,True,Closed,Trello,Technical issue,Critical,Social media,01-06-2023 09:41,01-06-2023 20:30,slow
6816,6817,CUST06829,POSITIVE_INTERVAL,1.5166666666666666,1,False,True,Closed,Confluence,Technical issue,High,Social media,01-06-2023 07:15,01-06-2023 08:46,fast
6817,6818,CUST06627,POSITIVE_INTERVAL,12.316666666666666,3,False,True,Closed,Jira,Billing inquiry,Low,Social media,01-06-2023 04:08,01-06-2023 16:27,slow
6823,6824,CUST04597,POSITIVE_INTERVAL,3.5833333333333335,3,False,True,Closed,Bitbucket,Technical issue,Medium,Chat,01-06-2023 02:14,01-06-2023 05:49,fast
6824,6825,CUST02024,POSITIVE_INTERVAL,7.766666666666667,1,False,True,Closed,Trello,Refund request,High,Social media,01-06-2023 15:35,01-06-2023 23:21,slow
6833,6834,CUST05193,POSITIVE_INTERVAL,0.06666666666666667,5,False,True,Closed,Confluence,Technical issue,High,Phone,01-06-2023 21:25,01-06-2023 21:29,fast
6838,6839,CUST07443,POSITIVE_INTERVAL,5.816666666666666,1,False,True,Closed,Jira,Refund request,Low,Social media,01-06-2023 11:53,01-06-2023 17:42,fast
6848,6849,CUST02759,POSITIVE_INTERVAL,9.8,4,False,True,Closed,Loom,Refund request,High,Email,01-06-2023 13:54,01-06-2023 23:42,slow
6869,6870,CUST02964,POSITIVE_INTERVAL,4.3,3,False,True,Closed,Loom,Technical issue,Medium,Chat,01-06-2023 19:18,01-06-2023 23:36,fast
6882,6883,CUST00093,POSITIVE_INTERVAL,0.16666666666666666,2,False,True,Closed,Bitbucket,Cancellation request,Critical,Email,01-06-2023 03:36,01-06-2023 03:46,fast
6884,6885,CUST01778,POSITIVE_INTERVAL,9.633333333333333,1,False,True,Closed,Loom,Technical issue,Low,Social media,01-06-2023 00:47,01-06-2023 10:25,slow
6887,6888,CUST01364,POSITIVE_INTERVAL,11.133333333333333,1,False,True,Closed,Loom,Refund request,Medium,Phone,01-06-2023 01:02,01-06-2023 12:10,slow
6891,6892,CUST01706,POSITIVE_INTERVAL,9.7,3,False,True,Closed,Jira,Product inquiry,Low,Social media,01-06-2023 11:12,01-06-2023 20:54,slow
6892,6893,CUST04694,POSITIVE_INTERVAL,3.433333333333333,2,False,True,Closed,Jira,Billing inquiry,Medium,Social media,01-06-2023 15:51,01-06-2023 19:17,fast
6902,6903,CUST06105,POSITIVE_INTERVAL,9.75,1,False,True,Closed,Trello,Billing inquiry,Critical,Email,01-06-2023 01:19,01-06-2023 11:04,slow
6910,6911,CUST04382,POSITIVE_INTERVAL,0.4,2,False,True,Closed,Loom,Refund request,Medium,Email,01-06-2023 01:34,01-06-2023 01:58,fast
6911,6912,CUST03068,POSITIVE_INTERVAL,3.05,5,False,True,Closed,Jira,Product inquiry,Critical,Chat,01-06-2023 09:19,01-06-2023 12:22,fast
6933,6934,CUST08096,POSITIVE_INTERVAL,3.183333333333333,3,False,True,Closed,Loom,Billing inquiry,Low,Email,01-06-2023 10:29,01-06-2023 13:40,fast
6936,6937,CUST01315,POSITIVE_INTERVAL,3.6666666666666665,2,False,True,Closed,Trello,Billing inquiry,Medium,Phone,01-06-2023 02:21,01-06-2023 06:01,fast
6937,6938,CUST06983,POSITIVE_INTERVAL,0.38333333333333336,4,False,True,Closed,Confluence,Billing inquiry,Medium,Email,01-06-2023 20:45,01-06-2023 21:08,fast
6946,6947,CUST03440,POSITIVE_INTERVAL,14.95,5,False,True,Closed,Trello,Product inquiry,High,Phone,01-06-2023 05:51,01-06-2023 20:48,slow
6952,6953,CUST02668,POSITIVE_INTERVAL,9.283333333333333,3,False,True,Closed,Trello,Refund request,Medium,Email,01-06-2023 12:57,01-06-2023 22:14,slow
6957,6958,CUST00787,POSITIVE_INTERVAL,1.0833333333333333,3,False,True,Closed,Loom,Product inquiry,Low,Chat,01-06-2023 05:57,01-06-2023 07:02,fast
6965,6966,CUST07971,POSITIVE_INTERVAL,10.35,3,False,True,Closed,Trello,Product inquiry,Medium,Social media,01-06-2023 04:20,01-06-2023 14:41,slow
6967,6968,CUST02186,POSITIVE_INTERVAL,12.55,2,False,True,Closed,Bitbucket,Refund request,Medium,Phone,01-06-2023 08:37,01-06-2023 21:10,slow
6968,6969,CUST02421,POSITIVE_INTERVAL,2.466666666666667,2,False,True,Closed,Jira,Refund request,Critical,Social media,01-06-2023 17:25,01-06-2023 19:53,fast
6976,6977,CUST02882,POSITIVE_INTERVAL,15.716666666666667,4,False,True,Closed,Jira,Refund request,Low,Email,01-06-2023 01:16,01-06-2023 16:59,slow
6983,6984,CUST04769,POSITIVE_INTERVAL,4.85,3,False,True,Closed,Jira,Technical issue,Low,Social media,01-06-2023 01:02,01-06-2023 05:53,fast
6993,6994,CUST05723,POSITIVE_INTERVAL,19.716666666666665,5,False,True,Closed,Loom,Billing inquiry,High,Chat,01-06-2023 01:33,01-06-2023 21:16,slow
6995,6996,CUST06914,POSITIVE_INTERVAL,20.9,4,False,True,Closed,Confluence,Technical issue,Low,Email,01-06-2023 03:31,02-06-2023 00:25,slow
6998,6999,CUST03094,POSITIVE_INTERVAL,5.55,5,False,True,Closed,Confluence,Billing inquiry,Critical,Phone,01-06-2023 03:15,01-06-2023 08:48,fast
7000,7001,CUST02311,POSITIVE_INTERVAL,0.5333333333333333,5,False,True,Closed,Loom,Billing inquiry,Critical,Chat,01-06-2023 06:56,01-06-2023 07:28,fast
7001,7002,CUST04216,POSITIVE_INTERVAL,9.733333333333333,3,False,True,Closed,Jira,Refund request,Low,Phone,01-06-2023 00:34,01-06-2023 10:18,slow
7002,7003,CUST04033,POSITIVE_INTERVAL,4.383333333333334,2,False,True,Closed,Loom,Refund request,Low,Email,01-06-2023 19:24,01-06-2023 23:47,fast
7006,7007,CUST04782,POSITIVE_INTERVAL,7.266666666666667,1,False,True,Closed,Confluence,Product inquiry,Low,Email,01-06-2023 04:20,01-06-2023 11:36,slow
7019,7020,CUST01204,POSITIVE_INTERVAL,10.083333333333334,1,False,True,Closed,Loom,Cancellation request,High,Chat,01-06-2023 10:04,01-06-2023 20:09,slow
7025,7026,CUST02122,POSITIVE_INTERVAL,3.1,3,False,True,Closed,Jira,Cancellation request,Medium,Social media,01-06-2023 03:29,01-06-2023 06:35,fast
7027,7028,CUST05551,POSITIVE_INTERVAL,11.5,2,False,True,Closed,Trello,Technical issue,Critical,Email,01-06-2023 04:15,01-06-2023 15:45,slow
7030,7031,CUST02028,POSITIVE_INTERVAL,10.35,1,False,True,Closed,Jira,Billing inquiry,Critical,Phone,01-06-2023 04:51,01-06-2023 15:12,slow
7038,7039,CUST03959,POSITIVE_INTERVAL,4.8,1,False,True,Closed,Trello,Refund request,High,Email,01-06-2023 06:58,01-06-2023 11:46,fast
7040,7041,CUST05131,POSITIVE_INTERVAL,7.983333333333333,2,False,True,Closed,Trello,Product inquiry,Critical,Social media,01-06-2023 02:35,01-06-2023 10:34,slow
7055,7056,CUST01963,POSITIVE_INTERVAL,2.5166666666666666,2,False,True,Closed,Bitbucket,Product inquiry,Low,Email,01-06-2023 11:50,01-06-2023 14:21,fast
7057,7058,CUST03930,POSITIVE_INTERVAL,4.633333333333334,5,False,True,Closed,Trello,Cancellation request,Medium,Email,01-06-2023 04:45,01-06-2023 09:23,fast
7064,7065,CUST06040,POSITIVE_INTERVAL,1.5833333333333333,4,False,True,Closed,Jira,Refund request,High,Social media,01-06-2023 07:02,01-06-2023 08:37,fast
7073,7074,CUST06671,POSITIVE_INTERVAL,7.633333333333334,5,False,True,Closed,Trello,Technical issue,Critical,Chat,01-06-2023 03:20,01-06-2023 10:58,slow
7076,7077,CUST01094,POSITIVE_INTERVAL,8.683333333333334,4,False,True,Closed,Loom,Product inquiry,Low,Social media,01-06-2023 02:08,01-06-2023 10:49,slow
7080,7081,CUST01193,POSITIVE_INTERVAL,3.55,4,False,True,Closed,Bitbucket,Product inquiry,Medium,Phone,01-06-2023 13:31,01-06-2023 17:04,fast
7097,7098,CUST04323,POSITIVE_INTERVAL,17.2,3,False,True,Closed,Jira,Technical issue,High,Social media,01-06-2023 06:51,02-06-2023 00:03,slow
7098,7099,CUST02859,POSITIVE_INTERVAL,0.7,1,False,True,Closed,Confluence,Billing inquiry,High,Social media,01-06-2023 13:18,01-06-2023 14:00,fast
7100,7101,CUST06534,POSITIVE_INTERVAL,5.633333333333334,5,False,True,Closed,Loom,Refund request,Medium,Email,01-06-2023 12:09,01-06-2023 17:47,fast
7103,7104,CUST07472,POSITIVE_INTERVAL,0.36666666666666664,1,False,True,Closed,Trello,Billing inquiry,High,Chat,01-06-2023 15:24,01-06-2023 15:46,fast
7107,7108,CUST07428,POSITIVE_INTERVAL,11.433333333333334,4,False,True,Closed,Loom,Billing inquiry,Medium,Phone,01-06-2023 09:52,01-06-2023 21:18,slow
7109,7110,CUST01551,POSITIVE_INTERVAL,8.683333333333334,4,False,True,Closed,Loom,Product inquiry,Low,Chat,01-06-2023 09:50,01-06-2023 18:31,slow
7124,7125,CUST02497,POSITIVE_INTERVAL,0.08333333333333333,3,False,True,Closed,Jira,Technical issue,Critical,Social media,01-06-2023 07:15,01-06-2023 07:20,fast
7127,7128,CUST05878,POSITIVE_INTERVAL,6.15,2,False,True,Closed,Bitbucket,Refund request,Medium,Social media,01-06-2023 08:32,01-06-2023 14:41,fast
7128,7129,CUST01670,POSITIVE_INTERVAL,7.433333333333334,5,False,True,Closed,Loom,Technical issue,Low,Phone,01-06-2023 03:58,01-06-2023 11:24,slow
7130,7131,CUST05500,POSITIVE_INTERVAL,1.7166666666666666,3,False,True,Closed,Loom,Cancellation request,High,Phone,01-06-2023 07:48,01-06-2023 09:31,fast
7132,7133,CUST03062,POSITIVE_INTERVAL,0.16666666666666666,3,False,True,Closed,Jira,Refund request,Low,Chat,01-06-2023 20:28,01-06-2023 20:38,fast
7136,7137,CUST07881,POSITIVE_INTERVAL,3.8333333333333335,1,False,True,Closed,Jira,Technical issue,Low,Social media,01-06-2023 20:20,02-06-2023 00:10,fast
7150,7151,CUST06924,POSITIVE_INTERVAL,6.983333333333333,3,False,True,Closed,Loom,Product inquiry,Medium,Chat,01-06-2023 02:18,01-06-2023 09:17,slow
7158,7159,CUST03379,POSITIVE_INTERVAL,11.483333333333333,5,False,True,Closed,Trello,Product inquiry,Medium,Phone,01-06-2023 01:04,01-06-2023 12:33,slow
7166,7167,CUST00047,POSITIVE_INTERVAL,1.4166666666666667,3,False,True,Closed,Confluence,Technical issue,Medium,Email,01-06-2023 07:26,01-06-2023 08:51,fast
7168,7169,CUST06654,POSITIVE_INTERVAL,5.133333333333334,3,False,True,Closed,Jira,Technical issue,Medium,Phone,01-06-2023 01:27,01-06-2023 06:35,fast
7174,7175,CUST00278,POSITIVE_INTERVAL,5.55,2,False,True,Closed,Bitbucket,Cancellation request,Medium,Email,01-06-2023 05:25,01-06-2023 10:58,fast
7183,7184,CUST07437,POSITIVE_INTERVAL,6.283333333333333,5,False,True,Closed,Jira,Cancellation request,Medium,Email,01-06-2023 16:33,01-06-2023 22:50,fast
7189,7190,CUST06506,POSITIVE_INTERVAL,18.816666666666666,2,False,True,Closed,Bitbucket,Technical issue,High,Chat,01-06-2023 02:52,01-06-2023 21:41,slow
7198,7199,CUST06832,POSITIVE_INTERVAL,5.066666666666666,1,False,True,Closed,Bitbucket,Cancellation request,Medium,Email,01-06-2023 18:39,01-06-2023 23:43,fast
7200,7201,CUST01234,POSITIVE_INTERVAL,1.4,3,False,True,Closed,Jira,Cancellation request,Critical,Social media,01-06-2023 13:25,01-06-2023 14:49,fast
7204,7205,CUST04524,POSITIVE_INTERVAL,3.066666666666667,3,False,True,Closed,Loom,Refund request,Medium,Email,01-06-2023 19:23,01-06-2023 22:27,fast
7209,7210,CUST07334,POSITIVE_INTERVAL,0.35,5,False,True,Closed,Bitbucket,Refund request,Low,Email,01-06-2023 15:16,01-06-2023 15:37,fast
7215,7216,CUST02741,POSITIVE_INTERVAL,18.333333333333332,4,False,True,Closed,Bitbucket,Product inquiry,Low,Chat,01-06-2023 03:38,01-06-2023 21:58,slow
7217,7218,CUST03221,POSITIVE_INTERVAL,1.25,5,False,True,Closed,Loom,Technical issue,Low,Social media,01-06-2023 17:00,01-06-2023 18:15,fast
7220,7221,CUST06777,POSITIVE_INTERVAL,0.8,1,False,True,Closed,Bitbucket,Product inquiry,Low,Social media,01-06-2023 14:44,01-06-2023 15:32,fast
7221,7222,CUST04708,POSITIVE_INTERVAL,4.316666666666666,4,False,True,Closed,Loom,Refund request,Low,Phone,01-06-2023 08:04,01-06-2023 12:23,fast
7223,7224,CUST00514,POSITIVE_INTERVAL,5.983333333333333,2,False,True,Closed,Jira,Billing inquiry,Critical,Chat,01-06-2023 09:28,01-06-2023 15:27,fast
7237,7238,CUST06269,POSITIVE_INTERVAL,6.05,5,False,True,Closed,Jira,Product inquiry,Critical,Phone,01-06-2023 10:33,01-06-2023 16:36,fast
7239,7240,CUST01124,POSITIVE_INTERVAL,5.016666666666667,4,False,True,Closed,Jira,Billing inquiry,Medium,Social media,01-06-2023 02:27,01-06-2023 07:28,fast
7266,7267,CUST00170,POSITIVE_INTERVAL,6.216666666666667,3,False,True,Closed,Jira,Technical issue,Critical,Phone,01-06-2023 10:48,01-06-2023 17:01,fast
7281,7282,CUST05095,POSITIVE_INTERVAL,18.983333333333334,5,False,True,Closed,Loom,Cancellation request,High,Chat,01-06-2023 03:24,01-06-2023 22:23,slow
7285,7286,CUST03222,POSITIVE_INTERVAL,6.2,5,False,True,Closed,Loom,Refund request,Medium,Chat,01-06-2023 01:26,01-06-2023 07:38,fast
7297,7298,CUST01616,POSITIVE_INTERVAL,4.133333333333334,1,False,True,Closed,Loom,Refund request,Medium,Chat,01-06-2023 10:16,01-06-2023 14:24,fast
7315,7316,CUST01516,POSITIVE_INTERVAL,12.766666666666667,3,False,True,Closed,Confluence,Refund request,Medium,Chat,01-06-2023 11:10,01-06-2023 23:56,slow
7318,7319,CUST03422,POSITIVE_INTERVAL,5.366666666666666,1,False,True,Closed,Jira,Product inquiry,High,Phone,01-06-2023 08:14,01-06-2023 13:36,fast
7319,7320,CUST08124,POSITIVE_INTERVAL,13.4,2,False,True,Closed,Jira,Product inquiry,Critical,Phone,01-06-2023 07:37,01-06-2023 21:01,slow
7320,7321,CUST00753,POSITIVE_INTERVAL,19.066666666666666,4,False,True,Closed,Trello,Refund request,High,Social media,01-06-2023 05:15,02-06-2023 00:19,slow
7328,7329,CUST01175,POSITIVE_INTERVAL,1.8166666666666667,1,False,True,Closed,Jira,Billing inquiry,Critical,Email,01-06-2023 02:53,01-06-2023 04:42,fast
7329,7330,CUST07882,POSITIVE_INTERVAL,5.483333333333333,1,False,True,Closed,Loom,Technical issue,Low,Email,01-06-2023 14:01,01-06-2023 19:30,fast
7332,7333,CUST06155,POSITIVE_INTERVAL,16.716666666666665,2,False,True,Closed,Jira,Billing inquiry,Low,Social media,01-06-2023 06:46,01-06-2023 23:29,slow
7334,7335,CUST01849,POSITIVE_INTERVAL,16.816666666666666,3,False,True,Closed,Loom,Technical issue,Low,Chat,01-06-2023 01:59,01-06-2023 18:48,slow
7335,7336,CUST06423,POSITIVE_INTERVAL,0.26666666666666666,4,False,True,Closed,Confluence,Product inquiry,High,Phone,01-06-2023 18:46,01-06-2023 19:02,fast
7343,7344,CUST08015,POSITIVE_INTERVAL,3.6,5,False,True,Closed,Trello,Refund request,Low,Email,01-06-2023 15:53,01-06-2023 19:29,fast
7351,7352,CUST03876,POSITIVE_INTERVAL,2.6,4,False,True,Closed,Bitbucket,Billing inquiry,High,Social media,01-06-2023 06:50,01-06-2023 09:26,fast
7360,7361,CUST06852,POSITIVE_INTERVAL,2.1166666666666667,3,False,True,Closed,Confluence,Cancellation request,Low,Email,01-06-2023 03:30,01-06-2023 05:37,fast
7389,7390,CUST00430,POSITIVE_INTERVAL,9.216666666666667,5,False,True,Closed,Jira,Billing inquiry,High,Email,01-06-2023 04:15,01-06-2023 13:28,slow
7402,7403,CUST00450,POSITIVE_INTERVAL,7.566666666666666,1,False,True,Closed,Loom,Billing inquiry,Low,Chat,01-06-2023 13:37,01-06-2023 21:11,slow
7405,7406,CUST00135,POSITIVE_INTERVAL,1.5666666666666667,4,False,True,Closed,Jira,Cancellation request,High,Chat,01-06-2023 14:49,01-06-2023 16:23,fast
7406,7407,CUST04902,POSITIVE_INTERVAL,16.6,1,False,True,Closed,Jira,Cancellation request,High,Email,01-06-2023 01:39,01-06-2023 18:15,slow
7409,7410,CUST06127,POSITIVE_INTERVAL,4.516666666666667,1,False,True,Closed,Bitbucket,Cancellation request,Critical,Phone,01-06-2023 13:24,01-06-2023 17:55,fast
7431,7432,CUST01170,POSITIVE_INTERVAL,1.1,4,False,True,Closed,Loom,Product inquiry,Medium,Social media,01-06-2023 05:37,01-06-2023 06:43,fast
7449,7450,CUST06736,POSITIVE_INTERVAL,13.616666666666667,2,False,True,Closed,Trello,Technical issue,High,Chat,01-06-2023 06:28,01-06-2023 20:05,slow
7465,7466,CUST04448,POSITIVE_INTERVAL,5.15,1,False,True,Closed,Trello,Technical issue,Low,Email,01-06-2023 12:28,01-06-2023 17:37,fast
7477,7478,CUST03540,POSITIVE_INTERVAL,4.583333333333333,4,False,True,Closed,Confluence,Billing inquiry,Medium,Phone,01-06-2023 02:42,01-06-2023 07:17,fast
7479,7480,CUST04611,POSITIVE_INTERVAL,4.2,4,False,True,Closed,Confluence,Technical issue,Critical,Email,01-06-2023 03:16,01-06-2023 07:28,fast
7494,7495,CUST05720,POSITIVE_INTERVAL,0.6666666666666666,5,False,True,Closed,Jira,Billing inquiry,Critical,Chat,01-06-2023 07:31,01-06-2023 08:11,fast
7496,7497,CUST04140,POSITIVE_INTERVAL,8.9,4,False,True,Closed,Trello,Technical issue,High,Phone,01-06-2023 13:58,01-06-2023 22:52,slow
7507,7508,CUST04980,POSITIVE_INTERVAL,7.016666666666667,2,False,True,Closed,Jira,Technical issue,Critical,Phone,01-06-2023 13:51,01-06-2023 20:52,slow
7510,7511,CUST03498,POSITIVE_INTERVAL,12.983333333333333,3,False,True,Closed,Bitbucket,Refund request,High,Chat,01-06-2023 04:11,01-06-2023 17:10,slow
7512,7513,CUST04557,POSITIVE_INTERVAL,4.75,2,False,True,Closed,Confluence,Cancellation request,Medium,Email,01-06-2023 09:30,01-06-2023 14:15,fast
7514,7515,CUST01252,POSITIVE_INTERVAL,14.583333333333334,5,False,True,Closed,Loom,Technical issue,Low,Chat,01-06-2023 01:21,01-06-2023 15:56,slow
7517,7518,CUST06510,POSITIVE_INTERVAL,9.55,2,False,True,Closed,Jira,Technical issue,Low,Phone,01-06-2023 07:11,01-06-2023 16:44,slow
7520,7521,CUST01558,POSITIVE_INTERVAL,2.3833333333333333,1,False,True,Closed,Trello,Cancellation request,Critical,Email,01-06-2023 06:21,01-06-2023 08:44,fast
7523,7524,CUST08285,POSITIVE_INTERVAL,4.55,4,False,True,Closed,Jira,Refund request,Critical,Phone,01-06-2023 17:11,01-06-2023 21:44,fast
7531,7532,CUST02307,POSITIVE_INTERVAL,4.216666666666667,1,False,True,Closed,Jira,Technical issue,High,Chat,01-06-2023 03:45,01-06-2023 07:58,fast
7533,7534,CUST03066,POSITIVE_INTERVAL,13.75,1,False,True,Closed,Confluence,Cancellation request,High,Email,01-06-2023 03:57,01-06-2023 17:42,slow
7538,7539,CUST01818,POSITIVE_INTERVAL,14.966666666666667,3,False,True,Closed,Loom,Technical issue,Medium,Social media,01-06-2023 05:00,01-06-2023 19:58,slow
7540,7541,CUST04391,POSITIVE_INTERVAL,2.4166666666666665,4,False,True,Closed,Trello,Cancellation request,High,Phone,01-06-2023 19:14,01-06-2023 21:39,fast
7542,7543,CUST07918,POSITIVE_INTERVAL,7.383333333333334,1,False,True,Closed,Loom,Product inquiry,Medium,Email,01-06-2023 08:44,01-06-2023 16:07,slow
7543,7544,CUST04378,POSITIVE_INTERVAL,3.95,1,False,True,Closed,Loom,Refund request,Critical,Chat,01-06-2023 03:44,01-06-2023 07:41,fast
7549,7550,CUST02478,POSITIVE_INTERVAL,13.85,3,False,True,Closed,Trello,Technical issue,High,Social media,01-06-2023 01:42,01-06-2023 15:33,slow
7563,7564,CUST04088,POSITIVE_INTERVAL,3.0166666666666666,3,False,True,Closed,Bitbucket,Product inquiry,Medium,Phone,01-06-2023 15:36,01-06-2023 18:37,fast
7568,7569,CUST05834,POSITIVE_INTERVAL,3.0,4,False,True,Closed,Trello,Cancellation request,High,Chat,01-06-2023 05:46,01-06-2023 08:46,fast
7569,7570,CUST07348,POSITIVE_INTERVAL,15.2,5,False,True,Closed,Bitbucket,Cancellation request,Medium,Chat,01-06-2023 01:41,01-06-2023 16:53,slow
7573,7574,CUST06316,POSITIVE_INTERVAL,20.966666666666665,3,False,True,Closed,Jira,Cancellation request,High,Email,01-06-2023 02:29,01-06-2023 23:27,slow
7589,7590,CUST02089,POSITIVE_INTERVAL,10.533333333333333,1,False,True,Closed,Loom,Cancellation request,Critical,Email,01-06-2023 10:08,01-06-2023 20:40,slow
7595,7596,CUST07381,POSITIVE_INTERVAL,8.95,5,False,True,Closed,Bitbucket,Cancellation request,High,Email,01-06-2023 14:16,01-06-2023 23:13,slow
7596,7597,CUST04016,POSITIVE_INTERVAL,3.95,3,False,True,Closed,Trello,Billing inquiry,Medium,Email,01-06-2023 02:05,01-06-2023 06:02,fast
7599,7600,CUST02296,POSITIVE_INTERVAL,4.016666666666667,3,False,True,Closed,Loom,Refund request,Low,Chat,01-06-2023 03:06,01-06-2023 07:07,fast
7601,7602,CUST03773,POSITIVE_INTERVAL,0.16666666666666666,5,False,True,Closed,Loom,Product inquiry,High,Social media,01-06-2023 14:52,01-06-2023 15:02,fast
7604,7605,CUST04940,POSITIVE_INTERVAL,5.216666666666667,2,False,True,Closed,Bitbucket,Product inquiry,Medium,Social media,01-06-2023 06:46,01-06-2023 11:59,fast
7610,7611,CUST07409,POSITIVE_INTERVAL,2.283333333333333,3,False,True,Closed,Trello,Product inquiry,Critical,Email,01-06-2023 16:58,01-06-2023 19:15,fast
7619,7620,CUST01602,POSITIVE_INTERVAL,7.166666666666667,1,False,True,Closed,Confluence,Billing inquiry,Medium,Phone,01-06-2023 04:56,01-06-2023 12:06,slow
7628,7629,CUST01765,POSITIVE_INTERVAL,10.4,5,False,True,Closed,Jira,Technical issue,Low,Email,01-06-2023 01:37,01-06-2023 12:01,slow
7635,7636,CUST02321,POSITIVE_INTERVAL,1.25,4,False,True,Closed,Bitbucket,Cancellation request,Critical,Social media,01-06-2023 16:29,01-06-2023 17:44,fast
7649,7650,CUST08189,POSITIVE_INTERVAL,7.116666666666666,1,False,True,Closed,Bitbucket,Refund request,High,Email,01-06-2023 06:49,01-06-2023 13:56,slow
7661,7662,CUST06341,POSITIVE_INTERVAL,3.1333333333333333,5,False,True,Closed,Jira,Refund request,Low,Social media,01-06-2023 03:08,01-06-2023 06:16,fast
7676,7677,CUST06054,POSITIVE_INTERVAL,9.683333333333334,4,False,True,Closed,Bitbucket,Technical issue,High,Phone,01-06-2023 11:34,01-06-2023 21:15,slow
7677,7678,CUST05046,POSITIVE_INTERVAL,12.1,4,False,True,Closed,Bitbucket,Product inquiry,Low,Social media,01-06-2023 04:49,01-06-2023 16:55,slow
7678,7679,CUST02117,POSITIVE_INTERVAL,2.566666666666667,1,False,True,Closed,Jira,Refund request,Critical,Phone,01-06-2023 12:27,01-06-2023 15:01,fast
7693,7694,CUST03811,POSITIVE_INTERVAL,8.883333333333333,1,False,True,Closed,Confluence,Refund request,Critical,Social media,01-06-2023 01:55,01-06-2023 10:48,slow
7697,7698,CUST03711,POSITIVE_INTERVAL,5.1,5,False,True,Closed,Trello,Cancellation request,Low,Email,01-06-2023 11:01,01-06-2023 16:07,fast
7700,7701,CUST05696,POSITIVE_INTERVAL,16.033333333333335,1,False,True,Closed,Bitbucket,Cancellation request,High,Chat,01-06-2023 07:13,01-06-2023 23:15,slow
7720,7721,CUST07151,POSITIVE_INTERVAL,3.566666666666667,4,False,True,Closed,Trello,Billing inquiry,Medium,Email,01-06-2023 04:57,01-06-2023 08:31,fast
7738,7739,CUST01785,POSITIVE_INTERVAL,10.65,3,False,True,Closed,Bitbucket,Refund request,Medium,Phone,01-06-2023 13:52,02-06-2023 00:31,slow
7751,7752,CUST06004,POSITIVE_INTERVAL,13.65,3,False,True,Closed,Confluence,Technical issue,Medium,Email,01-06-2023 08:45,01-06-2023 22:24,slow
7766,7767,CUST05874,POSITIVE_INTERVAL,2.25,4,False,True,Closed,Confluence,Technical issue,Medium,Email,01-06-2023 07:47,01-06-2023 10:02,fast
7767,7768,CUST06425,POSITIVE_INTERVAL,20.45,4,False,True,Closed,Loom,Refund request,High,Social media,01-06-2023 00:50,01-06-2023 21:17,slow
7769,7770,CUST06515,POSITIVE_INTERVAL,6.716666666666667,2,False,True,Closed,Trello,Refund request,Medium,Phone,01-06-2023 17:44,02-06-2023 00:27,slow
7775,7776,CUST01973,POSITIVE_INTERVAL,3.0833333333333335,2,False,True,Closed,Confluence,Cancellation request,Medium,Social media,01-06-2023 19:24,01-06-2023 22:29,fast
7778,7779,CUST08024,POSITIVE_INTERVAL,10.233333333333333,1,False,True,Closed,Jira,Refund request,Low,Chat,01-06-2023 08:15,01-06-2023 18:29,slow
7789,7790,CUST04853,POSITIVE_INTERVAL,3.1,5,False,True,Closed,Confluence,Technical issue,Low,Email,01-06-2023 09:31,01-06-2023 12:37,fast
7795,7796,CUST07521,POSITIVE_INTERVAL,9.116666666666667,5,False,True,Closed,Bitbucket,Technical issue,Critical,Email,01-06-2023 02:25,01-06-2023 11:32,slow
7806,7807,CUST07089,POSITIVE_INTERVAL,12.883333333333333,5,False,True,Closed,Jira,Cancellation request,Low,Chat,01-06-2023 02:26,01-06-2023 15:19,slow
7827,7828,CUST03732,POSITIVE_INTERVAL,9.066666666666666,1,False,True,Closed,Bitbucket,Billing inquiry,Low,Email,01-06-2023 04:21,01-06-2023 13:25,slow
7843,7844,CUST03026,POSITIVE_INTERVAL,5.366666666666666,1,False,True,Closed,Trello,Refund request,Critical,Phone,01-06-2023 14:23,01-06-2023 19:45,fast
7851,7852,CUST05064,POSITIVE_INTERVAL,5.05,5,False,True,Closed,Jira,Cancellation request,Medium,Chat,01-06-2023 18:16,01-06-2023 23:19,fast
7875,7876,CUST01804,POSITIVE_INTERVAL,4.233333333333333,3,False,True,Closed,Bitbucket,Billing inquiry,Critical,Social media,01-06-2023 08:01,01-06-2023 12:15,fast
7878,7879,CUST07127,POSITIVE_INTERVAL,12.416666666666666,2,False,True,Closed,Loom,Cancellation request,High,Chat,01-06-2023 06:27,01-06-2023 18:52,slow
7885,7886,CUST03135,POSITIVE_INTERVAL,1.3333333333333333,1,False,True,Closed,Loom,Cancellation request,Medium,Phone,01-06-2023 18:34,01-06-2023 19:54,fast
7889,7890,CUST03577,POSITIVE_INTERVAL,7.45,3,False,True,Closed,Bitbucket,Technical issue,Medium,Phone,01-06-2023 09:30,01-06-2023 16:57,slow
7894,7895,CUST04290,POSITIVE_INTERVAL,9.033333333333333,5,False,True,Closed,Bitbucket,Product inquiry,High,Social media,01-06-2023 05:27,01-06-2023 14:29,slow
7904,7905,CUST01845,POSITIVE_INTERVAL,3.2,4,False,True,Closed,Confluence,Refund request,Medium,Email,01-06-2023 14:43,01-06-2023 17:55,fast
7907,7908,CUST01759,POSITIVE_INTERVAL,1.75,4,False,True,Closed,Bitbucket,Refund request,Critical,Chat,01-06-2023 09:26,01-06-2023 11:11,fast
7911,7912,CUST06180,POSITIVE_INTERVAL,13.233333333333333,1,False,True,Closed,Confluence,Technical issue,Low,Chat,01-06-2023 06:57,01-06-2023 20:11,slow
7919,7920,CUST03051,POSITIVE_INTERVAL,6.25,3,False,True,Closed,Jira,Product inquiry,Medium,Email,01-06-2023 14:20,01-06-2023 20:35,fast
7920,7921,CUST01496,POSITIVE_INTERVAL,2.2666666666666666,5,False,True,Closed,Bitbucket,Technical issue,Low,Email,01-06-2023 11:09,01-06-2023 13:25,fast
7923,7924,CUST05424,POSITIVE_INTERVAL,14.783333333333333,1,False,True,Closed,Jira,Cancellation request,Low,Email,01-06-2023 00:50,01-06-2023 15:37,slow
7925,7926,CUST02632,POSITIVE_INTERVAL,13.033333333333333,3,False,True,Closed,Trello,Cancellation request,High,Email,01-06-2023 08:45,01-06-2023 21:47,slow
7945,7946,CUST02544,POSITIVE_INTERVAL,7.9,1,False,True,Closed,Bitbucket,Billing inquiry,Critical,Social media,01-06-2023 06:41,01-06-2023 14:35,slow
7956,7957,CUST01152,POSITIVE_INTERVAL,0.5166666666666667,4,False,True,Closed,Loom,Refund request,Medium,Phone,01-06-2023 08:30,01-06-2023 09:01,fast
7961,7962,CUST03643,POSITIVE_INTERVAL,3.183333333333333,3,False,True,Closed,Loom,Technical issue,High,Phone,01-06-2023 12:27,01-06-2023 15:38,fast
7965,7966,CUST05498,POSITIVE_INTERVAL,19.15,4,False,True,Closed,Trello,Refund request,Low,Chat,01-06-2023 05:39,02-06-2023 00:48,slow
7970,7971,CUST04160,POSITIVE_INTERVAL,7.633333333333334,1,False,True,Closed,Trello,Technical issue,High,Email,01-06-2023 09:00,01-06-2023 16:38,slow
8003,8004,CUST01233,POSITIVE_INTERVAL,2.3,3,False,True,Closed,Bitbucket,Cancellation request,Critical,Email,01-06-2023 18:23,01-06-2023 20:41,fast
8011,8012,CUST02869,POSITIVE_INTERVAL,8.183333333333334,3,False,True,Closed,Jira,Cancellation request,Medium,Phone,01-06-2023 14:30,01-06-2023 22:41,slow
8013,8014,CUST00893,POSITIVE_INTERVAL,9.916666666666666,5,False,True,Closed,Bitbucket,Cancellation request,Medium,Chat,01-06-2023 07:19,01-06-2023 17:14,slow
8015,8016,CUST08031,POSITIVE_INTERVAL,15.9,5,False,True,Closed,Confluence,Cancellation request,Medium,Social media,01-06-2023 05:59,01-06-2023 21:53,slow
8020,8021,CUST04736,POSITIVE_INTERVAL,4.583333333333333,2,False,True,Closed,Trello,Refund request,Low,Email,01-06-2023 15:23,01-06-2023 19:58,fast
8024,8025,CUST02293,POSITIVE_INTERVAL,7.216666666666667,5,False,True,Closed,Trello,Technical issue,Medium,Chat,01-06-2023 17:24,02-06-2023 00:37,slow
8029,8030,CUST07995,POSITIVE_INTERVAL,10.683333333333334,3,False,True,Closed,Confluence,Technical issue,Medium,Email,01-06-2023 06:46,01-06-2023 17:27,slow
8032,8033,CUST06444,POSITIVE_INTERVAL,1.8166666666666667,4,False,True,Closed,Jira,Product inquiry,Low,Phone,01-06-2023 12:25,01-06-2023 14:14,fast
8036,8037,CUST03515,POSITIVE_INTERVAL,12.433333333333334,4,False,True,Closed,Trello,Billing inquiry,High,Social media,01-06-2023 07:55,01-06-2023 20:21,slow
8040,8041,CUST04990,POSITIVE_INTERVAL,1.3833333333333333,4,False,True,Closed,Loom,Product inquiry,Low,Chat,01-06-2023 15:34,01-06-2023 16:57,fast
8045,8046,CUST07229,POSITIVE_INTERVAL,18.516666666666666,1,False,True,Closed,Loom,Refund request,Critical,Chat,01-06-2023 01:34,01-06-2023 20:05,slow
8053,8054,CUST03867,POSITIVE_INTERVAL,4.266666666666667,2,False,True,Closed,Trello,Cancellation request,Critical,Email,01-06-2023 11:05,01-06-2023 15:21,fast
8060,8061,CUST01537,POSITIVE_INTERVAL,0.06666666666666667,3,False,True,Closed,Bitbucket,Refund request,High,Chat,01-06-2023 04:38,01-06-2023 04:42,fast
8066,8067,CUST06606,POSITIVE_INTERVAL,3.95,1,False,True,Closed,Trello,Refund request,Low,Phone,01-06-2023 10:06,01-06-2023 14:03,fast
8067,8068,CUST03925,POSITIVE_INTERVAL,2.2666666666666666,3,False,True,Closed,Loom,Billing inquiry,Low,Phone,01-06-2023 08:48,01-06-2023 11:04,fast
8071,8072,CUST02642,POSITIVE_INTERVAL,4.116666666666666,3,False,True,Closed,Jira,Billing inquiry,Low,Chat,01-06-2023 10:59,01-06-2023 15:06,fast
8074,8075,CUST06732,POSITIVE_INTERVAL,5.15,3,False,True,Closed,Loom,Billing inquiry,Critical,Chat,01-06-2023 18:38,01-06-2023 23:47,fast
8077,8078,CUST03161,POSITIVE_INTERVAL,15.75,2,False,True,Closed,Bitbucket,Billing inquiry,Low,Email,01-06-2023 00:52,01-06-2023 16:37,slow
8083,8084,CUST05833,POSITIVE_INTERVAL,11.483333333333333,3,False,True,Closed,Confluence,Refund request,Critical,Phone,01-06-2023 12:20,01-06-2023 23:49,slow
8085,8086,CUST03201,POSITIVE_INTERVAL,14.45,1,False,True,Closed,Confluence,Technical issue,Medium,Social media,01-06-2023 06:14,01-06-2023 20:41,slow
8086,8087,CUST00531,POSITIVE_INTERVAL,4.15,1,False,True,Closed,Jira,Billing inquiry,Medium,Email,01-06-2023 03:20,01-06-2023 07:29,fast
8088,8089,CUST04777,POSITIVE_INTERVAL,9.6,4,False,True,Closed,Confluence,Cancellation request,Low,Phone,01-06-2023 06:58,01-06-2023 16:34,slow
8097,8098,CUST07646,POSITIVE_INTERVAL,1.6833333333333333,2,False,True,Closed,Trello,Technical issue,High,Email,01-06-2023 22:37,02-06-2023 00:18,fast
8121,8122,CUST04761,POSITIVE_INTERVAL,2.9833333333333334,2,False,True,Closed,Jira,Technical issue,Medium,Email,01-06-2023 05:14,01-06-2023 08:13,fast
8135,8136,CUST04357,POSITIVE_INTERVAL,3.2666666666666666,2,False,True,Closed,Loom,Refund request,Critical,Phone,01-06-2023 01:25,01-06-2023 04:41,fast
8136,8137,CUST01057,POSITIVE_INTERVAL,3.85,4,False,True,Closed,Jira,Cancellation request,Low,Email,01-06-2023 18:31,01-06-2023 22:22,fast
8146,8147,CUST06613,POSITIVE_INTERVAL,11.4,4,False,True,Closed,Loom,Refund request,High,Email,01-06-2023 01:45,01-06-2023 13:09,slow
8159,8160,CUST07916,POSITIVE_INTERVAL,5.683333333333334,2,False,True,Closed,Confluence,Billing inquiry,Medium,Phone,01-06-2023 15:53,01-06-2023 21:34,fast
8166,8167,CUST05204,POSITIVE_INTERVAL,12.983333333333333,1,False,True,Closed,Bitbucket,Refund request,High,Phone,01-06-2023 01:54,01-06-2023 14:53,slow
8170,8171,CUST06031,POSITIVE_INTERVAL,21.5,4,False,True,Closed,Loom,Cancellation request,High,Chat,01-06-2023 02:47,02-06-2023 00:17,slow
8171,8172,CUST01626,POSITIVE_INTERVAL,6.4,2,False,True,Closed,Confluence,Cancellation request,Medium,Email,01-06-2023 15:26,01-06-2023 21:50,slow
8176,8177,CUST08216,POSITIVE_INTERVAL,3.7666666666666666,5,False,True,Closed,Trello,Billing inquiry,Medium,Social media,01-06-2023 08:47,01-06-2023 12:33,fast
8188,8189,CUST08270,POSITIVE_INTERVAL,4.766666666666667,3,False,True,Closed,Confluence,Technical issue,High,Phone,01-06-2023 16:51,01-06-2023 21:37,fast
8195,8196,CUST03200,POSITIVE_INTERVAL,1.0833333333333333,2,False,True,Closed,Loom,Refund request,Medium,Chat,01-06-2023 02:05,01-06-2023 03:10,fast
8216,8217,CUST05690,POSITIVE_INTERVAL,18.483333333333334,4,False,True,Closed,Trello,Refund request,High,Chat,01-06-2023 05:00,01-06-2023 23:29,slow
8217,8218,CUST01937,POSITIVE_INTERVAL,21.033333333333335,3,False,True,Closed,Trello,Technical issue,Low,Social media,01-06-2023 02:29,01-06-2023 23:31,slow
8220,8221,CUST01990,POSITIVE_INTERVAL,1.8,5,False,True,Closed,Jira,Product inquiry,Medium,Chat,01-06-2023 10:57,01-06-2023 12:45,fast
8229,8230,CUST06583,POSITIVE_INTERVAL,2.2333333333333334,2,False,True,Closed,Loom,Billing inquiry,Critical,Email,01-06-2023 21:58,02-06-2023 00:12,fast
8234,8235,CUST02235,POSITIVE_INTERVAL,1.55,1,False,True,Closed,Jira,Technical issue,High,Chat,01-06-2023 02:57,01-06-2023 04:30,fast
8244,8245,CUST03489,POSITIVE_INTERVAL,9.1,4,False,True,Closed,Jira,Billing inquiry,Low,Phone,01-06-2023 13:40,01-06-2023 22:46,slow
8247,8248,CUST00810,POSITIVE_INTERVAL,3.2666666666666666,4,False,True,Closed,Jira,Product inquiry,Medium,Social media,01-06-2023 11:18,01-06-2023 14:34,fast
8259,8260,CUST07870,POSITIVE_INTERVAL,1.8,1,False,True,Closed,Bitbucket,Billing inquiry,Medium,Chat,01-06-2023 02:22,01-06-2023 04:10,fast
8260,8261,CUST01592,POSITIVE_INTERVAL,0.55,3,False,True,Closed,Loom,Cancellation request,Medium,Phone,01-06-2023 21:12,01-06-2023 21:45,fast
8261,8262,CUST04645,POSITIVE_INTERVAL,6.183333333333334,3,False,True,Closed,Confluence,Product inquiry,High,Social media,01-06-2023 11:56,01-06-2023 18:07,fast
8262,8263,CUST07721,POSITIVE_INTERVAL,12.666666666666666,4,False,True,Closed,Loom,Cancellation request,Medium,Email,01-06-2023 02:36,01-06-2023 15:16,slow
8266,8267,CUST06993,POSITIVE_INTERVAL,0.18333333333333332,4,False,True,Closed,Bitbucket,Technical issue,Critical,Chat,01-06-2023 19:31,01-06-2023 19:42,fast
8269,8270,CUST02560,POSITIVE_INTERVAL,8.716666666666667,2,False,True,Closed,Jira,Refund request,High,Chat,01-06-2023 13:10,01-06-2023 21:53,slow
8276,8277,CUST07957,POSITIVE_INTERVAL,5.233333333333333,1,False,True,Closed,Confluence,Cancellation request,Critical,Phone,01-06-2023 14:12,01-06-2023 19:26,fast
8277,8278,CUST07279,POSITIVE_INTERVAL,18.2,3,False,True,Closed,Jira,Product inquiry,Low,Social media,01-06-2023 03:19,01-06-2023 21:31,slow
8285,8286,CUST04893,POSITIVE_INTERVAL,11.216666666666667,5,False,True,Closed,Trello,Refund request,Medium,Chat,01-06-2023 02:01,01-06-2023 13:14,slow
8295,8296,CUST05457,POSITIVE_INTERVAL,1.95,5,False,True,Closed,Confluence,Product inquiry,Medium,Chat,01-06-2023 10:05,01-06-2023 12:02,fast
8296,8297,CUST06575,POSITIVE_INTERVAL,0.6,4,False,True,Closed,Bitbucket,Technical issue,Medium,Email,01-06-2023 15:49,01-06-2023 16:25,fast
8312,8313,CUST04776,POSITIVE_INTERVAL,2.0833333333333335,1,False,True,Closed,Jira,Product inquiry,Critical,Chat,01-06-2023 05:17,01-06-2023 07:22,fast
8313,8314,CUST01660,POSITIVE_INTERVAL,0.5,3,False,True,Closed,Jira,Product inquiry,Low,Chat,01-06-2023 23:37,02-06-2023 00:07,fast
8315,8316,CUST04679,POSITIVE_INTERVAL,13.2,5,False,True,Closed,Confluence,Cancellation request,Critical,Email,01-06-2023 10:08,01-06-2023 23:20,slow
8318,8319,CUST06129,POSITIVE_INTERVAL,17.566666666666666,3,False,True,Closed,Confluence,Cancellation request,Low,Email,01-06-2023 04:10,01-06-2023 21:44,slow
8323,8324,CUST03077,POSITIVE_INTERVAL,4.25,5,False,True,Closed,Loom,Product inquiry,Low,Social media,01-06-2023 03:42,01-06-2023 07:57,fast
8324,8325,CUST07670,POSITIVE_INTERVAL,5.366666666666666,3,False,True,Closed,Trello,Technical issue,Low,Email,01-06-2023 18:47,02-06-2023 00:09,fast
8333,8334,CUST05368,POSITIVE_INTERVAL,2.1166666666666667,3,False,True,Closed,Confluence,Product inquiry,Low,Email,01-06-2023 13:30,01-06-2023 15:37,fast
8341,8342,CUST04835,POSITIVE_INTERVAL,1.7,4,False,True,Closed,Trello,Billing inquiry,Medium,Social media,01-06-2023 20:16,01-06-2023 21:58,fast
8346,8347,CUST00539,POSITIVE_INTERVAL,4.783333333333333,3,False,True,Closed,Loom,Billing inquiry,Low,Social media,01-06-2023 14:37,01-06-2023 19:24,fast
8349,8350,CUST05857,POSITIVE_INTERVAL,1.05,5,False,True,Closed,Jira,Cancellation request,Critical,Social media,01-06-2023 11:08,01-06-2023 12:11,fast
8351,8352,CUST07723,POSITIVE_INTERVAL,4.466666666666667,5,False,True,Closed,Confluence,Product inquiry,Critical,Phone,01-06-2023 13:33,01-06-2023 18:01,fast
8362,8363,CUST00915,POSITIVE_INTERVAL,11.8,2,False,True,Closed,Loom,Product inquiry,Medium,Email,01-06-2023 01:52,01-06-2023 13:40,slow
8363,8364,CUST01002,POSITIVE_INTERVAL,3.1333333333333333,2,False,True,Closed,Trello,Billing inquiry,Critical,Email,01-06-2023 05:23,01-06-2023 08:31,fast
8377,8378,CUST03061,POSITIVE_INTERVAL,3.65,3,False,True,Closed,Jira,Cancellation request,High,Social media,01-06-2023 05:32,01-06-2023 09:11,fast
8381,8382,CUST00317,POSITIVE_INTERVAL,2.45,1,False,True,Closed,Jira,Billing inquiry,Medium,Phone,01-06-2023 06:29,01-06-2023 08:56,fast
8385,8386,CUST01559,POSITIVE_INTERVAL,14.35,2,False,True,Closed,Jira,Billing inquiry,Low,Chat,01-06-2023 10:11,02-06-2023 00:32,slow
8389,8390,CUST00877,POSITIVE_INTERVAL,13.1,5,False,True,Closed,Jira,Refund request,Low,Phone,01-06-2023 11:40,02-06-2023 00:46,slow
8391,8392,CUST02839,POSITIVE_INTERVAL,2.683333333333333,2,False,True,Closed,Bitbucket,Cancellation request,Critical,Email,01-06-2023 05:55,01-06-2023 08:36,fast
8398,8399,CUST08042,POSITIVE_INTERVAL,8.683333333333334,2,False,True,Closed,Trello,Cancellation request,Medium,Email,01-06-2023 06:30,01-06-2023 15:11,slow
8401,8402,CUST04302,POSITIVE_INTERVAL,6.016666666666667,2,False,True,Closed,Trello,Cancellation request,Critical,Email,01-06-2023 17:29,01-06-2023 23:30,fast
8412,8413,CUST04246,POSITIVE_INTERVAL,2.283333333333333,1,False,True,Closed,Loom,Refund request,High,Phone,01-06-2023 19:53,01-06-2023 22:10,fast
8415,8416,CUST02727,POSITIVE_INTERVAL,2.183333333333333,2,False,True,Closed,Loom,Cancellation request,High,Email,01-06-2023 09:22,01-06-2023 11:33,fast
8424,8425,CUST01167,POSITIVE_INTERVAL,10.133333333333333,2,False,True,Closed,Jira,Billing inquiry,Medium,Phone,01-06-2023 12:57,01-06-2023 23:05,slow
8427,8428,CUST07322,POSITIVE_INTERVAL,7.166666666666667,3,False,True,Closed,Loom,Refund request,Critical,Phone,01-06-2023 06:18,01-06-2023 13:28,slow
8428,8429,CUST07683,POSITIVE_INTERVAL,12.9,3,False,True,Closed,Bitbucket,Refund request,Medium,Email,01-06-2023 12:01,02-06-2023 00:55,slow
8431,8432,CUST03621,POSITIVE_INTERVAL,4.216666666666667,2,False,True,Closed,Loom,Billing inquiry,Low,Chat,01-06-2023 13:03,01-06-2023 17:16,fast
8433,8434,CUST06377,POSITIVE_INTERVAL,8.366666666666667,3,False,True,Closed,Bitbucket,Billing inquiry,Critical,Chat,01-06-2023 07:25,01-06-2023 15:47,slow
8436,8437,CUST07166,POSITIVE_INTERVAL,0.7666666666666667,1,False,True,Closed,Confluence,Refund request,High,Chat,01-06-2023 23:30,02-06-2023 00:16,fast
8449,8450,CUST05565,POSITIVE_INTERVAL,0.016666666666666666,2,False,True,Closed,Bitbucket,Cancellation request,Medium,Chat,01-06-2023 19:13,01-06-2023 19:14,fast
8451,8452,CUST02864,POSITIVE_INTERVAL,17.883333333333333,5,False,True,Closed,Confluence,Billing inquiry,Low,Chat,01-06-2023 01:01,01-06-2023 18:54,slow
